Order Id,Order Date,Title,Offer Type,Description,Purchase Quantity,Order State,Dispute Reason,Dispute Message,Price Per Unit Amount,Price Per Unit Currency,Feedback Rating,Review Message,Cancelation Reason,Cancelation Message,Total Order Amount,Total Price Currency
becd48c3-9a4f-42e3-b9a8-e89a87b8c4aa,2025-12-31 16:36:13,Rainbow Nuclearo Dinossauro 210m/s | y,CustomItem,Items,1,Completed,,,20.00000,USD,Positive,"fast and reliable ",,,20.00000,USD
f7ad3188-2de1-46bb-a831-27cfc101056f,2025-12-31 16:26:35,Radioactive Los 67 191.2m/s - s3,CustomItem,Items,1,Completed,,,9.00000,USD,Positive,GOAT,,,9.00000,USD
f1d1237f-341b-4b8d-802a-24aa0414f552,2025-12-31 16:12:01,"Lava
Los Candies
207m/s - s21",CustomItem,Items,1,Completed,,,10.00000,USD,Positive,Good communication,,,10.00000,USD
6ad60a90-24d6-4ebc-92b6-585d131cf254,2025-12-31 16:02:45,Money Money Reindeer 231.2m/s | v,CustomItem,Items,1,Completed,,,15.00000,USD,Positive,Good communication,,,15.00000,USD
bd6a0a98-c51b-4018-a3fa-0cf6bc7a9f0e,2025-12-31 15:32:19,Los spooky Combinasionas 290m/s - s20,CustomItem,Items,1,Completed,,,14.00000,USD,Positive,Fast delivery,,,14.00000,USD
b9b35de6-f46b-405f-b60e-05287a533c24,2025-12-31 15:03:25,"Galaxy
Los 67
270m/s - s10",CustomItem,Items,1,Completed,,,13.00000,USD,Positive,As described,,,13.00000,USD
708c2f2c-4fbf-4768-8469-5b5f7c93ad4b,2025-12-31 14:46:39,Esok Sekolah 30m/s - s8,CustomItem,Items,1,Completed,,,3.50000,USD,Positive,"I got the item I wanted fast and definitely will be buying again
",,,3.50000,USD
4ba96795-672c-41dd-97fd-8b935abf69f0,2025-12-31 14:45:22,Money Money Puggy 115.5m/s | y,CustomItem,Items,1,Completed,,,10.00000,USD,Positive,GOAT,,,10.00000,USD
b009f999-660c-4f96-b138-36da9fc92e31,2025-12-31 14:38:10,"Gold
Los 25
210m/s - s21",CustomItem,Items,1,Completed,,,10.00000,USD,Positive,GGWP,,,10.00000,USD
2c87b157-e6a4-48a4-80b3-d86e2098e68d,2025-12-31 14:35:48,Esok Sekolah 30m/s - s8,CustomItem,Items,1,Completed,,,3.50000,USD,Positive,Extra mile,,,3.50000,USD
3d069800-4185-4ef0-b44b-f2414b8190c8,2025-12-31 14:34:22,Money Money Puggy 168m/s | y,CustomItem,Items,1,Completed,,,13.00000,USD,Positive,Extra mile,,,13.00000,USD
64be945c-6551-4fcf-9673-8430d3e88be0,2025-12-31 14:33:58,Gold Eviledon 39.3m/s | v,CustomItem,Items,1,Completed,,,8.00000,USD,Positive,GOAT,,,8.00000,USD
ac8539c7-d510-4bcd-8c00-d7b0e06e1e3f,2025-12-31 14:32:52,Chicleteira Noelteira 150m/s | y,CustomItem,Items,1,Completed,,,7.00000,USD,Positive,As described,,,7.00000,USD
00c59c62-3224-428d-ad19-5cccd68a1d77,2025-12-31 14:23:34,La Jolly Grande 705m/s | v,CustomItem,Items,1,Completed,,,35.00000,USD,Positive,Extra mile,,,35.00000,USD
ef4e705b-104a-4f09-86a2-fc21500d481e,2025-12-31 14:20:11,Spaghetti Tualetti 600m/s - s18,CustomItem,Items,1,Completed,,,30.00000,USD,Positive,Good communication,,,30.00000,USD
be9a5481-7b45-49fe-991b-55b120704e86,2025-12-31 14:03:48,La Grande Combinasion 175m/s | s11,CustomItem,Items,1,Completed,,,12.00000,USD,Positive,Fast delivery,,,12.00000,USD
d43d513e-db4a-498d-a2c1-f0d1d5f26cc2,2025-12-31 13:47:47,Los Candies 138m/s | s11,CustomItem,Items,1,Completed,,,7.00000,USD,Positive,Fast delivery,,,7.00000,USD
43a78950-df9c-481e-98a1-cea0a38c29b9,2025-12-31 13:47:31,"Swaggy Bros
240m/s - s12",CustomItem,Items,1,Completed,,,15.00000,USD,Positive,Helpful and responsive,,,15.00000,USD
806b5033-06df-44ac-a1d1-b9bbe5fe0463,2025-12-31 13:46:38,La Taco Combinasion 350m/s - x,CustomItem,Items,1,Completed,,,20.00000,USD,Positive,As described,,,20.00000,USD
8b693429-3d68-449a-9394-337b48ebe09c,2025-12-31 13:39:02,Esok Sekolah 30m/s - s8,CustomItem,Items,1,Completed,,,3.50000,USD,Positive,As described,,,3.50000,USD
76d45c30-1897-4823-bc6c-5c1b92f55a7f,2025-12-31 13:04:57,"Diamond
Los 67
213.7m/s - s10",CustomItem,Items,1,Completed,,,10.00000,USD,Positive,"Very fast ",,,10.00000,USD
c4c73d8a-88d0-448d-ada3-ef5a570f997f,2025-12-31 13:00:04,Mieteteira Bicicleteira 221m/s | snd,CustomItem,Items,1,Completed,,,10.00000,USD,Positive,Helpful and responsive,,,10.00000,USD
ccde3f4d-10e9-44b3-8c53-6e7212944da9,2025-12-31 12:52:52,Los 67 Rainbow 225m/s | y,CustomItem,Items,1,Completed,,,11.00000,USD,Positive,GOAT,,,11.00000,USD
9fcc233c-7317-423a-b99b-0157959ac86e,2025-12-31 12:47:12,Spaghetti Tualetti 240m/s - s17,CustomItem,Items,1,Completed,,,15.00000,USD,Positive,GOAT,,,15.00000,USD
104ce275-b799-4c50-a5d1-a8ee9cac9dd8,2025-12-31 12:36:09,Esok Sekolah 30m/s - s8,CustomItem,Items,1,Completed,,,3.50000,USD,Positive,Extra mile,,,3.50000,USD
a55b6687-1915-4e83-89af-0ed952c03d75,2025-12-31 11:36:32,Spaghetti Tualetti 390m/s | s13,CustomItem,Items,1,Completed,,,20.00000,USD,Positive,Good price,,,20.00000,USD
0d9151f5-d1f8-48a3-acd5-d7e95332b733,2025-12-31 11:21:21,"Money Money Puggy
283.5m/s - s12",CustomItem,Items,1,Completed,,,20.00000,USD,Positive,GGWP!,,,20.00000,USD
acecf9f3-e113-4279-81a6-1d4d5df8243b,2025-12-31 11:14:54,Eviledon 267m/s -s10,CustomItem,Items,1,Completed,,,20.00000,USD,Positive,GGWP,,,20.00000,USD
8c333fa0-576e-4229-bc29-a2cbb2724c59,2025-12-31 10:27:31,"Rainbow
Chimino
140m/s - s21",CustomItem,Items,1,Completed,,,7.00000,USD,Positive,As described,,,7.00000,USD
24f327b2-53cd-4edf-9f11-dcdd04bbf69f,2025-12-31 10:12:36,Los Mobilis 143m/s | s11,CustomItem,Items,1,Completed,,,7.00000,USD,Positive,Good price,,,7.00000,USD
9b269bbb-7af1-4cfd-9015-630ed393b04b,2025-12-31 10:11:16,Los 67 Radioactive 191.2m/s | y,CustomItem,Items,1,Completed,,,8.00000,USD,Positive,As described,,,8.00000,USD
38fe9196-26b0-4f0d-93ea-48d700004c48,2025-12-31 10:06:03,Chicleteira Noelteira 202.5m/s | y,CustomItem,Items,1,Completed,,,10.00000,USD,Positive,Good price,,,10.00000,USD
d98ae83e-2371-4752-b0aa-5aca249bdd87,2025-12-31 09:34:49,Yin Yang Los Puggies 225m/s - s25,CustomItem,Items,1,Completed,,,15.00000,USD,Positive,Good price,,,15.00000,USD
edf02ad9-3289-4cdb-a894-e02ee2c04454,2025-12-31 09:19:54,Money Money Puggy 231m/s | y,CustomItem,Items,1,Completed,,,17.00000,USD,Positive,Good communication,,,17.00000,USD
750f006a-b75b-455e-be90-f1d2d70fae55,2025-12-31 09:15:29,Spaghetti Tualetti 300m/s - s16,CustomItem,Items,1,Completed,,,18.00000,USD,Positive,GGWP,,,18.00000,USD
490c33f5-1333-43b6-bf19-d4cc8e518a0c,2025-12-31 09:12:34,Los Mobilis 202.5m/s | v,CustomItem,Items,1,Completed,,,9.00000,USD,Positive,Good communication,,,9.00000,USD
75cc9caf-38f7-42dc-87ca-406405170903,2025-12-31 08:48:35,"Mieteteira Bicicleteira
234m/s - s12",CustomItem,Items,1,Completed,,,11.00000,USD,Positive,Good communication,,,11.00000,USD
ea0340cd-2746-4fe4-9592-fcdc47a50cf1,2025-12-31 08:16:36,Esok Sekolah 30m/s - s8,CustomItem,Items,1,Completed,,,3.50000,USD,Positive,"Ewwww super fast and. Cheap ",,,3.50000,USD
86374e7f-d22c-43a2-9b8d-835671cc6adf,2025-12-31 08:04:21,Esok Sekolah Radio 255m/s | y,CustomItem,Items,1,Completed,,,11.00000,USD,Positive,Extra mile,,,11.00000,USD
462a1573-dd52-47e2-befe-f94e01b59401,2025-12-31 07:59:39,Los 25 130m/s | snd,CustomItem,Items,1,Completed,,,6.00000,USD,Positive,Very nice and quick seller,,,6.00000,USD
d344458d-d4eb-45e5-beeb-435ffcc1f329,2025-12-31 07:50:52,Mieteteira Bicicleteira 156m/s - s7,CustomItem,Items,1,Completed,,,7.00000,USD,Positive,As described,,,7.00000,USD
569ff760-4871-40e2-95fe-d5f3a1a62931,2025-12-31 07:38:36,"Gold
Los 67
196.8m/s - s24",CustomItem,Items,1,Completed,,,9.00000,USD,Positive,GGWP!,,,9.00000,USD
e9f45041-5173-4e98-8d22-14b1a8f89dbd,2025-12-31 07:35:34,Chimino 266m/s | y,CustomItem,Items,1,Completed,,,12.00000,USD,Positive,Fast delivery,,,12.00000,USD
5b7cc7dc-3883-48df-9a69-69c85e6a9afe,2025-12-31 06:44:45,Money Money Reindeer 187.5m/s | s11,CustomItem,Items,1,Completed,,,12.00000,USD,Positive,GGWP,,,12.00000,USD
797466f2-0bf7-405e-b302-6a51854d4088,2025-12-31 06:24:50,Esok Sekolah 30m/s - s8,CustomItem,Items,1,Completed,,,3.50000,USD,Positive,GOAT,,,3.50000,USD
f139ea02-4db7-4819-88c9-6700730ed47f,2025-12-31 05:52:58,Gold Los 67 478.1m/s - s22,CustomItem,Items,1,Completed,,,20.00000,USD,Positive,Extra mile,,,20.00000,USD
61fa58b0-90fe-4c61-a452-3036fa1bdcab,2025-12-31 05:46:08,"Los Candies
299m/s - s21",CustomItem,Items,1,Completed,,,15.00000,USD,Positive,Good communication,,,15.00000,USD
84067587-aee3-4537-b8e4-37950c9255b9,2025-12-31 05:34:31,"Rainbow Los Combinasionas
180m/s - s20",CustomItem,Items,1,Completed,,,9.00000,USD,Positive,GGWP,,,9.00000,USD
b8e3b69c-1d9d-44aa-abb6-4cd7ba1991fc,2025-12-31 05:24:21,Ketchuru and Musturu 255m/s - way,CustomItem,Items,1,Completed,,,25.00000,USD,Positive,As described,,,25.00000,USD
1ee6af67-cbab-453e-8dac-f0b81a593a09,2025-12-31 05:03:19,Mieteteira Bicicleteira 195m/s | s13,CustomItem,Items,1,Completed,,,8.00000,USD,Positive,Helpful and responsive,,,8.00000,USD
3bff903d-357e-41ad-9c81-d420c11ee1d7,2025-12-31 04:41:35,"Los 25
170m/s - s24",CustomItem,Items,1,Completed,,,8.00000,USD,Positive,Extra mile,,,8.00000,USD
a621af9d-84cb-4d45-9ebc-a1bcf3baa6dd,2025-12-31 04:40:06,Radioactive Esok Sekolah 255m/s - s8,CustomItem,Items,1,Completed,,,11.50000,USD,Positive,As described,,,11.50000,USD
3ec9bc47-41a1-460e-8f7d-aebcdc7a816a,2025-12-31 04:17:29,Chicleteira Noelteira 127.5m/s | v,CustomItem,Items,1,Completed,,,6.00000,USD,Positive,Good price,,,6.00000,USD
9a68ed7d-194a-4b55-af55-a1d14230a6e0,2025-12-31 04:06:59,"Lava
Mieteteira Bicicleteira
156m/s - way",CustomItem,Items,1,Completed,Item_Not_As_Described,,7.00000,USD,Positive,Helpful and responsive,,,7.00000,USD
9020c4e8-854d-465d-84f8-75754aa5042f,2025-12-31 04:03:57,Yin Yang Los Puggies 225m/s - e,CustomItem,Items,1,Completed,,,15.00000,USD,Positive,GOAT,,,15.00000,USD
49de99e6-9c8c-499c-aab0-9a7acc53240c,2025-12-31 03:43:06,Chicleteira Noelteira 202.5m/s | y,CustomItem,Items,1,Completed,,,10.00000,USD,Positive,Helpful and responsive,,,10.00000,USD
063777f5-7503-42d7-82af-333f42e7a927,2025-12-31 03:36:49,Los Candies Radioactive 195.5m/s | v,CustomItem,Items,1,Completed,,,10.00000,USD,Positive,"He gave me it instit ",,,10.00000,USD
217ccb99-e579-466b-879d-c83f3a861e17,2025-12-31 03:16:11,La Ginger Sekolah 375m/s - e,CustomItem,Items,1,Completed,,,18.00000,USD,Positive,Fast delivery,,,18.00000,USD
cfbee277-8c34-4003-9ec5-8fd34ede164e,2025-12-31 03:04:12,La Ginger Sekolah 375m/s - e,CustomItem,Items,1,Completed,,,18.00000,USD,Positive,GGWP,,,18.00000,USD
4b20ad07-2af2-47c9-98f5-467366635248,2025-12-31 02:59:40,Galaxy Los Combinasionas 240m/s - s20,CustomItem,Items,1,Completed,,,12.00000,USD,Positive,Helpful and responsive,,,12.00000,USD
9ee05cdb-b89c-4068-bb55-799563c70bab,2025-12-31 02:53:19,Esok Sekolah 90m/s - s8,CustomItem,Items,1,Completed,,,4.00000,USD,Positive,As described,,,4.00000,USD
9ef16469-5d0c-4f7d-8cc2-3dabe75b7511,2025-12-31 02:47:38,Los Mobilis 198m/s | y,CustomItem,Items,1,Completed,,,9.00000,USD,Positive,Helpful and responsive,,,9.00000,USD
8f0f3d37-fad0-4742-8121-599d22571100,2025-12-31 02:17:39,Los Mobilis 198m/s | y,CustomItem,Items,1,Canceled,Item_Not_Delivered_Within_Delivery_Time,,9.00000,USD,Unrated,,Buyer_Did_Not_Respond,,9.00000,USD
d686f4c7-699a-4849-8a0e-4a0003a84a67,2025-12-31 02:17:25,Los Candies 138m/s - s7,CustomItem,Items,1,Completed,,,7.00000,USD,Positive,Good communication,,,7.00000,USD
1cc01aaf-b5b6-4344-b2bf-6f3c620572c6,2025-12-31 01:59:43,Money Money Puggy 168m/s | v,CustomItem,Items,1,Completed,,,13.00000,USD,Positive,GGWP,,,13.00000,USD
4397e77c-8540-4316-9183-d4a70fba9e2d,2025-12-31 01:37:58,Gold Ketupat Kepat 288.7m/s | v,CustomItem,Items,1,Completed,,,20.00000,USD,Positive,Helpful and responsive,,,20.00000,USD
72b3ff09-3775-41fa-a890-9d1b848ed08a,2025-12-31 01:31:01,La Taco Combinasion 350m/s -s10,CustomItem,Items,1,Completed,,,20.00000,USD,Positive,Good price,,,20.00000,USD
98188436-242d-472c-9377-b143f66af9a8,2025-12-31 01:25:17,Spaghetti Tualetti 300m/s | y,CustomItem,Items,1,Completed,,,17.00000,USD,Positive,Helpful and responsive,,,17.00000,USD
d1be520d-d0d7-4fd0-a800-ec6968115e8d,2025-12-31 01:12:39,"Los 25
130m/s - s21",CustomItem,Items,1,Completed,,,6.00000,USD,Positive,As described,,,6.00000,USD
77585881-f5db-4709-ab75-a469fa79b02c,2025-12-31 01:06:46,"Gold
Esok Sekolah
37.5m/s - s8",CustomItem,Items,1,Canceled,,,3.50000,USD,Unrated,,Cancelation_Of_Reserved_Order,,3.50000,USD
96f81291-1311-472d-aca7-ce39ed2f45cb,2025-12-30 16:40:04,La Grande Combinasion 122m/s | snd,CustomItem,Items,1,Completed,,,8.00000,USD,Positive,Fast delivery,,,8.00000,USD
5ebe52ba-d813-4f3f-8fa6-4c09cdcdbdcf,2025-12-30 16:33:52,Los 25 20m/s | s11,CustomItem,Items,1,Completed,,,4.00000,USD,Positive,GGWP!,,,4.00000,USD
1b9aacc3-d4dd-4bab-8348-56a782f3a5ca,2025-12-30 15:34:54,"Los 67
157.5m/s - s10",CustomItem,Items,1,Completed,,,7.00000,USD,Positive,Helpful and responsive,,,7.00000,USD
7e5db9e6-eb0a-48bb-b46f-0e1714a9d265,2025-12-30 15:25:46,Spaghetti Tualetti 180m/s | v,CustomItem,Items,1,Completed,,,13.00000,USD,Positive,Fast delivery,,,13.00000,USD
97de1a04-8634-429e-bd91-8cf18595cdf5,2025-12-30 14:59:06,La Grande Combinasion 140m/s | snd,CustomItem,Items,1,Completed,,,8.00000,USD,Positive,Good price,,,8.00000,USD
8eff7ab9-bd3c-4dd8-a763-0fc7392b93bc,2025-12-30 14:42:12,Los Mobilis 264m/s | snd,CustomItem,Items,1,Completed,,,12.00000,USD,Positive,Good communication,,,12.00000,USD
07a08f57-400c-4b88-b63d-b80eeaf46f33,2025-12-30 14:22:36,Los Combinasionas 150m/s - s24,CustomItem,Items,1,Completed,,,7.00000,USD,Positive,Extra mile,,,7.00000,USD
57468698-420c-4f60-92b8-4aebe703a66c,2025-12-30 14:12:58,"Los Mobilis
209m/s - s7",CustomItem,Items,1,Completed,,,10.00000,USD,Positive,Good price,,,10.00000,USD
3af87c29-1be7-4c0f-b7e3-69adc35416e1,2025-12-30 14:02:30,"Gold
Los 67
286.8m/s - way",CustomItem,Items,1,Completed,,,14.00000,USD,Positive,Fast delivery,,,14.00000,USD
45225f16-e144-4023-adb1-17dec27a52b6,2025-12-30 13:50:06,Eviledon 252m/s | y,CustomItem,Items,1,Completed,,,18.00000,USD,Positive,Fast delivery,,,18.00000,USD
933444b0-6f6e-413b-bfa5-d39558cf9b6d,2025-12-30 13:33:41,Swaggy Bros 200m/s - s17,CustomItem,Items,1,Completed,,,15.00000,USD,Positive,GGWP,,,15.00000,USD
ef6f4783-6d4c-4c34-b5e4-ed32df9d8af6,2025-12-30 13:29:33,Tang Tang Keletang 209.3m/s | y,CustomItem,Items,1,Completed,,,18.00000,USD,Positive,Extra mile,,,18.00000,USD
b368f05b-5134-4d6b-ae7a-7022f234171f,2025-12-30 13:06:57,La Ginger Sekolahm/s - s21,CustomItem,Items,1,Completed,,,15.00000,USD,Positive,GOAT,,,15.00000,USD
0a08ce9b-a693-46e1-af9b-89807b450a39,2025-12-30 12:25:04,"Galaxy
Los 67
157.5m/s - s21",CustomItem,Items,1,Completed,,,7.00000,USD,Positive,"The transaction went great, and the trading was trustworthy.",,,7.00000,USD
a9423939-4f65-492a-acb2-b8f46c806b78,2025-12-30 11:39:48,Los Puggies 180m/s | s13,CustomItem,Items,1,Completed,Seller_Delivered_But_Order_Not_Received,,13.00000,USD,Positive,As described,,,13.00000,USD
453cea25-78a1-4600-ae4e-c6991719c5c3,2025-12-30 11:10:00,"W or L
180m/s - s24",CustomItem,Items,1,Completed,,,15.00000,USD,Positive,As described,,,15.00000,USD
588a00fd-a3ef-4a7c-a319-db2f8202aa64,2025-12-30 11:08:45,Esok Sekolah 30m/s - s8,CustomItem,Items,1,Completed,Seller_Delivered_But_Order_Not_Received,,3.50000,USD,Positive,Good price,,,3.50000,USD
0a9343f6-fe30-4839-bdfa-7bf0441b2571,2025-12-30 11:02:35,"Gold
Chimino
115.5m",CustomItem,Items,1,Completed,,,5.00000,USD,Positive,"Parfait ",,,5.00000,USD
c0dfd119-1e16-4a42-80d1-0641d226b532,2025-12-30 10:31:54,Chicleteira Noelteira 120m/s | s13,CustomItem,Items,1,Completed,,,6.00000,USD,Positive,GOAT,,,6.00000,USD
ab0fb7b1-7c3f-4d4a-b95d-db6c52d0945b,2025-12-30 09:42:30,"Esok Sekolah
120m/s - s8",CustomItem,Items,1,Completed,,,6.00000,USD,Positive,As described,,,6.00000,USD
bd761777-3bc4-4edb-9c8f-3d6bacf6f595,2025-12-30 09:11:17,"Los 67
157.5m/s - s10",CustomItem,Items,1,Canceled,,,7.00000,USD,Unrated,,Cancelation_Of_Reserved_Order,,7.00000,USD
656909f3-8225-457f-9c47-3c8c49da1064,2025-12-30 08:50:08,"Esok Sekolah
120m/s - s8",CustomItem,Items,1,Completed,,,6.00000,USD,Positive,Good aim,,,6.00000,USD
a018ad54-a833-47c3-8566-8bef91ec56ca,2025-12-30 08:38:38,Mieteteira Bicicleteira 260m/s | y,CustomItem,Items,1,Completed,Other,He scammed me,12.00000,USD,Positive,GGWP,,,12.00000,USD
9fbf9185-a3fa-440c-945c-10642b0ff56e,2025-12-30 08:24:35,Swaggy Bros 240m/s - s20,CustomItem,Items,1,Completed,,,15.00000,USD,Positive,Good price,,,15.00000,USD
1e7036bd-a27e-4389-95f1-a16f50b12297,2025-12-30 08:13:27,Los 25 200m/s | v,CustomItem,Items,1,Completed,,,10.00000,USD,Positive,Extra mile,,,10.00000,USD
ee2ab363-ca44-4069-bccc-85dfaa1cbedd,2025-12-30 07:35:49,Los Mobilis 220m/s | y,CustomItem,Items,1,Completed,,,10.00000,USD,Positive,GGWP!,,,10.00000,USD
309015db-22e4-4c6b-ba8e-a7047374c9a7,2025-12-30 07:20:38,Los 67 180m/s - s20,CustomItem,Items,1,Completed,,,9.00000,USD,Positive,Extra mile,,,9.00000,USD
09168784-fa55-4e56-9f3c-85aa8e6205ca,2025-12-30 06:02:22,Los Pugggies 180m/s - s3,CustomItem,Items,1,Completed,,,13.00000,USD,Positive,GOAT,,,13.00000,USD
4a59ae50-6ca0-4003-b692-cef31fa54e9c,2025-12-30 05:56:12,Spaghetti Tualetti 210m/s | y,CustomItem,Items,1,Completed,,,13.00000,USD,Positive,GGWP!,,,13.00000,USD
4cfc6510-9fff-4b2e-9b81-93e8f1d4ed64,2025-12-30 05:17:22,Los Combinasionas 195m/s - s20,CustomItem,Items,1,Completed,,,9.00000,USD,Positive,As described,,,9.00000,USD
30b386dc-fb4b-49c8-a0dd-4b14f13c7425,2025-12-30 05:01:55,Esok Sekolah 30m/s - s8,CustomItem,Items,1,Completed,,,3.50000,USD,Positive,Good price,,,3.50000,USD
0328e126-9bbc-4e5c-828c-383c093fd82a,2025-12-30 05:01:44,Los 67 180m/s | y,CustomItem,Items,1,Completed,,,8.00000,USD,Positive,Helpful and responsive,,,8.00000,USD
f93f284c-3297-4152-915a-ab5d1fddcf86,2025-12-30 04:42:48,Los Candies 218.5m/s - s20,CustomItem,Items,1,Completed,,,10.00000,USD,Positive,Fast delivery,,,10.00000,USD
0df07dbe-155e-4516-b009-328354bf1553,2025-12-30 04:15:17,"Eviledon
189m/s - s21",CustomItem,Items,1,Completed,,,15.00000,USD,Positive,GGWP!,,,15.00000,USD
1c9db8f6-7328-48f9-9418-59662de34b62,2025-12-30 03:55:01,Swaggy Bros 360m/s | v,CustomItem,Items,1,Completed,,,20.00000,USD,Positive,GGWP,,,20.00000,USD
d33a2a9c-ca4e-4e77-a1d3-34f1dc43149d,2025-12-30 03:26:01,Spaghetti Tualetti 300m/s | y,CustomItem,Items,1,Completed,,,17.00000,USD,Positive,GGWP!,,,17.00000,USD
40908aea-b592-49ee-a7db-1f7bea8905fd,2025-12-30 02:54:50,Esok Sekolah 90m/s - s8,CustomItem,Items,1,Completed,,,4.00000,USD,Positive,very fast gg,,,4.00000,USD
4d579bc3-a10f-4a1a-8e31-b933ccf925f4,2025-12-30 02:37:56,"Los Candies
253m/s - s21",CustomItem,Items,1,Completed,,,12.00000,USD,Positive,Extra mile,,,12.00000,USD
be980c7f-6510-4a99-a272-738ce6ea830d,2025-12-30 02:19:52,"Los Mobilis
132m/s - s20",CustomItem,Items,1,Completed,,,6.00000,USD,Positive,Good price,,,6.00000,USD
7b8ad025-4885-41e8-ba68-70f32f210814,2025-12-30 02:19:47,"Bloodrot
Los 67
157.5m/s - s12",CustomItem,Items,1,Completed,,,8.00000,USD,Positive,Good price,,,8.00000,USD
52d640c2-0547-4e7b-8313-76d938ba728b,2025-12-30 01:23:53,Swaggy Bros 460m/s | v,CustomItem,Items,1,Completed,,,25.00000,USD,Positive,Good price,,,25.00000,USD
5a852a44-4149-4237-b224-dae6942e29b6,2025-12-30 01:21:48,Mieteteira Bicicleteira 156m/s - s21,CustomItem,Items,1,Completed,,,7.00000,USD,Positive,really quick and easy to purchase highly reccomend,,,7.00000,USD
661476d7-1348-44ab-8e21-a4852cdcbeb2,2025-12-30 01:07:00,"Nuclearo Dinossauro
270m/s - s10",CustomItem,Items,1,Completed,,,20.00000,USD,Positive,Extra mile,,,20.00000,USD
42988a73-6fe1-443c-b272-078386e4c6c3,2025-12-30 00:48:07,Chimino 126m/s -s20,CustomItem,Items,1,Completed,Other,"I did not receive this he told me to join and I joined and he wasn’t in the server. I have been scammed ",6.00000,USD,Positive,As described,,,6.00000,USD
0fbaa616-b19b-4d39-a160-842887f7c7b1,2025-12-30 00:36:26,Diamond La Spooky Grande 208.2m/s - e,CustomItem,Items,1,Completed,,,15.00000,USD,Positive,Helpful and responsive,,,15.00000,USD
aca71a9d-214a-45e3-b0bc-bbf00a765708,2025-12-29 23:34:27,Mieteteira Bicicleteira 156m/s | v,CustomItem,Items,1,Completed,,,7.00000,USD,Positive,Good communication,,,7.00000,USD
da1c3116-b265-49ea-ab8d-2b23685790d8,2025-12-29 23:13:30,"Rainbow
Los 25
170m/s - s7",CustomItem,Items,1,Completed,,,8.00000,USD,Positive,Extra mile,,,8.00000,USD
87e8b6f7-742f-40a5-9e10-e6e913966f03,2025-12-29 16:51:52,Ketchuru and Musturu 255m/s - s21,CustomItem,Items,1,Completed,,,25.00000,USD,Positive,Helpful and responsive,,,25.00000,USD
00481a4f-e17b-4858-a714-3f6cc603a04f,2025-12-29 16:29:38,"Los Candies
207m/s - s10",CustomItem,Items,1,Completed,,,10.00000,USD,Positive,GOAT,,,10.00000,USD
f827765e-07cb-4122-8b8f-0f877e855a35,2025-12-29 16:13:19,"Rainbow
Los Combinasionas 150m/s - s7",CustomItem,Items,1,Completed,,,8.00000,USD,Positive,GGWP,,,8.00000,USD
b332a0ec-c7ea-474a-b23c-ceae81fbef91,2025-12-29 15:42:11,Nuclearo Dinossauro 93.7m/s | s13,CustomItem,Items,1,Completed,,,9.00000,USD,Positive,GGWP!,,,9.00000,USD
61164349-4d9a-43e6-823c-b745aa47c394,2025-12-29 15:38:17,Gold Tang Tang Keletang 142.3m/s - s18,CustomItem,Items,1,Completed,,,12.00000,USD,Positive,Good communication,,,12.00000,USD
b9c34f85-41e7-496d-a534-30a73f741570,2025-12-29 15:26:55,La Ginger Sekolah 337.5m/s - way,CustomItem,Items,1,Completed,,,20.00000,USD,Positive,As described,,,20.00000,USD
a4e95060-815e-4b7e-be49-658f2e089b0e,2025-12-29 15:25:22,"Galaxy
Los 67 157.5m/s - s20",CustomItem,Items,1,Completed,,,7.00000,USD,Positive,GGWP!,,,7.00000,USD
9cb0c726-2199-4946-ad04-5a88cd604046,2025-12-29 15:20:56,"Galaxy Los 67
337.5m/s - s21",CustomItem,Items,1,Completed,,,16.00000,USD,Positive,Good communication,,,16.00000,USD
fac52c5e-023e-4a4a-bfe3-d849cb62adb4,2025-12-29 14:49:00,"Yin-Yang Los Mobilis
275m/s - s7",CustomItem,Items,1,Completed,,,13.00000,USD,Positive,As described,,,13.00000,USD
72318adc-662b-43a3-9d95-1e64fcfb5957,2025-12-29 14:37:41,Eviledon 189m/s | s11,CustomItem,Items,1,Completed,,,15.00000,USD,Positive,Extra mile,,,15.00000,USD
acc6a6ed-303b-48e0-8a36-7d44c3a66ff9,2025-12-29 14:16:13,Esok Sekolah 90m/s - s8,CustomItem,Items,1,Completed,,,4.00000,USD,Positive,Fast delivery,,,4.00000,USD
374d2085-eb61-4ca7-b9d5-b4863038130e,2025-12-29 14:12:45,"Yin-Yang Los Nooo My Hotspot
112.7m/s - s21",CustomItem,Items,1,Completed,,,5.00000,USD,Positive,Helpful and responsive,,,5.00000,USD
f6104459-365b-4a3a-b8bf-833fe51353c3,2025-12-29 14:12:41,"Candy
Los Candies
207m/s - s10",CustomItem,Items,1,Completed,,,10.00000,USD,Positive,GOAT,,,10.00000,USD
85a67df4-3839-4553-9b90-4c26e99b9fd9,2025-12-29 14:06:57,"Los Mobilis
187m/s - s10",CustomItem,Items,1,Completed,,,9.00000,USD,Positive,Quick and easy,,,9.00000,USD
6dd3d0ab-1d09-40df-9f67-8c4f00cb8c0a,2025-12-29 13:57:31,Los Combinasionas 120m - s21,CustomItem,Items,1,Completed,,,6.00000,USD,Positive,Fast delivery,,,6.00000,USD
3c762109-e180-4d51-a710-bfcda8d0037d,2025-12-29 13:49:15,Esok Sekolah 90m/s - s8,CustomItem,Items,1,Completed,,,4.00000,USD,Positive,Extra mile,,,4.00000,USD
200e528d-7290-4dcb-bc78-2f810c956eea,2025-12-29 13:35:18,Nuclearo Dinossauro 93.7m/s | v,CustomItem,Items,1,Completed,Seller_Delivered_But_Order_Not_Received,,10.00000,USD,Positive,no scam,,,10.00000,USD
960e6e41-1b13-42ba-a8bf-a7e1f606df62,2025-12-29 13:17:49,Spaghetti Tualetti 300m/s | v,CustomItem,Items,1,Completed,,,18.00000,USD,Positive,"Very quick delivery, spot on!",,,18.00000,USD
d2e7d1a0-1b77-417c-8d29-7a9a1bc0385a,2025-12-29 12:29:18,Spaghetti Tualetti 240m/s - s18,CustomItem,Items,1,Completed,,,17.00000,USD,Positive,Helpful and responsive,,,17.00000,USD
35b03373-e406-4996-9498-411b5bc7ad87,2025-12-29 12:04:27,Esok Sekolah 210m/s - s8,CustomItem,Items,1,Completed,,,9.50000,USD,Positive,"w seller
",,,9.50000,USD
97c5714b-effc-44fd-aaab-943614d6ae45,2025-12-29 11:41:31,Los Combinasionas 345m/s | y,CustomItem,Items,1,Completed,,,15.00000,USD,Positive,GGWP,,,15.00000,USD
524d0fe4-1c5c-4971-8bd9-e3e92b6de969,2025-12-29 11:39:06,"Radioactive
La Grande Combinasion
200m/s - s20",CustomItem,Items,1,Completed,,,15.00000,USD,Positive,As described,,,15.00000,USD
85382ef5-540e-4cb5-b8a9-2d1d02ec5302,2025-12-29 11:36:09,Money Money Puggy 89.2m/s | y,CustomItem,Items,1,Completed,,,8.00000,USD,Positive,GGWP,,,8.00000,USD
79af6767-2d36-4dcf-a0bc-19fcce12f934,2025-12-29 10:57:46,"Gold
Spaghetti Tualetti
435m/s - s7",CustomItem,Items,1,Completed,,,20.00000,USD,Positive,GGWP!,,,20.00000,USD
99c6b730-f017-48a2-ae0a-516f3e7c8ca2,2025-12-29 10:30:56,Gold Los 67 185.6m/s - s22,CustomItem,Items,1,Completed,,,9.00000,USD,Positive,Fast delivery,,,9.00000,USD
25202778-6e73-4299-aad2-9da57d326c57,2025-12-29 09:23:17,Rainbow La Grande Combinasion 140m/s - e,CustomItem,Items,1,Completed,,,10.00000,USD,Positive,"He's too quick ",,,10.00000,USD
f5dfbd04-6398-4a9f-b220-a662c9b1c7b8,2025-12-29 09:09:47,Los 67 202.5m/s - s22,CustomItem,Items,1,Completed,,,10.00000,USD,Positive,As described,,,10.00000,USD
66b4a3e7-8004-4463-8e00-2d0c596e7a2a,2025-12-29 09:01:29,La Jolly Grande 240m/s | v,CustomItem,Items,1,Completed,,,15.00000,USD,Positive,Good guy,,,15.00000,USD
2bee543a-ea35-4253-8892-9667e2363ff2,2025-12-29 08:55:59,"Diamond
Los 25
105m/s - s21",CustomItem,Items,1,Completed,,,5.00000,USD,Positive,Quick n easy W,,,5.00000,USD
12b039e8-5033-4126-a0ff-8a64bcc69bf8,2025-12-29 08:48:23,Gold La Spooky Grande 226m/s | v,CustomItem,Items,1,Completed,,,13.00000,USD,Positive,As described,,,13.00000,USD
4b19cfea-c9e4-4fab-8f2d-e84cc37cca8e,2025-12-29 08:44:16,"Candy
Chimino
182m/s - way",CustomItem,Items,1,Completed,,,9.00000,USD,Positive,"Very fast and legit ",,,9.00000,USD
0c8f6e77-7b2b-436c-b7d1-4f80283990e5,2025-12-29 08:37:02,Money Money Puggy 136.5m/s | v,CustomItem,Items,1,Completed,,,10.00000,USD,Positive,Amazing and cheap prices,,,10.00000,USD
804091a2-b004-4892-a931-e02d5384f921,2025-12-29 08:28:15,Nuclearo Dinossauro 90m/s | s13,CustomItem,Items,1,Completed,,,9.00000,USD,Positive,Recieved,,,9.00000,USD
2e8a95fc-637e-4c68-aaee-bafb84278ee6,2025-12-29 08:25:13,Los Puggies 180m/s - s18,CustomItem,Items,1,Completed,,,13.00000,USD,Positive,As described,,,13.00000,USD
c9af3518-ae36-42a9-85ff-a7bef9279701,2025-12-29 08:18:48,Swaggy Bros 180m/s - s10,CustomItem,Items,1,Completed,,,10.00000,USD,Positive,"Thanks 
",,,10.00000,USD
c15e2947-ad00-461b-8203-80e44b7f7795,2025-12-29 08:12:40,Rainbow Ketupat Kepat 525m/s | y,CustomItem,Items,1,Completed,,,40.00000,USD,Positive,Helpful and responsive,,,40.00000,USD
02749e66-9589-43fd-a1f9-6cf932ce3462,2025-12-29 08:12:17,Spaghetti Tualetti 180m/s - e,CustomItem,Items,1,Completed,,,15.00000,USD,Positive,GGWP,,,15.00000,USD
9f270ae5-5a4a-49c4-bfc5-daea574db2ba,2025-12-29 08:11:21,Esok Sekolah 30m/s - s8,CustomItem,Items,2,Completed,,,3.50000,USD,Positive,GGWP!,,,7.00000,USD
0f1a8619-bf86-4beb-8eee-eb21b50e250b,2025-12-29 08:06:06,Tang Tang Keletang 276.3m/s | v,CustomItem,Items,1,Completed,,,20.00000,USD,Positive,As described,,,20.00000,USD
ca7e9a84-7eb5-4bd8-8328-6a2109b0f46b,2025-12-29 07:57:47,"Swaggy Bros
200m/s - s20",CustomItem,Items,1,Completed,,,15.00000,USD,Positive,Helpful and responsive,,,15.00000,USD
12762a7e-fb40-4be9-a3ea-796db0c7ad1c,2025-12-29 07:52:57,"Lava
Los Combinasionas
120m/s - s10",CustomItem,Items,1,Completed,,,6.00000,USD,Positive,"Vouch trusted ",,,6.00000,USD
fbf0b526-9a12-4307-9766-59c09cb2882f,2025-12-29 07:20:43,Los 67 Galaxy 337.5m/s | s13,CustomItem,Items,1,Completed,,,15.00000,USD,Positive,Extra mile,,,15.00000,USD
76211011-cf4b-4a9f-af0d-42a142f59950,2025-12-29 07:01:12,Esok Sekolah 90m/s - s8,CustomItem,Items,2,Completed,,,4.00000,USD,Positive,Helpful and responsive,,,8.00000,USD
84f5d052-2cd0-4506-a6f9-52042f27a07e,2025-12-29 07:00:48,"Swaggy Bros
200m/s - s20",CustomItem,Items,1,Completed,,,15.00000,USD,Positive,Good price,,,15.00000,USD
8187ba53-032a-482b-9106-705fb47529a1,2025-12-29 06:59:53,Diamond La Ginger Sekola 787.5m/s - s20,CustomItem,Items,1,Completed,,,40.00000,USD,Positive,GGWP,,,40.00000,USD
6824f4c9-b978-4505-a028-56ced7249308,2025-12-29 06:33:48,Esok Sekolah 90m/s - s8,CustomItem,Items,1,Completed,,,4.00000,USD,Positive,"Professional ",,,4.00000,USD
ca41c28d-9dbb-43c1-a575-770f30e4bbe6,2025-12-29 06:25:04,Esok Sekolah 180m/s - s8,CustomItem,Items,1,Completed,,,8.00000,USD,Positive,Good communication,,,8.00000,USD
3bcf9722-1f8a-4deb-8cb9-3140553c9064,2025-12-29 06:18:35,Chillin Chili 163.5m/s - s18,CustomItem,Items,1,Completed,,,15.00000,USD,Positive,Fast delivery,,,15.00000,USD
f8434d25-9a89-4b5c-9db9-8fcfddd711aa,2025-12-29 06:12:09,Los Puggies 330m/s | v,CustomItem,Items,1,Completed,,,22.00000,USD,Positive,Extra mile,,,22.00000,USD
2b6a39a3-e894-44bd-a49c-2b723d4e1876,2025-12-29 06:01:41,"Rainbow
Los Candies 230m/s - s7",CustomItem,Items,1,Completed,,,11.00000,USD,Positive,GOAT,,,11.00000,USD
d03aa691-1942-4e18-ba11-1494bdde6c42,2025-12-29 05:59:55,"Los 25
230m/s - s20",CustomItem,Items,1,Completed,,,11.00000,USD,Positive,GGWP!,,,11.00000,USD
47651e43-7181-4137-9ae4-41d5f0e4930c,2025-12-29 05:45:40,"Rainbow
La Grande Combinasion 100m/s - s20",CustomItem,Items,1,Completed,,,8.00000,USD,Positive,GGWP!!!!,,,8.00000,USD
c51937dd-32d2-4f39-bacd-0b7dea80280d,2025-12-29 05:43:32,"Rainbow
Los 67
337.5m/s - s10",CustomItem,Items,1,Completed,,,16.00000,USD,Positive,GGWP!,,,16.00000,USD
c70fd55e-c51c-424e-9491-b9324adadac3,2025-12-29 05:40:45,Eviledon 126m/s - s10,CustomItem,Items,1,Completed,,,10.00000,USD,Positive,GGWP!,,,10.00000,USD
f88db68b-2f92-47c4-9cf5-c518dd323e5d,2025-12-29 05:32:59,"Lava
Los Candies
138m/s - s12",CustomItem,Items,1,Completed,,,7.00000,USD,Positive,Helpful and responsive,,,7.00000,USD
0ad9e193-ce35-46c3-b5a9-fcada8420954,2025-12-29 05:29:58,"Ketchuru and Musturu
170m/s - way",CustomItem,Items,1,Completed,,,20.00000,USD,Positive,Fast delivery,,,20.00000,USD
123a44fb-820d-499b-bbeb-7dc1d82e0ed7,2025-12-29 05:22:50,Radioactive Chicleteira Noelteira 127.5m/s - s20,CustomItem,Items,1,Completed,,,6.00000,USD,Positive,GGWP,,,6.00000,USD
93cb33cf-42d5-49a0-bee4-34adc4bfb089,2025-12-29 05:05:19,Nuclearo Dinossauro 120m/s | y,CustomItem,Items,1,Completed,,,12.00000,USD,Positive,Good,,,12.00000,USD
28667e3a-fe01-437a-992c-4dd7a18dbdc7,2025-12-29 04:51:38,Los Candies 287.5m/s - s20,CustomItem,Items,1,Completed,,,14.00000,USD,Positive,Helpful and responsive,,,14.00000,USD
d31ea498-6d2f-467f-9887-8e6d80a2bec6,2025-12-29 04:39:59,Nuclearo Dinossauro 120m/s | y,CustomItem,Items,1,Completed,,,12.00000,USD,Positive,"We very fast ",,,12.00000,USD
5b8c28d1-6648-4258-8c43-4e426ae81aaf,2025-12-29 04:20:06,Los Combinasionas 112.5m/s | y,CustomItem,Items,1,Completed,,,5.00000,USD,Positive,Extra mile,,,5.00000,USD
6f6794c1-d1f4-418f-a2d8-9523b6f903c4,2025-12-29 04:11:48,"Diamond
Swaggy Bros
380m/s - s10",CustomItem,Items,1,Completed,,,22.00000,USD,Positive,Extra mile,,,22.00000,USD
c3952b75-af0e-4d7f-b1ad-5c41cdbc14c3,2025-12-29 02:46:37,"Rainbow
La Grande Combinasion
170m/s - s10",CustomItem,Items,1,Completed,,,10.00000,USD,Positive,As described,,,10.00000,USD
08c41cee-fff0-47c2-af81-1155aeeebfd5,2025-12-29 02:29:32,Chicleteira Noelteira 90m/s - s7,CustomItem,Items,1,Completed,,,4.50000,USD,Positive,Good communication,,,4.50000,USD
8c9a8e87-118d-44ac-8218-466e251ac18e,2025-12-29 02:27:21,Esok Sekolah 90m/s - s8,CustomItem,Items,1,Completed,,,4.00000,USD,Positive,Fast delivery,,,4.00000,USD
cb2d740b-9a45-4171-8634-f19bd77a0143,2025-12-29 01:58:02,Eviledon 189m/s | s13,CustomItem,Items,1,Completed,,,15.00000,USD,Positive,Good price,,,15.00000,USD
856af55e-778e-469b-92f0-fc8d5b34bd59,2025-12-29 01:51:14,Diamond W or L 165m/s - s7,CustomItem,Items,1,Completed,,,15.00000,USD,Positive,GGWP,,,15.00000,USD
d5918d2a-727e-4e2c-b385-675b3ef43298,2025-12-29 01:41:56,"Diamond
Los Combinasionas
187.5m/s - s20",CustomItem,Items,1,Completed,,,9.00000,USD,Positive,Helpful and responsive,,,9.00000,USD
cc649d83-e85f-40c5-a995-5900ddd59e0a,2025-12-29 01:38:30,"Gold
Los 67
185.6m/s - s7",CustomItem,Items,1,Completed,,,9.00000,USD,Positive,Fast delivery,,,9.00000,USD
6b1f4da0-3356-44cf-8812-816665811def,2025-12-29 00:42:04,Nuclearo Dinossauro 48.7m/s | s13,CustomItem,Items,1,Completed,,,7.00000,USD,Positive,Good price,,,7.00000,USD
f298105e-2ffc-4417-a51d-15e11a9c4fa6,2025-12-29 00:14:55,Eviledon 189m/s - e,CustomItem,Items,1,Completed,,,15.00000,USD,Positive,Helpful and responsive,,,15.00000,USD
0a82b0dc-929f-4ef5-8ba5-ca2b8b4b182b,2025-12-28 23:45:58,Nuclearo Dinossauro 135m/s | y,CustomItem,Items,1,Completed,,,13.00000,USD,Positive,GGWP,,,13.00000,USD
0e5bcc47-dd7f-45ba-b52a-786e9763989a,2025-12-28 23:25:21,Gold Chimino 213.5m/s | snd,CustomItem,Items,1,Completed,,,10.00000,USD,Positive,GOAT,,,10.00000,USD
ccb34404-474f-4d5e-a49f-3fd1146cd914,2025-12-28 16:55:26,"Swaggy Bros
240m/s - s12",CustomItem,Items,1,Completed,Other,"Do not purchase, these were bought without permission",15.00000,USD,Positive,Good price,,,15.00000,USD
fd13a3d6-e4b9-4adc-9749-858e84d79ef3,2025-12-28 16:22:12,La Taco Combinasion 805m/s | y,CustomItem,Items,1,Completed,,,40.00000,USD,Positive,Good price,,,40.00000,USD
421d5708-2380-4551-acb7-782a07a0fbfa,2025-12-28 15:53:48,Los Puggies 180m/s - e,CustomItem,Items,1,Completed,,,13.00000,USD,Positive,GGWP!,,,13.00000,USD
a9588228-f09f-4f98-ac9b-6d4a2616e13b,2025-12-28 15:38:04,Los Candies 345m/s - s3,CustomItem,Items,1,Completed,,,18.00000,USD,Positive,Very kind,,,18.00000,USD
b57c7654-c699-42ad-bbf0-a6f86f2b7bd6,2025-12-28 14:17:23,"Galaxy Chicleteira Noelteira
180m/s - s7",CustomItem,Items,1,Completed,,,9.00000,USD,Positive,Good price,,,9.00000,USD
74057bb1-ba0b-4ab4-b1b0-01681439983f,2025-12-28 13:51:56,Los Mobilis 176m/s - s20,CustomItem,Items,1,Completed,,,8.00000,USD,Positive,Helpful and responsive,,,8.00000,USD
0ff8f977-da7a-4f41-960f-c5cc21709465,2025-12-28 13:47:33,Los 67 Galaxy 247.5m/s | s13,CustomItem,Items,1,Completed,,,12.00000,USD,Positive,"FAST AND REAL trust
",,,12.00000,USD
7bbad3c0-c862-4b7a-bb7d-537b94e128bb,2025-12-28 13:31:30,"Los Mobilis
132m/s - s20",CustomItem,Items,1,Completed,,,6.00000,USD,Positive,GOAT,,,6.00000,USD
01a601b1-f74f-4e88-a434-cc2ecad10d35,2025-12-28 12:52:38,"Mieteteira Bicicleteira
169m/s - s20",CustomItem,Items,1,Completed,,,8.00000,USD,Positive,Extra mile,,,8.00000,USD
6fc280b6-accc-41d6-9441-7beffa3650c0,2025-12-28 12:40:54,Eviledon 189m/s | s11,CustomItem,Items,1,Completed,,,15.00000,USD,Positive,Extra mile,,,15.00000,USD
a8a31c4a-f06a-4488-be3d-bad0a63a56fb,2025-12-28 12:39:59,Chicleteira Noelteira 217.5m/s | snd,CustomItem,Items,1,Completed,,,10.00000,USD,Positive,GOAT,,,10.00000,USD
cd7dc4d5-449a-45c0-b11e-b109d7b2d897,2025-12-28 12:35:01,Radioactive La Grande Combinasion 200m/s - s20,CustomItem,Items,1,Completed,,,13.00000,USD,Positive,Extra mile,,,13.00000,USD
dd407236-1b24-4dac-88ca-0a5f44f6ef51,2025-12-28 11:44:49,"Lava Los Candies
138m/s - s20",CustomItem,Items,1,Completed,,,7.00000,USD,Positive,Fast delivery,,,7.00000,USD
a5e669d1-4854-433f-a001-8556148cdb3a,2025-12-28 11:28:15,Radioactive Chimino 343m/s 4 Trait - e,CustomItem,Items,1,Completed,,,16.00000,USD,Positive,"Alles super ",,,16.00000,USD
4a2741bc-b60c-4aab-b9e9-a0663ac554c9,2025-12-28 11:28:11,"Galaxy
Los 67
157.5m/s - s7",CustomItem,Items,1,Completed,,,7.00000,USD,Positive,Good communication,,,7.00000,USD
27a54af8-724b-46a0-84d1-e343d31890c2,2025-12-28 11:21:42,Los Combinasionas 135m/s | y,CustomItem,Items,1,Completed,,,6.00000,USD,Positive,GGWP!,,,6.00000,USD
18b778a6-07cb-48c5-8b03-245d1950732e,2025-12-28 11:19:02,Los Candies 322m/s - s20,CustomItem,Items,1,Completed,,,11.00000,USD,Positive,Extra mile,,,11.00000,USD
0a2762ef-0b2d-4be2-a434-a138109d3b78,2025-12-28 10:46:13,Eviledon 189m/s - s3,CustomItem,Items,1,Completed,,,15.00000,USD,Positive,GOAT,,,15.00000,USD
1699bfa6-56b8-4ebd-ba7c-78e3de6cae79,2025-12-28 10:03:51,Spaghetti Tualetti 300m/s | y,CustomItem,Items,1,Completed,,,17.00000,USD,Positive,GGWP,,,17.00000,USD
c3198879-733f-467a-988e-8fbc56e3f86b,2025-12-28 09:48:09,Los Puggies 180m/s - s18,CustomItem,Items,1,Completed,,,13.00000,USD,Positive,"amazing 
delivered it in 3 minutes",,,13.00000,USD
bda2f6ac-4712-4aed-be71-c0ffb93eab20,2025-12-28 09:38:35,Esok Sekolah Radio 255m/s | y,CustomItem,Items,1,Completed,,,11.00000,USD,Positive,Good price,,,11.00000,USD
237ea1af-e1f4-4abe-9006-b46a011777eb,2025-12-28 09:29:37,"Candy Los 67
247.5m/s - s10",CustomItem,Items,1,Completed,,,12.00000,USD,Positive,GGWP!,,,12.00000,USD
200b5e80-d624-4478-8b32-47d6462f64ff,2025-12-28 09:11:17,"Gold
Chimino
189m/s - s12",CustomItem,Items,1,Completed,,,9.00000,USD,Positive,"good job
",,,9.00000,USD
c090f966-abd1-44db-a0ed-6c9c9a6368ec,2025-12-28 08:20:43,Gold Chimino 143.5m/s | snd,CustomItem,Items,1,Completed,,,7.00000,USD,Positive,Good communication,,,7.00000,USD
3de39342-d89a-4f17-b5fa-3c5ec0fe4837,2025-12-28 08:16:22,"Lava
Chimino
154m/s - s20",CustomItem,Items,1,Completed,,,7.00000,USD,Positive,GOAT,,,7.00000,USD
43cb501b-d216-4807-bdae-aa80ecb9c51f,2025-12-28 08:10:26,Los Candies 184m/s | snd,CustomItem,Items,1,Completed,,,9.00000,USD,Positive,"lwk a chill buyer not trying be weird ",,,9.00000,USD
42e87920-633d-418d-875c-b3a613066578,2025-12-28 08:09:54,Eviledon 189m/s | y,CustomItem,Items,1,Completed,,,15.00000,USD,Positive,Good price,,,15.00000,USD
ffe209b2-49aa-4aed-8bdf-74ba8a5dabbe,2025-12-28 08:00:45,"Orcaledon
360m/s - s20",CustomItem,Items,1,Completed,Seller_Delivered_But_Order_Not_Received,,20.00000,USD,Positive,Extra mile,,,20.00000,USD
e5291387-d095-42c9-814a-e4029c9f0a5f,2025-12-28 07:52:08,"Gold Los Candies
258.7m/s - s7",CustomItem,Items,1,Completed,Seller_Delivered_But_Order_Not_Received,,12.00000,USD,Positive,Extra mile,,,12.00000,USD
038f467f-3888-466b-bfd7-6c61beb523bb,2025-12-28 07:51:44,Chimino 241.5m/s | s13,CustomItem,Items,1,Completed,,,12.00000,USD,Positive,GOAT,,,12.00000,USD
ec391b44-1896-4d4a-ab86-96820e7fcaa3,2025-12-28 07:37:45,Los Mobilis 220m/s - s7,CustomItem,Items,1,Completed,,,11.00000,USD,Positive,10/10 fast ✅,,,11.00000,USD
a211167c-a820-4731-92b0-89385936fce6,2025-12-28 07:37:44,Los 67 Radioactive 191.2m/s | snd,CustomItem,Items,1,Completed,,,8.00000,USD,Positive,Helpful and responsive,,,8.00000,USD
3a919e8e-d4c0-4494-a334-ca58208b6c5b,2025-12-28 07:35:42,Los Spooky Combinasionas 120m/s - n,CustomItem,Items,1,Completed,,,6.00000,USD,Positive,"Pretty fast, Respectful would buy from again",,,6.00000,USD
96e0ff99-bdd0-4b7d-91fe-b15dd4a82387,2025-12-28 07:33:17,Candy Swaggy Bros 160m/s - s17,CustomItem,Items,1,Completed,,,10.00000,USD,Positive,GGWP!,,,10.00000,USD
7b40b1ce-db9c-4c90-9df6-fada31bcb3ef,2025-12-28 07:25:30,Money Money Puggy 168m/s - s12,CustomItem,Items,1,Completed,,,10.00000,USD,Positive,Extra mile,,,10.00000,USD
88044fd9-c79e-4f79-9c7c-4eee7d74c169,2025-12-28 07:10:45,"La Ginger Sekolah
375m/s - s10",CustomItem,Items,1,Completed,,,20.00000,USD,Positive,HOLY MOLY.this is so cheap i could buy 3 of these.defenitely recommend this guy,,,20.00000,USD
b33fcd9d-e85c-4bc4-93b4-6aa725ea4061,2025-12-28 06:58:12,Rainbow La Grande Combinasion,CustomItem,Items,1,Completed,,,8.00000,USD,Positive,Good communication,,,8.00000,USD
3b104a46-178d-404d-b1c8-e5222c29b26e,2025-12-28 06:36:13,Esok Sekolah 30m/s - s8,CustomItem,Items,1,Completed,,,3.50000,USD,Positive,Helpful and responsive,,,3.50000,USD
d8fc9e2e-78fb-47a2-b613-09f169b7cd88,2025-12-28 06:28:11,"Rainbow
Los Combinasionas
200m/s - s10",CustomItem,Items,1,Completed,,,10.00000,USD,Positive,So quick and easy recommend again,,,10.00000,USD
1558cb76-2a94-4614-be2a-b49cfd1bf293,2025-12-28 05:37:19,La Ginger Sekolah 600m/s | s11,CustomItem,Items,1,Completed,,,30.00000,USD,Positive,Good,,,30.00000,USD
a713c445-cb8e-4e44-987c-a3f2c50ca0ee,2025-12-28 05:28:04,Esok Sekolah 30m/s - s8,CustomItem,Items,4,Completed,,,3.50000,USD,Positive,As described,,,14.00000,USD
ddec2dcc-bd82-4c76-b48c-7e0050f6a8e4,2025-12-28 05:01:30,"Swaggy Bros
320m/s - s10",CustomItem,Items,1,Completed,,,20.00000,USD,Positive,Extra mile,,,20.00000,USD
4c96eb26-a3a9-423f-ab75-26ac11e41d30,2025-12-28 04:46:05,"Rainbow
Chimino 140m/s - s12",CustomItem,Items,1,Completed,,,7.00000,USD,Positive,Took a little bit but was very communicative and got exactly what i ordered. Will be buying from him again.,,,7.00000,USD
d96148b0-af38-443c-94a0-397623565e89,2025-12-28 04:43:50,"La Jolly Grande
180m/s - s12",CustomItem,Items,1,Completed,,,10.00000,USD,Positive,Fast delivery,,,10.00000,USD
c0ea3e1b-af6d-4f34-88be-05ef7a30bbb1,2025-12-28 04:42:55,Los Candies 195.5m/s | snd,CustomItem,Items,1,Completed,,,10.00000,USD,Positive,GGWP,,,10.00000,USD
5bac6d0b-73b5-4f6d-ba55-0825365e7353,2025-12-28 04:42:53,Galaxy Eviledon 378m/s - s18,CustomItem,Items,1,Completed,,,23.00000,USD,Positive,Fast delivery,,,23.00000,USD
0e2be700-c52c-4075-a859-9d369a69b936,2025-12-28 04:33:39,"Galaxy
Los 67
157.5m/s - s7",CustomItem,Items,1,Completed,,,7.00000,USD,Positive,GOAT,,,7.00000,USD
f68fe074-c4f5-49b9-ac53-b141e4057680,2025-12-28 04:23:28,Mieteteira Bicicleteira 156m/s | snd,CustomItem,Items,1,Completed,,,7.00000,USD,Positive,Helpful and responsive,,,7.00000,USD
9cf42b20-3d8a-4a7f-881c-f5065d4d36ec,2025-12-28 04:20:25,Eviledon 189m/s - s17,CustomItem,Items,1,Completed,,,15.00000,USD,Positive,GOAT,,,15.00000,USD
9b82bd59-9be5-4631-9727-8fdcf5368524,2025-12-28 04:10:53,La Ginger Sekolah 450m/s - s10,CustomItem,Items,1,Completed,,,25.00000,USD,Positive,very legit and trusted,,,25.00000,USD
6c09fb6c-2dfb-464e-be3c-dea6bd7f29ba,2025-12-28 04:10:28,Chicleteira Noelteira 127.5m/s | y,CustomItem,Items,1,Completed,,,6.00000,USD,Positive,Fast delivery,,,6.00000,USD
24f906b6-dbc0-41f9-aaa3-dc5f8c96c2f1,2025-12-28 04:08:02,Radioactive La Grande Combinasion 85m/s - s16,CustomItem,Items,1,Completed,,,8.00000,USD,Positive,GOAT,,,8.00000,USD
24855c25-fa98-44e6-8a0d-dc8aa7be753f,2025-12-28 03:39:18,Eviledon 189m/s - s17,CustomItem,Items,1,Completed,,,15.00000,USD,Positive,Good price,,,15.00000,USD
d9422c67-4402-46b7-a810-5612790e36d0,2025-12-28 03:32:15,Spaghetti Tualetti 300m/s | y,CustomItem,Items,1,Canceled,,,18.00000,USD,Unrated,,Cancelation_Of_Reserved_Order,,18.00000,USD
5a2081bd-a749-4c9d-98db-d69631754c3e,2025-12-28 03:29:37,Los 67 247.5m/s - s12,CustomItem,Items,1,Completed,,,12.00000,USD,Positive,Good price,,,12.00000,USD
8a26d4e8-23c2-40dc-87d3-5f659713a332,2025-12-28 03:28:26,"Gold
Esok Sekolah
37.5m/s - s8",CustomItem,Items,2,Completed,,,3.50000,USD,Positive,Fast delivery,,,7.00000,USD
ab6bb8c5-4e01-4264-a67f-9feb24933da3,2025-12-28 03:14:45,Esok Sekolah 30m/s | s11,CustomItem,Items,1,Completed,,,3.50000,USD,Positive,Good price,,,3.50000,USD
2c70d641-544e-4d05-8a9d-261763c5d81a,2025-12-28 03:08:00,Money Money Puggy 131.2m/s | y,CustomItem,Items,1,Completed,,,11.00000,USD,Positive,As described,,,11.00000,USD
4e1adf41-25f0-49c3-80e9-12daa93ffe21,2025-12-28 03:00:22,Los 25 Radioactive 225m/s | snd,CustomItem,Items,1,Completed,,,10.00000,USD,Positive,GGWP!,,,10.00000,USD
e987162f-bfac-49c2-be05-6daa46814e2f,2025-12-28 02:59:33,Esok Sekolah 30m/s - s8,CustomItem,Items,1,Completed,,,3.50000,USD,Positive,Fast delivery,,,3.50000,USD
2c2cc54c-5ab7-45d5-8815-806241ade126,2025-12-28 02:57:11,Esok Sekolah 30m/s - s8,CustomItem,Items,1,Completed,,,3.50000,USD,Positive,As described,,,3.50000,USD
6772c05b-72c8-4c61-b1e6-37c0b17f2b67,2025-12-28 02:45:17,"Swaggy Bros
200m/s - s7",CustomItem,Items,1,Completed,,,15.00000,USD,Positive,As described,,,15.00000,USD
f1e40ccf-fc16-4462-919f-230fb81a505e,2025-12-28 02:27:56,Diamond Spaghetti Tualetti 330m/s - s22,CustomItem,Items,1,Completed,,,20.00000,USD,Positive,Extra mile,,,20.00000,USD
23e43708-4e08-4ac8-b9aa-67f0621d39a9,2025-12-28 02:27:38,Chicleteira Noelteira 135m/s | y,CustomItem,Items,1,Completed,,,6.50000,USD,Positive,GGWP,,,6.50000,USD
800199ee-9e7d-42a9-a038-630d5dcbf87c,2025-12-28 02:27:02,Esok Sekolah 30m/s - s8,CustomItem,Items,2,Completed,,,3.50000,USD,Positive,GOAT,,,7.00000,USD
e42ae256-41cc-4131-97d5-6e2f82af1001,2025-12-28 01:45:36,"Rainbow
La Grande Combinasion 200m/s - way",CustomItem,Items,1,Completed,,,13.00000,USD,Positive,great,,,13.00000,USD
184f2d69-d22a-4255-bf8e-d07f957cce61,2025-12-28 01:24:34,"Chimino
210m/s - s10",CustomItem,Items,1,Completed,,,10.00000,USD,Positive,Kind,,,10.00000,USD
56a310de-3160-40f3-9ed9-c1bd7f4c798a,2025-12-28 01:24:30,Esok Sekolah 30m/s - s8,CustomItem,Items,1,Completed,,,3.50000,USD,Positive,Extra mile,,,3.50000,USD
e82eb6b6-dbc9-4e31-b1b4-858ce3e58898,2025-12-28 01:17:39,"Rainbow
Los Candies 230m/s - s7",CustomItem,Items,1,Completed,,,12.00000,USD,Positive,Good communication,,,12.00000,USD
bb2663e9-82d5-4c90-bc61-4ade0dc80d7a,2025-12-28 01:07:37,Los 25 Lava 100m/s | y,CustomItem,Items,1,Completed,,,5.00000,USD,Positive,Good price,,,5.00000,USD
4dd4364e-56f0-4356-813f-94edd230b155,2025-12-28 01:04:52,La Grande Combinasion 120m/s | s11,CustomItem,Items,1,Completed,,,12.00000,USD,Positive,Good communication,,,12.00000,USD
a9ba5f0a-7814-44a4-9770-0072732d9fea,2025-12-28 00:36:07,"Esok Sekolah
120m/s - s8",CustomItem,Items,1,Completed,,,6.00000,USD,Positive,GGWP!,,,6.00000,USD
602d29d6-523c-4e9f-92c4-f0194c601dc2,2025-12-27 23:50:37,La Ginger Sekolah 862.5m/s | y,CustomItem,Items,1,Completed,,,45.00000,USD,Positive,good,,,45.00000,USD
3b4348c4-520e-423b-8f0c-91745388be2e,2025-12-27 23:48:21,"La Ginger Sekolah
300m/s - way",CustomItem,Items,1,Completed,,,17.00000,USD,Positive,As described,,,17.00000,USD
c828510e-3fc6-4113-9dae-4ae53058fd9f,2025-12-27 23:40:40,Money Money Puggy 136.5m/s | y,CustomItem,Items,1,Completed,,,11.00000,USD,Positive,Good price,,,11.00000,USD
b96919c0-abc6-410a-ad87-649290e536b1,2025-12-27 23:38:52,Esok Sekolah 30m/s - s8,CustomItem,Items,1,Completed,,,3.50000,USD,Positive,Helpful and responsive,,,3.50000,USD
73621213-340e-4a2b-a493-6805d5e7e05b,2025-12-27 23:36:41,Los Spooky Combinasionas 280m/s - way,CustomItem,Items,1,Completed,,,15.00000,USD,Positive,As described,,,15.00000,USD
e6b11672-8f4b-4677-8fe0-4d07f8015a67,2025-12-27 23:09:38,Eviledon 189m/s - s18,CustomItem,Items,1,Completed,,,15.00000,USD,Positive,Fast delivery,,,15.00000,USD
49b7efa7-fa01-4e0d-81b1-df4249396d84,2025-12-27 23:06:18,Los 25 Lava 100m/s | y,CustomItem,Items,1,Canceled,Other,"I just need the money ",5.00000,USD,Unrated,,Buyer_Does_Not_Need_It_Anymore,,5.00000,USD
15f041b2-66f1-4648-abe1-603ace112144,2025-12-27 22:57:11,Galaxy Los Candies 161m/s - s12,CustomItem,Items,1,Completed,,,8.00000,USD,Positive,Helpful and responsive,,,8.00000,USD
9bf22fe8-7d57-41e3-8b61-e5176e5c67a5,2025-12-27 17:15:58,Swaggy Bros 400m/s - s7,CustomItem,Items,1,Completed,,,25.00000,USD,Positive,Good communication,,,25.00000,USD
f465dd71-ac87-4772-9858-12a5d8ba57f2,2025-12-27 16:54:39,La Ginger Sekolah 393.7m/s - s22,CustomItem,Items,1,Completed,,,20.00000,USD,Positive,Extra mile,,,20.00000,USD
6c8b42ea-821b-43f0-9820-04bf27bc3a3d,2025-12-27 16:50:04,"W or L
180m/s - s7",CustomItem,Items,1,Completed,,,15.00000,USD,Positive,Good price,,,15.00000,USD
d9d62007-e67a-4023-b114-3431a4e30226,2025-12-27 16:46:18,Swaggy Bros 660m/s | s13,CustomItem,Items,1,Completed,,,35.00000,USD,Positive,"Verry fast delivery, thank you ",,,35.00000,USD
d4856032-6881-45a8-a0d2-910e55fa6d38,2025-12-27 16:37:27,Galaxy Los 67 270m/s - s17,CustomItem,Items,1,Completed,,,13.00000,USD,Positive,Fast delivery,,,13.00000,USD
fc1aa57c-ae99-48a1-9e0b-f8d080b978b3,2025-12-27 16:30:06,Money Money Puggy Rainbow 210m/s | y,CustomItem,Items,1,Completed,,,18.00000,USD,Positive,Fast delivery,,,18.00000,USD
a7bd3a9b-3df8-43e4-b998-5f92b7afb234,2025-12-27 16:22:08,"Chimino
238m/s - s10",CustomItem,Items,1,Completed,,,11.00000,USD,Positive,GGWP!,,,11.00000,USD
bf4fdfdb-c5ce-45f4-86c1-0ccf5231a3d8,2025-12-27 16:17:08,Los Mobilis 137.5m/s | y,CustomItem,Items,1,Completed,,,6.50000,USD,Positive,Extra mile,,,6.50000,USD
ca172fae-0664-494c-8c77-f42c2c1719ec,2025-12-27 16:12:45,Los Candies 460m/s | y,CustomItem,Items,1,Completed,,,20.00000,USD,Positive,As described,,,20.00000,USD
6633f6b6-34f7-4321-a999-2920b1feea55,2025-12-27 15:48:34,Money Money Puggy 189m/s | y,CustomItem,Items,1,Completed,,,13.00000,USD,Positive,Extra mile,,,13.00000,USD
3a8d8333-b477-41ea-8429-e4c9d9978c1d,2025-12-27 15:48:26,Eviledon 126m/s | snd,CustomItem,Items,1,Completed,,,10.00000,USD,Positive,Good communication,,,10.00000,USD
eb808402-e87b-4c0b-a2d0-ca45a9bd8297,2025-12-27 15:27:09,"Lava Los Mobilis
135m/s - way",CustomItem,Items,1,Completed,,,6.00000,USD,Positive,Extra mile,,,6.00000,USD
d07e8ee0-f1d6-42cf-9bd6-3a44d9f32123,2025-12-27 15:11:53,Money Money Puggy 126m/s | y,CustomItem,Items,1,Completed,,,10.00000,USD,Positive,Fast and good delivery,,,10.00000,USD
b07f38ae-2dcf-49a6-b57f-19781b86c55e,2025-12-27 15:10:40,"Yin-Yang
Los Combinasionas 292.5m/s - way",CustomItem,Items,1,Completed,,,15.00000,USD,Positive,"Very fast ",,,15.00000,USD
2e473aa3-4780-4b87-af52-dc1180bf86f8,2025-12-27 14:57:30,Candy Los 67 315m/s - s23,CustomItem,Items,1,Completed,,,15.00000,USD,Positive,Helpful and responsive,,,15.00000,USD
1442c4ee-f7dc-446d-bb36-43fae8220e4d,2025-12-27 14:45:19,Esok Sekolah 90m/s - s8,CustomItem,Items,1,Completed,,,4.00000,USD,Positive,Good communication,,,4.00000,USD
1bc0c338-8f46-4c92-9670-d90d04706f1a,2025-12-27 14:40:47,Chimino 112m/s - s12,CustomItem,Items,1,Completed,,,5.00000,USD,Positive,He is a trusted buyer,,,5.00000,USD
c31cb6d3-476c-47f0-9be9-37d74232c2b4,2025-12-27 14:34:03,Gold Los 67 230.6m/s - s10,CustomItem,Items,1,Completed,,,11.00000,USD,Positive,Extra mile,,,11.00000,USD
c23033aa-98ea-44cd-842f-daa09e7bdcb4,2025-12-27 14:25:34,Los Candies Lava 230m/s | s11,CustomItem,Items,1,Completed,,,11.00000,USD,Positive,Good communication,,,11.00000,USD
9fdebe37-208a-4b47-a0fe-61fdd8fbb885,2025-12-27 13:43:40,"La Ginger Sekolah
375m/s - s7",CustomItem,Items,1,Completed,,,20.00000,USD,Positive,good boy,,,20.00000,USD
48fa4bdd-fcdd-4009-b2b5-e3649c68c845,2025-12-27 13:36:10,Lava Los Mobilis 132m/s | y,CustomItem,Items,1,Completed,,,6.00000,USD,Positive,super rapide  Merci,,,6.00000,USD
f127888d-3fee-419d-90ed-e90f320808a7,2025-12-27 13:31:28,Chicleteira Noelteira 180m/s | y,CustomItem,Items,1,Completed,,,8.00000,USD,Positive,GOAT,,,8.00000,USD
5a3701cb-ba48-4283-86b7-db32e30797f8,2025-12-27 13:31:27,Galaxy Los 67 270m/s - s17,CustomItem,Items,1,Completed,,,13.00000,USD,Positive,Fast delivery,,,13.00000,USD
44b2dd95-ec9f-4417-8d32-24c49fffa656,2025-12-27 13:24:07,Gold Esok Sekolah 187.5m/s - s8,CustomItem,Items,1,Completed,,,8.50000,USD,Positive,GOAT,,,8.50000,USD
a20ef4f7-40b7-4f10-ab81-65ead65a75d4,2025-12-27 13:14:32,Los Mobilis 275m/s | y,CustomItem,Items,1,Completed,,,13.00000,USD,Positive,GOAT,,,13.00000,USD
4d9bf057-7f73-4f0f-b9f4-095d897e52c7,2025-12-27 12:32:42,"Lava
Los Candies
138m/s - s12",CustomItem,Items,1,Completed,,,7.00000,USD,Positive,As described,,,7.00000,USD
a62a9d1f-5105-46d4-a969-10620a1d389a,2025-12-27 11:41:30,Esok Sekolah 90m/s - s8,CustomItem,Items,1,Completed,,,4.00000,USD,Positive,GGWP!,,,4.00000,USD
0e08ac81-4672-497c-ab5e-666290b3060b,2025-12-27 11:29:54,Diamond Esok Sekolah 45m/s - s8,CustomItem,Items,1,Completed,,,4.00000,USD,Positive,Extra mile,,,4.00000,USD
77f88c57-be48-420b-8084-78433828cdb1,2025-12-27 11:25:11,Eviledon 315m/s - s22,CustomItem,Items,1,Completed,,,22.00000,USD,Positive,Very quick and excellent service,,,22.00000,USD
cf586075-ca1e-425a-9cd4-bc050d18d6cc,2025-12-27 11:23:42,Eviledon 315m/s - s22,CustomItem,Items,1,Completed,,,22.00000,USD,Positive,SO FAST AND SOOOOOOOOOOOOOOOOOO TRUTED,,,22.00000,USD
5c89d600-458b-4550-a689-d15e51e05dbe,2025-12-27 10:51:39,Gold Esok Sekolah 307.5m/s - n,CustomItem,Items,1,Completed,,,13.00000,USD,Positive,"Perfect, thank you",,,13.00000,USD
70815c12-fb58-4242-8508-73880dddbd41,2025-12-27 10:50:48,Rainbow Los 67 225m/s - s23,CustomItem,Items,1,Completed,,,12.00000,USD,Positive,As described,,,12.00000,USD
61e24653-8e7a-4afa-8356-a752f7bc6558,2025-12-27 10:37:39,"Los Candies
218.5m/s - s12",CustomItem,Items,1,Completed,,,10.00000,USD,Positive,Helpful and responsive,,,10.00000,USD
8668bed1-ec06-4bbb-a728-61535378ee60,2025-12-27 10:26:51,La Ginger Sekolah 450m/s - s7,CustomItem,Items,1,Completed,,,25.00000,USD,Positive,"fast 
",,,25.00000,USD
d87579ab-3af9-44e1-b0e3-d57deaa56c12,2025-12-27 10:24:10,Chicleteira Noelteira 210m/s - s10,CustomItem,Items,1,Completed,,,10.00000,USD,Positive,"good
",,,10.00000,USD
da6c81d2-8e6a-4f75-9cba-9c71de0a91f7,2025-12-27 10:09:58,Chimino 112m/s - s12,CustomItem,Items,1,Canceled,,,5.00000,USD,Unrated,,Buyer_Does_Not_Need_It_Anymore,buyer want to cancel the order,5.00000,USD
03a8ee27-45ba-4bcf-9eaf-726ded974dd8,2025-12-27 10:07:07,"Galaxy
Los 67 360m/s - s7",CustomItem,Items,1,Completed,,,18.00000,USD,Positive,Good service very quick W,,,18.00000,USD
33868eed-71df-43cf-b45c-9ce1725c79dc,2025-12-27 09:41:25,"Gold
La Jolly Grande
187.5m/s - way",CustomItem,Items,1,Completed,,,12.00000,USD,Positive,Good communication,,,12.00000,USD
0ce9f166-92d6-4d45-b34c-1081b6713d4d,2025-12-27 09:40:53,Chimino 6 Traits 336m/s | y,CustomItem,Items,1,Completed,,,15.00000,USD,Positive,GGWP!,,,15.00000,USD
fd30ea88-af8f-4441-b3ca-5779b967daaa,2025-12-27 09:29:56,Gold Money Money Reindeer 31.2m/s | snd,CustomItem,Items,1,Completed,,,8.00000,USD,Positive,GOAT,,,8.00000,USD
eb5e5a89-e3dc-46eb-9af2-59927482dffe,2025-12-27 09:08:01,Money Money Puggy 89.2m/s | snd,CustomItem,Items,1,Completed,,,8.00000,USD,Positive,Fast and legit,,,8.00000,USD
1149e734-4c1d-44ea-bc7f-d4e0a59e1db4,2025-12-27 09:05:53,Money Money Puggy 168m/s | s13,CustomItem,Items,1,Completed,,,13.00000,USD,Positive,GGWP!,,,13.00000,USD
c9df10e6-f1e5-47da-ac45-608297d9ef19,2025-12-27 08:27:46,Los Candies 460m/s | s13,CustomItem,Items,1,Completed,,,22.00000,USD,Positive,Wow very fast and worth it,,,22.00000,USD
26802b87-19d2-42f9-ba6e-9d7594d0c4a5,2025-12-27 08:27:02,Money Money Puggy 126m/s | s13,CustomItem,Items,1,Completed,,,10.00000,USD,Positive,GGWP,,,10.00000,USD
2907d044-9a43-42a1-80c4-582224c11554,2025-12-27 08:19:01,Esok Sekolah 90m/s - s8,CustomItem,Items,1,Completed,,,4.00000,USD,Positive,Wow quick and easy,,,4.00000,USD
dcb04a79-67f6-4b9d-9bcc-abb10c4d47f5,2025-12-27 08:18:11,Spaghetti Tualetti 300m/s | s11,CustomItem,Items,1,Completed,,,18.00000,USD,Positive,Top cool,,,18.00000,USD
b4d868aa-f14f-437a-a0d5-05fa3ae71de8,2025-12-27 08:16:05,"1 RUBY SHROOMBINO, SHROOM,",CustomItem,Items,1,Completed,,,2.00000,USD,Positive,Extra mile,,,2.00000,USD
a3f4920b-7a51-4cb7-9999-289bc1181cb6,2025-12-27 08:03:55,La Secret Combinasion 625m/s - s7,CustomItem,Items,1,Completed,,,35.00000,USD,Positive,Good price,,,35.00000,USD
f010faf2-63c6-451d-91f8-4e635b35011f,2025-12-27 07:55:07,"Swaggy Bros
120m/s - s12",CustomItem,Items,1,Completed,,,10.00000,USD,Positive,GGWP!,,,10.00000,USD
1487324f-686e-40df-9df4-300514ff48d8,2025-12-27 07:54:29,Swaggy Bros 40m/s | snd,CustomItem,Items,1,Completed,,,8.00000,USD,Positive,GGWP!,,,8.00000,USD
ae4722b3-42ee-40b2-b414-020a9f3d0acb,2025-12-27 07:42:44,Esok Sekolah 30m/s - s8,CustomItem,Items,1,Completed,,,3.50000,USD,Positive,Helpful and responsive,,,3.50000,USD
8b560c6b-ef72-433d-9129-5ccdcc0bc396,2025-12-27 07:36:01,Diamond Swaggy Bros 340m/s - s23,CustomItem,Items,1,Completed,,,20.00000,USD,Positive,Helpful and responsive,,,20.00000,USD
84a28c1d-b3fc-4c25-8c49-744d18b85f9f,2025-12-27 07:23:30,Esok Sekolah 150m/s - s8,CustomItem,Items,1,Completed,,,7.00000,USD,Positive,Helpful and responsive,,,7.00000,USD
61c565a8-e716-42a7-a2da-43a48a6e6baf,2025-12-27 07:19:42,Esok Sekolah 30m/s - s8,CustomItem,Items,2,Completed,,,3.50000,USD,Positive,Good communication,,,7.00000,USD
d73962db-87dc-45b5-af01-d5ffb3fb57fd,2025-12-27 07:13:32,Money Money Puggy 105m/s | s13,CustomItem,Items,1,Completed,,,9.00000,USD,Positive,amazing service!,,,9.00000,USD
7e5e1bee-4f51-4d92-b066-67bc7c06cdea,2025-12-27 07:12:09,Money Money Puggy 105m/s | snd,CustomItem,Items,1,Completed,,,9.00000,USD,Positive,"Really fast and nice, and legit !",,,9.00000,USD
bf5600ad-53ac-43ff-b878-cb382c6f933e,2025-12-27 06:59:22,Esok Sekolah 30m/s - s8,CustomItem,Items,2,Completed,,,3.50000,USD,Positive,Got what i wanted,,,7.00000,USD
d55f4c01-0e26-49ff-a2ff-755ddca1b08c,2025-12-27 06:33:13,Spaghetti Tualetti 300m/s - s18,CustomItem,Items,1,Completed,,,20.00000,USD,Positive,As described,,,20.00000,USD
c5d78fce-01da-40fc-8df6-c35aefec65f9,2025-12-27 06:27:17,"Los 67
270m/s - s10",CustomItem,Items,1,Completed,,,13.00000,USD,Positive,GOAT,,,13.00000,USD
6ed970b5-c52a-4d1f-89d6-96342c1aaa6a,2025-12-27 05:40:39,Money Mone Puggy 21m/s | snd,CustomItem,Items,1,Canceled,,,5.00000,USD,Unrated,,Mutual_Agreement,,5.00000,USD
bd04b6d3-de25-4364-98cd-0d5a964254f0,2025-12-27 05:35:37,Yin Yang Los 67 270m/s - s22,CustomItem,Items,1,Completed,,,13.00000,USD,Positive,fast and legit,,,13.00000,USD
9a7508b7-be7b-474a-be63-6b3b01a0bdd8,2025-12-27 05:31:47,Los Candies 138m/s | s11,CustomItem,Items,1,Completed,,,6.50000,USD,Positive,GOAT,,,6.50000,USD
b0276889-0c9a-4271-9c7b-e5aa9095e162,2025-12-27 05:27:08,Lavadorito Spinito 670m/s | s13,CustomItem,Items,1,Completed,,,35.00000,USD,Positive,fast,,,35.00000,USD
514fe945-1abb-417d-a4f1-43ada441af21,2025-12-27 05:03:38,Orcaledon 360m/s | s13,CustomItem,Items,1,Completed,,,22.00000,USD,Positive,GOAT,,,22.00000,USD
354c306e-c5f6-4d3f-9190-023f5226fa1e,2025-12-27 04:58:53,La Ginger Sekolah 675m/s - s22,CustomItem,Items,1,Completed,,,35.00000,USD,Positive,"Returning customer! Thanks again! ",,,35.00000,USD
2e282870-56a6-4434-9555-1a571120c75f,2025-12-27 04:55:43,"Mieteteira Bicicleteira
156m/s - way",CustomItem,Items,1,Completed,,,7.00000,USD,Positive,Fast delivery,,,7.00000,USD
2da33350-ff40-47f9-b596-69f560209b0e,2025-12-27 04:42:56,"Mieteteira Bicicleteira
208m/s - s12",CustomItem,Items,1,Completed,,,10.00000,USD,Positive,"Perfect, TY! Fast delivery. A+",,,10.00000,USD
cde7a7f2-4b9c-4748-bd84-dbb6aaf4ac2b,2025-12-27 04:33:32,"Gold
Esok Sekolah
37.5m/s - s8",CustomItem,Items,1,Completed,,,3.50000,USD,Positive,As described,,,3.50000,USD
c1326e78-e325-426d-8519-0063769f73db,2025-12-27 04:26:30,Swaggy Bros 500m/s - way,CustomItem,Items,1,Completed,,,25.00000,USD,Positive,Good communication,,,25.00000,USD
a0c06127-70df-4080-883f-5cb7886c2c99,2025-12-27 04:20:17,Los spooky Combinasionas 170m/s - way,CustomItem,Items,1,Completed,,,8.00000,USD,Positive,GGWP!,,,8.00000,USD
81ce6ff7-b469-4989-b040-c8eaca973989,2025-12-27 04:13:44,Esok Sekolah 157.5m/s - s8,CustomItem,Items,1,Canceled,,,8.00000,USD,Unrated,,Out_Of_Stock,,8.00000,USD
255876cb-ed11-4f61-b5a5-2d695f05014f,2025-12-27 04:08:53,Rainbow Los 67 225m/s - s23,CustomItem,Items,1,Completed,,,12.00000,USD,Positive,Helpful and responsive,,,12.00000,USD
0bcb8cb8-2595-4820-a504-b0fa7f9b1d68,2025-12-27 03:39:23,"Galaxy
Los Candies
276m/s - way",CustomItem,Items,1,Completed,,,13.00000,USD,Positive,"This guy is not a scamer
",,,13.00000,USD
70bfe651-071a-4b1a-86cf-8bffb9b0e572,2025-12-27 03:20:06,Esok Sekolah 90m/s - s8,CustomItem,Items,1,Completed,,,4.00000,USD,Positive,The seller was very quick and straight forward with the process. Would definitely recommend this service to others 10/10,,,4.00000,USD
a29bcd45-7ebc-410b-b380-7e9098b3d90a,2025-12-27 03:18:23,"Los Combinasionas
240m/s - way",CustomItem,Items,1,Completed,,,12.00000,USD,Positive,GOAT,,,12.00000,USD
d3e843b5-aa8d-43e5-8b57-7fd1ed797d50,2025-12-27 03:13:52,Money Money Puggy 399m/s | s11,CustomItem,Items,1,Completed,,,25.00000,USD,Positive,"A+ thank you! Very fast! ",,,25.00000,USD
44b24073-4ddd-424e-992a-321e071b7541,2025-12-27 02:56:52,"Ketchuru and Musturu
255m/s - way",CustomItem,Items,1,Completed,,,25.00000,USD,Positive,Very good,,,25.00000,USD
5a222022-6adb-4885-922f-b314b4dc1b6e,2025-12-27 02:52:10,Gold Esok Sekolah 97.5m/s - s8,CustomItem,Items,1,Completed,,,5.00000,USD,Positive,Fast delivery,,,5.00000,USD
cfb6476b-e561-40b2-be3f-e3ca6e471239,2025-12-27 02:49:44,Spaghetti Tualetti 180m/s - s7,CustomItem,Items,1,Completed,,,12.00000,USD,Positive,GOAT,,,12.00000,USD
af6a2023-c4d9-449a-99fb-fdef9cede67a,2025-12-27 02:09:22,"La Ginger Sekolah
225m/s - s7",CustomItem,Items,1,Completed,,,15.00000,USD,Positive,GOAT,,,15.00000,USD
a2abbc6c-186c-4c2d-9855-951a19090cd7,2025-12-27 02:02:18,"Yin-Yang
Los Mobilis
168m/s - s12",CustomItem,Items,1,Canceled,,,8.00000,USD,Unrated,,Out_Of_Stock,,8.00000,USD
10a41239-5397-4bf4-85fe-5f8d34a682f7,2025-12-27 01:36:58,"Chimino
252m/s - s10",CustomItem,Items,1,Completed,,,12.00000,USD,Positive,"Very fast meary cristmas

",,,12.00000,USD
3ef5f9c9-8ac0-479a-a1bc-197f50c473ff,2025-12-27 01:33:58,"Galaxy
La Extinct Grande 246.7m/s - s7",CustomItem,Items,1,Completed,,,15.00000,USD,Positive,As described,,,15.00000,USD
6511bc74-74ba-4f63-9116-93e1d75fcaa2,2025-12-27 01:30:04,Diamond La Taco Combinasion 297.5m/s - s17,CustomItem,Items,1,Completed,,,18.00000,USD,Positive,"he was perfect, it didnt take long at all to give the item. thanks
",,,18.00000,USD
337d97c1-5e2f-4d9f-9023-70b654829338,2025-12-27 01:13:46,Money Money Puggy 105m/s | s11,CustomItem,Items,1,Completed,,,9.00000,USD,Positive,Good communication,,,9.00000,USD
10a8afaf-f15b-43c4-a7f9-27f4c8ae4ef7,2025-12-27 01:12:10,Los Mobilis 297m/s | s13,CustomItem,Items,1,Completed,,,13.00000,USD,Positive,Good communication,,,13.00000,USD
917e8497-c606-460c-b30c-46ab27a53633,2025-12-27 01:05:09,Diamond Los Puggies 195m/s - s18,CustomItem,Items,1,Completed,,,13.00000,USD,Positive,GOAT,,,13.00000,USD
7c416f55-3f64-4881-a388-fd98a2a4fbf3,2025-12-27 01:00:04,Swaggy Bros 200m/s - s22,CustomItem,Items,1,Completed,,,15.00000,USD,Positive,w fast no issues,,,15.00000,USD
645c4efa-b9d7-4791-8461-6f7a9765a561,2025-12-27 00:50:27,"Rainbow
Chimino
168m/s - way",CustomItem,Items,1,Completed,,,8.00000,USD,Positive,Fast delivery,,,8.00000,USD
948e09bb-354b-453b-aefa-9fd4c2b73ebd,2025-12-27 00:43:16,Swaggy Bros 200m/s - s7,CustomItem,Items,1,Completed,Cannot_Claim_Purchase_Due_To_InGame_Issues,,15.00000,USD,Positive,GOAT,,,15.00000,USD
a81f8ce7-37ef-47a5-9600-8fb8d7274bb7,2025-12-27 00:41:31,Swaggy Bros Radio 540m/s | snd,CustomItem,Items,1,Completed,,,30.00000,USD,Positive,As described,,,30.00000,USD
a19532ab-7cb1-4f4d-993e-2c971e9ca5d9,2025-12-27 00:37:13,Los Mobilis 225.5m/s | y,CustomItem,Items,1,Completed,,,10.00000,USD,Positive,GOAT,,,10.00000,USD
918d10a9-e466-493c-9354-7c0da876f186,2025-12-27 00:06:34,"Swaggy Bros
200m/s - s10",CustomItem,Items,1,Completed,,,13.00000,USD,Positive,Extra mile,,,13.00000,USD
b0a5d3bb-a12b-47b8-9393-e8bdcb75101f,2025-12-27 00:06:33,"Diamond
Los 67
191.2m/s - s7",CustomItem,Items,1,Completed,,,9.00000,USD,Positive,GGWP!,,,9.00000,USD
edaa0bb3-295c-4a35-80f9-7cb5b42bd11b,2025-12-27 00:00:33,Rainbow La Grande Combinasion 120m/s - s16,CustomItem,Items,1,Completed,,,11.00000,USD,Positive,GOAT,,,11.00000,USD
729507ce-3e6b-464f-82e3-c4b52cc950a1,2025-12-26 23:56:13,Money Money Puggy 105m/s | s11,CustomItem,Items,1,Canceled,,,9.00000,USD,Unrated,,Buyer_Does_Not_Need_It_Anymore,,9.00000,USD
50573c89-bbc6-4297-a555-54fd5ec91529,2025-12-26 23:42:46,Galaxy Los 67 157.5m/s - s7,CustomItem,Items,1,Completed,,,8.00000,USD,Positive,W mans,,,8.00000,USD
8382a97c-0b16-4c32-83b9-2f7b13769e64,2025-12-26 17:26:30,Spaghetti Tualetti 300m/s - s18,CustomItem,Items,1,Canceled,,,20.00000,USD,Unrated,,Other,we going offline,20.00000,USD
c9611ede-b782-4383-ba06-2089a033d060,2025-12-26 16:57:56,Los Mobilis 132m/s - s10,CustomItem,Items,1,Completed,,,6.00000,USD,Positive,Good communication,,,6.00000,USD
1263b369-edba-4114-b4b5-f5d4afbb1755,2025-12-26 16:55:16,"Los Mobilis
220m/s - s7",CustomItem,Items,1,Completed,,,11.00000,USD,Positive,As described,,,11.00000,USD
9f1534a4-5420-408a-8110-a96575ae0bbb,2025-12-26 16:50:13,Eviledon 189m/s - s22,CustomItem,Items,1,Completed,,,15.00000,USD,Positive,Really fast will buy again,,,15.00000,USD
d66edf6b-aae7-48a2-b875-8aab471ca9bb,2025-12-26 16:45:55,Los Puggies 270m/s - s22,CustomItem,Items,1,Completed,,,18.00000,USD,Positive,Very quick and easy,,,18.00000,USD
c6355dac-2b1e-4bf2-a126-674c9046d4c4,2025-12-26 16:42:41,"Swaggy Bros
240m/s - s7",CustomItem,Items,1,Completed,,,15.00000,USD,Positive,Fast delivery,,,15.00000,USD
5dfd46c3-395b-4e4e-80c8-5ba112db1c63,2025-12-26 16:38:26,Los Combinasionas 240m/s - s7,CustomItem,Items,1,Completed,,,12.00000,USD,Positive,GGWP,,,12.00000,USD
7fb4574c-6b93-4bfd-9797-abec95aa897e,2025-12-26 16:15:55,"Rainbow
La Grande Combinasion
120m/s - s12",CustomItem,Items,1,Completed,,,12.00000,USD,Positive,GGWP!,,,12.00000,USD
9104b636-92d2-4fc8-bee5-c9514bf3caa0,2025-12-26 15:51:32,Diamond Money Money Puggy 367.5m/s - s22,CustomItem,Items,1,Completed,,,22.00000,USD,Positive,GOAT,,,22.00000,USD
1b9c5d58-fd67-4adc-9b8a-d2fea4d3325e,2025-12-26 15:43:12,Yin Yang Eviledon 472.5m/s - s18,CustomItem,Items,1,Completed,,,25.00000,USD,Positive,"Answered very fast w mans
",,,25.00000,USD
f161353a-27ea-48df-9750-e224ad860697,2025-12-26 15:37:14,Chicleteira Noelteira 202.5m/s | snd,CustomItem,Items,1,Completed,,,10.00000,USD,Positive,GGWP,,,10.00000,USD
ac55010d-e82b-41b1-bf31-8e2885f53519,2025-12-26 15:29:01,Money Money Puggy 126m/s - s16,CustomItem,Items,1,Completed,,,13.00000,USD,Positive,Extra mile,,,13.00000,USD
841cf155-4675-48bb-ac72-6b4e3f98eb6a,2025-12-26 15:26:55,Money Money Puggy 178.5m/s | s11,CustomItem,Items,1,Completed,,,13.00000,USD,Positive,Helpful and responsive,,,13.00000,USD
42a3af2f-c21d-4a12-a4a3-e90935dfd0f7,2025-12-26 15:24:21,Spaghetti Tualetti 300m/s - s18,CustomItem,Items,1,Canceled,,,20.00000,USD,Unrated,,Seller_Going_Offline,,20.00000,USD
613ce2d2-0fb9-42c2-996f-cf970651d76d,2025-12-26 14:51:02,Esok Sekolah 300m/s | s13,CustomItem,Items,1,Completed,,,13.00000,USD,Positive,Good price,,,13.00000,USD
3dfaac79-cd1b-4394-9ed8-140d1c1db9e9,2025-12-26 14:49:18,Lava Chimnino 154m/s - s22,CustomItem,Items,1,Completed,,,8.00000,USD,Positive,GGWP!,,,8.00000,USD
8a888633-5715-43dd-8880-5abfa6b0e76b,2025-12-26 14:46:50,Esok Sekolah 30m/s - s8,CustomItem,Items,1,Completed,,,3.50000,USD,Positive,Extra mile,,,3.50000,USD
b05efdbf-8379-4be6-ae55-f3e82bfbf0a2,2025-12-26 14:35:09,Eviledon 252m/s - s22,CustomItem,Items,1,Completed,,,19.00000,USD,Positive,Fast delivery,,,19.00000,USD
36687cf8-89d4-44d5-a950-191db87f60b2,2025-12-26 14:29:09,Los Candies 253m/s - s7,CustomItem,Items,1,Completed,,,12.00000,USD,Positive,Quick and nice,,,12.00000,USD
872084dc-8e35-4d7e-a308-8aa9b90be849,2025-12-26 14:08:11,Money Money Puggy 210m/s - s18,CustomItem,Items,1,Completed,,,17.00000,USD,Positive,Fast delivery,,,17.00000,USD
5a0cca3f-bb9e-4920-9cfa-c5cccf80bc71,2025-12-26 14:08:08,Rainbow La Grande Combinasion 100m/s - s16,CustomItem,Items,1,Completed,,,11.00000,USD,Positive,As described,,,11.00000,USD
ee489c6f-0313-44e5-806d-13a11c69c6f2,2025-12-26 13:56:41,"Rainbow
Chimino
238m/s - s7",CustomItem,Items,1,Completed,,,13.00000,USD,Positive,GGWP!,,,13.00000,USD
4704d9c2-12ae-4f2c-93b2-c03cea5d62bc,2025-12-26 13:43:39,Rainbow Los Candies 230m/s - s22,CustomItem,Items,1,Completed,,,13.00000,USD,Positive,Thank you!,,,13.00000,USD
52fec85a-6f47-47e9-be1e-8c83153fad3b,2025-12-26 13:35:17,Esok Sekolah 30m/s - s8,CustomItem,Items,1,Completed,,,3.50000,USD,Positive,As described,,,3.50000,USD
49f56cbe-7fa5-4e99-a3ad-0da1dd59e93b,2025-12-26 13:34:54,"Chimino
252m/s - way",CustomItem,Items,1,Completed,,,12.00000,USD,Positive,GGWP!,,,12.00000,USD
043b45ad-53e5-4f24-aad2-e7aad0d02dc2,2025-12-26 13:30:29,"Gold
Esok Sekolah
37.5m/s - s8",CustomItem,Items,1,Completed,,,3.50000,USD,Positive,As described,,,3.50000,USD
db2d7e62-a12e-4cb3-be6b-04cd065bfd7f,2025-12-26 13:27:52,Gold Los 67 275.6m/s - e,CustomItem,Items,1,Completed,,,14.00000,USD,Positive,Good price,,,14.00000,USD
59ca62d8-cff2-4efa-b954-1f46f2e32982,2025-12-26 13:25:00,"Yin-Yang Mieteteira Bicicleteira
325m/s - s12",CustomItem,Items,1,Completed,,,15.00000,USD,Positive,Good communication,,,15.00000,USD
76d43554-61d0-4210-a2d4-67627818253f,2025-12-26 13:00:07,La Ginger Sekolah 600m/s | y,CustomItem,Items,1,Completed,,,32.00000,USD,Positive,As described,,,32.00000,USD
e5996a69-456d-4dbe-98e4-4971abf9156f,2025-12-26 12:40:56,Spaghetti Tualetti 300m/s | y,CustomItem,Items,1,Completed,,,18.00000,USD,Positive,Helpful and responsive,,,18.00000,USD
cb74cdad-3f09-4b46-a325-2ca1c0b929e9,2025-12-26 12:25:28,Esok Sekolah 30m/s - s8,CustomItem,Items,1,Completed,,,3.50000,USD,Positive,Helpful and responsive,,,3.50000,USD
eed4d151-f53d-4a33-81f0-66d5c8bd5f25,2025-12-26 12:25:17,Mieteteira Bicicleteira 156m/s - s10,CustomItem,Items,1,Completed,,,7.00000,USD,Positive,As described,,,7.00000,USD
8acb3612-0552-4bdd-807c-8c9fd8320229,2025-12-26 12:09:11,Money Money Puggy 315m/s | y,CustomItem,Items,1,Completed,,,20.00000,USD,Positive,Extra mile,,,20.00000,USD
899a9f3b-6c6e-45fd-aaeb-d67e74e1023f,2025-12-26 12:07:37,Los Puggies 180m/s - s22,CustomItem,Items,1,Completed,,,13.00000,USD,Positive,Good communication,,,13.00000,USD
b36af392-b286-4da9-a3d4-810ba7148419,2025-12-26 11:56:46,Lava Los 67 247.5m/s - s18,CustomItem,Items,1,Completed,,,12.00000,USD,Positive,Helpful and responsive,,,12.00000,USD
4017a6f7-0daf-4863-b0a1-bd8dc6a0501a,2025-12-26 11:48:18,"Eviledon
189m/s - s7",CustomItem,Items,1,Completed,,,13.00000,USD,Positive,Extra mile,,,13.00000,USD
ed01207d-98d0-4a75-8a24-ae48b56dae7e,2025-12-26 11:44:52,"Diamond
La Grande Combinasion 95m/s - s10",CustomItem,Items,1,Completed,,,9.00000,USD,Positive,Good price,,,9.00000,USD
2108a201-fe55-4752-a385-7a5eb94dc5f2,2025-12-26 11:37:27,Galaxy Eviledon 220.5m/s - e,CustomItem,Items,1,Completed,,,17.00000,USD,Positive,Good communication,,,17.00000,USD
17fe94a5-3ecf-4599-8c8d-bb0c8d6c31d7,2025-12-26 11:32:30,Esok Sekolah 30m/s - s8,CustomItem,Items,1,Completed,,,3.50000,USD,Positive,Good price,,,3.50000,USD
f5752c38-cbb0-4890-8735-b17494a477e2,2025-12-26 11:31:23,Diamond La Taco Combinasion 227.5m/s - s17,CustomItem,Items,1,Completed,,,17.00000,USD,Positive,GGWP!,,,17.00000,USD
77f6398e-3524-4469-9761-c98ff8500d80,2025-12-26 11:30:25,W or L Radioactive 255m/s | y,CustomItem,Items,1,Completed,,,15.00000,USD,Positive,"Perfect ",,,15.00000,USD
b333e1e6-d0d9-434a-b085-ccc0b49f69aa,2025-12-26 11:22:49,Rainbow 67 120m/s - s18,CustomItem,Items,1,Completed,,,13.00000,USD,Positive,GGWP!,,,13.00000,USD
20da093b-c8ca-46c6-b485-df9af9bb3eb0,2025-12-26 11:21:46,Chimino 140m/s - s7,CustomItem,Items,1,Completed,,,7.00000,USD,Positive,Wan,,,7.00000,USD
a6cc9f5b-5a61-435c-b0ec-9d2a5113a644,2025-12-26 11:20:24,"Radioactive
Chicleteira Noelteira 127.5m/s - way",CustomItem,Items,1,Completed,,,6.00000,USD,Positive,GOAT,,,6.00000,USD
672e08d6-acbd-4b4a-9eca-d4c69f1ae3a7,2025-12-26 11:12:55,Money Money Puggy 299.2m/s | s13,CustomItem,Items,1,Completed,,,20.00000,USD,Positive,Helpful and responsive,,,20.00000,USD
7469ca82-e10f-43fc-8e2f-604e0d200ab6,2025-12-26 11:08:44,"Rainbow
Los Combinasionas
150m/s - way",CustomItem,Items,1,Completed,,,8.00000,USD,Positive,"As soon as I paid, he gave it to me in under five seconds",,,8.00000,USD
651d0103-7cc8-4c09-b28d-b034996136ba,2025-12-26 10:43:13,"Diamond
Ketupat Kepat 122.5m/s - s7",CustomItem,Items,1,Completed,,,15.00000,USD,Positive,GOAT,,,15.00000,USD
14b4d49a-7f02-4e84-9f3a-77c8b08189af,2025-12-26 10:39:17,Spaghetti Tualetti 300m/s - s16,CustomItem,Items,1,Completed,,,20.00000,USD,Positive,GGWP,,,20.00000,USD
f31fceef-17e0-4ac5-a60f-b39e65947cb2,2025-12-26 10:23:05,"Swaggy Bros
240m/s - s10",CustomItem,Items,1,Completed,,,15.00000,USD,Positive,Good price,,,15.00000,USD
d18562ea-d9d7-4ad8-91d9-9a0f7b4df099,2025-12-26 10:18:19,Gold La Spooky Grande 226m/s - s16,CustomItem,Items,1,Completed,,,15.00000,USD,Positive,Extra mile,,,15.00000,USD
b83405f0-a369-4fdc-9410-97d802184a66,2025-12-26 10:06:48,La Ginger Sekolah 750m/s | y,CustomItem,Items,1,Completed,,,40.00000,USD,Positive,Good price,,,40.00000,USD
b434a730-3cc0-4874-806c-5815f95c59cb,2025-12-26 09:01:23,Esok Sekolah 150m/s - s8,CustomItem,Items,1,Completed,,,7.00000,USD,Positive,As described,,,7.00000,USD
0ff8e711-9da3-45a4-8cde-ae4c56a1c7da,2025-12-26 08:54:51,Los Mobilis 198m/s - s18,CustomItem,Items,1,Completed,Seller_Delivered_But_Order_Not_Received,,10.00000,USD,Positive,Helpful and responsive,,,10.00000,USD
e53f3fc8-988e-4649-99f6-294d0eb571f5,2025-12-26 08:52:08,Esok Sekolah 90m/s - s8,CustomItem,Items,1,Completed,,,4.00000,USD,Positive,Extra mile,,,4.00000,USD
5bb0dd60-d150-4a29-a406-4c69d8dcaf11,2025-12-26 08:44:11,Esok Sekolah 30m/s - s8,CustomItem,Items,1,Completed,,,3.50000,USD,Positive,Extra mile,,,3.50000,USD
628a44d1-cd34-4b17-afb4-380e7e6bef10,2025-12-26 08:39:00,Money Money Puggy 189m/s | y,CustomItem,Items,1,Completed,,,12.00000,USD,Positive,Helpful and responsive,,,12.00000,USD
5768bc8a-b7cc-4ec1-b1e9-1e5b503d4b81,2025-12-26 08:28:55,Rainbow Los 67 360m/s - s18,CustomItem,Items,1,Completed,,,18.00000,USD,Positive,GOAT,,,18.00000,USD
a8d4bdac-9560-45b8-b303-d0051ad6ce4c,2025-12-26 08:27:08,Lava Los Candies 207m/s - s22,CustomItem,Items,1,Completed,,,10.00000,USD,Positive,GGWP,,,10.00000,USD
e8bc0b10-2fc1-42b2-b7a4-fbeb82e59b78,2025-12-26 08:09:59,"Los Candies
230m/s - s10",CustomItem,Items,1,Completed,,,11.00000,USD,Positive,GOAT,,,11.00000,USD
9e39cc5a-8a80-4f53-8b15-bdb4412011ef,2025-12-26 07:59:11,Eviledon 315m/s - s18,CustomItem,Items,1,Completed,,,22.00000,USD,Positive,"Good but is a little pushy 
",,,22.00000,USD
05b5a901-534f-4890-959a-ddd8d1db0ecd,2025-12-26 07:46:15,Nuclearo Dinossauro 120m/s | y,CustomItem,Items,1,Completed,,,12.00000,USD,Positive,Good fast legit,,,12.00000,USD
a9655946-55a0-4139-9862-7489009890ac,2025-12-26 07:37:12,Chicleteira Noelteira 202.5m/s | snd,CustomItem,Items,1,Canceled,,,10.00000,USD,Unrated,,Cancelation_Of_Reserved_Order,,10.00000,USD
663d8fe9-ebdf-4c98-9844-64ac90aedeb1,2025-12-26 07:18:57,"Los 67
337.5m/s - way",CustomItem,Items,1,Completed,,,16.00000,USD,Positive,GOAT,,,16.00000,USD
10495743-2cf6-48b0-acc3-64150367145f,2025-12-26 07:18:03,Esok Sekolah 30m/s - s8,CustomItem,Items,1,Completed,,,3.50000,USD,Positive,"Fast, reliable, and a 10/10 would recommend",,,3.50000,USD
891f926f-2898-44d6-9f8a-5e6cad47bd05,2025-12-26 06:56:11,"Los Candies
138m/s - s7",CustomItem,Items,1,Completed,,,7.00000,USD,Positive,Literally 2 minutes 11/10 would recommend 💯,,,7.00000,USD
af47a5ee-1d92-4212-bca3-ec3e6cdb1bbb,2025-12-26 06:40:02,La Ginger Sekolah 450m/s | y,CustomItem,Items,1,Completed,,,25.00000,USD,Positive,As described,,,25.00000,USD
507a57e9-f51c-492d-9d1d-940665646c76,2025-12-26 06:11:19,"Galaxy
Los 67
157.5m/s - s12",CustomItem,Items,1,Completed,,,8.00000,USD,Positive,GGWP,,,8.00000,USD
fcc9af48-6587-4bb2-80d2-59b82c37168b,2025-12-26 03:58:07,Spaghetti Tualetti 180m/s - s7,CustomItem,Items,1,Completed,,,10.00000,USD,Positive,Fast delivery,,,10.00000,USD
07e13ee6-ff09-449e-9859-f6de787be13b,2025-12-26 03:48:50,Galaxy Mieteteira Bicicleteira 182m/s - s10,CustomItem,Items,1,Completed,,,7.50000,USD,Positive,Helpful and responsive,,,7.50000,USD
f588cace-8ba6-4793-b88a-21931bb5e87c,2025-12-26 03:40:26,"Radioactive
Los Candies
195.5m/s - s10",CustomItem,Items,1,Completed,,,10.00000,USD,Positive,Good communication,,,10.00000,USD
a17abd65-1d88-4283-8cd2-62593d5d6aac,2025-12-26 03:36:26,"Diamond
Los Combinasionas
112.5/s - s12",CustomItem,Items,1,Completed,,,6.00000,USD,Positive,Helpful and responsive,,,6.00000,USD
52156c92-f998-410a-8a34-cd0620b38ba1,2025-12-26 03:35:26,Mieteteira Bicicleteira 338m/s - s10,CustomItem,Items,1,Completed,,,15.00000,USD,Positive,GGWP,,,15.00000,USD
6842fd7d-6e08-40b5-ab3c-be755df77d0a,2025-12-26 03:22:28,Diamond Esok Sekolah 45m/s - s8,CustomItem,Items,1,Completed,,,4.50000,USD,Positive,"trusted

",,,4.50000,USD
7384fcd0-24b7-4188-8174-a2d6812b06e6,2025-12-26 03:19:14,La Ginger Sekolah 300m/s | y,CustomItem,Items,1,Completed,,,18.00000,USD,Positive,helped customers before me and very nice and cool guy,,,18.00000,USD
b2c1659b-096c-463b-9fff-0aa521e08283,2025-12-26 03:17:51,Los Candies 299m/s | s11,CustomItem,Items,1,Completed,,,14.00000,USD,Positive,GOAT,,,14.00000,USD
41f8f584-078c-4109-9dfb-8232ef3c3125,2025-12-26 03:15:51,"Diamond
Los 67
168.7m/s - way",CustomItem,Items,1,Completed,,,8.00000,USD,Positive,GOAT,,,8.00000,USD
de3f11de-6388-4965-a5ad-580c7b8736fc,2025-12-26 03:15:41,Swaggy Bros 180m/s - s22,CustomItem,Items,1,Completed,,,10.00000,USD,Positive,Good communication,,,10.00000,USD
d1fdbe37-31a3-449b-9024-973365d92caa,2025-12-26 03:15:17,Gold Swaggy Bros 210m/s - s22,CustomItem,Items,1,Completed,,,15.00000,USD,Positive,Good communication,,,15.00000,USD
0f0a678a-d982-4b8f-a860-2b8cefd0947c,2025-12-26 03:11:42,Money Money Puggy 231m/s - s22,CustomItem,Items,1,Completed,Seller_Delivered_But_Order_Not_Received,he blocked me mid way stealing it and said get scammed loser,17.00000,USD,Positive,Helpful and responsive,,,17.00000,USD
39f3abf9-d0e6-4ca8-b8b6-503cd659d59c,2025-12-26 03:09:14,Swaggy Bros 500m/s | s11,CustomItem,Items,1,Completed,,,27.00000,USD,Positive,As described,,,27.00000,USD
e02c7c88-6a0f-40d9-9906-284f8b38917e,2025-12-26 03:08:16,"Chicleteira Noelteira
270m/s - s12",CustomItem,Items,1,Completed,,,13.00000,USD,Positive,GGWP,,,13.00000,USD
311690aa-880a-49e0-8aea-7d1d62f1abd3,2025-12-26 02:55:58,Galaxy Los 67 247.5m/s- s22,CustomItem,Items,1,Completed,,,12.00000,USD,Positive,Helpful and responsive,,,12.00000,USD
c143afa0-d2eb-4ecd-8356-446b39b9bd22,2025-12-26 02:50:59,Gold Swaggy Bros 130m/s - s18,CustomItem,Items,1,Completed,,,13.00000,USD,Positive,GGWP!,,,13.00000,USD
e641b0aa-5c24-4006-826e-e878996e2e5f,2025-12-26 02:50:10,"Yin-Yang
Los Mobilis
275m/s - s7",CustomItem,Items,1,Completed,,,12.00000,USD,Positive,Extra mile,,,12.00000,USD
72f4e112-c51c-4865-b569-ca4fdcac3a05,2025-12-26 02:49:30,La Taco Combinasion 498.7m/s | s11,CustomItem,Items,1,Completed,,,27.00000,USD,Positive,Helpful and responsive,,,27.00000,USD
6393975e-af90-4c15-bdf8-20623feb575c,2025-12-26 02:37:13,Los Mobilis 132m/s - s10,CustomItem,Items,1,Completed,,,6.00000,USD,Positive,Good price,,,6.00000,USD
d538d792-7109-44f4-81d4-19376cf22888,2025-12-26 02:34:50,Chicleteira Noelteira 127.5m/s | snd,CustomItem,Items,1,Completed,,,6.00000,USD,Positive,W bro,,,6.00000,USD
d9621629-8f31-4d2a-b3a8-55eede57fd16,2025-12-26 02:24:07,"Yin-Yang
Los Mobilis
165m/s - way",CustomItem,Items,1,Completed,,,8.00000,USD,Positive,GGWP!,,,8.00000,USD
634f27e0-67a7-471a-be52-c3fd965526c7,2025-12-26 02:18:50,La Taco Combinasion 560m/s - s16,CustomItem,Items,1,Completed,,,35.00000,USD,Positive,Good communication,,,35.00000,USD
92063b52-bcae-495d-a29e-800710459957,2025-12-26 02:11:32,"Gold
Esok Sekolah
37.5m/s - s8",CustomItem,Items,1,Completed,,,3.50000,USD,Positive,Good price,,,3.50000,USD
609a7aff-bf0f-4921-a3f1-7f4882c14db6,2025-12-26 02:09:14,Los 67 146.2m/s | s13,CustomItem,Items,1,Completed,,,7.00000,USD,Positive,Fast delivery,,,7.00000,USD
6e6659a7-da65-4fd3-8018-80540bf241e0,2025-12-26 02:02:52,"Esok Sekolah
120m/s - s8",CustomItem,Items,1,Completed,,,6.00000,USD,Positive,Helpful and responsive,,,6.00000,USD
a7396d58-69c5-4cbf-99da-b71ecc19be49,2025-12-26 01:54:04,Esok Sekolah 390m/s | s13,CustomItem,Items,1,Completed,,,16.00000,USD,Positive,Good communication,,,16.00000,USD
c96566b5-81c1-4f68-97b6-4ce53b35482c,2025-12-26 01:53:49,Esok Sekolah 30m/s - s8,CustomItem,Items,1,Completed,,,3.50000,USD,Positive,"Nice and trusted and he’s kind thanks ",,,3.50000,USD
17a85bcc-121b-4158-95ef-916a2ee6742c,2025-12-26 01:53:24,"Esok Sekolah
120m/s - s8",CustomItem,Items,1,Completed,,,6.00000,USD,Positive,GGWP!,,,6.00000,USD
e8e45a3e-d4ea-4606-8a55-e9d97398978a,2025-12-26 01:45:32,Diamond Los 67 180m/s - s3,CustomItem,Items,1,Completed,,,9.00000,USD,Positive,As described,,,9.00000,USD
2871d006-463a-4a55-b332-b522aaa61afe,2025-12-26 01:43:06,Money Money Puggy 168m/s | s11,CustomItem,Items,1,Completed,,,11.00000,USD,Positive,GOAT,,,11.00000,USD
7536bfe8-d3a7-4c4c-9ccb-b3706bdcbf3b,2025-12-26 01:39:54,Esok Sekolah 30m/s - s8,CustomItem,Items,1,Completed,,,3.50000,USD,Positive,"Hes trusted ",,,3.50000,USD
374cddad-f915-41ba-b56f-2f15a8f1425d,2025-12-26 01:33:36,"Radioactive
Los Candies
195.5m/s - s12",CustomItem,Items,1,Completed,,,10.00000,USD,Positive,Good communication,,,10.00000,USD
cc4b8fac-488d-4975-9ab5-ef28822eb355,2025-12-26 01:29:40,Money Money Puggy 105m/s | s11,CustomItem,Items,1,Completed,,,8.00000,USD,Positive,GGWP!,,,8.00000,USD
6da84c42-e4f4-4f0a-8f00-85a670be350a,2025-12-26 01:17:52,Chimino 126m/s - s7,CustomItem,Items,1,Completed,,,6.00000,USD,Positive,Fast delivery,,,6.00000,USD
d2b246b1-c10b-41fb-bc34-a99fda0b7abd,2025-12-26 01:14:13,Swaggy Bros 160m/s - s22,CustomItem,Items,1,Completed,,,10.00000,USD,Positive,"good and fast
",,,10.00000,USD
7932fcad-e479-4d51-8f45-e19d49683ef9,2025-12-26 01:02:40,"Gold
Esok Sekolah
37.5m/s - s8",CustomItem,Items,1,Completed,,,3.50000,USD,Positive,As described,,,3.50000,USD
5097dd4a-07ea-4aa2-91fc-55b3949722ce,2025-12-26 01:00:35,"Los 67
168.7m/s - way",CustomItem,Items,1,Completed,,,8.00000,USD,Positive,Quick response chill guy W,,,8.00000,USD
98f30f33-bbae-4ae8-a108-3477a393933a,2025-12-26 00:54:56,"Gold
Mieteteira Bicicleteira 162.5m/s - way",CustomItem,Items,1,Completed,Seller_Delivered_But_Order_Not_Received,He never gave me what I ordered I really needed it and these where the last few dollars i had,8.00000,USD,Positive,Fast delivery,,,8.00000,USD
c30a20fd-c818-4ad8-b6a5-607c08aa4ee6,2025-12-26 00:47:11,Mieteteira Bicicleteira 156m/s | y -snd,CustomItem,Items,1,Completed,,,7.00000,USD,Positive,"Fast response time and quick delivery ",,,7.00000,USD
414cb8d9-c5ed-4f80-84d8-311bc8e9aa7e,2025-12-26 00:46:14,Bloodrot Los 67 303.7m/s - s17,CustomItem,Items,1,Completed,,,15.00000,USD,Positive,Good communication,,,15.00000,USD
23f881e9-e5a9-4afd-8dee-182a4759f8a4,2025-12-26 00:40:01,Gold Los 67 298.1m/s - e,CustomItem,Items,1,Completed,,,15.00000,USD,Positive,GGWP,,,15.00000,USD
b7a4aef7-e566-4edb-b24c-273d5e6c473a,2025-12-26 00:36:18,Yin Yang La Taco Combinasion 472.5m/s - s22,CustomItem,Items,1,Completed,,,25.00000,USD,Positive,Good communication,,,25.00000,USD
dbe1f201-c0ed-4205-aac4-00730246d471,2025-12-26 00:33:34,"Gold
W or L
397.5m/s - s7",CustomItem,Items,1,Completed,,,22.00000,USD,Positive,Extra mile,,,22.00000,USD
0387547d-4867-4016-b25e-c2fab0dc9ea4,2025-12-26 00:31:06,Esok Sekolah 30m/s - s8,CustomItem,Items,1,Completed,,,3.50000,USD,Positive,Extra mile,,,3.50000,USD
41f8ab53-e543-485b-8279-f5e053df6afe,2025-12-26 00:27:53,La Taco Combinasion 175m/s  - s18,CustomItem,Items,1,Completed,,,15.00000,USD,Positive,Really fast not scam!,,,15.00000,USD
7f63e696-d110-4394-8942-ebb7759753e2,2025-12-26 00:26:02,Chicleteira Noelteira 127.5m/s | snd,CustomItem,Items,1,Completed,,,6.00000,USD,Positive,GOAT,,,6.00000,USD
db1de1f3-4b8a-4e8d-b44e-492e25cf981e,2025-12-26 00:25:36,"Swaggy Bros
160m/s - way",CustomItem,Items,1,Completed,,,12.00000,USD,Positive,Good price,,,12.00000,USD
d525d77f-dff1-4004-bed0-0e8e92a14d1a,2025-12-25 23:53:59,"Gold Esok Sekolah
127.5m/s - s8",CustomItem,Items,1,Completed,,,6.00000,USD,Positive,Good communication,,,6.00000,USD
515516d4-321a-4b37-8ff0-f3bc04201723,2025-12-25 23:48:47,"Gold
Swaggy Bros 210m/s - s7",CustomItem,Items,1,Completed,,,15.00000,USD,Positive,Fast delivery,,,15.00000,USD
996bb3b9-80bb-4e78-bb85-84a36d369a0b,2025-12-25 23:43:51,Money Money Puggy 183.7m/s | y,CustomItem,Items,1,Completed,,,13.00000,USD,Positive,As described,,,13.00000,USD
f8f72acf-858b-40cf-bc38-b2aa53bf5d3b,2025-12-25 18:03:32,Los 67 Galaxy 157.5m/s | y,CustomItem,Items,1,Canceled,Seller_Not_Responding,,8.00000,USD,Unrated,,Not_Delivered_Within_Guaranteed_Delivery_Time,,8.00000,USD
5ce4ae38-5d4c-43ec-85b5-55e73a782b5f,2025-12-25 16:53:17,Eviledon 189m/s - s22,CustomItem,Items,1,Completed,,,15.00000,USD,Positive,Great service,,,15.00000,USD
f5577566-0479-40e0-adc2-e9a4be997dd2,2025-12-25 16:51:28,"Yin-Yang Mieteteira Bicicleteira
325m/s - s7",CustomItem,Items,1,Completed,,,15.00000,USD,Positive,GGWP,,,15.00000,USD
5438318c-fa17-4968-8318-d49632c46870,2025-12-25 16:45:52,"Radioactive Los Candies
195.5m/s - s7",CustomItem,Items,1,Completed,,,10.00000,USD,Positive,Quick,,,10.00000,USD
0bbc6e1a-3e89-4c15-96af-7e6047952ecd,2025-12-25 16:44:29,Esok Sekolah 90m/s - s8,CustomItem,Items,1,Completed,,,4.00000,USD,Positive,Good communication,,,4.00000,USD
40d2af42-8f6f-4f61-aaff-118b5fca54a5,2025-12-25 16:39:24,La Taco Combinasion 455m/s | s11,CustomItem,Items,1,Completed,,,25.00000,USD,Positive,Good,,,25.00000,USD
65d83b0c-c622-4177-b721-58f9f14b7317,2025-12-25 16:31:51,Esok Sekolah 150m/s - s8,CustomItem,Items,1,Completed,,,7.00000,USD,Positive,Fast delivery,,,7.00000,USD
fd032a62-4923-4776-95f3-95033abb4468,2025-12-25 16:31:35,Rainbow La Grande Combinasion 100m/s - s22,CustomItem,Items,1,Completed,,,8.00000,USD,Positive,GGWP!,,,8.00000,USD
dbe3df73-6a8d-408c-968e-e283097007de,2025-12-25 16:21:54,"Gold
La Ginger Sekolah
243.7m/s - s12",CustomItem,Items,1,Completed,,,15.00000,USD,Positive,Helpful and responsive,,,15.00000,USD
566cb91f-2dfd-4ac7-9781-a5f588884152,2025-12-25 16:20:25,Spaghetti Tualetti 240m/s - s12,CustomItem,Items,1,Completed,,,15.00000,USD,Positive,Fast delivery,,,15.00000,USD
63023975-5dc3-44d3-a670-1d7a5025327c,2025-12-25 16:19:11,Mieteteira Bicicleteira 156m/s - s7,CustomItem,Items,1,Completed,,,7.00000,USD,Positive,Fast delivery,,,7.00000,USD
02405334-9fba-42d1-97e5-5576088c85f3,2025-12-25 16:17:02,"Gold
Esok Sekolah 217.5m/s - s8",CustomItem,Items,1,Completed,,,10.00000,USD,Positive,As described,,,10.00000,USD
b16330f1-2aa8-40b4-adb4-4fef0ad2df5a,2025-12-25 16:12:50,Los 67 90m/s | s13,CustomItem,Items,1,Completed,,,5.00000,USD,Positive,GGWP,,,5.00000,USD
d56fbde0-d86c-4fd7-b277-4eef1478fb42,2025-12-25 16:11:35,"Gold
La Ginger Sekolah
468.7m/s - s7",CustomItem,Items,1,Completed,,,25.00000,USD,Positive,As described,,,25.00000,USD
be38cdcc-b76e-48d2-91af-98b8558d12a8,2025-12-25 15:56:43,La Ginger Sekolah 825m/s - way,CustomItem,Items,1,Completed,,,45.00000,USD,Positive,GOAT,,,45.00000,USD
c365034f-0383-41b4-b708-2aa3416aa593,2025-12-25 15:49:52,Los Candies 138m/s | s11,CustomItem,Items,1,Completed,,,6.50000,USD,Positive,Helpful and responsive,,,6.50000,USD
3232e126-f7b6-4f3b-a3a8-ec2232fe602f,2025-12-25 15:38:23,W or L 300m/s - s22,CustomItem,Items,1,Completed,,,20.00000,USD,Positive,GGWP,,,20.00000,USD
874c6040-c98f-4276-a90a-0b604d752d3b,2025-12-25 15:36:13,Los 67 202.5m/s - s16,CustomItem,Items,1,Completed,,,10.00000,USD,Positive,Good communication,,,10.00000,USD
a14d5800-ad98-4974-aac0-61a14022fa8a,2025-12-25 15:35:19,Los Mobilis 220m/s | s11,CustomItem,Items,1,Completed,,,10.00000,USD,Positive,GGWP,,,10.00000,USD
fac8d023-105f-4225-9d86-c95a8d1e0058,2025-12-25 15:34:44,"W or L
210m/s - way",CustomItem,Items,1,Completed,,,15.00000,USD,Positive,Tusted,,,15.00000,USD
4d2a8146-110b-4572-a9d0-5508d598b355,2025-12-25 15:25:01,Money Money Puggy 26.2m/s | s11,CustomItem,Items,1,Completed,,,5.00000,USD,Positive,GGWP!,,,5.00000,USD
bd42a1e5-20e1-4a87-a2b0-079c79ccf511,2025-12-25 15:24:20,Rainbow Los Candies 230m/s - s22,CustomItem,Items,1,Completed,,,13.00000,USD,Positive,Fast delivery,,,13.00000,USD
182eb1dd-68c9-4536-928c-930087bb7271,2025-12-25 15:22:48,"Yin-Yang
Eviledon 362.2m/s - way",CustomItem,Items,1,Completed,,,20.00000,USD,Positive,As described,,,20.00000,USD
15a7a381-77d1-49f4-83be-6266003e0632,2025-12-25 15:21:30,Money Money Puggy 294m/s | y,CustomItem,Items,1,Completed,,,20.00000,USD,Positive,Fast delivery,,,20.00000,USD
e832e802-f85e-4b03-9043-49acd0c43db4,2025-12-25 15:11:48,Money Money Puggy 147m/s | s13,CustomItem,Items,1,Completed,,,10.00000,USD,Positive,As described,,,10.00000,USD
9b4b4c60-9439-431c-8b7c-4fbba099a665,2025-12-25 15:07:49,La Ginger Sekolah 225m/s | s13,CustomItem,Items,1,Completed,,,15.00000,USD,Positive,"Hi very kind and lovely ",,,15.00000,USD
e42f3e2c-ae01-40ea-8206-ecc4df0e131a,2025-12-25 15:04:19,Esok Sekolah 30m/s - s8,CustomItem,Items,2,Completed,,,3.50000,USD,Positive,GOAT,,,7.00000,USD
087f7bb0-d4a3-4491-a92e-a4b6d250d0d5,2025-12-25 15:00:55,"Gold
Los Combinasionas 168.7m/s - s10",CustomItem,Items,1,Completed,,,8.00000,USD,Positive,Good communication,,,8.00000,USD
1fe748d0-84ce-49d7-b697-fdf80e148932,2025-12-25 14:55:05,Esok Sekolah 30m/s - s8,CustomItem,Items,2,Completed,,,3.50000,USD,Positive,GOAT,,,7.00000,USD
2801a0d3-52cb-4c7f-bedc-7a48a1f50782,2025-12-25 14:48:43,Los 67 Galaxy 157.5m/s | y,CustomItem,Items,1,Canceled,,,8.00000,USD,Unrated,,Seller_Going_Offline,,8.00000,USD
f69c6b40-6d1b-4c39-b291-c3a8bd778d26,2025-12-25 14:45:13,Spaghetti Tualetti 240m/s | s11,CustomItem,Items,1,Completed,,,15.00000,USD,Positive,GOAT,,,15.00000,USD
1c33e081-72bc-415c-9449-2a77942739e6,2025-12-25 14:26:56,Radioactive Los Combinasionas 127.5m/s - s10,CustomItem,Items,1,Completed,,,6.00000,USD,Positive,Good price,,,6.00000,USD
3fac1987-70d8-4c3b-917a-8279ff1e222b,2025-12-25 14:24:53,Swaggy Bros 160m/s - way,CustomItem,Items,1,Completed,,,10.00000,USD,Positive,Very nice,,,10.00000,USD
a1444b44-ecb0-4d8e-89f5-bf525c7213b6,2025-12-25 14:24:40,Los Mobilis 192.5m/s | y,CustomItem,Items,1,Completed,,,9.00000,USD,Positive,GOAT,,,9.00000,USD
17a191bb-55f4-4102-b05d-854789dfb480,2025-12-25 14:22:42,Esok Sekolah 30m/s - s8,CustomItem,Items,3,Completed,,,3.50000,USD,Positive,Extra mile,,,10.50000,USD
02d70c0f-eac9-48b3-a714-552fa7103e97,2025-12-25 14:13:29,"Radioactive Los Candies
195.5m/s - s7",CustomItem,Items,1,Completed,,,10.00000,USD,Positive,GOAT,,,10.00000,USD
73e6cf99-6607-437f-aa89-25115f3c4a2a,2025-12-25 14:01:33,La Ginger Sekolah 450m/s - s7,CustomItem,Items,1,Completed,,,25.00000,USD,Positive,GGWP,,,25.00000,USD
cf000507-c75b-4a96-a9f7-b544406fd169,2025-12-25 13:57:34,Eviledon 189m/s | y,CustomItem,Items,1,Completed,,,15.00000,USD,Positive,Extra mile,,,15.00000,USD
5a08d9d2-d66a-42f4-beee-62e84f54451b,2025-12-25 13:46:54,Chimino 252m/s | s13,CustomItem,Items,1,Completed,,,13.00000,USD,Positive,Very god service and fast,,,13.00000,USD
c9cb1ca1-813a-43ea-b610-4924a09d6e4c,2025-12-25 13:44:13,"Gold
Los Combinasionas 228.7m/s - s10",CustomItem,Items,1,Completed,,,10.00000,USD,Positive,GOAT,,,10.00000,USD
1ea996dc-b026-4fd7-910a-41c28b449222,2025-12-25 13:43:14,Nuclearo Dinossauro 228.7m/s | s13,CustomItem,Items,1,Completed,,,18.00000,USD,Positive,GGWP,,,18.00000,USD
140c75fa-9a6f-4ebd-9ad7-3aad88a39e09,2025-12-25 13:25:28,Diamond Spaghetti Tualetti 330m/s - n,CustomItem,Items,1,Completed,,,17.00000,USD,Positive,Good price,,,17.00000,USD
91aef5b6-af95-45e7-80ec-26be3f99cf8f,2025-12-25 13:20:40,La Taco Combinasion 280m/s - s22,CustomItem,Items,1,Completed,,,17.00000,USD,Positive,Good,,,17.00000,USD
2552e2e1-79a0-487e-82f2-4d92ea2be94e,2025-12-25 13:19:49,Los Candies 195.5m/s | s13,CustomItem,Items,1,Completed,,,10.00000,USD,Positive,Good communication,,,10.00000,USD
e313a5de-49aa-429a-9e85-dc5750ada69c,2025-12-25 13:18:08,Candy Los Candies 207m/s - s22,CustomItem,Items,1,Completed,,,10.00000,USD,Positive,Good price,,,10.00000,USD
04fc5411-5bc0-4c01-868e-6fd82875a55b,2025-12-25 13:14:35,Lava Los 67 225m/s - s3,CustomItem,Items,1,Completed,,,11.00000,USD,Positive,GGWP!,,,11.00000,USD
95e6c914-4c6a-4a5b-aa69-9f6e3f367119,2025-12-25 13:11:03,Radioactive Los Puggies 255m/s - s16,CustomItem,Items,1,Completed,,,18.00000,USD,Positive,As described,,,18.00000,USD
d6d457dc-4c9b-4f41-a5af-40163906826c,2025-12-25 13:09:57,"Spaghetti Tualetti
420m/s - way",CustomItem,Items,1,Completed,,,20.00000,USD,Positive,Good communication,,,20.00000,USD
2efce556-9ebe-41b4-9749-e95b2cf03936,2025-12-25 13:07:48,Los 67 292.5m/s - s22,CustomItem,Items,1,Completed,,,14.00000,USD,Positive,Good communication,,,14.00000,USD
bcee4078-553b-4a4a-8a26-74b81742eaad,2025-12-25 12:54:59,"Galaxy
Los Spooky Combinasionas
240m/s - s7",CustomItem,Items,1,Completed,,,12.00000,USD,Positive,fast,,,12.00000,USD
d0f429a1-2c70-4fb1-bf71-daab42703888,2025-12-25 12:48:13,"Gold La Grande Combinasion
122.5m/s - s7",CustomItem,Items,1,Completed,,,8.00000,USD,Positive,Fast delivery,,,8.00000,USD
897451c6-7eea-49cc-a4a5-2639e78a4ead,2025-12-25 12:47:06,La Ginger Sekolah 600m/s | y,CustomItem,Items,1,Completed,,,30.00000,USD,Positive,"Very fast 
",,,30.00000,USD
32595701-d6c8-422d-992e-e0eb2ac8b243,2025-12-25 12:38:17,W or L 330m/s - s22,CustomItem,Items,1,Completed,,,20.00000,USD,Positive,Good price,,,20.00000,USD
12b4835d-5306-46cf-8699-2775e821f495,2025-12-25 12:25:10,"Gold La Grande Combinasion
122.5m/s - s7",CustomItem,Items,1,Canceled,,,12.00000,USD,Unrated,,Buyer_Does_Not_Need_It_Anymore,,12.00000,USD
6921c84a-b8f6-4ca6-808d-c640c297ccca,2025-12-25 12:23:23,Radioactive Los Combinasionas 172.5m/s - n,CustomItem,Items,1,Completed,,,7.00000,USD,Positive,GOAT,,,7.00000,USD
aa72d974-0905-456c-833d-9def39c26862,2025-12-25 12:21:52,Esok Sekolah 90m/s - s8,CustomItem,Items,1,Completed,,,4.00000,USD,Positive,Extra mile,,,4.00000,USD
2b839ca1-eda7-4e4c-8e2d-a1ec017be6a3,2025-12-25 12:01:04,Eviledon 189m/s - s18,CustomItem,Items,1,Completed,,,15.00000,USD,Positive,Extra mile,,,15.00000,USD
4572bf80-91a6-41a3-ad00-9684c262d73a,2025-12-25 11:55:19,"Mieteteira Bicicleteira
286m/s - way",CustomItem,Items,1,Completed,,,14.00000,USD,Positive,he is a trust,,,14.00000,USD
9ffb9bef-ed9e-4d03-a4c1-07c8c848adb9,2025-12-25 11:54:11,La Ginger Sekolah 300m/s - s22,CustomItem,Items,1,Completed,,,18.00000,USD,Positive,Very fast delivery! Thank you very much!!!!,,,18.00000,USD
350acd4b-5003-4766-b3fe-2109635730fc,2025-12-25 11:46:05,Galaxy Los 67 247.5m/s - s3,CustomItem,Items,1,Completed,,,12.00000,USD,Positive,As described,,,12.00000,USD
48e46fe8-ada1-4ac6-8587-29bc51529a72,2025-12-25 11:45:51,La Taco Combinasion 560m/s | s13,CustomItem,Items,1,Completed,,,30.00000,USD,Positive,Extra mile,,,30.00000,USD
7f4c3086-8b07-4dd8-bee9-29daa0644ed4,2025-12-25 11:28:28,La Ginger Sekolah 225m/s - s22,CustomItem,Items,1,Completed,,,15.00000,USD,Positive,Helpful and responsive,,,15.00000,USD
047317da-7bc6-46e2-81e0-69aa1031dedb,2025-12-25 11:19:32,Los 67 202.5m/s - s16,CustomItem,Items,1,Completed,,,10.00000,USD,Positive,Extra mile,,,10.00000,USD
fe7bd189-de4b-4e70-86a3-e8b2715f46c0,2025-12-25 11:11:05,"Los 67
225m/s - s12",CustomItem,Items,1,Completed,,,11.00000,USD,Positive,Good price,,,11.00000,USD
87886a8b-7031-4dd8-83cb-46cd12c10005,2025-12-25 10:58:45,"Rainbow
Chimino 140m/s - s7",CustomItem,Items,1,Completed,,,7.00000,USD,Positive,GOAT,,,7.00000,USD
bcc2d385-f7cf-45b6-a5dc-304f89bbdf7d,2025-12-25 10:38:17,La Taco Combinasion 463.7m/s | s13,CustomItem,Items,1,Canceled,,,25.00000,USD,Unrated,,Out_Of_Stock,,25.00000,USD
f186ac6a-8b5a-47e3-9085-34ca7bccb9bd,2025-12-25 10:37:17,Gold La Ginger Sekolah 543.7m/s - s22,CustomItem,Items,1,Completed,,,25.00000,USD,Positive,Extra mile,,,25.00000,USD
ad116fdf-1391-47be-8d9a-7c3b457e67ba,2025-12-25 10:20:23,Los 67 247.5m/s - s18,CustomItem,Items,1,Completed,,,12.00000,USD,Positive,"Very very fast 
",,,12.00000,USD
00f39268-d2ef-4dfa-89e4-61e1c4879f9e,2025-12-25 10:08:37,La taco Combinasion 210m/s - way,CustomItem,Items,1,Completed,,,15.00000,USD,Positive,As described,,,15.00000,USD
049a5dea-3efd-4132-aab5-c87bd6691b8a,2025-12-25 10:02:06,Money Money Puggy 126m/s | y,CustomItem,Items,1,Completed,,,10.00000,USD,Positive,Good communication,,,10.00000,USD
e91a79fd-77b2-4b57-8639-6faa609df9fb,2025-12-25 09:50:02,Los Candies 230m/s - s22,CustomItem,Items,1,Completed,,,12.00000,USD,Positive,GGWP!,,,12.00000,USD
b1efa940-f575-4039-9090-67738f2b828d,2025-12-25 09:45:29,Eviledon 504m/s | s11,CustomItem,Items,1,Completed,,,25.00000,USD,Positive,GOAT,,,25.00000,USD
d388da51-fc66-4904-92b9-ec16ebbe9ec2,2025-12-25 09:20:09,"Gold
La Spooky Grande
226.6m/s - s12",CustomItem,Items,1,Completed,,,15.00000,USD,Positive,Helpful and responsive,,,15.00000,USD
9c910b17-9bf9-4784-97f9-ae5b600d768d,2025-12-25 09:16:58,Eviledon 315m/s | s13,CustomItem,Items,1,Completed,,,20.00000,USD,Positive,GGWP!,,,20.00000,USD
7351f31c-e4f7-48a1-b404-644e4e192f83,2025-12-25 09:10:54,Los Mobilis 253m/s | s13,CustomItem,Items,1,Completed,,,12.00000,USD,Positive,Good communication,,,12.00000,USD
9eba06ff-96d6-4c60-be92-5b5097a98928,2025-12-25 08:35:50,Los Candies 195.5m/s | s13,CustomItem,Items,1,Completed,,,10.00000,USD,Positive,GOAT,,,10.00000,USD
0e00cbcc-260c-427c-95a1-42ee14956451,2025-12-25 08:27:09,Esok Sekolah 30m/s - s8,CustomItem,Items,1,Completed,,,3.50000,USD,Positive,As described,,,3.50000,USD
844db5c2-dee1-4871-a296-b99e827f1256,2025-12-25 08:24:51,"Gold
Swaggy Bros
210m/s - way",CustomItem,Items,1,Completed,,,15.00000,USD,Positive,Fast delivery,,,15.00000,USD
4e65a89d-c540-4a3e-808e-ef030fc9a60a,2025-12-25 08:21:15,Esok Sekolah 30m/s - s8,CustomItem,Items,1,Completed,,,3.50000,USD,Positive,very fast,,,3.50000,USD
1a007990-2f5d-4b12-ad5c-0a381a4ad0bb,2025-12-25 08:09:52,Lava La Grande Combinasion 120m/s - s16,CustomItem,Items,1,Completed,,,11.00000,USD,Positive,Very Cristal baught la grande 110 million per second lava trusted didn’t get blocked or nothing I’m very excited to put this I’m my base,,,11.00000,USD
ee8b9b22-0d7b-4133-b5ae-f4d2c26dc485,2025-12-25 07:47:32,Spaghetti Tualetti 360m/s - s22,CustomItem,Items,1,Completed,,,20.00000,USD,Positive,GOAT,,,20.00000,USD
a1bc713b-6466-4652-b3c9-52886d6095b9,2025-12-25 07:39:37,Money Money Puggy 357m/s | y,CustomItem,Items,1,Completed,,,22.00000,USD,Positive,Amazing service fast and got my item,,,22.00000,USD
ac7c2895-aed1-42d6-aeb6-42e151ea1a55,2025-12-25 07:39:34,Los 67 180m/s - s22,CustomItem,Items,1,Completed,,,9.00000,USD,Positive,"He was very fast
",,,9.00000,USD
894bac22-aea5-4793-bb45-7ee5de5ea505,2025-12-25 07:38:49,La Ginger Sekolah 225m/s - s22,CustomItem,Items,1,Completed,,,15.00000,USD,Positive,"Nice and Fast!
",,,15.00000,USD
dcb0a5ff-6ea1-4dea-bb79-b40756a6375a,2025-12-25 07:31:19,Rainbow Los 67 270m/s - s22,CustomItem,Items,1,Completed,,,14.00000,USD,Positive,Extra mile,,,14.00000,USD
cee6e858-9ae1-438b-ac52-438221855d1f,2025-12-25 07:28:57,La Ginger Sekolah 225m/s - s12,CustomItem,Items,1,Completed,,,15.00000,USD,Positive,Good communication,,,15.00000,USD
5e56d45b-97e0-4f20-ae72-b608e23c3866,2025-12-25 07:18:15,Gold La taco Combinasion 288.7m/s - s7,CustomItem,Items,1,Completed,,,17.00000,USD,Positive,Extra mile,,,17.00000,USD
35c31fbd-d0dc-4f48-9709-569e90ea91e4,2025-12-25 07:08:24,"Gold
Chimino 311.5m/s - s7",CustomItem,Items,1,Completed,,,15.00000,USD,Positive,Good price,,,15.00000,USD
e2815ef8-ceff-42c6-bfed-46b1feaab90a,2025-12-25 07:04:28,Esok Sekolah 30m/s - s8,CustomItem,Items,4,Completed,,,3.50000,USD,Positive,GOAT,,,14.00000,USD
1db05b6e-0141-4c3f-bd08-e49060a5b4aa,2025-12-25 06:58:33,Los Mobilis 132m/s | y,CustomItem,Items,1,Completed,,,6.00000,USD,Positive,GGWP,,,6.00000,USD
185aba57-1fe6-4015-b328-75f499db0467,2025-12-25 06:54:38,Los 67 YY 168.7m/s | s11,CustomItem,Items,1,Completed,,,8.00000,USD,Positive,GGWP!,,,8.00000,USD
37faa940-16d5-48c7-9f1d-9af1fd10aa24,2025-12-25 06:52:32,Lavadorito Spinito 607.5m/s | s13,CustomItem,Items,1,Completed,,,35.00000,USD,Positive,GGWP!,,,35.00000,USD
fd914047-c9d9-44a3-9614-13239d6496c9,2025-12-25 06:47:59,Gold Los Puggies 187.5 - s3,CustomItem,Items,1,Completed,,,13.00000,USD,Positive,Fast delivery,,,13.00000,USD
91aceae6-a4cc-4fc9-b825-5119df36cf2a,2025-12-25 06:36:41,Esok Sekolah 30m/s - s8,CustomItem,Items,1,Completed,,,3.50000,USD,Positive,GGWP,,,3.50000,USD
68c22956-a8aa-490b-bc05-03a5bed4e203,2025-12-25 06:27:41,Los Spooky Combinasionas 240m/s - s10,CustomItem,Items,1,Completed,,,12.00000,USD,Positive,Helpful and responsive,,,12.00000,USD
ecbe1ad6-ddf8-46f2-9d6d-3eeabe58acf5,2025-12-25 06:16:19,Los Mobilis 132m/s | y,CustomItem,Items,1,Completed,,,6.00000,USD,Positive,Helpful and responsive,,,6.00000,USD
e00f43c8-7ecc-46ce-9884-8cacee47e3af,2025-12-25 06:11:19,Chimino 224m/s | s11,CustomItem,Items,1,Completed,,,10.00000,USD,Positive,Got what i paid for very nice and fast!,,,10.00000,USD
61751e48-b550-481d-8f75-c7d86accc6b2,2025-12-25 06:09:09,Los Candies 207m/s - s10,CustomItem,Items,1,Completed,,,10.00000,USD,Positive,As described,,,10.00000,USD
73c14f3a-27d3-462c-b636-822d90c17f90,2025-12-25 06:09:06,Los Mobilis 132m/s | y,CustomItem,Items,1,Completed,,,6.00000,USD,Positive,GGWP!,,,6.00000,USD
c892ecd8-ba75-4399-a53b-52984df4c24e,2025-12-25 05:44:14,Money Money Puggy 168m/s | y,CustomItem,Items,1,Completed,,,12.00000,USD,Positive,Fast delivery,,,12.00000,USD
3a19e821-f93e-4878-94eb-ed50c35401e9,2025-12-25 05:39:55,Gold La Spooky Grande 202.1m/s - n,CustomItem,Items,1,Completed,,,15.00000,USD,Positive,Extra mile,,,15.00000,USD
2388b42b-9713-4306-8776-307e864ebde1,2025-12-25 05:32:51,Los Mobilis 132m/s | y,CustomItem,Items,1,Completed,,,6.00000,USD,Positive,Good communication,,,6.00000,USD
1a90ff4b-eb15-4e97-b218-591370be94e0,2025-12-25 05:28:53,Los 67 292.5m/s - n,CustomItem,Items,1,Completed,,,15.00000,USD,Positive,Good boy,,,15.00000,USD
7c5244c9-4cbf-4672-8607-16dc06650ef3,2025-12-25 05:22:15,"Chicleteira Noelteira
210m/s - s12",CustomItem,Items,1,Completed,,,10.00000,USD,Positive,Good price,,,10.00000,USD
1d0f99c7-faff-4462-8534-2f80282a87e3,2025-12-25 05:14:32,Money Money Puggy 231m/s | s11,CustomItem,Items,1,Completed,,,17.00000,USD,Positive,Extra mile,,,17.00000,USD
3a1ad763-bfeb-4e3f-b800-229f86bf1a22,2025-12-25 04:55:25,Esok Sekolah 180m/s - s8,CustomItem,Items,1,Completed,,,8.00000,USD,Positive,Fast delivery,,,8.00000,USD
12c45751-51c5-4d62-b0e4-04d9b82e18b7,2025-12-25 04:47:27,Gold La Jolly Grande 367.5m/s 4 Trait - s3,CustomItem,Items,1,Completed,,,20.00000,USD,Positive,GGWP!,,,20.00000,USD
2d5d142a-ebb0-45fb-9885-f980ffd4ce1a,2025-12-25 04:27:05,Los Candies 310m/s | snd,CustomItem,Items,1,Completed,,,15.00000,USD,Positive,GOAT,,,15.00000,USD
4e99fac9-df0e-4fec-8b95-f143d868a85f,2025-12-25 04:15:35,Esok Sekolah 180m/s - s8,CustomItem,Items,1,Completed,,,8.00000,USD,Positive,Fast delivery,,,8.00000,USD
08738b3c-3467-4982-a54c-fac6fd932f95,2025-12-25 04:03:49,Esok Sekolah 150m/s - s8,CustomItem,Items,1,Completed,,,7.00000,USD,Positive,GGWP!,,,7.00000,USD
95ee6602-c86a-4627-a488-35688b8ba4c2,2025-12-25 03:53:52,La Grande Combinasion RB 170m/s | y,CustomItem,Items,1,Completed,,,10.00000,USD,Positive,Helpful and responsive,,,10.00000,USD
f20a09c9-a32c-4d27-8e7e-9ce447237e5c,2025-12-25 03:39:29,Money Money Puggy 210m/s | y,CustomItem,Items,1,Completed,,,18.00000,USD,Positive,Fast delivery,,,18.00000,USD
e1f5f3d3-398e-400d-a9f1-6968ea0bfc75,2025-12-25 03:39:22,Los Candies 218.5m/s - n,CustomItem,Items,1,Completed,,,10.00000,USD,Positive,Helpful and responsive,,,10.00000,USD
65db42e4-034d-429d-9ab3-d4a095a5ad71,2025-12-25 03:33:53,Los Candies 195.5m/s | s13,CustomItem,Items,1,Completed,,,10.00000,USD,Positive,As described,,,10.00000,USD
aa51fb31-8c08-4a66-99d7-993199a0057f,2025-12-25 03:28:19,La Ginger Sekolah 225m/s - s12,CustomItem,Items,1,Canceled,,,15.00000,USD,Unrated,,Buyer_Does_Not_Need_It_Anymore,,15.00000,USD
8824d888-a38f-446e-bfda-968ff3239813,2025-12-25 03:16:28,W or L 180m/s | y,CustomItem,Items,1,Completed,,,12.00000,USD,Positive,As described,,,12.00000,USD
e1470640-2740-482a-9263-32e69007f165,2025-12-25 03:15:11,Los Mobilis 132m/s | y,CustomItem,Items,1,Completed,,,6.00000,USD,Positive,Helpful and responsive,,,6.00000,USD
831d6d67-efe7-40bd-8e41-a87f0933e7bc,2025-12-25 03:08:23,Lava Los 67 135m/s - s7,CustomItem,Items,1,Completed,,,7.00000,USD,Positive,Very fast,,,7.00000,USD
3e16df19-3b1e-4c05-b190-0002d4d293a4,2025-12-25 03:04:14,Los Puggies 180m/s - s16,CustomItem,Items,1,Completed,Other,issue,13.00000,USD,Positive,GOAT,,,13.00000,USD
53917f6b-4bf4-4e86-87cd-6d615de70ef3,2025-12-25 03:02:37,Diamond Esok Sekolah 45m/s - s8,CustomItem,Items,1,Completed,,,4.50000,USD,Positive,As described,,,4.50000,USD
e7e8081d-a3bc-40f0-a239-91c4834d474c,2025-12-25 02:51:09,Los Candies 253m/s - n,CustomItem,Items,1,Completed,,,15.00000,USD,Positive,"did not scam ",,,15.00000,USD
97867695-2664-47d3-9169-bc49aceec54e,2025-12-25 02:46:39,Los Combinasionas 195m/s | y,CustomItem,Items,1,Completed,,,8.00000,USD,Positive,Good communication,,,8.00000,USD
6909f5d4-51cf-4390-b526-46fdf46dc206,2025-12-25 02:37:03,"Gold
La Taco Combinasion
218.7m/s - s10",CustomItem,Items,1,Completed,,,15.00000,USD,Positive,"Nice guy and instant delivery ",,,15.00000,USD
3773c5e7-f428-464f-95ae-7336316dd0ac,2025-12-25 02:29:41,Los Mobilis 220m/s | y,CustomItem,Items,1,Completed,,,10.00000,USD,Positive,Fast delivery,,,10.00000,USD
b5685767-f5d5-436a-b256-d6138414e87e,2025-12-25 02:25:33,Los 67 180m/s - n,CustomItem,Items,1,Completed,,,9.00000,USD,Positive,Extra mile,,,9.00000,USD
941107ba-75c2-4c0b-a18a-488c0364327b,2025-12-25 02:21:32,Los 25 Radioactive 215m/s | s11,CustomItem,Items,1,Completed,,,10.00000,USD,Positive,Good communication,,,10.00000,USD
4cef3991-fbd6-4f75-bbd8-3b774200dee3,2025-12-25 02:14:59,Nuclearo Dinossauro 90m/s | y,CustomItem,Items,1,Completed,,,10.00000,USD,Positive,Extra mile,,,10.00000,USD
dd47cbcb-8fe8-4bf6-813a-4d3e3dd0fc64,2025-12-25 02:11:10,Esok Sekolah 390m/s | s13,CustomItem,Items,1,Completed,,,15.00000,USD,Positive,nice,,,15.00000,USD
2964adf2-2b99-44df-bfbc-242ac7036e23,2025-12-25 02:04:15,Gold Los 67 230.6m/s - s3,CustomItem,Items,1,Completed,,,11.50000,USD,Positive,GGWP!,,,11.50000,USD
b2356d6f-c206-4097-a5cd-d75453e86e06,2025-12-25 02:02:00,Spaghetti Tualetti 240m/s - s18,CustomItem,Items,1,Completed,,,15.00000,USD,Positive,GGWP!,,,15.00000,USD
40fcd1d0-a440-4757-8543-8aedfc4f6447,2025-12-25 01:53:13,Los Spooky Combinasion 120m/s | y,CustomItem,Items,1,Completed,,,6.00000,USD,Positive,Good price,,,6.00000,USD
5571b51a-a10f-4ad9-b4ba-aed4671b3a90,2025-12-25 01:52:40,Chicleteira Noelteira 135m/s | s11,CustomItem,Items,1,Completed,,,6.00000,USD,Positive,GGWP,,,6.00000,USD
73d8a3dc-04d0-447f-8e67-bfdf429122ce,2025-12-25 01:51:11,Spaghetti Tualetti 300m/s - s16,CustomItem,Items,1,Completed,,,20.00000,USD,Positive,As described,,,20.00000,USD
79a58b37-40e4-4c48-9b85-f9cedc3ab085,2025-12-25 01:49:38,La Ginger Sekolah 225m/s - s7,CustomItem,Items,1,Completed,,,15.00000,USD,Positive,Good communication,,,15.00000,USD
7bff60b3-e924-4330-aafb-e90373100313,2025-12-25 01:45:59,Los 67 191.2m/s | y,CustomItem,Items,1,Completed,,,9.00000,USD,Positive,GOAT,,,9.00000,USD
efa157f8-6767-4ef1-81e6-060140285338,2025-12-25 01:37:47,Swaggy Bros Radio 340m/s | s13,CustomItem,Items,1,Completed,,,20.00000,USD,Positive,Good communication,,,20.00000,USD
19fe6383-3b18-42a7-9427-4bd4b684361b,2025-12-25 01:10:25,Eviledon 157.5m/s - s7,CustomItem,Items,1,Completed,,,10.00000,USD,Positive,Extra mile,,,10.00000,USD
7d6c4e51-772d-4012-904a-134ef926cef0,2025-12-25 01:09:55,La Taco Combinasion 183.7m/s | y,CustomItem,Items,1,Completed,,,12.00000,USD,Positive,Good price,,,12.00000,USD
b687d952-0c29-4d32-81e4-a7fa14937bd2,2025-12-25 01:03:38,"Gold Los Candies
120.7m/s - s10",CustomItem,Items,1,Completed,,,6.00000,USD,Positive,GGWP,,,6.00000,USD
b3b61042-f420-4560-8f6d-640ec4ebe950,2025-12-25 00:59:38,Swaggy Bros 280m/s - s12,CustomItem,Items,1,Completed,,,17.00000,USD,Positive,Helpful and responsive,,,17.00000,USD
de64c6dd-4e5e-4bdf-b88f-a4b3e0579902,2025-12-25 00:42:57,Eviledon 141.7m/s - s3,CustomItem,Items,1,Completed,,,12.00000,USD,Positive,fast and cheap,,,12.00000,USD
9e142504-bcfc-4b03-849c-dd3ca8e4a675,2025-12-24 23:40:16,"Esok Sekolah
120m/s - s8",CustomItem,Items,1,Completed,,,6.00000,USD,Positive,Helpful and responsive,,,6.00000,USD
ba62cf27-ca17-4e91-bb09-353022b8cfd3,2025-12-24 23:29:03,Orcaledon 360m/s | s11,CustomItem,Items,1,Completed,,,20.00000,USD,Positive,Extra mile,,,20.00000,USD
8582b6d3-9858-46c7-8574-f66ca9950fe3,2025-12-24 15:53:48,Eviledon 330.7m/s - e,CustomItem,Items,1,Completed,,,22.00000,USD,Positive,"w
",,,22.00000,USD
e433ecf6-7d9d-4597-b9dc-48cff9855a0e,2025-12-24 15:47:26,Radioactive La Grande Combinasion - s10,CustomItem,Items,1,Completed,,,8.00000,USD,Positive,GGWP,,,8.00000,USD
e6fa6017-0396-4d9a-8789-4f6060b536b1,2025-12-24 15:32:28,"Orcaledon
190m/s - s12",CustomItem,Items,1,Completed,,,15.00000,USD,Positive,Good communication,,,15.00000,USD
3820ba05-59c7-45b6-ac1a-babd21f67ee3,2025-12-24 15:11:24,"Rainbow
Los Mobilis
220m/s - s7",CustomItem,Items,1,Completed,,,11.00000,USD,Positive,GGWP,,,11.00000,USD
b97b2255-445e-4e14-98b6-803563a2c419,2025-12-24 15:05:41,La taco Combinasion 210m/s - s7,CustomItem,Items,1,Completed,,,18.00000,USD,Positive,Good price,,,18.00000,USD
982e6947-33ca-45b0-a81a-9e8bff5ddf96,2025-12-24 14:55:34,Los 67 180m/s - n,CustomItem,Items,1,Completed,,,9.00000,USD,Positive,GOAT,,,9.00000,USD
583b419b-ed72-44e2-a754-0082092046df,2025-12-24 14:42:02,"Los 25
180m/s - way",CustomItem,Items,1,Completed,,,9.00000,USD,Positive,GOAT,,,9.00000,USD
20bada18-8615-4f1e-b069-a70d94b584bf,2025-12-24 14:37:37,La Taco Combinasion 280m/s - s10,CustomItem,Items,1,Completed,,,15.00000,USD,Positive,As described,,,15.00000,USD
7e48b763-fcaa-4424-8fc9-cc0250f7506d,2025-12-24 14:26:27,Radioactive Swaggy Bros 340m/s - s16,CustomItem,Items,1,Completed,,,20.00000,USD,Positive,As described,,,20.00000,USD
fe28dcfc-6ae5-4742-8bac-dfc9570baec6,2025-12-24 14:09:56,Eviledon 189m/s - s12,CustomItem,Items,1,Completed,,,15.00000,USD,Positive,ggwp,,,15.00000,USD
51fa7c59-4ed8-4294-8b57-db3f3b09d3b3,2025-12-24 14:09:44,Los Puggies 180m/s - s12,CustomItem,Items,1,Completed,,,12.00000,USD,Positive,Fast delivery,,,12.00000,USD
1ada0e6d-a9c8-4922-9453-da693cc43e21,2025-12-24 13:58:01,Money Money Puggy 126m/s - n,CustomItem,Items,1,Completed,,,13.00000,USD,Positive,Great! Thank you,,,13.00000,USD
e750beec-3c2a-4504-ba80-e0d4fb2eb2b1,2025-12-24 13:40:37,Esok Sekolah 30m/s - s8,CustomItem,Items,1,Completed,,,3.50000,USD,Positive,Good communication,,,3.50000,USD
c0d376f7-2017-434c-97db-24a966d9e8e0,2025-12-24 13:38:29,Esok Sekolah 30m/s - s8,CustomItem,Items,1,Completed,,,3.50000,USD,Positive,GGWP,,,3.50000,USD
02a5768e-a5a2-425a-9140-c7ab81e14d03,2025-12-24 13:33:39,Esok Sekolah 30m/s - s8,CustomItem,Items,1,Completed,,,3.50000,USD,Positive,As described,,,3.50000,USD
88b1b094-5285-48cf-869b-9d4936afebc6,2025-12-24 13:26:04,Spaghetti Tualetti 360m/s - n,CustomItem,Items,1,Completed,,,20.00000,USD,Positive,Good communication,,,20.00000,USD
62b42fd3-0811-451d-bf2b-e690a54072ec,2025-12-24 13:14:02,Los Puggies 180m/s - s7,CustomItem,Items,1,Completed,,,12.00000,USD,Positive,Fast delivery,,,12.00000,USD
fa6d779c-8d1e-4ff1-a266-865ae36ab969,2025-12-24 12:51:32,Gold Esok Sekolah 307.5m/s - n,CustomItem,Items,1,Canceled,,,13.00000,USD,Unrated,,Buyer_Does_Not_Need_It_Anymore,,13.00000,USD
16b39d7c-e980-4417-924d-3fa8075c477d,2025-12-24 12:39:02,La Taco Combinasion 577.5m/s | s11,CustomItem,Items,1,Completed,,,30.00000,USD,Positive,Fast delivery,,,30.00000,USD
fff36fdb-dae6-4481-8448-eac8ca3cefdb,2025-12-24 12:35:50,W or L 360m/s - s17,CustomItem,Items,1,Completed,,,25.00000,USD,Positive,Fast,,,25.00000,USD
fec00e0e-e3bd-4beb-a99f-99d46d891359,2025-12-24 12:23:35,Los Candies 253m/s - n,CustomItem,Items,1,Completed,,,15.00000,USD,Positive,As described,,,15.00000,USD
739995cd-75cf-4761-bbd7-cdeb76fd27f5,2025-12-24 12:22:41,"Radioactive
Los 67 191.2m/s - s7",CustomItem,Items,1,Completed,,,10.00000,USD,Positive,Good communication,,,10.00000,USD
f155a1e4-e896-434c-bfb7-1c692a9757dd,2025-12-24 11:58:22,Los Combinasionas 213.7m/s | y,CustomItem,Items,1,Completed,,,9.00000,USD,Positive,Good communication,,,9.00000,USD
06e3ed0e-d64c-4112-b634-0c5eb0abf649,2025-12-24 11:48:21,"Yin-Yang
Los 67 213.7m/s - s7",CustomItem,Items,1,Completed,,,10.00000,USD,Positive,Extra mile,,,10.00000,USD
e7652f58-755d-49c6-8c76-f3df303ee4e1,2025-12-24 11:46:51,"Swaggy Bros
220m/s - way",CustomItem,Items,1,Completed,,,15.00000,USD,Positive,Extra mile,,,15.00000,USD
7a2368b4-f5ae-4d45-9dcf-2c8af9f2269f,2025-12-24 11:35:26,Money Money Puggy 204.7m/s | y,CustomItem,Items,1,Completed,,,15.00000,USD,Positive,All fine,,,15.00000,USD
17bf0c93-8745-4217-a23a-b20d4739afb6,2025-12-24 11:19:13,Los Mobilis 187m/s - s7,CustomItem,Items,1,Completed,,,9.00000,USD,Positive,Good communication,,,9.00000,USD
3b0c4d1e-ba1d-49d0-b371-863bca1b6706,2025-12-24 11:13:35,"Mieteteira Bicicleteira
377m/s - way",CustomItem,Items,1,Completed,,,15.00000,USD,Positive,"Quick and efficient ",,,15.00000,USD
1161a026-8036-420c-9bec-6e37a4d51585,2025-12-24 11:11:04,La Grande Combinasion 130m/s - n,CustomItem,Items,1,Completed,,,8.00000,USD,Positive,GOAT,,,8.00000,USD
c80bad7f-5dd9-4562-9c22-23460e0b20dd,2025-12-24 09:56:40,Los 67 315m/s - s17,CustomItem,Items,1,Completed,,,15.00000,USD,Positive,Good price,,,15.00000,USD
e661fea9-0218-4999-ab14-a6f0aab18fad,2025-12-24 09:09:33,"Chimino
266m/s - s10",CustomItem,Items,1,Completed,,,13.00000,USD,Positive,Good price,,,13.00000,USD
902d6127-b740-4917-8915-88b5f0719fec,2025-12-24 09:02:57,Esok Sekolah 90m/s - s8,CustomItem,Items,1,Completed,,,4.00000,USD,Positive,GOAT,,,4.00000,USD
4caf369f-80e3-4a89-a1ca-d71efcee56e0,2025-12-24 08:59:55,W or L 240m/s - s7,CustomItem,Items,1,Canceled,,,15.00000,USD,Unrated,,Out_Of_Stock,,15.00000,USD
03ad3559-6a96-446d-be97-b437430bffcb,2025-12-24 08:24:52,"Esok Sekolah
120m/s - s8",CustomItem,Items,1,Canceled,,,6.00000,USD,Unrated,,Buyer_Did_Not_Respond,buyer not respond until guaranteed time over,6.00000,USD
eb258939-4aa3-4138-b0ce-984c2458f680,2025-12-24 08:15:06,Los Puggies 180m/s - n,CustomItem,Items,1,Completed,,,13.00000,USD,Positive,Extra mile,,,13.00000,USD
c9187c24-c13e-42cc-8c07-dc423ee038cb,2025-12-24 08:09:08,"Swaggy Bros
240m/s - way",CustomItem,Items,1,Completed,,,15.00000,USD,Positive,Extra mile,,,15.00000,USD
ded6b6e7-fa52-4279-aaf1-ba511d8bc0f6,2025-12-24 07:59:45,Yin Yang Mieteteira Bicicleteira 273m/s - e,CustomItem,Items,1,Completed,,,11.00000,USD,Positive,"It was good , fast service , but wasn’t the same traits as in the photo ",,,11.00000,USD
865babb9-e88f-4d13-a625-c64e5941a7c8,2025-12-24 07:37:57,"Galaxy
Chicleteira Noelteira 105m/s - way",CustomItem,Items,1,Completed,,,5.00000,USD,Positive,Good communication,,,5.00000,USD
966dca1a-948f-471f-a0c3-15373211eb3b,2025-12-24 06:37:38,Gold Esok Sekolah 97.5m/s - s8,CustomItem,Items,1,Completed,,,5.00000,USD,Positive,As described,,,5.00000,USD
e48355f2-27b9-4c99-8f70-d9a84d55a4aa,2025-12-24 06:14:06,"Gold
Los 67
163.1m/s - s7",CustomItem,Items,1,Completed,,,8.00000,USD,Positive,Thanks,,,8.00000,USD
00b3ade9-bd13-4e77-bdcf-50d07a1db094,2025-12-24 04:56:03,"Los 25
220m/s - way",CustomItem,Items,1,Completed,,,11.00000,USD,Positive,Good price,,,11.00000,USD
53784ea8-2284-45f5-b9b5-0d509fb7f564,2025-12-24 04:31:04,"Los Combinasionas
150m/s - s7",CustomItem,Items,1,Completed,,,7.00000,USD,Positive,Good price,,,7.00000,USD
baeb6ba2-d7a3-4750-83c1-85915a7ffcab,2025-12-24 04:18:06,Swaggy Bros 240m/s - s10,CustomItem,Items,1,Completed,,,15.00000,USD,Positive,Helpful and responsive,,,15.00000,USD
7a101362-671b-44f6-b81d-de40253a64ce,2025-12-24 04:16:24,Lava Los Candies 207 - n,CustomItem,Items,1,Completed,,,10.00000,USD,Positive,Helpful and responsive,,,10.00000,USD
e7519612-23c4-4019-b44d-90ac6873bedd,2025-12-24 04:05:42,Gold Los 67 185.6m/s - s16,CustomItem,Items,1,Completed,,,9.00000,USD,Positive,Fast delivery,,,9.00000,USD
c41f63ad-eb90-4efc-9c7f-99107fc3a807,2025-12-24 03:51:20,Lavadorito Spinito 405m/s | s11,CustomItem,Items,1,Completed,,,25.00000,USD,Positive,Extra mile,,,25.00000,USD
3d72a72f-bc61-43c2-b21f-28cc393c3ac7,2025-12-24 03:48:18,Esok Sekolah 30m/s - s8,CustomItem,Items,1,Completed,,,3.50000,USD,Positive,Extra mile,,,3.50000,USD
50a65f9e-47c0-4ccf-b58c-9ec0b6fda88f,2025-12-24 03:47:10,Esok Sekolah 30m/s - s8,CustomItem,Items,1,Completed,,,3.50000,USD,Positive,GGWP,,,3.50000,USD
b2c77401-1a3a-49ff-ae64-1b6954375217,2025-12-24 03:46:46,Esok Sekolah 30m/s - s8,CustomItem,Items,1,Completed,,,3.50000,USD,Positive,Good communication,,,3.50000,USD
079bed79-5fd6-44a2-9e29-47351c5abcd2,2025-12-24 03:38:01,Esok Sekolah 30m/s - s8,CustomItem,Items,1,Canceled,,,3.50000,USD,Unrated,,Seller_Going_Offline,,3.50000,USD
83201543-feac-4038-9ef6-96389ddf41b6,2025-12-24 03:32:41,Money Money Puggy 194.2m/s | y,CustomItem,Items,1,Completed,,,15.00000,USD,Positive,Helpful and responsive,,,15.00000,USD
c03b2fc1-bc4a-42e7-acf2-d556e2b119f1,2025-12-24 03:12:44,Esok Sekolah 300m/s | s13,CustomItem,Items,1,Completed,,,13.00000,USD,Positive,Perfect so ez and fast,,,13.00000,USD
34a22a6e-1920-4460-a77a-f2ca55c75a56,2025-12-24 03:09:36,"Radioactive
Los Candies
195.5m/s - s7",CustomItem,Items,1,Completed,,,10.00000,USD,Positive,Good communication,,,10.00000,USD
d9c051a6-b804-4927-9257-cd0208f58afa,2025-12-24 03:04:24,Orcaledon 240m/s - s7,CustomItem,Items,1,Completed,,,15.00000,USD,Positive,Good price,,,15.00000,USD
362dc372-ae82-4c86-b4e0-b29dfcb42d77,2025-12-24 02:48:26,Esok Sekolah 30m/s - s8,CustomItem,Items,3,Completed,,,3.50000,USD,Positive,Good price,,,10.50000,USD
17f03b8b-002a-4d95-bae5-d7205995845e,2025-12-24 02:47:25,Spaghetti Tualetti 510m/s | y,CustomItem,Items,1,Completed,,,25.00000,USD,Positive,Great,,,25.00000,USD
d2653bdd-2fcb-4fa1-abab-f76cc0f442ae,2025-12-24 02:36:48,"Lava
Los 67
135m/s - way",CustomItem,Items,1,Completed,,,6.50000,USD,Positive,GOAT,,,6.50000,USD
26936d75-e74b-466c-960c-f57e7bb252d3,2025-12-24 02:36:29,Los Mobilis 220m/s | s11,CustomItem,Items,1,Completed,,,10.00000,USD,Positive,Good price,,,10.00000,USD
a8ad6d97-9a89-49cb-9aa6-85418ff27497,2025-12-24 01:53:18,Chimino 308m/s | s13,CustomItem,Items,1,Completed,,,15.00000,USD,Positive,Good communication,,,15.00000,USD
b48b5d83-dc2b-482c-9667-160cec16f6a2,2025-12-24 01:50:18,W or L 360m/s | y,CustomItem,Items,1,Completed,Other,I got my account hacked that wasn't me,20.00000,USD,Positive,As described,,,20.00000,USD
0f2a76ec-c713-40bb-9574-430c643a3837,2025-12-24 01:40:28,Los Puggies 270m/s - s17,CustomItem,Items,1,Completed,,,18.00000,USD,Positive,Helpful and responsive,,,18.00000,USD
0372c2e3-c5ca-43ad-9624-3cbc27c60eb0,2025-12-24 01:30:54,La Ginger Sekolah 300m/s | s13,CustomItem,Items,1,Completed,,,18.00000,USD,Positive,GGWP,,,18.00000,USD
5b4af765-668e-4052-961f-5b076654a036,2025-12-24 01:15:23,Los 67 225m/s - s16,CustomItem,Items,1,Completed,,,11.00000,USD,Positive,Good price,,,11.00000,USD
1842c5de-4d9d-4b57-9b19-65d5ed33a2c4,2025-12-24 00:56:26,Swaggy Bros 330m/s | s11,CustomItem,Items,1,Completed,,,18.00000,USD,Positive,GGWP!,,,18.00000,USD
25838abc-c978-4044-987e-c2d30e726f53,2025-12-24 00:48:46,La Spooky Grande YY 343m/s | y,CustomItem,Items,1,Completed,,,20.00000,USD,Positive,Good price,,,20.00000,USD
a3cdd42d-1655-4a44-beeb-08c76ec615cf,2025-12-24 00:48:07,"Candy
Los Mobilis
154m/s - s7",CustomItem,Items,1,Completed,,,7.00000,USD,Positive,GGWP,,,7.00000,USD
5c67c781-5f8d-480d-88ec-4fa3cbfb3008,2025-12-23 23:48:09,"Eviledon
189m/s - s7",CustomItem,Items,1,Completed,,,15.00000,USD,Positive,GGWP!,,,15.00000,USD
3e13ea6a-22b5-45a9-9006-283cfd87e998,2025-12-23 23:30:46,"Rainbow Los Candies
230m/s - s7",CustomItem,Items,1,Completed,Seller_Delivered_But_Order_Not_Received,,11.00000,USD,Positive,As described,,,11.00000,USD
08bc4de8-351c-4364-9509-fd6ef1022a55,2025-12-23 23:28:00,Los Mobilis 220m/s | s11,CustomItem,Items,1,Canceled,Cannot_Claim_Purchase_Due_To_InGame_Issues,,10.00000,USD,Unrated,,Buyer_Does_Not_Need_It_Anymore,,10.00000,USD
eb559951-1ec1-4013-b61f-5b93f2f0444e,2025-12-23 16:47:41,"Los Mobilis
132m/s - s7",CustomItem,Items,1,Completed,,,6.00000,USD,Positive,Dose not scam,,,6.00000,USD
758dea5e-f858-46b5-9c6f-43fc5d03aae5,2025-12-23 16:37:30,Rainbow Los Spooky Combinasionas 200m/s - e,CustomItem,Items,1,Completed,,,12.00000,USD,Positive,Extra mile,,,12.00000,USD
ce0be8de-b09d-406b-9ab3-f0e2ede0dde4,2025-12-23 16:32:50,"Lava
Los Candies 138m/s - s10",CustomItem,Items,1,Completed,,,7.00000,USD,Positive,GGWP,,,7.00000,USD
8921c8d6-ad00-4e41-9c4b-e08984872360,2025-12-23 16:30:51,Los 67 225m/s - s16,CustomItem,Items,1,Completed,,,11.00000,USD,Positive,"FAST, GOOD !!",,,11.00000,USD
c16a38c9-67b3-4334-9ff1-5487f4943d9f,2025-12-23 16:21:17,Los Candies Lava 138m/s | s13,CustomItem,Items,1,Completed,,,7.00000,USD,Positive,As described,,,7.00000,USD
9db6fc86-1967-4ed5-83c8-b335996a46fa,2025-12-23 16:17:41,Esok Sekolah 30m/s - s8,CustomItem,Items,1,Completed,,,3.50000,USD,Positive,As described,,,3.50000,USD
40474788-c346-49ba-85cc-6abd7f2f43a8,2025-12-23 16:13:13,Los Candies 195.5m/s | s13,CustomItem,Items,1,Completed,,,10.00000,USD,Positive,Good price,,,10.00000,USD
6733d320-1571-4983-a912-110c4f800a97,2025-12-23 15:59:16,Los Candies 4 Traits 414m/s | y,CustomItem,Items,1,Completed,,,18.00000,USD,Positive,"very fast ww mans
",,,18.00000,USD
757757ea-22dc-4305-b402-8092cdbe5f77,2025-12-23 15:54:10,Esok Sekolah 30m/s - s8,CustomItem,Items,1,Completed,,,3.50000,USD,Positive,GOAT,,,3.50000,USD
ffec00af-1afa-479b-b3b4-43f142584f0c,2025-12-23 15:43:36,"Los Mobilis
220m/s - s7",CustomItem,Items,1,Completed,,,10.00000,USD,Positive,Helpful and responsive,,,10.00000,USD
06f4b63f-96e5-42fe-9d51-f23fabb3400b,2025-12-23 15:35:46,La Ginger Sekolah 300m/s | s11,CustomItem,Items,1,Completed,,,18.00000,USD,Positive,Helpful and responsive,,,18.00000,USD
32bfbee1-1067-4495-9394-5c2bf5847f32,2025-12-23 15:25:21,"Galaxy Los Candies
161m/s - s10",CustomItem,Items,1,Completed,,,8.00000,USD,Positive,GOAT,,,8.00000,USD
a7170ab1-33d0-46b8-bc9f-f7d2f3a5b124,2025-12-23 14:46:49,La Ginger Sekolah 225m/s - s16,CustomItem,Items,1,Completed,,,15.00000,USD,Positive,W seller fast and cheap recommend.,,,15.00000,USD
b315e37e-d550-444e-aabb-98e945d7dd07,2025-12-23 14:34:16,La Grande Combinasion RB 160m/s | s11,CustomItem,Items,1,Completed,,,10.00000,USD,Positive,Good communication,,,10.00000,USD
912d30fd-119f-4dd0-a0bb-573de1da003c,2025-12-23 14:31:55,Los Candies 195.5m/s | s11,CustomItem,Items,1,Completed,,,10.00000,USD,Positive,Good price,,,10.00000,USD
5e9d6713-ee23-44aa-aa90-451e18be7f1b,2025-12-23 14:23:54,Los Combinasionas 202.5m/s | y,CustomItem,Items,1,Completed,,,9.00000,USD,Positive,"Thank ",,,9.00000,USD
78fd39d9-1487-465c-984b-2db088c3d77d,2025-12-23 14:16:22,"Swaggy Bros
220m/s - s10",CustomItem,Items,1,Completed,,,15.00000,USD,Positive,Good communication,,,15.00000,USD
821f125c-3a85-422a-9a22-44610b0371c7,2025-12-23 14:00:50,"La Ginger Sekolah
600m/s - s12",CustomItem,Items,1,Completed,,,35.00000,USD,Positive,he was fast + efficiant,,,35.00000,USD
c53ae1c4-70bc-40fd-a947-d5d421c5bad8,2025-12-23 13:28:15,Los Mobilis 176m/s - s7,CustomItem,Items,1,Completed,,,8.00000,USD,Positive,Extra mile,,,8.00000,USD
f0d15afa-8327-449c-a12c-05a14797b7e8,2025-12-23 13:13:48,Nuclearo Dinossauro Rainbow 345m/s | s13,CustomItem,Items,1,Completed,,,30.00000,USD,Positive,Good communication,,,30.00000,USD
03fbdf62-d3cc-4743-a2c9-1edd6fa57767,2025-12-23 13:04:11,"Candy
Los Candies 92m/s - way",CustomItem,Items,1,Completed,,,5.00000,USD,Positive,a bit slow but ok because they were working with another costumer.,,,5.00000,USD
d884cd51-fa84-4b42-882a-19a333b628b0,2025-12-23 13:03:23,Los Candies 172.5m/s | s11,CustomItem,Items,1,Completed,,,8.50000,USD,Positive,Helpful and responsive,,,8.50000,USD
91147c9d-8e7e-45fd-a427-61a763f5600f,2025-12-23 12:49:30,Mieteteira Bicicleteira YY 299m/s | s13,CustomItem,Items,1,Completed,,,13.00000,USD,Positive,GOAT,,,13.00000,USD
257ebbc8-f101-4972-8ec0-e5cbff4cd13b,2025-12-23 12:31:45,Los 67 292.5m/s - s16,CustomItem,Items,1,Completed,,,15.00000,USD,Positive,As described,,,15.00000,USD
5d9c5169-c0c5-4279-b7dd-db50b6ca9b9a,2025-12-23 12:24:24,Gold La Spooky Grande 226.6m/s - s3,CustomItem,Items,1,Completed,,,15.00000,USD,Positive,"Awesome fast delivery and trustworthy ",,,15.00000,USD
86e39fe8-391e-4171-9b99-16ad93c8bfa4,2025-12-23 12:18:59,Los Candies 207m/s | s11,CustomItem,Items,1,Completed,,,10.00000,USD,Positive,Great,,,10.00000,USD
c9951b79-1dff-42ea-91b1-75afcf267619,2025-12-23 12:18:25,Swaggy Bros 360m/s - s18,CustomItem,Items,1,Completed,,,20.00000,USD,Positive,GGWP!,,,20.00000,USD
d3a1d772-8025-4b2b-a64a-d01c8bd4eee0,2025-12-23 12:16:26,Los Candies 138m/s - s10,CustomItem,Items,1,Completed,,,7.00000,USD,Positive,GGWP!,,,7.00000,USD
bc0007c1-88f4-4d09-aef8-3d821f713d69,2025-12-23 12:07:20,Los 25 240m/s 6 Trait - s16,CustomItem,Items,1,Completed,,,20.00000,USD,Positive,Good price,,,20.00000,USD
7cad3f77-0147-4619-b787-1ae6a4fbcbab,2025-12-23 12:05:30,Money Money Puggy 210m/s | y,CustomItem,Items,1,Completed,,,15.00000,USD,Positive,"Very fast and patient ",,,15.00000,USD
0bd2d31f-1b58-44fe-ac31-f822ba5372ef,2025-12-23 11:42:51,"Gold
La Taco Combinasion 288.7m/s - way",CustomItem,Items,1,Completed,,,15.00000,USD,Positive,Fast delivery,,,15.00000,USD
16719a79-6679-41c2-869e-b87bcddc8855,2025-12-23 11:38:54,Lava Los 67 225m/s - s16,CustomItem,Items,1,Completed,,,11.00000,USD,Positive,Fast delivery,,,11.00000,USD
1880c9e1-676f-49cd-a9dd-7d16df915ac9,2025-12-23 11:36:05,Esok Sekolah 90m/s - s8,CustomItem,Items,1,Completed,,,4.00000,USD,Positive,Fast delivery,,,4.00000,USD
d8eb6875-3aed-4707-9087-0464f0e4c287,2025-12-23 11:24:47,Spaghetti Tualetti 240m/s - s16,CustomItem,Items,1,Completed,,,15.00000,USD,Positive,As described,,,15.00000,USD
8fe24013-9d2b-4d61-b9de-5d0fe024f6de,2025-12-23 10:41:51,Esok Sekolah 30m/s - s8,CustomItem,Items,1,Completed,,,3.50000,USD,Positive,Extra mile,,,3.50000,USD
eb9d0072-e083-4c0b-bf97-fb9a0f1a8d05,2025-12-23 10:41:49,Diamond Esok Sekolah 420m/s - s17,CustomItem,Items,1,Completed,,,18.00000,USD,Positive,Helpful and responsive,,,18.00000,USD
bed2b247-fc95-4cbe-899b-2b81bc4529f8,2025-12-23 10:35:27,"Gold
La taco Combinasion 358.7m/s - s7",CustomItem,Items,1,Completed,,,20.00000,USD,Positive,Helpful and responsive,,,20.00000,USD
3bafbf08-3f04-4ba8-b43e-a3f1d92dd4d2,2025-12-23 10:30:33,Radioactive Swaggy Bros 340m/s - s16,CustomItem,Items,1,Completed,,,20.00000,USD,Positive,"W seller, quick/easy and trusted!",,,20.00000,USD
f73d7125-3461-46cc-af5c-9a964bafb58b,2025-12-23 10:24:27,Los Mobilis 132m/s | y,CustomItem,Items,1,Completed,,,6.00000,USD,Positive,Good price,,,6.00000,USD
84c7cd2d-7da6-47e9-a3fc-144b86361413,2025-12-23 10:01:13,La Grande Combinasion 110m/s | s11,CustomItem,Items,1,Completed,,,6.00000,USD,Positive,GGWP,,,6.00000,USD
4aeb1f9f-e34e-484c-b85d-444420ad5fad,2025-12-23 09:56:20,Los 67 281.2m/s - s7,CustomItem,Items,1,Completed,,,15.00000,USD,Positive,very fast and very trusted thank you,,,15.00000,USD
866b46e2-0dc4-43af-8688-13a49fed49df,2025-12-23 09:43:26,Radioactive Swaggy Bros 340m/s - s16,CustomItem,Items,1,Completed,,,20.00000,USD,Positive,GOAT,,,20.00000,USD
6006b036-6a52-4690-81a4-c2e5d31c5832,2025-12-23 09:38:17,Esok Sekolah 30m/s - s8,CustomItem,Items,1,Completed,,,3.50000,USD,Positive,GGWP!,,,3.50000,USD
967d3b76-0130-41b8-a556-732ed90b36b5,2025-12-23 09:02:30,La Spooky Grande 306.2m/s | s11,CustomItem,Items,1,Completed,,,17.00000,USD,Positive,Very nice and fast .W seller,,,17.00000,USD
a2ffc909-c2dd-4653-ac88-817d5fd51321,2025-12-23 08:45:20,Esok Sekolah 30m/s - s8,CustomItem,Items,1,Completed,,,3.50000,USD,Positive,GOAT,,,3.50000,USD
fb47e533-cc9d-4235-b1ac-618c83fe8da2,2025-12-23 08:27:01,"Radioactive
Los Combinasionas
127.5m/s - s7",CustomItem,Items,1,Completed,,,6.00000,USD,Positive,As described,,,6.00000,USD
312eb88e-3fc1-40c1-941f-f7b0340a1c6f,2025-12-23 08:09:07,Chimino 238m/s | y,CustomItem,Items,1,Completed,,,11.00000,USD,Positive,Extra mile,,,11.00000,USD
45619d77-21e1-4873-8878-71ebb58bf7d7,2025-12-23 07:51:38,Los Mobilis 176m/s - s7,CustomItem,Items,1,Completed,,,8.00000,USD,Positive,GGWP,,,8.00000,USD
eaba03a9-45f7-4d7e-b9c7-262196558eb1,2025-12-23 07:44:13,La Grande Combinasion YY 75m/s | s11,CustomItem,Items,1,Completed,,,6.00000,USD,Positive,Extra mile,,,6.00000,USD
73bf5bdf-1f04-41e6-952d-526609bcdcc7,2025-12-23 07:11:57,"Esok Sekolah
120m/s - s8",CustomItem,Items,1,Completed,,,6.00000,USD,Positive,"He was quick but I thought the Ewok was a bubble gum trait but it’s ok he is nice and kind ",,,6.00000,USD
a4e90f02-5802-4d0f-9591-efb4bece611c,2025-12-23 06:49:53,La Grande Combinasion RB 100m/s | s11,CustomItem,Items,1,Completed,,,7.00000,USD,Positive,10/10! Would buy from again,,,7.00000,USD
845400fb-3bd6-42c1-a4fd-2967cab42a18,2025-12-23 06:43:40,"Yin-Yang
Los Combinasionas 172.5m/s - s7",CustomItem,Items,1,Completed,,,8.00000,USD,Positive,GOAT,,,8.00000,USD
c99e4af9-b6b1-4ecc-8291-4394aa91e5e8,2025-12-23 06:09:06,Los Candies 109.2m/s | s13,CustomItem,Items,1,Completed,Other,Did not get it,5.00000,USD,Positive,Good price,,,5.00000,USD
f6bae54e-f4f6-481b-9871-abb97fa084d8,2025-12-23 05:58:19,La Grande Combinasion 110m/s - s10,CustomItem,Items,1,Completed,,,10.00000,USD,Positive,GOAT,,,10.00000,USD
a1807e99-193c-4245-bfa9-95b8549df13e,2025-12-23 05:16:36,Los Candies Galaxy 161m/s | s13,CustomItem,Items,1,Completed,,,8.00000,USD,Positive,Fast delivery,,,8.00000,USD
5a89a7a9-d1d1-4393-b7c7-3e6d98291edb,2025-12-23 05:10:14,Los 67 191.2m/s - s10,CustomItem,Items,1,Completed,,,10.00000,USD,Positive,GGWP!,,,10.00000,USD
2726dd42-1773-4649-b3ff-4b61460cfb74,2025-12-23 05:07:21,Swaggy Bros 580m/s | s13,CustomItem,Items,1,Completed,,,32.00000,USD,Positive,Super fast and easy,,,32.00000,USD
e26d6371-8d76-40e7-b9e0-ad6c045edfb2,2025-12-23 03:47:45,"Gold
Esok Sekolah
37.5m/s - s8",CustomItem,Items,1,Completed,,,3.50000,USD,Positive,Fast and quick,,,3.50000,USD
5b9f8114-e952-41ef-9ec4-3bb9f16b812e,2025-12-23 03:35:55,Los 25 130m/s - s7,CustomItem,Items,1,Completed,,,6.00000,USD,Positive,GOAT,,,6.00000,USD
8bc1f133-c6b7-441e-a5ac-d957bebf943c,2025-12-23 03:19:35,"Esok Sekolah
330m/s - s8",CustomItem,Items,1,Completed,,,16.00000,USD,Positive,As described,,,16.00000,USD
a6aaa6c8-8600-4a51-9cee-88894c211098,2025-12-23 03:18:52,Los Candies 218.5m/s - s12,CustomItem,Items,1,Completed,,,10.00000,USD,Positive,Quick question easy and real,,,10.00000,USD
f42abfd5-165e-4f8d-bbb5-007c5438d84e,2025-12-23 03:17:43,Rainbow Esok Sekolah 300m/s - s10,CustomItem,Items,1,Completed,,,15.00000,USD,Positive,Helpful and responsive,,,15.00000,USD
dd8f8090-e2e4-4188-b9f6-cc7f99df3e8f,2025-12-23 03:11:36,"Galaxy
Los Candies 161m/s - s12",CustomItem,Items,1,Completed,,,8.00000,USD,Positive,Trusted and Legit,,,8.00000,USD
819c80e7-8170-403a-9fa5-36635de4e745,2025-12-23 02:48:37,Gold Money Money Puggy 105m/s - s16,CustomItem,Items,1,Completed,,,10.00000,USD,Positive,GOAT,,,10.00000,USD
af8d2a38-86a9-44cb-9500-951323f939f8,2025-12-23 02:16:34,Mieteteira Bicicleteira 156m/s - s10,CustomItem,Items,1,Completed,,,6.50000,USD,Positive,Helpful and responsive,,,6.50000,USD
9944e03c-04df-4b95-8208-748c3ca63101,2025-12-23 02:14:13,Los 67 253.1m/s - s7,CustomItem,Items,1,Completed,,,12.00000,USD,Positive,GGWP,,,12.00000,USD
15c5f6a0-1dfe-4aea-8e76-7052646e8228,2025-12-23 01:55:59,Radioactive Los Candies 310.5m/s - s17,CustomItem,Items,1,Completed,,,15.00000,USD,Positive,GGWP,,,15.00000,USD
62f9c93e-7461-4ba2-a597-9211f810bb07,2025-12-23 01:05:07,"Swaggy Bros
520m/s - s7",CustomItem,Items,1,Completed,,,30.00000,USD,Positive,As described,,,30.00000,USD
8c4be781-fa04-4938-a644-3f3ae6ebb989,2025-12-23 00:58:48,Diamond la taco combinasion 332.5m/s - way,CustomItem,Items,1,Completed,,,20.00000,USD,Positive,Fast delivery,,,20.00000,USD
ed91cfbe-37d9-4a73-97e7-a43c4fc05516,2025-12-23 00:52:48,"La Ginger Sekolah
750m/s - s7",CustomItem,Items,1,Completed,,,40.00000,USD,Positive,Fast delivery,,,40.00000,USD
fb6f5fb6-fa84-43be-8ba2-550a9697e661,2025-12-23 00:49:16,Eviledon 189m/s - e,CustomItem,Items,1,Completed,,,15.00000,USD,Positive,"very fast delivery very polite
",,,15.00000,USD
5ceb1311-b030-42b1-bfea-32184bb7e11a,2025-12-23 00:31:50,"Yin-Yang
Los Mobilis 275m/s - way",CustomItem,Items,1,Completed,,,13.00000,USD,Positive,Helpful and responsive,,,13.00000,USD
47c9062f-f73e-4248-85e3-98f29d1bdf36,2025-12-23 00:08:02,Gold Los 67 320m/s - n,CustomItem,Items,1,Completed,,,16.00000,USD,Positive,GGWP!,,,16.00000,USD
622c7cf3-1146-4824-be43-bd37296a6e86,2025-12-22 23:34:33,La Grande Combinasion 170m/s - s11,CustomItem,Items,1,Completed,,,11.00000,USD,Positive,Helpful and responsive,,,11.00000,USD
21c0edab-9341-431c-b740-5fe552681c3c,2025-12-22 23:29:30,Money Money Puggy 168m/s - s16,CustomItem,Items,1,Completed,,,14.00000,USD,Positive,10/10,,,14.00000,USD
6e942692-f49e-4f83-819b-544aeef18403,2025-12-22 23:15:13,Esok Sekolah 30m/s - s8,CustomItem,Items,1,Completed,,,3.50000,USD,Positive,Fast delivery,,,3.50000,USD
aed3fa3a-47db-4441-807f-37615cd343f2,2025-12-22 16:59:10,La Spooky Grande 294m/s - s18,CustomItem,Items,1,Completed,,,18.00000,USD,Positive,Good price,,,18.00000,USD
30507719-3735-4fcb-826f-2b951e2b3799,2025-12-22 16:56:26,Esok Sekolah 30m/s - s8,CustomItem,Items,1,Completed,,,3.50000,USD,Positive,Extra mile,,,3.50000,USD
710cca25-4886-4dbf-814a-adaea2437f34,2025-12-22 16:52:14,Galaxy Los 67 247.5m/s - s17,CustomItem,Items,1,Completed,,,12.00000,USD,Positive,Extra mile,,,12.00000,USD
4a7887c9-9586-4d48-9af6-e3d1dc401fc8,2025-12-22 16:49:36,"Yin-Yang
Los Mobilis
165m/s - s12",CustomItem,Items,1,Completed,,,8.00000,USD,Positive,Extra mile,,,8.00000,USD
e53f8295-e201-4782-ab18-866e8b818e14,2025-12-22 16:49:31,"Galaxy Los Combinasionas
240m/s - s12",CustomItem,Items,1,Completed,,,12.00000,USD,Positive,ok,,,12.00000,USD
929f2e06-9385-4f02-8295-fd59f8de13dd,2025-12-22 16:38:45,La Ginger Sekolah 375m/s - s7,CustomItem,Items,1,Completed,,,20.00000,USD,Positive,Helpful and responsive,,,20.00000,USD
6903c35e-ba51-4956-bc4f-0bef17e28309,2025-12-22 16:35:35,"Rainbow
Los Mobilis
220m/s - s10",CustomItem,Items,1,Completed,,,11.00000,USD,Positive,As described,,,11.00000,USD
2a744f16-491e-47db-9fa3-9d276e7f0a27,2025-12-22 16:24:38,Esok Sekolah 30m/s - s8,CustomItem,Items,1,Completed,,,3.50000,USD,Positive,GGWP!,,,3.50000,USD
e4997b31-ad52-46bc-bece-6055d180cb7c,2025-12-22 16:19:41,La Taco Combinasion 245m/s - s3,CustomItem,Items,1,Completed,,,20.00000,USD,Positive,Fast delivery,,,20.00000,USD
9ae6e7f4-6905-473b-83e6-14f7d914c0e2,2025-12-22 16:09:50,Los 67 225m/s - s17,CustomItem,Items,1,Completed,,,11.00000,USD,Positive,GGWP!,,,11.00000,USD
98eeee17-6567-4cce-9eb5-5a7a433d1103,2025-12-22 16:09:03,"Money Money Puggy
210m/s - s12",CustomItem,Items,1,Completed,,,15.00000,USD,Positive,GGWP!,,,15.00000,USD
9e0a330d-97b6-412f-9f7d-019b0531b585,2025-12-22 16:04:08,Los Mobilis Yin Yang 242m/s - e,CustomItem,Items,1,Completed,,,12.00000,USD,Positive,GGWP!,,,12.00000,USD
56ce9064-a05f-4fde-85e2-983b8d599ad5,2025-12-22 15:47:15,Radioactive Los Candies 195.5m/s - s18,CustomItem,Items,1,Completed,,,10.00000,USD,Positive,Helpful and responsive,,,10.00000,USD
17d64cba-e84d-4f45-9ad7-aacf751daa16,2025-12-22 14:53:58,Mieteteira Bicicleteira 156m/s | s13,CustomItem,Items,1,Completed,,,7.00000,USD,Positive,fast oder,,,7.00000,USD
1bcd4ca9-38d6-49ef-b748-16ce6f9f7fc0,2025-12-22 14:53:20,Gold Spaghetti Tualetti 195m/s - s3,CustomItem,Items,1,Completed,,,13.00000,USD,Positive,GGWP!,,,13.00000,USD
bcea8135-94a8-455d-bd61-0bc14ceadc83,2025-12-22 14:46:35,Los Puggies 270m/s - s17,CustomItem,Items,1,Completed,,,17.00000,USD,Positive,Good communication,,,17.00000,USD
8380c7eb-02e3-43cb-b2e3-9ad7faf58e98,2025-12-22 14:43:32,"Gold
Esok Sekolah
37.5m/s - s8",CustomItem,Items,1,Completed,,,3.50000,USD,Positive,Ei bro werys my esok sekola,,,3.50000,USD
251a4018-b399-4f39-9837-81f730f8ef8c,2025-12-22 14:43:08,Gold La taco combinasion 341.2m/s - s7,CustomItem,Items,1,Completed,,,20.00000,USD,Positive,Good communication,,,20.00000,USD
b15e6e61-fb19-4e0f-8c07-7fd08194449b,2025-12-22 14:32:09,Radioactive Los 67 258.7m/s - s3,CustomItem,Items,1,Completed,,,13.00000,USD,Positive,As described,,,13.00000,USD
627bd567-904d-4083-87c2-2a711659376c,2025-12-22 14:16:04,Los 67 140.6m/s | y,CustomItem,Items,1,Completed,,,7.00000,USD,Positive,Fast delivery,,,7.00000,USD
6c4b2c1e-d96b-4ec3-992f-95ea41bd2c93,2025-12-22 14:06:42,La Spooky Grande 294m/s - s18,CustomItem,Items,1,Completed,,,18.00000,USD,Positive,Extra mile,,,18.00000,USD
786470a5-88f3-40c5-a862-31081772ff1e,2025-12-22 13:30:12,La Spooky Grande 545.1m/s | y,CustomItem,Items,1,Completed,,,30.00000,USD,Positive,Au top et très réactif!,,,30.00000,USD
aa2c1ddf-ece1-4dbd-a018-977f3e586589,2025-12-22 13:23:11,La Grande Combinasion 225m/s | s11,CustomItem,Items,1,Completed,,,13.00000,USD,Positive,Good price,,,13.00000,USD
e4df2418-1aea-4c07-a5b2-20cce1eaa82e,2025-12-22 13:15:27,"Yin-Yang
Los 67 213.7m/s - s7",CustomItem,Items,1,Completed,,,10.00000,USD,Positive,GOAT,,,10.00000,USD
688f7962-cafd-4e0e-a374-f5eeff66b034,2025-12-22 13:08:49,"Radioactive
Chicleteira Noelteira
127.5m/s - s12",CustomItem,Items,1,Completed,,,6.00000,USD,Positive,GOAT,,,6.00000,USD
3b70e93d-a900-47a7-9ca2-89ada5710834,2025-12-22 12:41:36,Esok Sekolah 90m/s - s8,CustomItem,Items,1,Completed,,,4.00000,USD,Positive,GGWP,,,4.00000,USD
afcf14a1-fb44-4e4c-bef5-da15acfaedcf,2025-12-22 12:34:14,Orcaledon 200m/s - s10,CustomItem,Items,1,Completed,,,15.00000,USD,Positive,"Gentil cool ",,,15.00000,USD
2eda5eee-2ef8-4c88-8cda-cddbcfd4f0e0,2025-12-22 12:33:12,"Galaxy
Los Combinasionas
225m/s - s10",CustomItem,Items,1,Completed,,,11.00000,USD,Positive,GOAT,,,11.00000,USD
70ac74a1-0120-43e0-9878-c1131c6b3d55,2025-12-22 12:22:58,Spaghetti Tualetti 240m/s | s11,CustomItem,Items,1,Completed,,,15.00000,USD,Positive,As described,,,15.00000,USD
ab3526b2-edcf-4eb4-9622-8a40385ff49e,2025-12-22 12:20:01,La Taco Combinasion 105m/s - s18,CustomItem,Items,1,Completed,,,11.00000,USD,Positive,Good communication,,,11.00000,USD
9b7d0977-55ca-4ad7-afdb-d1be582378ec,2025-12-22 12:17:24,Los Spooky Combinasionas 330m/s | y,CustomItem,Items,1,Completed,,,15.00000,USD,Positive,Fast delivery,,,15.00000,USD
840e5746-0644-4b84-a62a-c64a3423e840,2025-12-22 12:16:53,Esok Sekolah 30m/s - s8,CustomItem,Items,1,Completed,,,3.50000,USD,Positive,As described,,,3.50000,USD
1f65a2e9-c6f7-47d3-b13f-6d707b555386,2025-12-22 11:43:27,Esok Sekolah 30m/s - s8,CustomItem,Items,1,Completed,,,3.50000,USD,Positive,easy,,,3.50000,USD
ea4a22ef-f571-48be-aa19-82a039e6a1d0,2025-12-22 11:41:17,Galaxy Los 67 247.5m/s - e,CustomItem,Items,1,Completed,,,12.00000,USD,Positive,Fast delivery,,,12.00000,USD
a9c8cff2-e8c5-4a55-992c-b859d63b3bd3,2025-12-22 11:36:53,La Jolly Grande 240m/s - s18,CustomItem,Items,1,Completed,,,15.00000,USD,Positive,"très bon discutions ",,,15.00000,USD
8be8ddc1-2f4b-47c5-a3db-113d19c22bed,2025-12-22 11:34:37,Radioactive Los Candies 195.5m/s - way,CustomItem,Items,1,Completed,,,10.00000,USD,Positive,GGWP!,,,10.00000,USD
a8c4f3c6-4197-4bc3-a31f-9d627a5f4b99,2025-12-22 11:33:46,Candy Los Candies 207m/s - s18,CustomItem,Items,1,Completed,,,12.00000,USD,Positive,He was quick and real,,,12.00000,USD
62847c36-fbc1-4f9e-9477-e3ec81128ca7,2025-12-22 11:29:24,La Jolly Grande 157.5m/s | s13,CustomItem,Items,1,Completed,,,10.00000,USD,Positive,He was kind and he was fast.Buy from him you wont regret it,,,10.00000,USD
30a696bc-07e1-4f3c-bfc1-f8ec8885e7f4,2025-12-22 11:19:59,Los Mobilis 275m/s | snd,CustomItem,Items,1,Completed,,,12.00000,USD,Positive,GGWP,,,12.00000,USD
c65b03f2-7041-4851-a62d-8e81d3ddee48,2025-12-22 11:19:25,"Candy
Chimino 224m/s - way",CustomItem,Items,1,Completed,,,11.00000,USD,Positive,As described,,,11.00000,USD
7593a5f0-9576-48fa-b209-ef149bc5c059,2025-12-22 10:47:35,"Los Mobilis
132m/s - s12",CustomItem,Items,1,Completed,,,6.00000,USD,Positive,Fast delivery,,,6.00000,USD
d4df75f0-dc97-454d-8e7e-7425f84f43ee,2025-12-22 10:45:04,Mieteteira Bicicleteira 143m/s | s13,CustomItem,Items,1,Completed,,,6.00000,USD,Positive,GOAT,,,6.00000,USD
0cb80758-6e78-4731-8353-2dfa854b1335,2025-12-22 10:26:52,Los Spooky Combinasionas 100m/s | y -snd22,CustomItem,Items,1,Completed,,,6.00000,USD,Positive,GGWP,,,6.00000,USD
c5465675-0bbb-4cd2-9c73-edb777940c79,2025-12-22 10:25:25,"Candy
Swaggy Bros 520m/s - s12",CustomItem,Items,1,Completed,,,30.00000,USD,Positive,He’s so fast guys 💯💯💯,,,30.00000,USD
16b746cc-5deb-47b7-8c0a-2543a6d1490b,2025-12-22 10:08:33,"W or L
510m/s - s7",CustomItem,Items,1,Completed,,,30.00000,USD,Positive,Helpful and responsive,,,30.00000,USD
0a2c3eae-f081-479f-b409-176945df17c8,2025-12-22 10:07:40,Los 67 253m/s | s11,CustomItem,Items,1,Completed,,,11.00000,USD,Positive,GGWP!,,,11.00000,USD
a9896d43-9fbb-485e-8998-892da858008c,2025-12-22 09:40:43,La Ginger Sekolah 375m/s - s7,CustomItem,Items,1,Completed,,,20.00000,USD,Positive,As described,,,20.00000,USD
26f567b6-d607-4a84-b3bd-92b6fee772f1,2025-12-22 09:37:43,Los 67 180m/s - way,CustomItem,Items,1,Completed,,,9.00000,USD,Positive,"Fast and quick ",,,9.00000,USD
b89d21b6-4d8e-45a5-a2c0-dd8dc9743b1a,2025-12-22 09:30:25,"Los Mobilis
132m/s - s12",CustomItem,Items,1,Completed,,,6.00000,USD,Positive,Mega sigma boyy,,,6.00000,USD
b476543f-8add-4149-9d45-364fce6344c1,2025-12-22 09:20:43,Radioactive La Grande Combinasion 105m/s - s16,CustomItem,Items,1,Completed,,,8.00000,USD,Positive,very very fast,,,8.00000,USD
b8188963-67f4-4164-bf29-75c72bf6c8b2,2025-12-22 08:58:01,Yin Yang Los Combinasionas 247.5m/s - way,CustomItem,Items,1,Completed,,,10.00000,USD,Positive,Good communication,,,10.00000,USD
4888f6cf-8d46-4e86-b489-f16776083d80,2025-12-22 08:45:47,Esok Sekolah 30m/s - s8,CustomItem,Items,1,Completed,,,3.50000,USD,Positive,Extra mile,,,3.50000,USD
50990e1d-e320-4b3a-9973-06b92e3ca53b,2025-12-22 08:44:22,Esok Sekolah 30m/s - s8,CustomItem,Items,1,Completed,,,3.50000,USD,Positive,GGWP!,,,3.50000,USD
197644c5-ae75-469f-9172-713b00756eff,2025-12-22 08:42:18,Esok Sekolah 30m/s - s8,CustomItem,Items,2,Completed,,,3.50000,USD,Positive,Good price,,,7.00000,USD
db57b292-ff2b-419f-9a43-cf08847b412b,2025-12-22 08:30:42,Esok Sekolah 30m/s - s8,CustomItem,Items,1,Completed,,,3.50000,USD,Positive,Fast delivery,,,3.50000,USD
ec800875-1451-4084-9cd2-80cc2cbe73ea,2025-12-22 08:21:59,Esok Sekolah 30m/s - s8,CustomItem,Items,1,Completed,,,3.50000,USD,Positive,"Good ",,,3.50000,USD
708b42e3-cd32-48be-bbe1-8e655f85eb5f,2025-12-22 07:58:04,Lava Los Candies 184m/s - s18,CustomItem,Items,1,Completed,,,10.00000,USD,Positive,"good service
",,,10.00000,USD
9d21cf62-8f65-44ac-b714-9fd6c43a1df7,2025-12-22 06:31:29,Los Mobilis YY 165m/s | y -snd,CustomItem,Items,1,Completed,Seller_Delivered_But_Order_Not_Received,He didn’t give me nothing huge scam,7.00000,USD,Positive,I got everything very tuff stuff,,,7.00000,USD
4102e9c9-6531-49ba-bb1e-8f77eaf28532,2025-12-22 05:31:07,La Spooky Grande 122.5m/s | y,CustomItem,Items,1,Completed,,,8.00000,USD,Positive,Fast delivery,,,8.00000,USD
7e6a1574-a3ed-4081-813d-9ee51d913df8,2025-12-22 03:53:07,"Candy Los Candies
172.5m/s - s7",CustomItem,Items,1,Completed,,,8.50000,USD,Positive,GGWP,,,8.50000,USD
862f48b1-32a8-47ba-96b5-23d760aa41f5,2025-12-22 03:40:00,"Radioactive
Chimino
119m/s - s10",CustomItem,Items,1,Completed,,,6.00000,USD,Positive,GOAT,,,6.00000,USD
58762a1c-6033-42de-8b51-f1a97902a4ab,2025-12-22 03:22:12,Esok Sekolah 210m/s - s8,CustomItem,Items,1,Completed,,,9.50000,USD,Positive,Very great service! Very nice and patient with me! Was very helpful when i bought it. 10/10 would recommend!,,,9.50000,USD
001ec2a8-0f84-464b-851c-4976971294c6,2025-12-22 03:20:07,Esok Sekolah 30m/s - s8,CustomItem,Items,2,Completed,,,3.50000,USD,Positive,GOAT,,,7.00000,USD
a85854b4-56f7-4fc5-b77e-ffd8f20bc0a7,2025-12-22 03:03:05,Chimnino 238m/s 4 Trait - s18,CustomItem,Items,1,Completed,,,13.00000,USD,Positive,GOAT,,,13.00000,USD
74710f0d-a80c-4c89-a8a5-fc00c859065e,2025-12-22 00:48:58,Mieteteira Bicicleteira 156m/s | s13,CustomItem,Items,1,Completed,,,7.00000,USD,Positive,Fast delivery,,,7.00000,USD
184f62d9-b33e-4957-9a64-8855d8b022f6,2025-12-21 23:47:31,Radioactive Los 67 236.2m/s - s7,CustomItem,Items,1,Completed,,,11.00000,USD,Positive,GGWP!,,,11.00000,USD
b8ba148e-6070-479a-a444-874f951067bf,2025-12-21 23:18:52,Radioactive Los Candies 195.5m/s - s16,CustomItem,Items,1,Completed,,,10.00000,USD,Positive,He did not scam,,,10.00000,USD
1dc26ae0-670c-44b7-b9f8-e458611d903e,2025-12-21 23:13:22,Los 67 Radioactive 191.2m/s | y -snd22,CustomItem,Items,1,Completed,,,8.00000,USD,Positive,"He was fast and nice ",,,8.00000,USD
98a663c7-aa6b-4f7f-a537-507aecad005a,2025-12-21 16:24:08,Gold Money Money Puggy 131.2m/s - e,CustomItem,Items,1,Completed,,,13.00000,USD,Positive,Helpful and responsive,,,13.00000,USD
e103a4a6-0dc6-46b0-91ac-63bf1b351583,2025-12-21 16:21:40,"Rainbow
Chimino
140m/s - way",CustomItem,Items,1,Completed,,,8.00000,USD,Positive,G,,,8.00000,USD
101b5b77-0353-41eb-b1a4-fc9d006abd7b,2025-12-21 16:19:02,"Lava
La Ginger Sekolah
675m/s - way",CustomItem,Items,1,Completed,,,35.00000,USD,Positive,GGWP,,,35.00000,USD
547bfffe-7854-4205-ada9-0b3906cefba5,2025-12-21 16:14:20,Esok Sekolah 150m/s - s8,CustomItem,Items,1,Completed,,,7.00000,USD,Positive,"Good, decently fast",,,7.00000,USD
3aa6c666-fb18-4171-b408-5caca762ac9c,2025-12-21 16:12:18,Gold Los Combinasionas 153.7m/s - s7,CustomItem,Items,1,Completed,,,7.00000,USD,Positive,Good communication,,,7.00000,USD
851eba2c-c236-4964-baa3-2ecfd230eb25,2025-12-21 16:10:39,Swaggy Bros 480m/s | s13,CustomItem,Items,1,Completed,,,25.00000,USD,Positive,Fast delivery,,,25.00000,USD
ce7606af-7e59-463c-8c51-9b583483e31d,2025-12-21 16:02:10,"La Spooky Grande
183.7m - s10",CustomItem,Items,1,Completed,,,9.00000,USD,Positive,"Good ",,,9.00000,USD
cbdafa44-67d4-40bb-a568-85c6a5d0f38f,2025-12-21 16:01:52,Diamond Chillin Chili 362.5m/s 4 Trait - s18,CustomItem,Items,1,Completed,,,25.00000,USD,Positive,Extra mile,,,25.00000,USD
bca15dbb-11e4-4572-9a61-9bebf7ec0f97,2025-12-21 15:49:43,Diamond Spaghetti Tualetti 330m/s - s10,CustomItem,Items,1,Completed,,,17.00000,USD,Positive,GOAT,,,17.00000,USD
977a054b-9958-4f47-a972-1b4ec68dd230,2025-12-21 15:48:05,Mieteteira Bicicleteira 156m/s | s13,CustomItem,Items,1,Completed,,,7.00000,USD,Positive,GGWP!,,,7.00000,USD
2e951eb4-f742-4a8f-9b76-a9008c4473d6,2025-12-21 15:47:40,"Candy Los Combinasionas
120m/s - s10",CustomItem,Items,1,Completed,,,6.00000,USD,Positive,Extra mile,,,6.00000,USD
253191ab-8eda-43d1-b4dc-1fc030e61a74,2025-12-21 15:45:21,Eviledon 189m/s | s13,CustomItem,Items,1,Completed,,,14.00000,USD,Positive,Extra mile,,,14.00000,USD
1a60b9e4-c96b-4797-9bbb-f908ed39591a,2025-12-21 15:39:42,Los Candies 310m/s | s13,CustomItem,Items,1,Completed,,,15.00000,USD,Positive,GGWP,,,15.00000,USD
2589fa7b-ba78-49dc-b367-f5d148f7c2f6,2025-12-21 15:37:26,Swaggy Bros 520m - s7,CustomItem,Items,1,Completed,,,30.00000,USD,Positive,As described,,,30.00000,USD
dab389b8-8f49-483e-ba96-9acd511f2f5e,2025-12-21 15:37:09,Galaxy Los Combinasionas 270m/s - n,CustomItem,Items,1,Completed,,,13.00000,USD,Positive,Fast delivery,,,13.00000,USD
adc1d4da-8ff4-4637-9e0b-b3950c5db8ca,2025-12-21 15:29:23,Los 67 157.5m/s - n,CustomItem,Items,1,Completed,,,7.00000,USD,Positive,GOAT,,,7.00000,USD
e4e0b6e5-8cae-49cf-a211-06037597c771,2025-12-21 15:28:38,Galaxy Los Mobilis 264m/s - s3,CustomItem,Items,1,Completed,,,12.00000,USD,Positive,Good communication,,,12.00000,USD
b074e814-5ad0-42c8-836f-19909d5366e0,2025-12-21 15:25:04,La Spooky Grande 122.5m/s | y,CustomItem,Items,1,Completed,,,8.00000,USD,Positive,GGWP!,,,8.00000,USD
ede90b0a-34f0-4660-a05d-0ed86999b71b,2025-12-21 15:21:42,"Radioactive
Los Candies
310.5m/s - s7",CustomItem,Items,1,Completed,,,15.00000,USD,Positive,"Très bien merci ",,,15.00000,USD
c8892ef0-241d-4784-b123-1513579d77c4,2025-12-21 15:16:23,"Gold
Los Combinasionas
93.7m/s - s12",CustomItem,Items,1,Completed,,,4.50000,USD,Positive,Very fast and helpful was very nice ☺️,,,4.50000,USD
15c4e642-c900-4be7-8683-8834a9755f0f,2025-12-21 15:03:37,Los Candies 138m/s | s13,CustomItem,Items,1,Completed,,,7.00000,USD,Positive,Fast delivery,,,7.00000,USD
423a4299-e08c-4d26-b45b-0f262287ab8b,2025-12-21 14:45:53,Los Mobilis YY 253m/s | s11,CustomItem,Items,1,Completed,,,12.00000,USD,Positive,Fast delivery,,,12.00000,USD
595cb9c1-ae06-4435-858d-971b6d740680,2025-12-21 14:26:55,Spaghetti Tualetti 600m/s - s18,CustomItem,Items,1,Completed,,,30.00000,USD,Positive,"Very God and fast ",,,30.00000,USD
949432d1-7b7b-4cc6-934e-5ac7df70aada,2025-12-21 14:16:16,La Spooky Grande 349.1m/s | s11,CustomItem,Items,1,Completed,,,20.00000,USD,Positive,Fast delivery,,,20.00000,USD
08318996-f671-47dc-b383-34757b95671b,2025-12-21 14:15:43,Esok Sekolah 90m/s - s8,CustomItem,Items,1,Completed,,,4.00000,USD,Positive,Good communication,,,4.00000,USD
0a36264a-60d1-48d7-a4c1-b5521d43dac8,2025-12-21 14:13:41,"Radioactive
Los Puggies
525m/s - way",CustomItem,Items,1,Completed,,,25.00000,USD,Positive,As described,,,25.00000,USD
5a76d757-da34-4548-975d-8cc63fb1e66b,2025-12-21 14:09:21,"Mieteteira Bicicleteira
169m/s - s7",CustomItem,Items,1,Completed,,,8.00000,USD,Positive,Under 5 minutes delivery time,,,8.00000,USD
9ddbfd89-4115-4cc6-94a1-577c34ff0126,2025-12-21 14:08:07,Los Candies 310m/s | s13,CustomItem,Items,1,Completed,,,15.00000,USD,Positive,"FAST ",,,15.00000,USD
b63fb981-37d4-477f-bf4b-dc16016e0530,2025-12-21 14:00:23,Rainbow Los Candies 230m/s - s16,CustomItem,Items,1,Completed,,,15.00000,USD,Positive,Fast delivery,,,15.00000,USD
e811a263-fa13-4ab8-9803-5b6ba3d4bb44,2025-12-21 13:57:23,"Gold
Chimino
129.5m - s7",CustomItem,Items,1,Completed,,,6.00000,USD,Positive,GGWP,,,6.00000,USD
47a37b24-f957-4dea-955a-28572bca699c,2025-12-21 13:55:59,Los Puggies 510m/s | s13,CustomItem,Items,1,Completed,,,25.00000,USD,Positive,He was quick and simple,,,25.00000,USD
0b3e68e3-9e20-4117-89e3-3b1d8d1999d7,2025-12-21 13:41:00,"Spaghetti Tualetti
240m/s - s7",CustomItem,Items,1,Completed,,,15.00000,USD,Positive,GGWP,,,15.00000,USD
52d487cf-4a48-4649-aef4-0f1ddb22abb2,2025-12-21 13:37:25,Diamond Esok Sekolah 45m/s - s8,CustomItem,Items,1,Completed,,,4.50000,USD,Positive,VERY FAST BUT NOT ENOUGH,,,4.50000,USD
84685ed0-4abe-4c7c-ac9f-419a985ccbb3,2025-12-21 13:20:48,Esok Sekolah 30m/s - s8,CustomItem,Items,1,Completed,,,3.50000,USD,Positive,Fast delivery,,,3.50000,USD
b5373d97-65d9-4063-9d7d-1c7becac00bc,2025-12-21 13:19:16,"Lava
Los Mobilis
132m/s - s7",CustomItem,Items,1,Completed,,,7.00000,USD,Positive,As described,,,7.00000,USD
d084d15d-3259-4d83-bbec-5bdbdc469cf2,2025-12-21 13:11:47,Los 67 303.7m/s - n,CustomItem,Items,1,Completed,,,15.00000,USD,Positive,Good price,,,15.00000,USD
59dca1f8-3685-4116-b63a-6cc44b02071e,2025-12-21 13:11:14,"Diamond Los 25
135m/s - s10",CustomItem,Items,1,Completed,,,6.00000,USD,Positive,Extremely fast trusted,,,6.00000,USD
19078975-f39a-4996-abd2-698a995c0c42,2025-12-21 13:10:16,Los Mobilis YY 165m/s | y -snd,CustomItem,Items,1,Completed,,,7.00000,USD,Positive,Kind,,,7.00000,USD
7ad85b71-856c-4f77-8b38-e3ea5f395690,2025-12-21 13:05:37,Esok Sekolah 30m/s - s8,CustomItem,Items,1,Completed,,,3.50000,USD,Positive,GGWP!,,,3.50000,USD
5aa140b1-a5b5-4d02-8b22-3b2efbb06d9c,2025-12-21 12:49:55,Eviledon 157.5m/s | y,CustomItem,Items,1,Completed,,,12.00000,USD,Positive,GGWP,,,12.00000,USD
59703da4-a73d-44de-aa49-a4493fc52843,2025-12-21 12:47:11,"La Spooky Grande
183.7m - s10",CustomItem,Items,1,Canceled,,,9.00000,USD,Unrated,,Cancelation_Of_Reserved_Order,,9.00000,USD
38aae1e8-7504-4075-bf47-76c900a6aa1c,2025-12-21 12:43:50,Mieteteira Bicicleteira 156m/s - way,CustomItem,Items,1,Completed,,,7.00000,USD,Positive,Il scam pas venez acheter,,,7.00000,USD
a3e6936a-4d39-406b-af0a-d5819da9e444,2025-12-21 12:34:19,"Chimino
266m/s - s7",CustomItem,Items,1,Completed,,,13.00000,USD,Positive,GGWP,,,13.00000,USD
96a56740-01fe-49b4-b929-f71dfdd66177,2025-12-21 12:19:59,Galaxy La Grande Combinasion 70m/s - s3,CustomItem,Items,1,Completed,,,6.00000,USD,Positive,Good price,,,6.00000,USD
d2321dd6-4f18-4fb6-b359-6dd8dfe96673,2025-12-21 12:18:18,Swaggy Bros 130m/s - s18,CustomItem,Items,1,Completed,,,12.00000,USD,Positive,Fast delivery,,,12.00000,USD
03d4bc65-2384-423d-8072-04c3e626f5ec,2025-12-21 12:08:46,Los Spooky Combinasionas 240m/s | y -snd,CustomItem,Items,1,Completed,Cannot_Claim_Purchase_Due_To_InGame_Issues,,12.00000,USD,Positive,Good price,,,12.00000,USD
12ed47b5-1945-4ecc-add9-30358ee59d69,2025-12-21 12:05:07,Esok Sekolah 30m/s - s8,CustomItem,Items,1,Completed,,,3.50000,USD,Positive,GGWP!,,,3.50000,USD
ec97be0f-4a14-4e15-b829-510805484b1a,2025-12-21 12:00:26,Los Puggies 180m/s - s16,CustomItem,Items,1,Completed,,,13.00000,USD,Positive,Good communication,,,13.00000,USD
768b4330-56a9-47a7-9bf3-03c19ae13a62,2025-12-21 11:59:50,Rainbow Los Candies 230m/s - s16,CustomItem,Items,1,Completed,,,15.00000,USD,Positive,"fast
",,,15.00000,USD
4ee52d45-0dae-40fc-bce0-004bd0cc5899,2025-12-21 11:55:15,Gold Money Money Puggy 131.2m/s - n,CustomItem,Items,1,Completed,,,13.00000,USD,Positive,"Fiable y rápido ",,,13.00000,USD
4bda9f58-d1b1-4ccc-a0b0-9b1eda0a07e5,2025-12-21 11:49:39,Esok Sekolah 30m/s - s8,CustomItem,Items,1,Completed,,,3.50000,USD,Positive,Good price,,,3.50000,USD
97f5838c-7b81-46fd-bf61-abcd46fa2336,2025-12-21 11:48:38,Esok Sekolah 30m/s - s8,CustomItem,Items,1,Canceled,Other,Accident,3.50000,USD,Unrated,,Buyer_Provided_Incorrect_Account_Information,,3.50000,USD
81c7d2ca-5d68-4068-bf0f-27baa3797461,2025-12-21 11:33:07,Los Spooky Combinasionas 170m/s | y -snd22,CustomItem,Items,1,Completed,,,8.00000,USD,Positive,Fast delivery,,,8.00000,USD
642713d9-5304-4004-a0a9-56e7de8b9300,2025-12-21 11:32:41,"Rainbow
Chimino
140m/s - way",CustomItem,Items,1,Completed,,,8.00000,USD,Positive,As described,,,8.00000,USD
b64d091a-72c9-4720-94e7-24fac07b2d7b,2025-12-21 11:28:38,Los Mobilis YY 165m/s | s11,CustomItem,Items,1,Completed,,,7.00000,USD,Positive,Good price,,,7.00000,USD
da96270b-0ca8-4b94-959d-1ef1f476ff51,2025-12-21 11:27:50,"Gold
Esok Sekolah
37.5m/s - s8",CustomItem,Items,1,Completed,,,3.50000,USD,Positive,Good price,,,3.50000,USD
c269f2b4-23a7-49f1-8504-3d9d5710fb62,2025-12-21 11:07:43,Los Mobilis Rainbow 220m/s | y,CustomItem,Items,1,Completed,,,12.00000,USD,Positive,GOAT,,,12.00000,USD
a1c5cc13-f177-4a02-b619-9cf05855d110,2025-12-21 10:55:35,Los 67 270m/s - s18,CustomItem,Items,1,Completed,,,13.00000,USD,Positive,Good communication,,,13.00000,USD
3cf07b4a-5c01-426f-b777-dbe39e272f2d,2025-12-21 10:34:40,Los Mobilis YY 165m/s | s11,CustomItem,Items,1,Completed,,,7.00000,USD,Positive,Good communication,,,7.00000,USD
864bb817-42c3-40c1-9f01-40b1321a8645,2025-12-21 10:24:28,Los Puggies 180m/s - s16,CustomItem,Items,1,Completed,,,13.00000,USD,Positive,Helpful and responsive,,,13.00000,USD
71fb0c65-9f09-41aa-9356-b403abba2b2a,2025-12-21 10:22:29,Los Candies 195.5m/s | snd,CustomItem,Items,1,Completed,,,10.00000,USD,Positive,Fast delivery,,,10.00000,USD
cfe53eda-aa6c-4492-954f-c9dc0258d7fe,2025-12-21 10:07:45,"Diamond
Ketupat Kepat
227.5m/s - s12",CustomItem,Items,1,Completed,,,18.00000,USD,Positive,Good communication,,,18.00000,USD
a6823e40-03b6-46ea-bf30-6c7df5b8fdb2,2025-12-21 09:59:30,Los 67 382.5m/s - s16,CustomItem,Items,1,Completed,,,14.00000,USD,Positive,Fast guy,,,14.00000,USD
dd4fe15c-2713-4d73-b5ee-578e0eab6587,2025-12-21 09:48:29,Esok Sekolah 150m/s - s8,CustomItem,Items,1,Completed,,,7.00000,USD,Positive,Fast delivery,,,7.00000,USD
f399a8f8-5b27-40f2-92e8-6e0f31a39e60,2025-12-21 09:42:21,Swaggy Bros 600m/s - s7,CustomItem,Items,1,Completed,,,35.00000,USD,Positive,Good communication,,,35.00000,USD
b8abd0b7-d4d1-48da-9a53-dbdea14747b4,2025-12-21 09:27:31,Radioactive Los Candies 195.5m/s - n,CustomItem,Items,1,Completed,,,10.00000,USD,Positive,Good communication,,,10.00000,USD
3613df65-a083-4406-a0ff-637f301f8aa2,2025-12-21 09:22:23,W or L 480m/s - s12,CustomItem,Items,1,Completed,,,30.00000,USD,Positive,Fast delivery,,,30.00000,USD
4cc4d7c6-35ce-482c-8fab-84b9af90f6a6,2025-12-21 09:03:56,"Los Mobilis
132m/s - s7",CustomItem,Items,1,Completed,,,6.00000,USD,Positive,trusted,,,6.00000,USD
603a9c09-0db6-471e-acbe-7d23df864ec9,2025-12-21 09:03:20,Esok Sekolah 150m/s - s8,CustomItem,Items,1,Completed,,,7.00000,USD,Positive,Fast delivery,,,7.00000,USD
bc8ea98a-1642-4aeb-ad57-c0ddb00d2948,2025-12-21 09:03:15,"Diamond
Spaghetti Tualetti
210m/s - way",CustomItem,Items,1,Completed,,,12.00000,USD,Positive,super fast delivery,,,12.00000,USD
ad1445b7-fb38-4b08-88d6-46847fd5fbcb,2025-12-21 09:00:33,Los Combinasionas 187.5m/s | s13,CustomItem,Items,1,Completed,,,8.00000,USD,Positive,As described,,,8.00000,USD
d5617914-20fc-4ac8-a49f-3bde0eee2959,2025-12-21 08:22:31,Los Puggies 255m/s | s13,CustomItem,Items,1,Completed,,,15.00000,USD,Positive,Extra mile,,,15.00000,USD
5a192970-a734-43cc-bb91-9d14550d7cf9,2025-12-21 08:12:58,Radioactive Los Candies 195.5m/s - n,CustomItem,Items,1,Completed,,,10.00000,USD,Positive,Good communication,,,10.00000,USD
6bda2e12-c338-401b-8b95-6030015212c5,2025-12-21 08:08:17,Los Candies 195.5m/s | snd,CustomItem,Items,1,Canceled,,,10.00000,USD,Unrated,,Buyer_Did_Not_Respond,,10.00000,USD
7a75a34f-bd01-4662-845a-cb1bad9afe84,2025-12-21 08:04:40,Esok Sekolah 30m/s - s8,CustomItem,Items,1,Canceled,,,3.50000,USD,Unrated,,Buyer_Did_Not_Respond,,3.50000,USD
a82d8f99-6089-4d56-b0a4-738122bafe24,2025-12-21 07:56:43,Eviledon 189m/s | s11,CustomItem,Items,1,Completed,,,14.00000,USD,Positive,Good price,,,14.00000,USD
8fb1b686-c97f-497a-961c-6f7aef4ad8c5,2025-12-21 07:47:08,Esok Sekolah 180m/s - s8,CustomItem,Items,1,Completed,,,8.00000,USD,Positive,GGWP,,,8.00000,USD
b8057864-9475-45b2-944a-ffce8a5eab7c,2025-12-21 07:43:41,Esok Sekolah 30m/s - s8,CustomItem,Items,1,Completed,,,3.50000,USD,Positive,Extra mile,,,3.50000,USD
597108f2-21a0-41e7-86e9-d8c8544b71f4,2025-12-21 07:43:40,Los Puggies 180m/s - s16,CustomItem,Items,1,Completed,,,13.00000,USD,Positive,Good price,,,13.00000,USD
311149ac-1e0f-4f4a-ac43-b57154b7caf0,2025-12-21 07:38:09,Rainbow Chimnino 308m/s 3 Trait - s18,CustomItem,Items,1,Completed,,,15.00000,USD,Positive,Fast delivery,,,15.00000,USD
01f11cdc-4bf6-4e4b-9373-4d965acdfc1d,2025-12-21 07:34:41,Esok Sekolah 30m/s - s8,CustomItem,Items,1,Completed,,,3.50000,USD,Positive,"The best ",,,3.50000,USD
5618269e-b58f-4924-be26-ed850d245f4a,2025-12-21 07:24:10,Los Puggies 180m/s - s16,CustomItem,Items,1,Completed,,,13.00000,USD,Positive,Good communication,,,13.00000,USD
3d4b9973-c696-45a3-b00c-e2969a42ffcb,2025-12-21 07:19:59,"Yin-Yang
Chicleteira Noelteira
247.5m/s - s7",CustomItem,Items,1,Completed,,,12.00000,USD,Positive,Extra mile,,,12.00000,USD
0dd0ffca-d4e2-4ee0-838a-fd60279a17b4,2025-12-21 07:14:42,"Los 67
180m/s - way",CustomItem,Items,1,Completed,,,9.00000,USD,Positive,Good price,,,9.00000,USD
2b62abcf-6876-4693-a31b-8e0069bb6c6d,2025-12-21 07:14:31,Esok Sekolah 30m/s - s8,CustomItem,Items,1,Completed,,,3.50000,USD,Positive,Good price,,,3.50000,USD
c03e0593-aa8b-4de2-9bc2-287245494a05,2025-12-21 07:10:25,Los Puggies 180m/s - s16,CustomItem,Items,1,Completed,,,13.00000,USD,Positive,As described,,,13.00000,USD
05cf1da9-7114-4565-bee8-911ab3a0d414,2025-12-21 07:07:20,Los Puggies 180m/s - s16,CustomItem,Items,1,Completed,,,13.00000,USD,Positive,Helpful and responsive,,,13.00000,USD
c1462f87-53f1-4478-a9d7-2421ceb3c4c9,2025-12-21 07:04:47,"Rainbow
Los Candies 230m/s - way",CustomItem,Items,1,Completed,,,13.00000,USD,Positive,Extra mile,,,13.00000,USD
3b05c8ad-7885-4ab6-9b9e-91f4a5a749f0,2025-12-21 06:51:43,"Yin-Yang
La Grande Combinasion - s10",CustomItem,Items,1,Completed,,,7.00000,USD,Positive,"Thank you so much ",,,7.00000,USD
b4c881cd-a304-4ec1-82bc-7c0b817dff23,2025-12-21 06:28:30,Eviledon 157.5m/s - s7,CustomItem,Items,1,Completed,,,10.00000,USD,Positive,As described,,,10.00000,USD
26f7fdb7-8ca3-4257-9aa1-52f441b29c27,2025-12-21 06:00:21,Candy Money Money Puggy 147m/s - s18,CustomItem,Items,1,Completed,,,14.00000,USD,Positive,GGWP!,,,14.00000,USD
5c34b60c-5386-409d-8762-d5905590949f,2025-12-21 05:57:29,Yin-Yang la taco combinasion 367.5m/s - s12,CustomItem,Items,1,Completed,,,25.00000,USD,Positive,Fast delivery,,,25.00000,USD
c7fc98dd-1ba7-4467-90e0-698e1aaae26a,2025-12-21 05:35:43,Esok Sekolah 30m/s - s8,CustomItem,Items,1,Completed,,,3.50000,USD,Positive,He is very good and trusted,,,3.50000,USD
f6a6ef5b-c716-4e16-a8d2-74f02597b24a,2025-12-21 05:18:06,"Los Candies
138m/s - way",CustomItem,Items,1,Completed,,,7.00000,USD,Positive,GGWP,,,7.00000,USD
7896a67a-cfcd-40f2-b74f-54393432e33c,2025-12-21 05:12:49,"W or L
450m/s - s12",CustomItem,Items,1,Completed,,,30.00000,USD,Positive,Good communication,,,30.00000,USD
0020ce02-b260-4634-885d-8e4659ce7678,2025-12-21 05:01:54,Yin Yang Los Mobilis YY 253m/s - n,CustomItem,Items,1,Completed,Other,Accidentally ordered it,12.00000,USD,Positive,GOAT,,,12.00000,USD
7c846e7d-4799-480a-8d6f-dcb94776d703,2025-12-21 04:44:26,Los 67 202.5m/s - n,CustomItem,Items,1,Completed,,,10.00000,USD,Positive,"I was able to trust the seller and I was able to safely take the item. They were very nice and I'm happy we were able to make he transaction complete. ",,,10.00000,USD
a2417bb4-c193-438a-a66c-4a881bff9644,2025-12-21 04:09:16,Rainbow Spaghetti Tualetti 600m/s - e,CustomItem,Items,1,Completed,,,30.00000,USD,Positive,Extra mile,,,30.00000,USD
f55819aa-fa25-40fe-8f68-65e6ab763ea6,2025-12-21 03:45:35,Swaggy Bros Rainbow 400m/s | s11,CustomItem,Items,1,Completed,Other,Takes to long,30.00000,USD,Positive,Wow,,,30.00000,USD
7af55060-87b0-4a48-b806-710e3639d5c2,2025-12-21 03:43:09,Los 67 Galaxy 157m/s | y -smd22,CustomItem,Items,1,Completed,,,7.00000,USD,Positive,Extra mile,,,7.00000,USD
923b8b5b-88ec-4bc0-a1bc-20ce1d64a13f,2025-12-21 03:41:51,La Taco Combinasion 420m/s - s16,CustomItem,Items,1,Completed,,,30.00000,USD,Positive,"Quick and easy ",,,30.00000,USD
ada0d941-94ef-4c28-8fbf-7da9191b3812,2025-12-21 03:35:49,"Los Combinasionas
142.5m/s - way",CustomItem,Items,1,Completed,,,7.00000,USD,Positive,Fast!,,,7.00000,USD
e90f01ea-69a3-44be-98d0-63bddecadc5f,2025-12-21 03:13:31,la taco combinasion 385m/s - s12,CustomItem,Items,1,Completed,,,20.00000,USD,Positive,GGWP,,,20.00000,USD
5cd64300-647b-4fb2-a98c-9ea407c69553,2025-12-21 03:09:25,Los Puggies 180m/s - s16,CustomItem,Items,1,Completed,,,13.00000,USD,Positive,Fast delivery,,,13.00000,USD
19a75216-44ec-4e71-8155-cd8e581df807,2025-12-21 02:59:52,"Los Mobilis
132m/s - s7",CustomItem,Items,1,Completed,,,6.00000,USD,Positive,Good communication,,,6.00000,USD
3f79476f-a1d1-4203-b2b9-f2dd2d7ed61f,2025-12-21 02:54:25,"Candy Los Candies
207m/s - s7",CustomItem,Items,1,Completed,Seller_Delivered_But_Order_Not_Received,,10.00000,USD,Positive,Extra mile,,,10.00000,USD
eeba5019-d40c-401b-b760-835601ad9511,2025-12-21 02:51:10,Swaggy Bros 280m/s | y,CustomItem,Items,1,Completed,,,18.00000,USD,Positive,"this is a very good seller and he gave in under 10 minutes
",,,18.00000,USD
4e31e4b4-5dcb-4c0d-98c2-ec1f059dc552,2025-12-21 02:42:17,Spaghetti Tualetti 450m/s - e,CustomItem,Items,1,Completed,,,20.00000,USD,Positive,Good price,,,20.00000,USD
461b6ed3-c4c5-4fa3-8c7b-fa917d8497e8,2025-12-21 02:32:01,Los Combinasionas 210m/s - s10,CustomItem,Items,1,Completed,,,10.00000,USD,Positive,GGWP,,,10.00000,USD
66c75ebc-2b47-42f5-a628-e0f120f38632,2025-12-21 02:22:28,"Los Candies
207m/s - s7",CustomItem,Items,1,Completed,,,10.00000,USD,Positive,Fast delivery,,,10.00000,USD
5216abd5-0e0d-4672-ab72-17882a89229d,2025-12-21 02:21:03,Los 67 315m/s - s3,CustomItem,Items,1,Completed,,,15.00000,USD,Positive,Fast delivery,,,15.00000,USD
0d2679db-6ea2-4d3b-b15d-d08860e72da2,2025-12-21 02:09:20,Los Combinasionas Rainbow 150m/s | y -snd,CustomItem,Items,1,Completed,,,7.00000,USD,Positive,Fast delivery,,,7.00000,USD
c816aad1-350c-45cc-82e2-12b45135a362,2025-12-21 02:03:07,Gold La Jolly Grande 247.5m/s - s7,CustomItem,Items,1,Completed,,,15.00000,USD,Positive,Good communication,,,15.00000,USD
19f07f13-e964-40ac-83f7-afde355786de,2025-12-21 01:51:38,La Grande Combinasion 85m/s | y,CustomItem,Items,1,Completed,,,7.00000,USD,Positive,Lovely,,,7.00000,USD
28a3f330-0109-450b-b040-cc288a536f52,2025-12-21 01:24:09,Eviledon 409m/s - s3,CustomItem,Items,1,Completed,,,23.00000,USD,Positive,Top 👌 thks,,,23.00000,USD
c2296a13-bbed-453a-90ff-b372fdec57bc,2025-12-21 01:17:03,Los Primos 186m/s | y,CustomItem,Items,1,Completed,,,15.00000,USD,Positive,Helpful and responsive,,,15.00000,USD
59711c4c-8d7c-46df-96b5-08aff56d0e24,2025-12-21 00:56:32,"Esok Sekolah
120m/s - s8",CustomItem,Items,1,Completed,,,6.00000,USD,Positive,As described,,,6.00000,USD
1262555c-e49a-442d-8ff6-9c84c1f957a1,2025-12-21 00:49:56,Money Money Puggy 105m/s - e,CustomItem,Items,1,Completed,,,10.00000,USD,Positive,GGWP,,,10.00000,USD
a0ff4a73-3ae3-4f2c-9a91-768d2428f894,2025-12-21 00:41:00,Esok Sekolah 30m/s - s8,CustomItem,Items,1,Completed,,,3.50000,USD,Positive,As described,,,3.50000,USD
290508ce-be1b-4382-a669-2cbc512b93a7,2025-12-21 00:40:41,Esok Sekolah 30m/s - s8,CustomItem,Items,1,Canceled,,,3.50000,USD,Unrated,,Buyer_Provided_Incorrect_Account_Information,buyer dont cooperate,3.50000,USD
110dcc61-b151-46d2-911e-e4736780546b,2025-12-21 00:35:14,"Galaxy
Chimino
140m/s - s7",CustomItem,Items,1,Completed,,,7.00000,USD,Positive,Good communication,,,7.00000,USD
ed3df8e1-8c88-4489-a002-6fabb0f28127,2025-12-21 00:15:23,Los Candies Galaxy 161m/s | y,CustomItem,Items,1,Completed,,,9.00000,USD,Positive,GGWP,,,9.00000,USD
9de994ed-173b-41bd-8fcf-678545759227,2025-12-20 23:55:10,Los Mobilis 110m/s - way,CustomItem,Items,1,Completed,,,5.00000,USD,Positive,"GGWPP!!!!
",,,5.00000,USD
d2d08fa9-934a-4632-bff4-6a1dbf346d17,2025-12-20 23:33:22,Yin Yang Los Combinasionas 187.5m/s - e,CustomItem,Items,1,Completed,,,9.00000,USD,Positive,Helpful and responsive,,,9.00000,USD
8b318ac4-4f14-47f0-b064-f0efe5cbc8ce,2025-12-20 23:32:21,Los Candies 218.5m/s - way,CustomItem,Items,1,Completed,,,10.00000,USD,Positive,Helpful and responsive,,,10.00000,USD
64607436-504b-413c-8649-048323ef40c5,2025-12-20 23:26:17,Rainbow Esok Sekolah 405m/s - e,CustomItem,Items,1,Completed,,,18.00000,USD,Positive,Helpful and responsive,,,18.00000,USD
eb741338-9341-40ac-83c3-657225094897,2025-12-20 23:20:22,La Taco Combinasion 210m/s - e,CustomItem,Items,1,Completed,,,15.00000,USD,Positive,Trusted and they for really good stuff,,,15.00000,USD
c815dd89-47b6-4610-8d7c-986152898d67,2025-12-20 23:19:59,Eviledon 189m/s - e,CustomItem,Items,1,Completed,,,15.00000,USD,Positive,It was great,,,15.00000,USD
a24f9a6a-42f7-4851-b594-34f4dd5a96b7,2025-12-20 17:04:02,Los Combinasionas 48.7m/s | s11,CustomItem,Items,1,Completed,,,4.00000,USD,Positive,Extra mile,,,4.00000,USD
dd5d012e-69b0-41bf-a7e3-68e6ab67e950,2025-12-20 17:00:35,Los 67 Galaxy 157.5m/s | y,CustomItem,Items,1,Completed,,,7.00000,USD,Positive,GOAT,,,7.00000,USD
eb5b5281-d6d9-4c65-aec6-4a7671f80ac2,2025-12-20 16:33:54,Gold Spaghetti Tualetti 315m/s - s10,CustomItem,Items,1,Completed,,,15.00000,USD,Positive,As described,,,15.00000,USD
16171226-773d-41c4-bb1d-18a1169bd462,2025-12-20 16:17:58,"Los 67
270m/s - s10",CustomItem,Items,1,Completed,,,13.00000,USD,Positive,GOAT,,,13.00000,USD
141877ce-fc48-4d06-9120-77cdccd2f1f0,2025-12-20 15:55:46,Radioactive Los Spooky Combinasionas 210m/s - s3,CustomItem,Items,1,Completed,,,10.00000,USD,Positive,Fast delivery,,,10.00000,USD
b3f83d26-043a-4ca7-8466-d185aa48675a,2025-12-20 15:46:44,Gold Swaggy Bros 170m/s - s3,CustomItem,Items,1,Completed,,,15.00000,USD,Positive,thank you w,,,15.00000,USD
8b694b67-b5fe-4783-8dcc-bbc07ea8019a,2025-12-20 15:38:07,Los Mobilis YY 231 m/s | y,CustomItem,Items,1,Completed,,,10.00000,USD,Positive,GGWP,,,10.00000,USD
77a74468-9a12-4055-97de-a28cc2ca5ff3,2025-12-20 15:29:17,Los 67 Candy 270m/s | s11,CustomItem,Items,1,Completed,,,13.00000,USD,Positive,As described,,,13.00000,USD
3f4e5713-7cad-4432-91bd-fc1fb0640fcf,2025-12-20 15:28:33,Radioactive Spaghetti Tualetti 510m/s - e,CustomItem,Items,1,Completed,,,25.00000,USD,Positive,GGWP,,,25.00000,USD
7e37b602-263b-4c88-b3b4-7688ed58088e,2025-12-20 15:25:34,Esok Sekolah 240m/s - s8,CustomItem,Items,1,Completed,,,11.00000,USD,Positive,Good seller 😃,,,11.00000,USD
96e5df5e-3ba8-42d2-a505-fb014b61e7ba,2025-12-20 15:11:58,"Gold
Spaghetti Tualetti
255m/s - way",CustomItem,Items,1,Completed,,,15.00000,USD,Positive,GGWP,,,15.00000,USD
6432e925-4e47-4476-b417-c34111afa67a,2025-12-20 15:03:01,Los Combinasionas 180m/s - way,CustomItem,Items,1,Completed,,,10.00000,USD,Positive,GOAT,,,10.00000,USD
ba1c164c-ac1d-48de-9337-e311a5ae3f50,2025-12-20 14:57:49,Esok Sekolah 90m/s - s8,CustomItem,Items,1,Completed,,,4.00000,USD,Positive,Good price,,,4.00000,USD
04c38346-e0b5-43f0-86fd-87ed2f4e82a1,2025-12-20 14:54:31,Eviledon 189m/s - s3,CustomItem,Items,1,Completed,,,15.00000,USD,Positive,Got what I paid for,,,15.00000,USD
2b5ec52d-4f78-4bc7-8470-ab80ee9c153d,2025-12-20 14:46:47,Mieteteira Bicicleteira 32.5m/s - s7,CustomItem,Items,1,Completed,,,4.00000,USD,Positive,Fast delivery,,,4.00000,USD
c18bdc13-cd44-4b89-bdb6-307f0522e028,2025-12-20 14:28:53,La Grande Combinasion 85m/s | s11,CustomItem,Items,1,Completed,,,7.00000,USD,Positive,Extra mile,,,7.00000,USD
ce416eca-41d7-4bfd-bb90-554d849e1792,2025-12-20 14:13:32,Los Candies Rainbow 230m/s | s11,CustomItem,Items,1,Completed,,,15.00000,USD,Positive,Good price,,,15.00000,USD
a28da6fa-dae9-48fd-a765-6046ec6ef9c0,2025-12-20 14:08:40,"Radioactive
Chicleteira Noelteira 247.5m/s - way",CustomItem,Items,1,Completed,,,12.00000,USD,Positive,GOAT,,,12.00000,USD
7a48515f-d87a-4771-8721-76b34c63096a,2025-12-20 13:54:17,Los Mobilis YY 264m/s | y,CustomItem,Items,1,Canceled,,,12.00000,USD,Unrated,,Out_Of_Stock,,12.00000,USD
a2980a5e-3532-4819-b4fb-11200e084dcf,2025-12-20 13:49:57,Los Mobilis YY 264m/s | y,CustomItem,Items,1,Completed,,,12.00000,USD,Positive,Good price,,,12.00000,USD
0277cdd7-3ff6-44e8-b68f-3b21bcbc4ce7,2025-12-20 13:44:29,Los Puggies 255m/s | s11,CustomItem,Items,1,Completed,,,15.00000,USD,Positive,Great seller!! Definitely would buy from them again!,,,15.00000,USD
6711e48e-bce8-4e68-a79c-2d74fe4d74e5,2025-12-20 13:41:37,Los Combinasionas 180m/s | s13,CustomItem,Items,1,Completed,,,7.00000,USD,Positive,Good communication,,,7.00000,USD
d65497f7-a1f1-44e8-8f78-7c9ce0551f47,2025-12-20 13:41:20,Los 67 225m/s - n,CustomItem,Items,1,Completed,,,11.00000,USD,Positive,Helpful and responsive,,,11.00000,USD
6c482cf6-6ec7-4cee-b224-f252862feebb,2025-12-20 13:36:08,Gold Spaghetti Tualetti 315m/s - s10,CustomItem,Items,1,Completed,,,15.00000,USD,Positive,Helpful and responsive,,,15.00000,USD
264634c2-fa38-4f65-9e9f-c036c353d218,2025-12-20 13:18:14,Money Money Puggy 178.5m/s | s11,CustomItem,Items,1,Completed,,,13.00000,USD,Positive,Fast delivery,,,13.00000,USD
373e706c-58fd-471e-962d-74f99e77ecba,2025-12-20 13:00:09,Los Spooky Combinasionas 240m/s | s13,CustomItem,Items,1,Completed,,,12.00000,USD,Positive,Extra mile,,,12.00000,USD
3ea195f1-4aeb-4613-bc85-44a2e653f531,2025-12-20 12:33:21,Spaghetti Tualetti 240m/s - s7,CustomItem,Items,1,Completed,,,15.00000,USD,Positive,GOAT,,,15.00000,USD
8f25e9ab-d11a-4c57-bf80-e157ec67df2f,2025-12-20 12:23:33,Los Mobilis YY 242m/s | y,CustomItem,Items,1,Completed,,,11.00000,USD,Positive,Helpful and responsive,,,11.00000,USD
0cad1ced-9021-4690-82c9-f0588408891a,2025-12-20 12:19:47,La Spooky Grande 324.6m/s - s11,CustomItem,Items,1,Completed,,,20.00000,USD,Positive,THIS GUY IS A W HE GAVE ME SOMETHING THAT MAKES EXTRA MONEY THAN LISTED SO BUY FROM THIS GUY,,,20.00000,USD
1d818afc-31de-4718-ba0b-2c23c0320a75,2025-12-20 12:16:32,Los Spooky Combinasionas 200m/s | s13,CustomItem,Items,1,Completed,,,10.00000,USD,Positive,GGWP!,,,10.00000,USD
22d09fc6-f29f-4943-acc2-710f5e43712c,2025-12-20 12:10:44,Los Spooky Combinasionas - s10,CustomItem,Items,1,Completed,,,7.00000,USD,Positive,Legit and the fastest,,,7.00000,USD
a278cf63-a422-48fe-815e-fb2c4d7ddbce,2025-12-20 11:49:28,Radioactive Los 67 191.2m/s - s3,CustomItem,Items,1,Completed,,,10.00000,USD,Positive,Good price,,,10.00000,USD
6f0323dd-bbe0-42b8-911e-d796d86d5933,2025-12-20 11:48:46,Radioactive Swaggy Bros 340m/s - e,CustomItem,Items,1,Completed,,,20.00000,USD,Positive,"Very quick ",,,20.00000,USD
07ae802e-d9c7-4e92-b6c4-0d9fccc81a21,2025-12-20 11:43:12,Swaggy Bros 200m/s - way,CustomItem,Items,1,Completed,,,15.00000,USD,Positive,早いすぐにチャットしてくれた,,,15.00000,USD
c212342f-6331-4513-bd02-01bbf3785cfc,2025-12-20 11:39:40,Rainbow Esok Sekolah 390m/s - e,CustomItem,Items,1,Completed,,,17.00000,USD,Positive,Good communication,,,17.00000,USD
9896ad22-1813-45c6-a2a3-68496323c0c6,2025-12-20 11:28:26,Los Mobilis YY 319m/s | y -snd,CustomItem,Items,1,Completed,,,13.00000,USD,Positive,GGWP,,,13.00000,USD
7c928d6d-abbb-4c46-85d0-2ba3d6df2c94,2025-12-20 11:12:39,"Esok Sekolah
120m/s - s8",CustomItem,Items,1,Completed,,,6.00000,USD,Positive,Good price,,,6.00000,USD
ccb395db-c481-4657-8545-412b727379c9,2025-12-20 11:12:37,Eviledon 189m/s - s3,CustomItem,Items,1,Completed,,,15.00000,USD,Positive,Legit and fast,,,15.00000,USD
bb1dedaf-9ef4-42cd-9db6-f9527b0166a7,2025-12-20 11:03:52,Los Spooky Combinasionas 200m/s | y -snd,CustomItem,Items,1,Completed,,,12.00000,USD,Positive,"Fast ",,,12.00000,USD
c0e3bd55-374b-437c-bf69-215c3ef02cbc,2025-12-20 11:03:27,Los 67 180m/s - n,CustomItem,Items,1,Completed,,,9.00000,USD,Positive,It was super fast,,,9.00000,USD
833873ea-2c85-44c4-851d-26a5a82e86f4,2025-12-20 10:58:18,Galaxy Los 67 360m/s - e,CustomItem,Items,1,Completed,,,15.00000,USD,Positive,Extra mile,,,15.00000,USD
5ec7fe83-cf21-4424-aa56-e45a93642a19,2025-12-20 10:18:25,Spaghetti Tualetti 510m/s | y,CustomItem,Items,1,Completed,,,25.00000,USD,Positive,GOAT,,,25.00000,USD
bf79d21c-2960-4bb2-85e0-c679cff40f9f,2025-12-20 10:07:00,Los 25 Radioactive 245m/s | s11,CustomItem,Items,1,Completed,,,15.00000,USD,Positive,GGWP,,,15.00000,USD
0d9a96b8-782d-4070-9ec5-b5e1fc89609d,2025-12-20 10:05:43,Eviledon 393.7m/s - s3,CustomItem,Items,1,Completed,,,24.00000,USD,Positive,Extra mile,,,24.00000,USD
4284a3e1-350d-49ca-b044-4e404d9e1bcb,2025-12-20 09:59:42,Rainbow Los 67 315m/s - s10,CustomItem,Items,1,Completed,,,20.00000,USD,Positive,As described,,,20.00000,USD
f152db09-1e0a-4d38-abdf-fdbe8cd88de9,2025-12-20 09:41:27,Money Money Puggy 105m/s - s16,CustomItem,Items,1,Completed,,,10.00000,USD,Positive,"Quick delivery ",,,10.00000,USD
631c1545-6a72-4cdd-8c10-dec406851a1a,2025-12-20 09:38:18,La Spooky Grande 324.6m/s | s11,CustomItem,Items,1,Completed,,,18.00000,USD,Positive,No scam,,,18.00000,USD
fbde5a42-8ef9-4f6e-a41b-844a3223a688,2025-12-20 09:32:53,Esok Sekolah 30m/s - s8,CustomItem,Items,1,Completed,,,3.50000,USD,Positive,Fast delivery,,,3.50000,USD
bab9887c-562e-4d94-84bc-e00549b66359,2025-12-20 09:08:40,Gold Esok Sekolah 37.5m/s - s8,CustomItem,Items,1,Completed,,,4.00000,USD,Positive,Helpful and responsive,,,4.00000,USD
abd8d74b-36a1-41af-a5b4-3fae9045001e,2025-12-20 09:01:59,Gold Esok Sekolah 37.5m/s - s8,CustomItem,Items,1,Completed,,,4.00000,USD,Positive,As described,,,4.00000,USD
930591b0-4c44-416f-85f3-44613bc45579,2025-12-20 08:39:00,La Taco Combinasion 603.7m/s | s13,CustomItem,Items,1,Completed,,,35.00000,USD,Positive,Good fast and he is verry nice,,,35.00000,USD
c51b5eea-d3ec-47d4-8a21-5f5f7aacc7c0,2025-12-20 08:33:02,Los 67 Galaxy 292m/s | y,CustomItem,Items,1,Completed,,,13.00000,USD,Positive,Good price,,,13.00000,USD
e8a84b17-b0ed-4fb8-a14d-a9aa09792985,2025-12-20 08:31:35,Los Puggies 180m/s | s11,CustomItem,Items,1,Completed,,,12.00000,USD,Positive,Fast delivery,,,12.00000,USD
3f52e532-33d6-4b15-8b0e-00c0524ec0f0,2025-12-20 08:27:38,Eviledon 472.5m/s 3 Trait - e,CustomItem,Items,1,Completed,,,25.00000,USD,Positive,Fast delivery,,,25.00000,USD
b3c00bae-754b-41ef-9f2d-bbaa249a3151,2025-12-20 08:25:26,Orcaledon 3 Traits 560m/s | y,CustomItem,Items,1,Completed,,,30.00000,USD,Positive,As described,,,30.00000,USD
002a1386-c3da-4978-832a-2f3fb6f77023,2025-12-20 08:12:41,Swaggy Bros 120m/s - way,CustomItem,Items,1,Completed,,,10.00000,USD,Positive,"Thank you the best ",,,10.00000,USD
a2ee3640-9489-4db8-9c9d-5f90d51e33d2,2025-12-20 08:12:17,Los Mobilis YY 165m/s | y -snd,CustomItem,Items,1,Completed,,,7.00000,USD,Positive,As described,,,7.00000,USD
887bbb80-837d-454b-9bdf-9af65d98f8bc,2025-12-20 08:08:49,Radioactive Los Combinasionas 172.5m/s - n,CustomItem,Items,1,Completed,,,7.00000,USD,Positive,Really quick and legit,,,7.00000,USD
70f5842e-af88-47a1-bd4c-0ab756fddbd1,2025-12-20 07:40:25,Los 67 236m/s | s11,CustomItem,Items,1,Completed,,,10.00000,USD,Positive,Good price,,,10.00000,USD
aa7a05e8-a0df-4809-8f06-40f9a0139e9b,2025-12-20 07:05:52,Radioactive Los Candies 195.5m/s - e,CustomItem,Items,1,Completed,,,10.00000,USD,Positive,GGWP,,,10.00000,USD
8b87c38b-8b86-4a9e-a9eb-04a061a1c88b,2025-12-20 03:52:51,Chimnino 336m/s 6 Trait - s16,CustomItem,Items,1,Completed,,,13.00000,USD,Positive,amazing!,,,13.00000,USD
d7ed2868-fbfa-4155-88c5-7053fac3f48f,2025-12-20 03:33:54,Eviledon 189m/s | s11,CustomItem,Items,1,Completed,,,14.00000,USD,Positive,Extra mile,,,14.00000,USD
c9b82a53-84db-4b18-b03e-ac621969ee9a,2025-12-20 03:19:55,Mieteteira Bicicleteira 182m/s | s11,CustomItem,Items,1,Completed,,,7.00000,USD,Positive,GGWP!,,,7.00000,USD
64913d4e-b193-48a2-9254-795c7d1665d1,2025-12-20 03:02:39,Esok Sekolah 30m/s - s8,CustomItem,Items,1,Completed,,,3.50000,USD,Positive,Fast delivery,,,3.50000,USD
4f05b751-855f-4978-93fe-c144b28c1588,2025-12-20 02:32:42,La Jolly Grande 450m/s | s13,CustomItem,Items,1,Completed,,,25.00000,USD,Positive,Good communication,,,25.00000,USD
e51bb322-7244-4345-829e-99d76e899dc6,2025-12-20 02:23:17,Swaggy Bros 500m/s 3 Traits | s11,CustomItem,Items,1,Completed,,,30.00000,USD,Positive,Fast delivery,,,30.00000,USD
be2f6ce6-ba07-4478-bf78-d4c95b5d9621,2025-12-20 02:19:55,Eviledon 189m/s | s11,CustomItem,Items,1,Completed,,,14.00000,USD,Positive,As described,,,14.00000,USD
570cd8b8-6e24-4fcb-9832-72b92927b3ab,2025-12-20 02:18:38,Money Money Puggy 231m/s - s3,CustomItem,Items,1,Completed,,,15.00000,USD,Positive,GGWP!,,,15.00000,USD
0f78152d-6d59-40a2-9a33-c22e51755d21,2025-12-20 02:08:14,Diamond Esok Sekolah 45m/s - s8,CustomItem,Items,1,Completed,,,4.50000,USD,Positive,Good communication,,,4.50000,USD
f886003a-10ff-4d64-99a3-43bb049082ab,2025-12-20 01:23:46,"Mieteteira Bicicleteira
156m/s - s7",CustomItem,Items,1,Completed,,,7.00000,USD,Positive,Fast delivery,,,7.00000,USD
2a9547f4-180c-47b5-8457-d8a2f4fc0912,2025-12-20 01:21:47,La Spooky Grande 269.5m/s | y,CustomItem,Items,1,Completed,,,15.00000,USD,Positive,Helpful and responsive,,,15.00000,USD
244e9195-a5c6-409d-afbd-06a949e2ee02,2025-12-20 00:54:16,Chimnino 350m/s 6 Trait - s16,CustomItem,Items,1,Completed,,,15.00000,USD,Positive,Good communication,,,15.00000,USD
71f886d7-7d3a-4676-9be4-e41878d3ff9d,2025-12-20 00:50:44,Los 67 247.5m/s | y,CustomItem,Items,1,Completed,,,11.00000,USD,Positive,GOAT,,,11.00000,USD
00dbf1de-68b4-4d45-a7b3-c2e21a5ebe78,2025-12-20 00:44:48,Mieteteira Bicicleteira YY 195m/s | y,CustomItem,Items,1,Completed,,,8.00000,USD,Positive,GOAT,,,8.00000,USD
8550b641-e18c-4519-848f-dd838cc03b30,2025-12-20 00:42:42,"Radioactive
Los Candies
195.5m/s - s12",CustomItem,Items,1,Completed,,,10.00000,USD,Positive,GGWP!,,,10.00000,USD
55fe3002-13ec-48a4-89c9-eede1f788e84,2025-12-20 00:34:25,"Los Mobilis
132m/s - way",CustomItem,Items,1,Completed,,,6.00000,USD,Positive,Good price,,,6.00000,USD
4e1e5da4-8dc5-49b6-8b4c-ba26d70548ab,2025-12-20 00:18:53,Candy Los 67 382.5m/s - s3,CustomItem,Items,1,Completed,,,14.00000,USD,Positive,Extra mile,,,14.00000,USD
e3a1b270-ccce-494f-b84c-12e342339cab,2025-12-20 00:13:50,Bloodrot Los Puggies 210m/s - n,CustomItem,Items,1,Completed,,,15.00000,USD,Positive,As described,,,15.00000,USD
2932c470-e648-4330-97a1-973ab5533610,2025-12-20 00:02:50,Mieteteira Bicicleteira 195m/s | s11,CustomItem,Items,1,Completed,,,8.00000,USD,Positive,GGWP!,,,8.00000,USD
7b5c3993-2520-40d5-a2fa-a50b41cbbf79,2025-12-20 00:02:33,"Radioactive
Los Candies
195.5m/s - s12",CustomItem,Items,1,Completed,,,10.00000,USD,Positive,GGWP!,,,10.00000,USD
9f8cd810-7f03-4d65-8acc-975e810263af,2025-12-19 23:54:33,Chipso and Queso 262.5m/s | s13,CustomItem,Items,1,Completed,,,18.00000,USD,Positive,GGWP,,,18.00000,USD
4f49f472-5a34-4f3b-a177-898bf7c6b2d4,2025-12-19 23:31:38,Spaghetti Tualetti 240m/s - s7,CustomItem,Items,1,Completed,,,15.00000,USD,Positive,Fast delivery,,,15.00000,USD
c70f1cc1-89a6-417d-bf67-8b06bc79cbb7,2025-12-19 23:31:16,Los Combinasionas Raimbow 195m/s | s11,CustomItem,Items,1,Completed,,,9.00000,USD,Positive,Helpful and responsive,,,9.00000,USD
fd0ce95b-9328-4dd8-a968-5eecd2f94654,2025-12-19 23:13:05,"Los Mobilis
132m/s - way",CustomItem,Items,1,Completed,,,6.00000,USD,Positive,Extra mile,,,6.00000,USD
8511c3c7-5ae0-414e-b1eb-12ce2e599c98,2025-12-19 23:09:12,la taco combinasion 210m/s - s12,CustomItem,Items,1,Completed,,,15.00000,USD,Positive,Fast seller,,,15.00000,USD
e24c4db1-1018-4724-8006-e3e1bd86342c,2025-12-19 23:02:44,Los 25 170m/s 4 Trait - s16,CustomItem,Items,1,Completed,,,12.00000,USD,Positive,GOAT,,,12.00000,USD
0147a160-207e-4a91-9070-f05462dc1eb7,2025-12-19 21:11:14,Los Puggies 180m/s | s11,CustomItem,Items,1,Canceled,Item_Not_Delivered_Within_Delivery_Time,,12.00000,USD,Unrated,,Not_Delivered_Within_Guaranteed_Delivery_Time,,12.00000,USD
9ad6332f-a105-48ed-9b7f-fb2fabf78e79,2025-12-19 16:53:06,Radioactive Los Candies 310.5m/s - s3,CustomItem,Items,1,Completed,,,15.00000,USD,Positive,Good and fast,,,15.00000,USD
da61a503-8a46-4027-87da-cc4d51d12569,2025-12-19 16:44:41,Los Mobilis Lava 132m/s | y -snd,CustomItem,Items,1,Completed,,,6.00000,USD,Positive,GGWP!,,,6.00000,USD
15282850-ea58-4933-ad41-4d8f4134898b,2025-12-19 16:40:37,Los Puggies 180m/s | s11,CustomItem,Items,1,Canceled,,,12.00000,USD,Unrated,,Seller_Going_Offline,,12.00000,USD
ab71dff0-8c40-4c20-806e-b2fa7fbf3b93,2025-12-19 16:38:54,Mieteteira Bicicleteira Lava 286m/s | s13,CustomItem,Items,1,Completed,,,13.00000,USD,Positive,Good price,,,13.00000,USD
023e6cc2-26ae-40cd-bddb-c49c8470b9c7,2025-12-19 16:29:52,"Galaxy
Los Combinasionas
225m/s - s10",CustomItem,Items,1,Canceled,Seller_Delivered_But_Order_Not_Received,,11.00000,USD,Unrated,,Buyer_Did_Not_Respond,,11.00000,USD
c431149f-1cbe-44bd-a31c-100180f4f47b,2025-12-19 16:18:06,"Radioactive
Los Candies
195.5m/s - s7",CustomItem,Items,1,Completed,,,10.00000,USD,Positive,Fast delivery,,,10.00000,USD
9994883a-6926-4e7d-8581-e69e92f7b857,2025-12-19 16:10:10,Mariachi Corazoni 75m/s | s13,CustomItem,Items,1,Completed,,,6.00000,USD,Positive,Fast delivery,,,6.00000,USD
1a1dc8f8-448f-4d6a-91b3-85e99ed1a954,2025-12-19 16:10:07,Swaggy Bros 240m/s - s3,CustomItem,Items,1,Completed,,,15.00000,USD,Positive,GGWP,,,15.00000,USD
db855e1a-3d08-4aac-9094-4d1f9807a384,2025-12-19 16:03:34,Radioactive Los Candies 264.5m/s - s16,CustomItem,Items,1,Completed,,,13.00000,USD,Positive,Extra mile,,,13.00000,USD
e391e241-ada7-46ee-a0fa-eff07b8ee520,2025-12-19 15:32:30,La Taco Combinasion 175m/s - s16,CustomItem,Items,1,Completed,,,15.00000,USD,Positive,Good price,,,15.00000,USD
68140552-ec6b-4d13-83a3-f673745ebbb5,2025-12-19 15:23:20,Mieteteira Bicicleteira 234m/s - way,CustomItem,Items,1,Completed,,,10.00000,USD,Positive,Very good and very fast,,,10.00000,USD
32180ea8-08b7-42d7-985a-b6c4ddda6aa4,2025-12-19 15:21:16,Los Mobilis YY 165m/s | y,CustomItem,Items,1,Completed,,,7.00000,USD,Positive,GGWP!,,,7.00000,USD
739950d0-5aa3-441d-be4a-07726d162bad,2025-12-19 15:13:30,Los Puggies 180m/s - n,CustomItem,Items,1,Completed,,,13.00000,USD,Positive,As described,,,13.00000,USD
0b46b968-7674-4133-b515-d8a58bb68aea,2025-12-19 14:58:32,Candy Los 67 - s10,CustomItem,Items,1,Completed,,,8.00000,USD,Positive,Fast delivery,,,8.00000,USD
3f05f4a7-a4db-4700-a900-1c68b5deb638,2025-12-19 14:55:55,"Radioactive
Los Candies
195.5m/s - s7",CustomItem,Items,1,Completed,,,10.00000,USD,Positive,Good communication,,,10.00000,USD
6375370e-44d7-4b80-bf58-63896927d6dc,2025-12-19 14:55:05,Eviledon 315m/s | s11,CustomItem,Items,1,Completed,,,20.00000,USD,Positive,very fast,,,20.00000,USD
4da70e84-cdd9-4913-8840-664352f9fa4c,2025-12-19 14:16:18,Esok Sekolah 90m/s - s8,CustomItem,Items,1,Completed,,,4.00000,USD,Positive,verry fast ggwp!,,,4.00000,USD
5e48fe66-886e-4163-adf1-0a668e119371,2025-12-19 13:05:13,Swaggy Bros 200m/s - way,CustomItem,Items,1,Completed,,,15.00000,USD,Positive,GGWP,,,15.00000,USD
77f6efdd-4be3-4aed-93c5-42746a02c957,2025-12-19 12:51:01,"Chimino
252m/s - s10",CustomItem,Items,1,Completed,,,12.00000,USD,Positive,As described,,,12.00000,USD
ea6c1b00-7195-4ac7-8516-8ae54cc425b4,2025-12-19 11:56:20,Los Mobilis 236m/s | s13,CustomItem,Items,1,Completed,,,10.00000,USD,Positive,"Fast order ",,,10.00000,USD
7e092011-0b3c-4b0c-a902-93786aba93c0,2025-12-19 11:52:28,La Taco Combinasion 253.7m/s | s13,CustomItem,Items,1,Completed,,,20.00000,USD,Positive,Good price,,,20.00000,USD
b0a91d72-bb29-43ce-b212-eadd5f47caa6,2025-12-19 11:39:39,Eviledon 409m/s - s16,CustomItem,Items,1,Completed,,,22.00000,USD,Positive,Extra mile,,,22.00000,USD
0aece5d4-b0ce-4715-b583-22a797f7ce82,2025-12-19 11:21:24,Money Money Puggy 210m/s | s13,CustomItem,Items,1,Completed,,,15.00000,USD,Positive,GOAT,,,15.00000,USD
ba4bd967-69e7-4455-85aa-1093edd5fbd0,2025-12-19 11:10:33,Lava Los Mobilis 176m/s - s3,CustomItem,Items,1,Completed,,,8.00000,USD,Positive,GGWP!,,,8.00000,USD
cff67190-dc99-4d6b-866a-83f3f00b923f,2025-12-19 11:10:06,Radioactive Los Candies 241.5m/s - s16,CustomItem,Items,1,Completed,,,14.00000,USD,Positive,GOAT,,,14.00000,USD
48f6e95e-cbfb-4a0e-91e0-2479ba87e682,2025-12-19 06:23:20,Chipso and Queso 262.5m/s | s13,CustomItem,Items,1,Canceled,,,18.00000,USD,Unrated,,Other,504 Error the server,18.00000,USD
2e6f4b6e-bcce-4518-ba80-9932d96b0b09,2025-12-19 06:09:53,"Esok Sekolah
120m/s - s8",CustomItem,Items,1,Completed,,,6.00000,USD,Positive,GGWP,,,6.00000,USD
e35e7cfa-c9cd-4c50-b39f-f79e5035bb83,2025-12-19 05:50:49,Diamond Esok Sekolah 150m/s - s8,CustomItem,Items,1,Canceled,,,7.00000,USD,Unrated,,Out_Of_Stock,,7.00000,USD
8ada82d8-f110-4dcb-9b41-f7fdeba6d322,2025-12-19 05:47:52,Money Money Puggy 126m/s - s3,CustomItem,Items,1,Completed,,,13.00000,USD,Positive,The fastest delivery! I will definitely buy again from this seller. GGWP!,,,13.00000,USD
1dabe831-a824-4c78-8a9e-32a35972d6c8,2025-12-19 05:33:45,Gold Los Spaghettis 437.5m/s - e,CustomItem,Items,1,Completed,,,25.00000,USD,Positive,GGWP,,,25.00000,USD
36a15705-66f2-4f85-9d6e-dc61512f95e6,2025-12-19 05:24:29,Gold Esok Sekolah 97.5m/s - s8,CustomItem,Items,1,Canceled,,,5.00000,USD,Unrated,,Out_Of_Stock,,5.00000,USD
063818da-f738-4d46-b887-cd9914f7607b,2025-12-19 05:19:42,Esok Sekolah 210m/s - s8,CustomItem,Items,1,Canceled,Other,"I was wrong  ",9.50000,USD,Unrated,,Buyer_Does_Not_Need_It_Anymore,,9.50000,USD
cdfda3ae-f4a3-4ec2-a5b5-fb104c720517,2025-12-19 05:09:53,Los Puggies 270m/s - e,CustomItem,Items,1,Completed,,,20.00000,USD,Positive,GGWP,,,20.00000,USD
112b4956-560f-4541-a3f1-480554c389e4,2025-12-19 04:59:10,Los Mobilis Galaxy 154 m/s | y,CustomItem,Items,1,Completed,,,6.00000,USD,Positive,As described,,,6.00000,USD
9de52ac1-3cb6-462b-9484-299e4f89c581,2025-12-19 04:57:00,Los Mobilis 132m/s - way,CustomItem,Items,1,Canceled,,,6.00000,USD,Unrated,,Mutual_Agreement,,6.00000,USD
2309d45e-364e-4925-ab69-640ab33cd097,2025-12-19 04:52:59,Radioactive Money Money Puggy 178.5m/s - n,CustomItem,Items,1,Completed,,,15.00000,USD,Positive,GGWP!,,,15.00000,USD
82c2b365-24a5-4479-8e74-45be7aba655a,2025-12-19 04:36:36,Los Combinasionas 180m/s | s11,CustomItem,Items,1,Completed,,,9.00000,USD,Positive,As described,,,9.00000,USD
3e3f257d-650d-49ee-9a7d-d9e10e65c6e6,2025-12-19 03:57:09,Diamond Esok Sekolah 105m/s - s8,CustomItem,Items,1,Completed,,,5.00000,USD,Positive,GGWP!,,,5.00000,USD
bc1a508b-0212-48d5-b170-0677da018c25,2025-12-19 03:43:44,"Lava
Los 67
202.5m/s - s12",CustomItem,Items,1,Completed,Other,he blocked me after the picture and took it back,10.00000,USD,Positive,Fast delivery,,,10.00000,USD
719b2b94-cc18-4479-bb34-0d151c11e631,2025-12-19 03:32:41,Los 67 Radioactive 191.2m/s | y -snd22,CustomItem,Items,1,Completed,,,8.00000,USD,Positive,Fast and kind and sexy,,,8.00000,USD
889e854a-d37b-42e6-948f-92420098311a,2025-12-19 03:27:42,Rainbow La Grande Combinasion 120m/s - s3,CustomItem,Items,1,Completed,,,11.00000,USD,Positive,Extra mile,,,11.00000,USD
324deb5e-2951-4d19-bc8f-b05441fc570c,2025-12-19 03:24:32,Gold Esok Sekolah 37.5m/s - s8,CustomItem,Items,1,Completed,,,4.00000,USD,Positive,Loved it so nice,,,4.00000,USD
17a6b603-b928-420e-a32f-21176d247ecc,2025-12-19 03:15:08,"Yin-Yang
Mieteteira Bicicleteira
195m/s - way",CustomItem,Items,1,Completed,,,10.00000,USD,Positive,Good communication,,,10.00000,USD
f4b438b8-27f4-4243-aef4-b10c33f5d2fe,2025-12-19 03:14:38,Gold Los Combinasionas 18.7m - way,CustomItem,Items,1,Completed,,,2.00000,USD,Positive,"good
",,,2.00000,USD
2abf1804-799d-4422-89a9-ae82d573c73f,2025-12-19 03:05:43,La Taco Combinasion 455m/s - e,CustomItem,Items,1,Completed,,,30.00000,USD,Positive,Extra mile,,,30.00000,USD
ae118377-f1bc-4808-a5ba-e4c135b710b7,2025-12-19 02:48:12,"Galaxy
Chicleteira Noelteira 180m/s - s10",CustomItem,Items,1,Completed,,,9.00000,USD,Positive,As described,,,9.00000,USD
ffc2a1e0-a2a4-4da7-aba5-b5116e8c7b9e,2025-12-19 02:29:11,Los Candies 230m/s - s7,CustomItem,Items,1,Completed,,,11.00000,USD,Positive,Extra mile,,,11.00000,USD
c8954348-4e2c-4e7b-8e27-83b0067774bd,2025-12-19 02:19:12,Los Mobilis 286m/s | s13,CustomItem,Items,1,Completed,,,13.00000,USD,Positive,"Cool went smoothly ",,,13.00000,USD
d52fe275-ba5a-4187-b274-8d9288eb55c3,2025-12-19 01:55:02,Radioactive Los Candies 195.5m/s - s3,CustomItem,Items,1,Completed,,,10.00000,USD,Positive,Fast delivery,,,10.00000,USD
a10e8348-c686-4bc9-bd8d-d9afda5b4f28,2025-12-19 01:47:19,Mieteteira Bicicleteira 156m/s | s11,CustomItem,Items,1,Completed,,,7.00000,USD,Positive,GGWP!,,,7.00000,USD
abf81876-ec80-4ace-955e-679aa933af93,2025-12-19 01:40:20,Los Combinasionas 108.7m/s | s13,CustomItem,Items,1,Completed,,,5.00000,USD,Positive,GGWP!,,,5.00000,USD
5c8dc339-ba26-4402-8fb9-740b19515e85,2025-12-19 01:31:26,"Candy
Los Mobilis
88m/s - s7",CustomItem,Items,1,Completed,,,5.00000,USD,Positive,GGWP!,,,5.00000,USD
1d1c5e1e-e4fa-47a4-ad3c-23e66b92f716,2025-12-19 01:27:23,Gold Los 25 182.5m/s 4 Trait - s3,CustomItem,Items,1,Completed,,,12.00000,USD,Positive,Fast delivery,,,12.00000,USD
c93cd4ab-88e1-4ff2-bc91-901c61a96102,2025-12-19 01:21:35,Esok Sekolah 30m/s - s8,CustomItem,Items,1,Completed,,,3.50000,USD,Positive,Helpful and responsive,,,3.50000,USD
f12e259d-d701-40c4-a556-959b00c4f627,2025-12-19 01:20:54,Candy La Spooky Grande 269.5m/s - e,CustomItem,Items,1,Completed,,,20.00000,USD,Positive,GGWP!,,,20.00000,USD
99183301-49d1-4e4c-9554-9110a25f0869,2025-12-19 01:20:51,"Gold Spaghetti Tualetti
195m/s - s10",CustomItem,Items,1,Completed,Other,"I never got it
",13.00000,USD,Positive,Extra mile,,,13.00000,USD
b1ab0152-95f2-4972-89d0-5b8e316c21b8,2025-12-19 00:58:50,Esok Sekolah 150m/s - s8,CustomItem,Items,1,Completed,,,7.00000,USD,Positive,Helpful and responsive,,,7.00000,USD
1e9b1316-7580-41bd-95c1-9cd863b8b0bc,2025-12-19 00:35:22,Esok Sekolah 150m/s - s8,CustomItem,Items,1,Completed,,,7.00000,USD,Positive,"GREAT SERVICE ",,,7.00000,USD
e1c8e4ca-f5ab-4995-806b-d431034a527a,2025-12-19 00:11:54,Los Spooky Combinasionas 100m/s | s13,CustomItem,Items,1,Completed,,,6.00000,USD,Positive,Extra mile,,,6.00000,USD
ec65ce44-b39a-4a15-9aca-bd23ca681b61,2025-12-18 23:46:35,Esok Sekolah 30m/s - s8,CustomItem,Items,2,Completed,,,3.50000,USD,Positive,Extra mile,,,7.00000,USD
0990c595-0dda-486d-bf2b-6897ff3635a4,2025-12-18 23:14:52,Rainbow Chimino 434m/s 6 Trait - s16,CustomItem,Items,1,Completed,,,17.00000,USD,Positive,Good price,,,17.00000,USD
22375f0a-020f-4657-98e9-65bbdfeb438b,2025-12-18 23:14:01,Rainbow La Grande Combinasion 140m/s - e,CustomItem,Items,1,Completed,,,12.00000,USD,Positive,GOAT,,,12.00000,USD
23561818-6ef8-4457-ae21-5ad8ee3237bb,2025-12-18 16:39:10,Gold La Ginger Sekolah 393.7m/s - s10,CustomItem,Items,1,Completed,,,30.00000,USD,Positive,GGWP,,,30.00000,USD
83b65119-7ca8-401c-b13f-80605ecf99bd,2025-12-18 16:04:38,Spaghetti Tualetti 420m/s | y -snd,CustomItem,Items,1,Completed,,,20.00000,USD,Positive,Good price,,,20.00000,USD
c91c51f2-07e5-492b-a693-5c4a0606ae78,2025-12-18 15:42:15,La Grande Combinasion rb 170m/s | y,CustomItem,Items,1,Completed,,,11.00000,USD,Positive,nice guy,,,11.00000,USD
664ae13c-9c7a-42b9-bd24-87039454531e,2025-12-18 15:22:38,galaxy Los Mobilis 154m/s - way,CustomItem,Items,1,Completed,,,6.50000,USD,Positive,GGWP!,,,6.50000,USD
7db3b52b-ffc6-497e-84f4-d44b3692150b,2025-12-18 15:01:42,Los Mobilis 132m/s - way,CustomItem,Items,1,Completed,,,6.00000,USD,Positive,GOAT,,,6.00000,USD
af5cf4ad-4e87-415c-879a-362b9a0d5f82,2025-12-18 15:01:13,Radioactive Los Candies 195.5m/s - s3,CustomItem,Items,1,Completed,Seller_Delivered_But_Order_Not_Received,So my user is sea_mine29,10.00000,USD,Positive,Good communication,,,10.00000,USD
f0a48ae6-998b-4de3-b674-9adf24d11c65,2025-12-18 14:38:58,Galaxy La Taco Combinasion 717m/s 3 Trait - e,CustomItem,Items,1,Completed,,,35.00000,USD,Positive,GGWP!,,,35.00000,USD
04b9cab4-75cf-4e11-990e-20320718e599,2025-12-18 14:37:16,"Swaggy Bros
200m/s - s7",CustomItem,Items,1,Completed,,,15.00000,USD,Positive,GOAT,,,15.00000,USD
e8d1fe39-19a7-48a5-ba2d-b62dd0f36536,2025-12-18 14:36:48,"Radioactive
Chimino 147m/s - s10",CustomItem,Items,1,Completed,,,7.00000,USD,Positive,GOAT,,,7.00000,USD
02778511-4ebe-4454-9ab0-1989a4412954,2025-12-18 14:23:44,Los Candies 115m/s | s13,CustomItem,Items,1,Completed,,,6.00000,USD,Positive,GGWP!,,,6.00000,USD
131c83c9-4519-4aae-95ca-c995bfadc323,2025-12-18 14:14:25,Esok Sekolah 30m/s - s8,CustomItem,Items,1,Completed,,,3.50000,USD,Positive,Good price,,,3.50000,USD
104305c5-272a-4816-89fe-d49b9c7e6fa2,2025-12-18 13:29:25,Los 67 168.7m/s | y -snd,CustomItem,Items,1,Completed,,,8.00000,USD,Positive,GOAT,,,8.00000,USD
a30820df-dc18-4f99-bdf5-f519c7c68758,2025-12-18 13:09:28,Los Combinasionas 180m/s | s13,CustomItem,Items,1,Canceled,Seller_Delivered_But_Order_Not_Received,"I don’t get it ",7.00000,USD,Unrated,,Buyer_Did_Not_Respond,,7.00000,USD
6d64837f-27dd-422e-b030-838e96534900,2025-12-18 12:56:04,Los 67 180m/s - s3,CustomItem,Items,1,Completed,Seller_Delivered_But_Order_Not_Received,,9.00000,USD,Positive,Fast delivery,,,9.00000,USD
d336c2fd-03d3-4ff7-ac0c-6f124e4f83e7,2025-12-18 12:52:05,"Gold
La Secret Combinasion
656.2m/s - s12",CustomItem,Items,1,Completed,,,30.00000,USD,Positive,Helpful and responsive,,,30.00000,USD
677d66bd-f270-4af5-a1f9-80afebf6351d,2025-12-18 12:38:05,Radioactive Los Candies 195.5m/s - s3,CustomItem,Items,1,Completed,,,10.00000,USD,Positive,GGWP!,,,10.00000,USD
bc0ee0da-7734-4120-91ab-81301fad2546,2025-12-18 12:17:41,Swaggy Bros 360m/s - s16,CustomItem,Items,1,Completed,,,20.00000,USD,Positive,GGWP!,,,20.00000,USD
9228d7c9-af3c-4063-9f03-73be76a1fcaa,2025-12-18 12:15:15,Los Mobilis 198m/s | s13,CustomItem,Items,1,Completed,,,9.00000,USD,Positive,GOAT,,,9.00000,USD
29cdedfb-816d-41b5-980e-2912e4b0fa58,2025-12-18 11:41:15,Los Mobilis lava 132m/s | y -snd22,CustomItem,Items,1,Completed,,,6.00000,USD,Positive,GGWP,,,6.00000,USD
8980b7cd-d9a5-4280-bed4-ad9d79bedc66,2025-12-18 11:28:08,Los Combinasionas 150m/s | s13,CustomItem,Items,1,Completed,,,6.50000,USD,Positive,Good communication,,,6.50000,USD
8a8d8096-20da-4158-a550-1abb6c22a4fa,2025-12-18 10:34:00,"Galaxy Chimino
252m/s - s7",CustomItem,Items,1,Completed,,,12.00000,USD,Positive,As described,,,12.00000,USD
52544697-ae1e-4b68-9967-e4f86eae9f8f,2025-12-18 10:25:15,Los 67 135m/s - s7,CustomItem,Items,1,Completed,,,6.00000,USD,Positive,Fast delivery,,,6.00000,USD
929dc185-fb1f-4fe3-bd64-03785b0b75f1,2025-12-18 10:20:28,Los Mobilis 198m/s - s10,CustomItem,Items,1,Completed,,,9.00000,USD,Positive,"good experience, good communication",,,9.00000,USD
31dad937-3bdd-4062-a535-30427064650f,2025-12-18 09:15:58,Money Money Puggy 189m/s - e,CustomItem,Items,1,Completed,,,14.00000,USD,Positive,Helpful and responsive,,,14.00000,USD
448f6fcf-89da-48fe-ba1f-c3f56b38bb52,2025-12-18 09:10:24,"Radioactive Los Candies
310.5m - s12",CustomItem,Items,1,Completed,,,15.00000,USD,Positive,"Trochę opuźnione,ale tak jak zamawiałem",,,15.00000,USD
9c9bbc85-9ab1-4552-892f-715f8ecafae3,2025-12-18 08:49:49,Los Mobilis 110m/s | s13,CustomItem,Items,1,Completed,,,5.00000,USD,Positive,Fast delivery,,,5.00000,USD
610afa56-ee79-44d7-b5a2-6e3dab69bc63,2025-12-18 08:46:13,"Gold
swaggy bros 250m/s - s10",CustomItem,Items,1,Completed,,,20.00000,USD,Positive,Helpful and responsive,,,20.00000,USD
dd59ae43-d5e6-421c-9242-06e76d96a51f,2025-12-18 08:39:52,Gold Esok Sekolah 97.5m/s - s8,CustomItem,Items,1,Completed,,,5.00000,USD,Positive,w mans,,,5.00000,USD
08527cb0-33f9-41ae-8317-1f0d80af592d,2025-12-18 08:09:20,Los 67 270m/s - e,CustomItem,Items,1,Completed,,,13.00000,USD,Positive,"Fast and trust worthy
",,,13.00000,USD
f601a307-3f06-447b-9c38-a35db34ec895,2025-12-18 07:59:38,Los 25 180m/s 4 Trait - s3,CustomItem,Items,1,Completed,,,10.00000,USD,Positive,Good price,,,10.00000,USD
debf796a-cda3-4df7-a44e-4806052a085b,2025-12-18 07:57:56,"Los Combinasionas
135m/s - s10",CustomItem,Items,1,Completed,,,6.00000,USD,Positive,GGWP!,,,6.00000,USD
03f986ac-520e-4077-8023-2e30d3bfb5f4,2025-12-18 07:51:19,"Mieteteira Bicicleteira
338m/s - s7",CustomItem,Items,1,Completed,,,15.00000,USD,Positive,Fast,,,15.00000,USD
e8a56854-9b7e-46c5-b800-4c0f3627cd14,2025-12-18 05:17:05,Rainbow Los Mobilis 220m/s - s7,CustomItem,Items,1,Completed,,,13.00000,USD,Positive,GOAT,,,13.00000,USD
53f3fae3-adcb-42c2-8355-8413daed971d,2025-12-18 05:11:13,Rainbow La Grande Combinasion 140m/s - s3,CustomItem,Items,1,Completed,,,12.00000,USD,Positive,GGWP!,,,12.00000,USD
b00cc986-e1dd-40f7-94ae-978875cafe36,2025-12-18 05:03:32,Los Mobilis 264m/s | s13,CustomItem,Items,1,Completed,,,12.00000,USD,Positive,GGWP,,,12.00000,USD
ebdf6457-e889-4bb5-aa7b-999fb5b5a9df,2025-12-18 04:51:34,La Grande Combinasion 85m/s | y,CustomItem,Items,1,Completed,,,6.00000,USD,Positive,Good,,,6.00000,USD
fe16c2af-37c0-41a1-8062-fba3253a59a6,2025-12-18 04:51:15,Mieteteira Bicicleteira 338m/s - s7,CustomItem,Items,1,Completed,,,15.00000,USD,Positive,quick response and fast delivery!,,,15.00000,USD
0de39648-93aa-4df9-a76e-e07a355ea913,2025-12-18 04:46:39,Radioactive los 67 191.2m/s - n,CustomItem,Items,1,Completed,,,9.00000,USD,Positive,Helpful and responsive,,,9.00000,USD
f3777897-ebb6-4770-9b4b-f76d93229c0e,2025-12-18 03:39:49,Radioactive los candies 195.5m/s - s7,CustomItem,Items,1,Completed,,,10.00000,USD,Positive,GGWP!,,,10.00000,USD
bd3eda05-2630-41fe-ba05-eb035d2d584a,2025-12-18 02:40:55,Esok Sekolah 90m/s - s8,CustomItem,Items,1,Completed,,,4.00000,USD,Positive,GGWP,,,4.00000,USD
11d8fe73-162e-4d67-8f7d-deabe0dd7cf0,2025-12-18 02:30:26,"Radioactive
Los Candies
195.5m/s - s12",CustomItem,Items,1,Completed,,,10.00000,USD,Positive,Helpful and responsive,,,10.00000,USD
1b44af3b-26fb-428b-8986-46f4f7c08b4e,2025-12-18 02:19:37,Eviledon 330.7m/s - e,CustomItem,Items,1,Completed,,,22.00000,USD,Positive,As described,,,22.00000,USD
35765b26-99b5-4560-b863-e1402c26533f,2025-12-18 02:06:49,Los Candies 230m/s - s12,CustomItem,Items,1,Completed,,,11.00000,USD,Positive,wee quick,,,11.00000,USD
d2c99bcf-1d92-429d-b5e5-3edef625a247,2025-12-18 01:39:59,Los Spaghettis 420m/s | s11,CustomItem,Items,1,Completed,,,25.00000,USD,Positive,Good communication,,,25.00000,USD
9ad804c9-449f-446f-b77a-84dc4fe77014,2025-12-18 01:30:39,Spaghetti Tualetti 180m/s - way,CustomItem,Items,1,Completed,,,10.00000,USD,Positive,Helpful and responsive,,,10.00000,USD
6f904c65-6a9f-47b8-93df-a3ec9606336f,2025-12-18 00:46:59,Los Mobilis YY 275m/s | y -snd,CustomItem,Items,1,Completed,,,12.50000,USD,Positive,Good price,,,12.50000,USD
01763644-80dd-48cb-a38a-9add0bfc1be3,2025-12-18 00:41:04,Money Money Puggy 126m/s - e,CustomItem,Items,1,Completed,,,13.00000,USD,Positive,GOAT,,,13.00000,USD
738fb07d-3ced-4f83-bbd7-0444087bd2e2,2025-12-18 00:24:21,Los Mobilis YY 253m/s | y,CustomItem,Items,1,Completed,,,12.00000,USD,Positive,GGWP,,,12.00000,USD
fbb1f58a-483d-44be-874f-db4cf7ba0f0c,2025-12-17 23:41:30,Esok Sekolah 360m/s - s8,CustomItem,Items,1,Completed,,,18.00000,USD,Positive,Extra mile,,,18.00000,USD
43b3ce1e-16eb-479b-83ed-2374d825ed5e,2025-12-17 23:31:27,La Grande Combinasion RB 100m/s | s13,CustomItem,Items,1,Completed,,,8.00000,USD,Positive,Extra mile,,,8.00000,USD
e2a1732e-f903-4242-85cb-3fbfbf874738,2025-12-17 23:26:14,"Los Candies
138m/s - s12",CustomItem,Items,1,Completed,,,9.00000,USD,Positive,Good communication,,,9.00000,USD
289a5fce-83ff-446d-b0d2-314782d137e8,2025-12-17 23:22:51,"Radioactive Los Candies
310.5m",CustomItem,Items,1,Completed,,,15.00000,USD,Positive,Very quivk,,,15.00000,USD
4ab14f7d-5d05-48fa-af0f-0503569da412,2025-12-17 23:12:35,"Los Combinasionas
90m/s - s12",CustomItem,Items,1,Completed,,,4.00000,USD,Positive,Fast delivery,,,4.00000,USD
63b068bc-df80-4a01-a268-8d649850c8f6,2025-12-17 16:39:14,Los 67 225m/s - e,CustomItem,Items,1,Completed,,,11.00000,USD,Positive,Fast delivery,,,11.00000,USD
ceff5912-8511-4371-87a3-d866ccd631e8,2025-12-17 16:11:23,Esok Sekolah 210m/s - s8,CustomItem,Items,1,Completed,,,9.50000,USD,Positive,GGWP,,,9.50000,USD
d780e123-d186-4e76-8103-a0f893accbdd,2025-12-17 16:06:10,"Spaghetti Tualetti
240m/s - s10",CustomItem,Items,1,Completed,,,12.00000,USD,Positive,GOAT,,,12.00000,USD
f1ec4262-6eb9-49f2-9c4e-7162596eaee5,2025-12-17 15:53:50,Los Combinasionas Rainbow 150m/s | y -snd,CustomItem,Items,1,Canceled,Item_Not_As_Described,,8.00000,USD,Unrated,,Mutual_Agreement,,8.00000,USD
71f3e24e-c207-499a-82f7-3ccf6dfada7c,2025-12-17 15:51:54,Mieteteira Bicicleteira 234m/s | y,CustomItem,Items,1,Completed,,,11.00000,USD,Positive,SUPER,,,11.00000,USD
81c08fe4-3c16-4129-b831-ec3f7c33402e,2025-12-17 15:33:10,Los Combinasionas 120m/s | s11,CustomItem,Items,1,Completed,,,6.00000,USD,Positive,GGWP!,,,6.00000,USD
c2962263-8e72-48bc-820c-4b502d5888bc,2025-12-17 14:42:08,Yin Yang Los 67 258.7m/s - s3,CustomItem,Items,1,Completed,,,13.00000,USD,Positive,Legit got it W service,,,13.00000,USD
903f6fbe-8dab-46a9-8507-0a0810e61e44,2025-12-17 14:39:24,"Los Candies
184m/s - s12",CustomItem,Items,1,Completed,,,9.00000,USD,Positive,GOAT,,,9.00000,USD
1fc0b998-5e01-4b8d-b520-9dc487686940,2025-12-17 14:13:07,"Gold
Los 67
275.6m/s - way",CustomItem,Items,1,Completed,,,14.00000,USD,Positive,Helpful and responsive,,,14.00000,USD
641afee0-1454-4a56-a09c-812d2826cba8,2025-12-17 13:44:27,La taco combinasion 245m/s - s10,CustomItem,Items,1,Completed,,,20.00000,USD,Positive,Good communication,,,20.00000,USD
894c470b-d920-439c-9332-19753512c9c4,2025-12-17 13:42:43,Spaghetti Tualetti 300m/s - s7,CustomItem,Items,1,Completed,,,15.00000,USD,Positive,GOAT,,,15.00000,USD
025cf7ab-eceb-4f6f-8e79-dd9d38aea717,2025-12-17 13:17:03,Candy La Grande Combinasion 140m/s - s3,CustomItem,Items,1,Completed,,,10.00000,USD,Positive,Extra mile,,,10.00000,USD
1f64b226-16b1-48b9-ba18-0780f171d523,2025-12-17 13:11:50,Los 67 225m/s - e,CustomItem,Items,1,Completed,,,11.00000,USD,Positive,GGWP,,,11.00000,USD
64186ac1-426e-4b7d-82d3-16717a6b49db,2025-12-17 12:56:36,Diamond Los 67 258.7m/s - n,CustomItem,Items,1,Completed,,,13.00000,USD,Positive,Fast delivery,,,13.00000,USD
e2be2a3d-fb56-4b09-a49d-90678f5841df,2025-12-17 12:52:03,Eviledon 189m/s - e,CustomItem,Items,1,Completed,,,15.00000,USD,Positive,GGWP,,,15.00000,USD
a3c04034-3f30-412f-bdc0-343e58525649,2025-12-17 12:26:56,Lava Los 67 225m/s - s3,CustomItem,Items,1,Completed,,,11.00000,USD,Positive,Extra mile,,,11.00000,USD
2894a468-2930-4b3c-8ae1-8781987d2faa,2025-12-17 12:24:01,Esok Sekolah 150m/s | y -snd,CustomItem,Items,1,Completed,,,6.00000,USD,Positive,GGWP,,,6.00000,USD
55895aee-cc59-41aa-9434-9734375f9f13,2025-12-17 12:01:06,Spaghetti Tualetti 300m/s - s7,CustomItem,Items,1,Completed,,,15.00000,USD,Positive,Fast delivery,,,15.00000,USD
e5683af6-7865-4f98-aab3-078076cbcdce,2025-12-17 11:59:23,Los Mobilis Galaxy 154m/s | y -snd22,CustomItem,Items,1,Completed,,,7.00000,USD,Positive,As described,,,7.00000,USD
5903fae9-f844-439f-bbc1-0b00a81f0305,2025-12-17 11:39:38,"Chicleteira Noelteira
195m/s - s10",CustomItem,Items,1,Completed,,,10.00000,USD,Positive,Fast delivery,,,10.00000,USD
d6e06ec0-ae60-47c6-9a2f-669a29cf56e2,2025-12-17 10:57:06,Eviledon 189m/s - e,CustomItem,Items,1,Completed,,,15.00000,USD,Positive,Extra mile,,,15.00000,USD
310a53b4-7eb7-4a26-b8fe-90dbeb581b31,2025-12-17 10:34:13,Money Money Puggy 105m/s - e,CustomItem,Items,1,Completed,,,10.00000,USD,Positive,"W no scam
",,,10.00000,USD
9f3ddcfb-8b3e-4e1e-9ef4-ac76de5e3a8c,2025-12-17 09:15:33,Esok Sekolah 30m/s - s8,CustomItem,Items,1,Completed,,,3.50000,USD,Positive,Very good seller fast and kind,,,3.50000,USD
c19255bf-2a2d-40cf-ae36-43ec501434ea,2025-12-17 09:14:34,Los Mobilis YY 165m/s - n,CustomItem,Items,1,Completed,,,7.00000,USD,Positive,"Wonderful experience, very quick transaction. Thank you ",,,7.00000,USD
4baa0002-70e8-447f-bcbf-c0cae7bce2b9,2025-12-17 08:21:06,Los Mobilis YY 165m/s | y,CustomItem,Items,1,Completed,,,7.00000,USD,Positive,Good communication,,,7.00000,USD
a04a5516-4727-4803-8ebc-57d7977485e0,2025-12-17 07:11:06,Diamond Money Money Puggy 178.5m/s - s7,CustomItem,Items,1,Completed,,,14.00000,USD,Positive,Extra mile,,,14.00000,USD
b9aeca2f-2480-4801-83c6-3bd83509e55c,2025-12-17 04:11:57,Money Money Puggy 215m/s | y -snd22,CustomItem,Items,1,Completed,,,15.00000,USD,Positive,Helpful and responsive,,,15.00000,USD
947ded36-f66f-481a-8fc3-8ff37ae0ba55,2025-12-17 04:11:49,"Spaghetti Tualetti
180m/s - way",CustomItem,Items,1,Completed,,,10.00000,USD,Positive,Good price,,,10.00000,USD
6047bd04-3890-4322-9649-c8601e7ee9ef,2025-12-17 04:11:20,"Los 67
180m/s - s7",CustomItem,Items,1,Completed,,,9.00000,USD,Positive,GOAT,,,9.00000,USD
c89cfa4a-773e-4212-9931-d9132787cacc,2025-12-17 03:29:00,Galaxy Los 67 202.5m/s - s3,CustomItem,Items,1,Completed,,,10.00000,USD,Positive,Good communication,,,10.00000,USD
937216bb-9c3c-4242-8879-53f2a4ef922e,2025-12-17 03:15:11,Rainbow Money Money Puggy 252m/s - e,CustomItem,Items,1,Completed,,,22.00000,USD,Positive,Good price,,,22.00000,USD
09fc4f5f-6ab0-45d5-9901-7a37a2f37f12,2025-12-17 03:13:46,Galaxy Los 67 157.5 - s3,CustomItem,Items,1,Completed,,,7.00000,USD,Positive,"So fast ",,,7.00000,USD
b61b599f-090d-4fa3-b874-18be0decc4b0,2025-12-17 03:06:11,La Grande Combinasion 100m/s | s11,CustomItem,Items,1,Completed,,,8.00000,USD,Positive,As described,,,8.00000,USD
66a50f7a-4369-4fb2-8460-ed1f5e9eb5ba,2025-12-17 02:52:15,Esok Sekolah 180m/s - s8,CustomItem,Items,1,Completed,,,8.00000,USD,Positive,GGWP!,,,8.00000,USD
bcbfc376-2ef1-40a2-ae1f-d4a01e6dfbdd,2025-12-17 02:16:37,Los Puggies 180m/s | s11,CustomItem,Items,1,Completed,,,13.00000,USD,Positive,GGWP,,,13.00000,USD
97ff66fb-d2c9-4f75-ac57-5d45f3489345,2025-12-17 02:00:19,"Radioactive
Los Candies
195.5m/s - s10",CustomItem,Items,1,Completed,,,10.00000,USD,Positive,As described,,,10.00000,USD
26ced1c3-b468-4edd-9ace-520e30ef3484,2025-12-17 01:57:26,Los Mobilis 275m/s | s11,CustomItem,Items,1,Completed,,,12.00000,USD,Positive,"Great person and got stuck in a event and waited for it to end. Overall good guy and great seller ",,,12.00000,USD
5251c4ff-863c-43d3-a39a-3dece4eb43fa,2025-12-17 01:26:55,"Lavadorito Spinito
135m/s - way",CustomItem,Items,1,Completed,,,15.00000,USD,Positive,Good price,,,15.00000,USD
82ccf9d1-e498-4172-96d7-fee66f36adea,2025-12-17 01:04:39,Spaghetti Tualetti 300m/s - s7,CustomItem,Items,1,Canceled,,,15.00000,USD,Unrated,,Cancelation_Of_Reserved_Order,,15.00000,USD
71b7f2be-1ea4-4179-b8e0-25b2b3d1401f,2025-12-17 00:57:26,Los Candies 138m/s - s7,CustomItem,Items,1,Completed,,,7.00000,USD,Positive,W,,,7.00000,USD
f6d67438-cbd7-4913-9e02-ac18a8b15235,2025-12-17 00:27:04,Money Money Puggy 126m/s - e,CustomItem,Items,1,Completed,,,12.00000,USD,Positive,GGWP!,,,12.00000,USD
711d2349-96ff-4f1e-9c89-53ff2dc19021,2025-12-17 00:24:21,"1 DIAMOND SHROOMBINO, SHROOM,",CustomItem,Items,1,Completed,,,1.00000,USD,Positive,Extra mile,,,1.00000,USD
f901d7fa-cc30-42e2-aaf3-8a761ef2e3b5,2025-12-17 00:08:42,Diamond Los Candies 218.5m/s - e,CustomItem,Items,1,Completed,,,15.00000,USD,Positive,Good communication,,,15.00000,USD
190569a0-2038-43d7-b3aa-a3565f79cd3c,2025-12-16 23:39:05,"Esok Sekolah
120m/s - s8",CustomItem,Items,1,Completed,,,6.00000,USD,Positive,"He’s fast and a great seller ",,,6.00000,USD
82242601-34a3-4b91-a24f-0d6418fe0553,2025-12-16 23:38:55,Los Mobilis 275m/s | s11,CustomItem,Items,1,Completed,,,12.00000,USD,Positive,Fast delivery,,,12.00000,USD
bcd491e6-0537-4b29-8fbc-962f8c28f359,2025-12-16 23:25:24,Los Puggies 150m/s - e,CustomItem,Items,1,Completed,,,13.00000,USD,Positive,Good price,,,13.00000,USD
42453205-d774-4dd0-9c75-52fa4018425f,2025-12-16 22:52:24,Diamond Los 67 326.5m/s - n,CustomItem,Items,1,Completed,,,16.00000,USD,Positive,Extra mile,,,16.00000,USD
7aad75f4-dad6-4366-9924-0dbe5ff9eeb5,2025-12-16 16:33:47,La Jolly Grande 300m - way,CustomItem,Items,1,Completed,,,18.00000,USD,Positive,Helpful and responsive,,,18.00000,USD
13a7c52f-430f-4fa5-a1aa-373f60f5b66d,2025-12-16 16:31:44,Gold Money Money Puggy 299.2m/s - e,CustomItem,Items,1,Completed,,,20.00000,USD,Positive,Good price,,,20.00000,USD
99a16254-558b-47ce-8236-ebf82a884b04,2025-12-16 16:30:22,Gold Spaghetti Tualetti 315m/s - e,CustomItem,Items,1,Completed,,,17.00000,USD,Positive,GGWP,,,17.00000,USD
db2b5cfa-11ff-4ed5-a9e8-7cad501a4ae8,2025-12-16 16:25:56,Gold Los Combinasionas 18.7m - way,CustomItem,Items,1,Completed,,,2.00000,USD,Positive,As described,,,2.00000,USD
1be6123a-48ea-4b23-9eb6-a214ce8dab2e,2025-12-16 16:02:53,Los Mobilis 198m/s - s10,CustomItem,Items,1,Completed,,,8.50000,USD,Positive,Good communication,,,8.50000,USD
039c551d-689c-4e2b-a439-7bdad8eeeecf,2025-12-16 15:41:12,Los Puggies 270m/s - s10,CustomItem,Items,1,Completed,,,15.00000,USD,Positive,GOAT,,,15.00000,USD
2880bab7-003e-46aa-b9ae-1d281850eb53,2025-12-16 15:31:18,Los 67 270m/s - e,CustomItem,Items,1,Completed,,,13.00000,USD,Positive,GGWP!,,,13.00000,USD
e76a8707-0951-49f7-99d9-b56351ad0745,2025-12-16 15:18:19,Los Spooky Combinasionas 200m/s | y,CustomItem,Items,1,Completed,,,11.00000,USD,Positive,As described,,,11.00000,USD
cd7a0d50-340e-4fd0-8b33-cabc4f3c96b0,2025-12-16 14:27:37,"Diamond
Chicleteira Noelteira 97.5m/s - s7",CustomItem,Items,1,Completed,,,5.00000,USD,Positive,GOAT,,,5.00000,USD
fe37d203-43fe-41ae-99fd-0eb4f7bb7bb7,2025-12-16 14:19:41,Los Combinasionas 172.5m - way,CustomItem,Items,1,Completed,,,8.50000,USD,Positive,Fast delivery,,,8.50000,USD
fb303ec1-318e-4321-b103-19bdd11ace66,2025-12-16 13:45:05,Diamond Spaghetti Tualetti 510m/s,CustomItem,Items,1,Completed,,,25.00000,USD,Positive,GGWP!,,,25.00000,USD
77e46562-01d3-477b-81cd-193a2f837380,2025-12-16 13:37:55,Money Money Puggy 315m/s - e,CustomItem,Items,1,Completed,,,22.00000,USD,Positive,GOAT,,,22.00000,USD
1f1a5e69-6153-4146-b4af-668a40d28ee6,2025-12-16 12:52:26,Los 67 180m/s - e,CustomItem,Items,1,Completed,,,9.00000,USD,Positive,Good communication,,,9.00000,USD
c034907b-b671-45a7-847d-174d9ee9582d,2025-12-16 12:50:21,Los Combinasionas 195m/s - way,CustomItem,Items,1,Completed,,,8.50000,USD,Positive,GOAT,,,8.50000,USD
b5b526cd-11dc-4754-9237-56daede49d9e,2025-12-16 12:45:00,Gold Los Mobilis 137.5m/s - way,CustomItem,Items,1,Completed,,,6.00000,USD,Positive,"Good 


Gggggoood",,,6.00000,USD
e6b363e1-c347-4830-ba0f-c8e390e9b470,2025-12-16 12:16:37,Los Spooky Combinasionas 200m/s | y,CustomItem,Items,1,Canceled,,,11.00000,USD,Unrated,,Mutual_Agreement,,11.00000,USD
598bda2b-1d13-417c-92ce-a710eb1f411e,2025-12-16 12:16:33,La Spooky Grande 269.5m/s - s7,CustomItem,Items,1,Completed,,,15.00000,USD,Positive,Good price,,,15.00000,USD
80d438f4-45d8-412d-99c6-81038bafae96,2025-12-16 12:16:00,Esok Sekolah 30m/s - s8,CustomItem,Items,1,Completed,,,3.50000,USD,Positive,Good price,,,3.50000,USD
ca579db0-c3d1-4fd3-91ad-2cee7b8adf43,2025-12-16 12:01:55,Los Combinasionas YY 112.5m/s | y -snd,CustomItem,Items,1,Completed,,,5.00000,USD,Positive,GOAT,,,5.00000,USD
979a850d-df75-46a1-b6e8-890d7a52ddde,2025-12-16 12:01:25,Los Puggies 180m/s - s3,CustomItem,Items,1,Completed,,,15.00000,USD,Positive,Good price,,,15.00000,USD
13b663b8-8c0d-4f55-80fc-651b5bfd8a55,2025-12-16 11:47:08,Los Mobilis 198m/s - s10,CustomItem,Items,1,Completed,,,8.50000,USD,Positive,GOAT,,,8.50000,USD
5c43253f-1aec-49ec-abc3-063923b51018,2025-12-16 11:07:24,"Spaghetti Tualetti
360m/s - s10",CustomItem,Items,1,Completed,,,20.00000,USD,Positive,As described,,,20.00000,USD
e4ac299d-75ff-4306-b6e1-90ec17f02cd0,2025-12-16 10:57:37,Los Combinasionas 93.7m/s - s7,CustomItem,Items,1,Completed,,,5.00000,USD,Positive,"Parfait ",,,5.00000,USD
e755166a-ff60-489b-93a9-ca9f5e89bb85,2025-12-16 10:53:09,Esok Sekolah 90m/s - s8,CustomItem,Items,1,Completed,,,4.00000,USD,Positive,Good price,,,4.00000,USD
8848fb61-a80d-425e-b7da-6728077ae7a6,2025-12-16 10:16:25,Esok Sekolah 90m/s - s8,CustomItem,Items,1,Completed,,,4.00000,USD,Positive,GGWP!,,,4.00000,USD
13600ecc-6842-4b10-b583-b389f696e7f2,2025-12-16 09:41:43,Money Money Puggy 273m/s | y,CustomItem,Items,1,Completed,,,17.00000,USD,Positive,Fast delivery,,,17.00000,USD
a849c94d-f2ac-45e8-a021-560b08e873ea,2025-12-16 07:42:25,Los 67 202m/s | y,CustomItem,Items,1,Completed,,,10.00000,USD,Positive,Good communication,,,10.00000,USD
c2e1e46d-39a7-4a20-9ea4-50455111d5c9,2025-12-16 06:50:19,Radioactive Los Candies 195.5m/s - e,CustomItem,Items,1,Completed,,,12.00000,USD,Positive,GGWP,,,12.00000,USD
52cbbe16-256d-4b63-92b0-711db556338f,2025-12-16 05:57:39,Los 67 Rainbow 360m/s | y,CustomItem,Items,1,Completed,,,18.00000,USD,Positive,Good communication,,,18.00000,USD
3c3f025e-1a3b-4ce8-8ced-56bcc3354adf,2025-12-16 05:57:23,Los 25 190m/s - way,CustomItem,Items,1,Completed,,,10.00000,USD,Positive,Good price,,,10.00000,USD
f18b81be-4c33-41da-a257-bb1bbaab0c74,2025-12-16 05:39:35,Los Combinasionas 165m/s - way,CustomItem,Items,1,Completed,,,8.00000,USD,Positive,GGWP,,,8.00000,USD
f807a2f3-3f46-4e1d-92dc-489d71d0c115,2025-12-16 05:33:07,Bloodrot Los 67 157.5m/s - s10,CustomItem,Items,1,Completed,,,8.00000,USD,Positive,GGWP,,,8.00000,USD
a8999b33-9256-4538-8877-05b2a8118fcd,2025-12-16 05:17:05,Los Mobilis 220m/s - s10,CustomItem,Items,1,Completed,,,10.00000,USD,Positive,GGWP!,,,10.00000,USD
dcaeae10-fc8f-4c71-bf59-887dbc416077,2025-12-16 04:47:40,Eviledon 189m/s - e,CustomItem,Items,1,Completed,,,15.00000,USD,Positive,GOAT,,,15.00000,USD
ea7108a1-71cb-48ff-ac08-a81e0dd08c10,2025-12-16 04:03:08,Esok Sekolah 90m/s - s8,CustomItem,Items,1,Completed,,,4.00000,USD,Positive,Fast delivery,,,4.00000,USD
32c6000b-5e77-43d0-84b5-a191e2c873ea,2025-12-16 03:25:45,Los Combinasionas 105m/s - way,CustomItem,Items,1,Completed,,,5.00000,USD,Positive,"quick service, got what I paid for, would recommend!",,,5.00000,USD
145bf765-9c7b-4cb7-8cad-d6ef37de8ac6,2025-12-16 03:04:49,Los Puggies 270m/s | y,CustomItem,Items,1,Completed,,,16.00000,USD,Positive,As described,,,16.00000,USD
caa29c9c-f903-4b3f-9436-e1013adb9ab6,2025-12-16 02:45:03,La Taco Combinasion 420m/s - e,CustomItem,Items,1,Completed,,,30.00000,USD,Positive,Nice,,,30.00000,USD
bafb312a-17df-4aa8-9411-6dd09f2ec582,2025-12-16 02:39:38,Esok Sekolah 195m/s - s8,CustomItem,Items,1,Completed,,,10.00000,USD,Positive,Nice,,,10.00000,USD
e1dcf8c5-a3ad-459e-88a3-1b948300667c,2025-12-16 02:09:39,"1 DIAMOND KING LIMONE, LEMON",CustomItem,Items,1,Completed,,,3.00000,USD,Negative,gave me his worst size one and had a bigger one on display dont fall for his scam,,,3.00000,USD
d5fb32ae-9aa2-4fb5-8205-f7fe6979d8d2,2025-12-16 00:25:25,Los Mobilis 154m/s - way,CustomItem,Items,1,Completed,,,8.00000,USD,Positive,Helpful and responsive,,,8.00000,USD
0e2b9e11-452e-4fe6-8fae-0fa392438cab,2025-12-16 00:21:36,Mieteteira Bicicleteira 156m/s | y,CustomItem,Items,1,Completed,,,7.00000,USD,Positive,Helpful and responsive,,,7.00000,USD
c2dd833f-2307-4048-8bc7-bb7832467844,2025-12-16 00:13:58,Lava Los Spooky Combinasionas 240m/s - e,CustomItem,Items,1,Completed,,,12.00000,USD,Positive,GGWP,,,12.00000,USD
5c61f141-5336-4402-b43b-02e725f5244d,2025-12-16 00:05:19,Mieteteira Bicicleteira 169m/s | y -snd22,CustomItem,Items,1,Completed,,,8.00000,USD,Positive,GGWP,,,8.00000,USD
50a4ebc3-7176-43b7-8653-2a4e0c668ca8,2025-12-16 00:04:00,"Chimino
266m/s - s10",CustomItem,Items,1,Completed,,,13.00000,USD,Positive,GGWP,,,13.00000,USD
fbfad96c-c459-4692-a142-65bd847d84f4,2025-12-15 23:57:18,Esok Sekolah 30m/s - s8,CustomItem,Items,1,Completed,,,3.50000,USD,Positive,"Fast ",,,3.50000,USD
3cc69a82-7f37-4cc2-a3d7-8f15190a42c5,2025-12-15 23:51:18,Los 67 90m/s | y -snd22,CustomItem,Items,1,Completed,,,5.00000,USD,Positive,Good price,,,5.00000,USD
680c40f6-eef5-4692-a15d-d1293becb26e,2025-12-15 23:45:51,Esok Sekolah 30m/s - s8,CustomItem,Items,1,Completed,,,3.50000,USD,Positive,GOAT,,,3.50000,USD
f7a9feeb-979b-43ba-9728-24678282c0ba,2025-12-15 23:36:11,La Grande Combinasion 85m/s - s7,CustomItem,Items,1,Completed,,,8.00000,USD,Positive,Helpful and responsive,,,8.00000,USD
ad99bdf4-2c70-4fe1-a348-bcf4baa04c7b,2025-12-15 23:22:46,Los 67 180m/s - n,CustomItem,Items,1,Completed,,,9.00000,USD,Positive,Helpful and responsive,,,9.00000,USD
121d08ce-f210-4d46-9695-f287296272b3,2025-12-15 17:18:39,Spaghetti Tualetti 300m/s - s7,CustomItem,Items,1,Completed,,,18.00000,USD,Positive,Helpful and responsive,,,18.00000,USD
fd705cb9-ce3b-4d68-b193-33e3f1ce2399,2025-12-15 17:17:52,Gold 67 106.8m/s - way,CustomItem,Items,1,Completed,,,5.00000,USD,Positive,Good seller fast,,,5.00000,USD
bc0ee1e6-67bc-4e79-abc4-7ef7080caa2f,2025-12-15 17:03:54,Los Mobilis 132m/s - s7,CustomItem,Items,1,Completed,,,6.00000,USD,Positive,GOAT,,,6.00000,USD
444d4ac6-49a9-44c6-950a-bd4cbfcf1b9b,2025-12-15 16:35:02,Radioactive Los Candies 195m/s - e,CustomItem,Items,1,Completed,,,12.00000,USD,Positive,very fast,,,12.00000,USD
7ba16116-ea1c-4721-8f09-f60157a91a13,2025-12-15 16:33:32,W or L 217.5m/s - s7,CustomItem,Items,1,Completed,,,16.00000,USD,Positive,Good communication,,,16.00000,USD
446c9934-15c6-4c8b-b713-56075e781560,2025-12-15 16:32:27,Mieteteira Bicicleteira 156m/s | y,CustomItem,Items,1,Completed,,,7.00000,USD,Positive,Good communication,,,7.00000,USD
96ea8eff-4fba-481d-8dfc-6c2222f93504,2025-12-15 15:56:06,Gold Esok Sekolah 247.5m/s - s8,CustomItem,Items,1,Completed,,,12.50000,USD,Positive,Very nice and not a scam,,,12.50000,USD
1e4574d4-3eb8-4175-bb5f-8bb90dafbf74,2025-12-15 15:51:27,Los Mobilis 110m/s | y -snd,CustomItem,Items,1,Completed,,,5.00000,USD,Positive,GOAT,,,5.00000,USD
f9992a9c-236a-4718-af28-db39d8457b35,2025-12-15 15:47:46,Spaghetti Tualetti 360m/s - n,CustomItem,Items,1,Completed,,,20.00000,USD,Positive,Extra mile,,,20.00000,USD
f7470d71-3803-4a72-803b-fdebc876e86c,2025-12-15 15:34:30,Yin-Yang Eviledon 362.2m/s - s10,CustomItem,Items,1,Completed,,,25.00000,USD,Positive,GGWP,,,25.00000,USD
0368d485-cae2-400b-8bfb-cdc55fefc899,2025-12-15 15:30:52,Eviledon 315m/s - e,CustomItem,Items,1,Completed,,,22.00000,USD,Positive,GGWP!,,,22.00000,USD
96250c4f-01a4-4ab6-9c59-2ac1b8e513c2,2025-12-15 15:30:44,Los Combinasionas 82.5m - way,CustomItem,Items,1,Completed,,,4.00000,USD,Positive,GGWP,,,4.00000,USD
8b7fde40-cb6d-47aa-ae75-08b58bc44781,2025-12-15 15:30:18,Rainbow La Taco Combinasion 875M/s 4 trait - way,CustomItem,Items,1,Completed,,,45.00000,USD,Positive,Very fast and kind,,,45.00000,USD
5f91718d-7e3a-4a48-bea6-991a14a032a5,2025-12-15 15:23:02,Mariachi Corazoni 75m/s 1 Trait - s3,CustomItem,Items,1,Completed,,,5.00000,USD,Positive,"Is so fast, he do it and is not scammer",,,5.00000,USD
f7f2a683-7dc2-4047-80a9-c9c8ad278c41,2025-12-15 15:21:28,Los Spooky Combinasionas 200m/s | y,CustomItem,Items,1,Canceled,,,13.00000,USD,Unrated,,Buyer_Does_Not_Need_It_Anymore,,13.00000,USD
9fc7ea2a-ba71-488f-8a35-10ca9dbf2bfe,2025-12-15 15:12:05,Rainbow Los 25 170m/s - n,CustomItem,Items,1,Completed,,,14.00000,USD,Positive,Fast delivery,,,14.00000,USD
a2570a58-4dd4-4052-833c-0af64d674727,2025-12-15 15:07:04,Radioactive Los 67 191.2m/s - way,CustomItem,Items,1,Completed,,,8.00000,USD,Positive,GOAT,,,8.00000,USD
d46bfac7-3aa3-4c76-b4c3-951ec8bbca47,2025-12-15 15:01:49,Radioactive los 67 236.2m/s - s7,CustomItem,Items,1,Completed,,,12.00000,USD,Positive,"envio rapido
",,,12.00000,USD
5ebcda2c-7a0c-4888-a96a-26335c071e3c,2025-12-15 14:52:51,Esok Sekolah 90m/s - s8,CustomItem,Items,1,Completed,,,4.00000,USD,Positive,Helpful and responsive,,,4.00000,USD
c8ef5171-067f-4b4f-9faf-02f61d73d3da,2025-12-15 14:38:34,Esok Sekolah 90m/s - s8,CustomItem,Items,1,Completed,,,4.00000,USD,Positive,Recived my order correctly,,,4.00000,USD
c80f1a5b-bf0c-4578-a173-bc8bcef17201,2025-12-15 14:29:54,La Grande Combinasion 85m/s - s7,CustomItem,Items,1,Completed,,,8.00000,USD,Positive,Good communication,,,8.00000,USD
92b1a9f4-50eb-4590-a883-5eb38c7987ab,2025-12-15 14:12:23,Diamond Chimnino 105m/s 2 Trait - s3,CustomItem,Items,1,Completed,,,3.00000,USD,Positive,Fast delivery,,,3.00000,USD
8ebbada4-77ff-49b6-9c84-67f5cd1b79d8,2025-12-15 13:45:18,Los Mobilis 143m/s - s7,CustomItem,Items,1,Completed,,,7.00000,USD,Positive,It was alright,,,7.00000,USD
37ee0402-4411-4681-baca-3e9524afafb9,2025-12-15 13:00:53,Los Combinasionas 45m - way,CustomItem,Items,1,Completed,,,3.00000,USD,Positive,"so fast and good ",,,3.00000,USD
3e406d15-050b-4c5e-87e1-3a250a61b1d9,2025-12-15 12:42:18,Esok Sekolah 30m/s - s8,CustomItem,Items,1,Completed,,,3.50000,USD,Positive,GGWP!,,,3.50000,USD
7adaa8ad-2e0c-4744-bd8c-4a69815fd19e,2025-12-15 12:32:08,Los 25 220m/s 6 Trait - e,CustomItem,Items,1,Completed,,,20.00000,USD,Positive,As described,,,20.00000,USD
2be28f67-5e58-47b9-bb07-6c457b75e4b0,2025-12-15 12:23:47,Esok Sekolah 30m/s - s8,CustomItem,Items,1,Completed,,,3.50000,USD,Positive,Helpful and responsive,,,3.50000,USD
112176c5-2e87-43af-afa9-52f6bc91590f,2025-12-15 12:09:58,Los Combinasionas 45m - way,CustomItem,Items,1,Completed,,,3.00000,USD,Positive,GGWP!,,,3.00000,USD
e54e904a-fa41-4bc1-b267-8aeb49758a89,2025-12-15 11:06:39,Los 67 157.5m/s - e,CustomItem,Items,1,Completed,,,8.00000,USD,Positive,GGWP!,,,8.00000,USD
920e23eb-7b35-4c89-850f-eb90e24f4f04,2025-12-15 08:49:42,Los Mobilis 132m/s | y,CustomItem,Items,1,Completed,,,6.00000,USD,Positive,GGWP!,,,6.00000,USD
3f21a290-2e38-4926-a4b1-912f5d5cd853,2025-12-15 08:44:21,Esok Sekolah 300m/s - e,CustomItem,Items,1,Completed,,,15.00000,USD,Positive,Extra mile,,,15.00000,USD
d153c95d-5e05-4099-a66b-4a4926ea7ec1,2025-12-15 08:39:15,Los Combinasionas 105m/s - s7,CustomItem,Items,1,Completed,,,5.00000,USD,Positive,Good communication,,,5.00000,USD
ae3166d3-00eb-43f4-bddf-c1ee57f082ad,2025-12-15 07:54:58,"1 DIAMOND MANGO, MANGO,",CustomItem,Items,1,Completed,,,2.00000,USD,Positive,GGWP,,,2.00000,USD
773bd35d-a083-4588-b9b1-107594027d44,2025-12-15 07:21:54,Los Mobilis Yin Yang 165m/s - n,CustomItem,Items,1,Completed,,,8.00000,USD,Positive,GGWP,,,8.00000,USD
2c53b4df-fb84-4461-8ec9-1ce00ee8ffec,2025-12-15 04:33:40,Los Mobilis 132m/s | y,CustomItem,Items,1,Completed,,,6.00000,USD,Positive,It's not a scam,,,6.00000,USD
60415a03-e80a-4d32-b647-089616ea5a44,2025-12-15 04:20:50,Galaxy los candies 161m - r547,CustomItem,Items,1,Completed,,,9.00000,USD,Positive,GGWP!,,,9.00000,USD
bbc772e4-259e-413b-984e-d090638aba73,2025-12-15 00:44:28,Yin Yang Los Combinasionas 247.5m/s - s3,CustomItem,Items,1,Completed,,,12.00000,USD,Positive,Extra mile,,,12.00000,USD
47617ed6-818f-45f1-a09c-a01ee9c6fb4d,2025-12-15 00:40:36,Yin Yang Los 67 281.2m/s - e,CustomItem,Items,1,Completed,,,14.00000,USD,Positive,"First time doing this, made it super fast and easy! Thanks!",,,14.00000,USD
9d3a10e4-2b79-4070-9c69-9aff9852c184,2025-12-14 23:59:55,Los Mobilis 231m/s | y,CustomItem,Items,1,Completed,,,11.00000,USD,Positive,He was trust worthy,,,11.00000,USD
018f768a-2a8b-4621-9375-48bfdfc95a57,2025-12-14 23:37:16,Spaghetti Tualetti 480m/s - s10,CustomItem,Items,1,Completed,,,23.00000,USD,Positive,Helpful and responsive,,,23.00000,USD
cda1a7ea-0d6b-440a-a6c5-3c12bb880bf7,2025-12-14 17:33:31,Los Spooky Combinasionas 260m/s - way,CustomItem,Items,1,Completed,,,13.00000,USD,Positive,As described,,,13.00000,USD
320db740-523e-485d-af96-a4e862f5f49b,2025-12-14 17:20:54,Los Combinasionas 390m/s Rainbow | y,CustomItem,Items,1,Completed,,,20.00000,USD,Positive,Helpful and responsive,,,20.00000,USD
37da9d2f-de3b-4eed-b99c-f4935fe6e34d,2025-12-14 17:17:21,La Taco Combinasion 630m/s - s10,CustomItem,Items,1,Completed,,,30.00000,USD,Positive,Fast delivery,,,30.00000,USD
657095df-7adc-47d5-91a5-a77c179863b2,2025-12-14 17:09:15,Esok Sekolah 360m/s - e,CustomItem,Items,1,Completed,,,15.00000,USD,Positive,Good price,,,15.00000,USD
148d039c-c467-4be3-aec7-6680a4c40117,2025-12-14 17:07:07,Los 67 180m/s - s7,CustomItem,Items,1,Completed,,,9.00000,USD,Positive,Good communication,,,9.00000,USD
99dc29bd-3c43-4a4e-a3f9-098f5acbcd6e,2025-12-14 16:58:30,Mieteteira Bicicleteira 182m/s | y -snd,CustomItem,Items,1,Completed,,,8.00000,USD,Positive,Fast delivery,,,8.00000,USD
4e09225b-ae4e-489d-9dda-de79293d4c05,2025-12-14 16:19:46,Esok Sekolah 90m/s - s8,CustomItem,Items,1,Completed,,,4.00000,USD,Positive,Helpful and responsive,,,4.00000,USD
74e22357-ed72-4fe9-a431-025e5d0375f3,2025-12-14 15:50:11,Rainbow Eviledon 315m/s - e,CustomItem,Items,1,Completed,,,25.00000,USD,Positive,Good price,,,25.00000,USD
c1d1b838-f4e1-4d87-b738-aa7dbbc0f608,2025-12-14 15:49:21,Los Combinasionas 157.5m/s - s10,CustomItem,Items,1,Completed,,,7.00000,USD,Positive,GGWP!,,,7.00000,USD
afafc048-68e7-49f9-8279-a2107161045e,2025-12-14 15:49:20,Rainbow Spaghetti Tualetti 600m/s - s7,CustomItem,Items,1,Completed,,,30.00000,USD,Positive,GGWP,,,30.00000,USD
bf2efc1f-3a1d-4795-8cf7-e215bb1babae,2025-12-14 15:30:06,Mieteteira Bicicleteira 156m/s - s10,CustomItem,Items,1,Completed,,,6.50000,USD,Positive,good deal,,,6.50000,USD
a2435fa1-502f-4abe-b149-0e39800a72d4,2025-12-14 15:10:42,Los Mobilis 220m/s - e,CustomItem,Items,1,Completed,,,11.00000,USD,Positive,GGWP,,,11.00000,USD
a9240f1b-e51f-45f1-b5cc-94f9d70f20fa,2025-12-14 15:00:56,Diamond Esok Sekolah 105m/s - s8,CustomItem,Items,1,Completed,,,5.00000,USD,Positive,"did not scem me

",,,5.00000,USD
dc0ca756-6663-4ea2-95ac-93a3257b36e5,2025-12-14 14:39:03,Spaghetti Tualetti 300m/s - s10,CustomItem,Items,1,Completed,,,18.00000,USD,Positive,Good communication,,,18.00000,USD
59eab0d4-fe3d-4b6c-b466-b31f5fa9587e,2025-12-14 13:56:18,Gold La Jolly Grande 187.5m/s - e,CustomItem,Items,1,Completed,,,15.00000,USD,Positive,he doesn't scam he's super nice and polite,,,15.00000,USD
141aa2c2-fd07-44ea-942c-01d5fee7bcdd,2025-12-14 13:53:31,Lava Los Nooo My Hotspotsitos 104.5m/s - n,CustomItem,Items,1,Completed,,,5.00000,USD,Positive,As described,,,5.00000,USD
57b436b2-0689-4645-abd7-2badc30b4d76,2025-12-14 13:43:26,Esok Sekolah 30m/s - s8,CustomItem,Items,1,Completed,,,3.50000,USD,Positive,GGWP,,,3.50000,USD
d57a7638-09fc-44cd-a1c2-9b86825bc5f1,2025-12-14 13:42:29,Los Mobilis 110m/s - n,CustomItem,Items,1,Completed,,,5.00000,USD,Positive,Good communication,,,5.00000,USD
195faf20-5fb3-4655-be56-0deb25aed2eb,2025-12-14 13:26:23,Eviledon 425.2m/s | y -snd,CustomItem,Items,1,Completed,,,23.00000,USD,Positive,"Great 👍 ",,,23.00000,USD
bc23202f-9052-481a-bf68-03bfde032df8,2025-12-14 13:20:23,Los 67 270m/s | y,CustomItem,Items,1,Completed,,,13.00000,USD,Positive,GGWP!,,,13.00000,USD
9340280a-10c1-4389-b47d-503887cf92f5,2025-12-14 13:13:51,Los Combinasionas 153.7m/s - s7,CustomItem,Items,1,Completed,,,7.00000,USD,Positive,GGWP,,,7.00000,USD
8b4cf6a9-2c4e-4d0a-a276-1ad7805f1f6b,2025-12-14 12:54:07,Mieteteira Bicicleteira 195m/s YY | y,CustomItem,Items,1,Completed,,,8.00000,USD,Positive,Fast delivery,,,8.00000,USD
ace2974f-55fc-484c-a858-3e04ebf3947b,2025-12-14 12:44:06,Los Combinasionas 157.5m/s - s10,CustomItem,Items,1,Completed,,,7.00000,USD,Positive,Extra mile,,,7.00000,USD
924fb57f-5244-4732-9e16-d6428d925a1f,2025-12-14 12:41:01,Spaghetti Tualetti 240m/s - s7,CustomItem,Items,1,Completed,,,20.00000,USD,Positive,Helpful and responsive,,,20.00000,USD
a341c8e9-094a-4290-bd87-c6e471091bd7,2025-12-14 12:37:57,La Grande Combinasion 120m/s  - s10,CustomItem,Items,1,Completed,,,10.00000,USD,Positive,Fast delivery,,,10.00000,USD
d477a7f8-d575-42c3-bba6-72e742dc5551,2025-12-14 12:29:31,Rainbow Esok Sekolah 420m/s - s10,CustomItem,Items,1,Completed,,,23.00000,USD,Positive,"w good quick and reliable service ",,,23.00000,USD
439dcdaf-2efc-4f80-82ff-eb034a64f819,2025-12-14 12:25:23,Mieteteira Bicicleteira 156m/s - s10,CustomItem,Items,1,Completed,,,6.50000,USD,Positive,GGWP!,,,6.50000,USD
6e164674-0137-4dcb-acd2-60b08c834540,2025-12-14 11:55:18,Galaxy Los Candies 161m/s - e,CustomItem,Items,1,Completed,,,11.00000,USD,Positive,good,,,11.00000,USD
c2c422f6-53bf-44f4-b52d-44d2d3faa21a,2025-12-14 11:53:55,Galaxy Los 67 292.5m/s - e,CustomItem,Items,1,Completed,,,15.00000,USD,Positive,Helpful and responsive,,,15.00000,USD
eaed5a5a-08e3-4cd9-9c4e-1762d0a4afb6,2025-12-14 11:52:46,Los Spooky Combinasionas 180m/s | y,CustomItem,Items,1,Completed,,,10.00000,USD,Positive,Good price,,,10.00000,USD
fd20bee9-a298-4447-961f-d6826ed198da,2025-12-14 11:48:08,Money Money Puggy 126m/s - e,CustomItem,Items,1,Completed,,,12.00000,USD,Positive,Extra mile,,,12.00000,USD
bd1083fb-003b-48a1-9775-62c321fdf4d0,2025-12-14 11:39:18,La Jolly Grande 150m/s - e,CustomItem,Items,1,Completed,,,10.00000,USD,Positive,Extra mile,,,10.00000,USD
f826b083-2680-4ab7-a739-a6fbadea4d37,2025-12-14 11:26:09,Esok Sekolah 90m/s - s8,CustomItem,Items,1,Completed,,,4.00000,USD,Positive,Extra mile,,,4.00000,USD
b31dad85-02d5-4820-a54d-1ce1bd74f585,2025-12-14 11:08:07,Los Combinasionas 195m/s | y,CustomItem,Items,1,Completed,,,9.00000,USD,Positive,Helpful and responsive,,,9.00000,USD
9c8fbb58-db1b-44f1-9f98-7b7b65d376c9,2025-12-14 10:57:10,Radioactive Los Combinasionas 127.5m/s - s7,CustomItem,Items,1,Completed,,,5.00000,USD,Positive,As described,,,5.00000,USD
bce67d09-ed37-4e21-919c-3d3e41af32a2,2025-12-14 10:54:39,Esok Sekolah 90m/s - s8,CustomItem,Items,1,Completed,,,4.00000,USD,Positive,Fast,,,4.00000,USD
e5de2983-4e20-4a9f-8afc-84717ab92942,2025-12-14 10:52:36,Los Mobilis 242m/s | y,CustomItem,Items,1,Completed,,,11.00000,USD,Positive,Fast delivery,,,11.00000,USD
1594c4e2-6112-4d5b-ab38-115f9ca1ad3d,2025-12-14 10:41:53,Mieteteira Bicicleteira 115m/s - n,CustomItem,Items,1,Completed,,,5.00000,USD,Positive,"Was really quick and easy ",,,5.00000,USD
19be1c1a-34ca-4793-a25c-26c9a2a3a080,2025-12-14 10:41:47,"Esok Sekolah
120m/s - s8",CustomItem,Items,1,Completed,,,6.00000,USD,Positive,Very fast,,,6.00000,USD
1e2b862d-1671-4e19-991e-e0621cfd28cd,2025-12-14 10:32:00,Mieteteira Bicicleteira 195m/s YY | y,CustomItem,Items,1,Completed,,,8.00000,USD,Positive,Good communication,,,8.00000,USD
378e279c-9538-47f0-96c2-a01f0da6e56e,2025-12-14 10:30:42,Los 67 225m/s - e,CustomItem,Items,1,Completed,,,11.00000,USD,Positive,As described,,,11.00000,USD
17dfdd47-bc9f-41ce-8e63-b9b19ef8f1b5,2025-12-14 09:58:40,Los mobilis 220m/s | y,CustomItem,Items,1,Completed,,,10.00000,USD,Positive,Helpful and responsive,,,10.00000,USD
49d238de-18d0-4c0a-8a48-8a4c0d3fe439,2025-12-14 09:53:46,Yin Yang Los Mobilis 275m/s - way,CustomItem,Items,1,Completed,,,11.50000,USD,Positive,"Fast delivery fast chat ",,,11.50000,USD
25af2b25-17af-4326-9194-fa0b866b7cb1,2025-12-14 09:32:09,Rainbow Los Combinasionas 180m/s - s3,CustomItem,Items,1,Completed,,,9.00000,USD,Positive,Good communication,,,9.00000,USD
8d9d8221-f13c-42ce-8d6f-490a49c960b8,2025-12-14 09:29:55,Mieteteira Bicicleteira 156m/s - s10,CustomItem,Items,1,Completed,,,6.50000,USD,Positive,Helpful and responsive,,,6.50000,USD
6c58712b-5342-4082-add3-5dd95c71c60d,2025-12-14 09:05:01,Mieteteira Bicicleteira 286m - way,CustomItem,Items,1,Completed,,,13.00000,USD,Positive,As described,,,13.00000,USD
1c387aae-1d56-451c-b3c9-cb5e80e8aeab,2025-12-14 08:59:41,Los Combinasionas 165m/s | y,CustomItem,Items,1,Completed,,,8.00000,USD,Positive,Fast delivery,,,8.00000,USD
df377655-e1d2-4234-8b66-f3d7afe1e969,2025-12-14 08:49:56,Esok Sekolah 30m/s - s8,CustomItem,Items,1,Completed,,,3.50000,USD,Positive,Helpful and responsive,,,3.50000,USD
967bd2b5-5766-41ee-82f6-432e4a51aa2d,2025-12-14 08:45:09,Los Puggies 90m/s | y,CustomItem,Items,1,Completed,,,8.00000,USD,Positive,Good,,,8.00000,USD
e97b8191-f67d-4770-b0f7-59f25a5e2389,2025-12-14 08:40:31,Money Money Puggy 126m/s - n,CustomItem,Items,1,Completed,,,12.00000,USD,Positive,GOAT,,,12.00000,USD
fbfae151-64c1-44d5-8737-73edaa1719f7,2025-12-14 08:09:12,La Spooky Grande 281.7m/s | y,CustomItem,Items,1,Completed,,,20.00000,USD,Positive,GGWP!,,,20.00000,USD
63e6a568-76df-4e28-ad67-8c7a55f778cc,2025-12-14 08:06:30,Los Mobilis 132m/s - s7,CustomItem,Items,1,Completed,,,7.00000,USD,Positive,Good communication,,,7.00000,USD
0db7cb1e-0cf6-40f7-b8fe-3f47a35cd08d,2025-12-14 08:04:32,Candy 67 150m/s - e,CustomItem,Items,1,Completed,,,12.00000,USD,Positive,As described,,,12.00000,USD
f14391e5-ce36-4865-a43f-4999807a7fac,2025-12-14 08:01:00,Los Mobilis 132m/s - s7,CustomItem,Items,1,Completed,,,5.00000,USD,Positive,Fast delivery,,,5.00000,USD
2bc7d887-480b-4d4a-993a-2ecdf370501f,2025-12-14 07:48:08,Galaxy Los Candies 161m/s - n,CustomItem,Items,1,Completed,,,11.00000,USD,Positive,Helpful and responsive,,,11.00000,USD
abc8af7f-1f6a-472f-87bc-9b1e437b367e,2025-12-14 07:41:52,La taco Combinasion 210m/s - s7,CustomItem,Items,1,Completed,,,18.00000,USD,Positive,As described,,,18.00000,USD
8b6b0128-891d-40a9-b762-151c0f52ac79,2025-12-14 07:36:13,Los 67 235m/s - e,CustomItem,Items,1,Completed,,,12.00000,USD,Positive,Good communication,,,12.00000,USD
645df8d6-7651-4b0c-a284-91d5b6515042,2025-12-14 07:27:17,Eviledon 283.5m/s - e,CustomItem,Items,1,Completed,,,20.00000,USD,Positive,Fast delivery,,,20.00000,USD
85ae5605-b88a-4a52-ae3a-8cda07024561,2025-12-14 07:19:28,Radioactive Los Combinasionas 157.5m/s - s7,CustomItem,Items,1,Completed,,,6.50000,USD,Positive,As described,,,6.50000,USD
28742b15-2c6f-4e1c-b03b-7e46a5fb8575,2025-12-14 06:49:27,Los Combinasionas RB 315m/s | y,CustomItem,Items,1,Completed,,,16.00000,USD,Positive,GGWP!,,,16.00000,USD
00e47f2a-ce89-444d-9236-3e441b441914,2025-12-14 06:45:51,Los Mobilis 132m/s - s7,CustomItem,Items,1,Completed,,,5.00000,USD,Positive,"Fast and trusted ",,,5.00000,USD
3c5160e1-6415-454a-a10c-8e68f20df9ea,2025-12-14 06:03:03,Money Money Puggy 126m/s - e,CustomItem,Items,1,Completed,,,12.00000,USD,Positive,GGWP,,,12.00000,USD
229d18af-2a4b-4759-a864-ef6a0f21cb88,2025-12-14 05:48:59,Esok Sekolah 255m/s | y,CustomItem,Items,1,Completed,,,12.00000,USD,Positive,Fast delivery,,,12.00000,USD
af5de759-1d32-4c66-8a63-df45e6581317,2025-12-14 05:31:19,Mieteteira Bicicleteira 195m/s - s7,CustomItem,Items,1,Completed,,,7.50000,USD,Positive,Good service 10/10,,,7.50000,USD
91f7fbfb-2652-41d0-986c-f323c5b25880,2025-12-14 05:30:04,Los Mobilis 132m/s - s7,CustomItem,Items,1,Completed,,,5.00000,USD,Positive,As described,,,5.00000,USD
907334e9-2a9a-476a-8889-82467740e32c,2025-12-14 05:25:00,Galaxy Los Candies 161m/s - n,CustomItem,Items,1,Completed,,,9.00000,USD,Positive,Fast delivery,,,9.00000,USD
dcfe6d14-6fe4-4c78-845c-f709ecb4740f,2025-12-14 05:18:49,Los Spooky Combinasionas 200m/s - s10,CustomItem,Items,1,Completed,,,8.50000,USD,Positive,Good price,,,8.50000,USD
c1af2d58-133b-4ad2-92cd-3c26868b6cea,2025-12-14 05:13:27,Yin Yang Los Mobilis 165m/s - way,CustomItem,Items,1,Completed,,,6.50000,USD,Positive,Good communication,,,6.50000,USD
0fe2e330-be36-4f2d-91ff-6177eb180613,2025-12-14 05:07:20,Spaghetti Tualetti 480m/s - e,CustomItem,Items,1,Completed,,,23.00000,USD,Positive,Good communication,,,23.00000,USD
b0e56dc4-f650-4b4f-8ae6-8a38ba995cda,2025-12-14 05:02:17,galaxy Los Candies 161m/s - s7,CustomItem,Items,1,Completed,,,9.00000,USD,Positive,GGWP!,,,9.00000,USD
629522e1-146d-4dc9-b7fa-4383a78cbe9b,2025-12-14 04:57:22,Mieteteira Bicicleteira 195m/s - s7,CustomItem,Items,1,Completed,,,7.50000,USD,Positive,Helpful and responsive,,,7.50000,USD
88379ca3-0852-4f96-b811-cade3571be2b,2025-12-14 04:42:24,Esok Sekolah 210m/s - s8,CustomItem,Items,1,Completed,,,9.50000,USD,Positive,Very trusted recommended to buy from here,,,9.50000,USD
f32ccbae-a977-4185-94db-7a32358a101c,2025-12-14 04:36:00,"Esok Sekolah
120m/s - s8",CustomItem,Items,1,Completed,,,6.00000,USD,Positive,Helpful and responsive,,,6.00000,USD
1e9caaa6-4a4d-47eb-8d4b-4a92b521525b,2025-12-14 04:25:52,Los Mobilis 132m/s | y,CustomItem,Items,1,Completed,,,6.00000,USD,Positive,GGWP!,,,6.00000,USD
be3ebcb4-77ba-4d31-8ad7-014143feda24,2025-12-14 04:25:32,Yin Yang La Taco Combinasion 405m/s - e,CustomItem,Items,1,Completed,,,30.00000,USD,Positive,Good seller,,,30.00000,USD
a102c9df-04a3-46d0-a72a-d20e90bcfd16,2025-12-14 04:21:48,Radioactive Money Money Puggy 220.5m/s - e,CustomItem,Items,1,Completed,,,20.00000,USD,Positive,Helpful and responsive,,,20.00000,USD
ac359eeb-765d-473a-a2d2-6dd7b391f857,2025-12-14 04:19:34,Galaxy La Taco Combinasion 945M/s 5 TRAIT - s7,CustomItem,Items,1,Completed,,,45.00000,USD,Positive,As described,,,45.00000,USD
d2d2bf5c-e78a-45ae-b47d-eafda0a99855,2025-12-14 03:56:50,Galaxy Los 67 247.5m/s - s7,CustomItem,Items,1,Completed,,,11.50000,USD,Positive,Fast delivery,,,11.50000,USD
249d4dbb-5cf9-4516-86d9-3028cda516ad,2025-12-14 03:56:22,Los Mobilis 132m/s | y,CustomItem,Items,1,Completed,,,6.00000,USD,Positive,GGWP,,,6.00000,USD
7e741b34-27f3-4007-88f7-e98701700c28,2025-12-14 03:54:19,Money Money Puggy 215.2m/s | y -snd,CustomItem,Items,1,Completed,,,16.00000,USD,Positive,GOAT,,,16.00000,USD
d846bc3b-8dfd-4bdd-8ff9-d016656e0c68,2025-12-14 03:46:58,Los 67 Galaxy 292.5m/s | y,CustomItem,Items,1,Completed,,,15.00000,USD,Positive,Www,,,15.00000,USD
a902170a-4d6a-47b7-8335-81458946238f,2025-12-14 03:46:52,Gold Los 67 163.1m/s - way,CustomItem,Items,1,Completed,,,7.00000,USD,Positive,GGWP,,,7.00000,USD
f99060af-3ffd-4fd1-95e4-46f8b78eb7b3,2025-12-14 03:37:17,Lavadorito Spinito 135m/s - way,CustomItem,Items,1,Completed,,,15.00000,USD,Positive,quick delivery and got what i wanted,,,15.00000,USD
4ded9d5f-98a6-4e8f-bb61-ee832d46953b,2025-12-14 03:36:54,candy Los 67 292.5m/s - s7,CustomItem,Items,1,Completed,,,15.00000,USD,Positive,Good price,,,15.00000,USD
ed6f925f-7125-46af-98f4-0233168674c8,2025-12-14 03:27:58,Los 67 Bloodrot 168.7m/s - e,CustomItem,Items,1,Completed,,,8.00000,USD,Positive,Good communication,,,8.00000,USD
091a6068-3bcd-43ab-86b9-17df9fa502d7,2025-12-14 03:20:37,Los candies 135m/s - s7,CustomItem,Items,1,Completed,,,7.00000,USD,Positive,good seller,,,7.00000,USD
a3a2134a-5eb0-4722-9cf6-139eb8ba0bb2,2025-12-14 03:11:12,Los Mobilis 132m/s - s7,CustomItem,Items,1,Completed,,,5.00000,USD,Positive,GGWP!,,,5.00000,USD
49029122-dd16-455a-a3bc-1567cce37546,2025-12-14 03:02:00,Gold Eviledon 39.3m/s - way,CustomItem,Items,1,Completed,,,8.00000,USD,Positive,As described,,,8.00000,USD
5e81134e-f62a-4fb3-89e8-8f5a78de3c0a,2025-12-14 03:01:06,Gold Los Burritos 129.6m/s 4 trati - s7,CustomItem,Items,1,Completed,,,5.50000,USD,Positive,Extra mile,,,5.50000,USD
494a139c-0b64-438f-9304-7e1238b91369,2025-12-14 02:28:25,Los Mobilis 132m/s | y,CustomItem,Items,1,Completed,,,6.00000,USD,Positive,GGWP,,,6.00000,USD
43442060-f77c-4dd8-b176-66298feab874,2025-12-14 02:19:41,La Grande Combinasion 50m/s - s7,CustomItem,Items,1,Completed,,,5.00000,USD,Positive,GGWP!,,,5.00000,USD
32c321e1-a06f-400f-948c-e34a9e114c1d,2025-12-14 02:05:18,Los Combinasionas 153.7m/s | y,CustomItem,Items,1,Completed,,,8.00000,USD,Positive,Extra mile,,,8.00000,USD
b762958e-53eb-4219-85c3-41e34c625ffc,2025-12-14 02:01:38,Los 67 180m/s | y,CustomItem,Items,1,Completed,,,9.00000,USD,Positive,Good communication,,,9.00000,USD
77e3cc05-f6b9-4688-b081-d3202a162689,2025-12-14 01:56:10,Los 67 Candy 360m/s - n,CustomItem,Items,1,Completed,,,18.00000,USD,Positive,GGWP!,,,18.00000,USD
50eaf7a6-9ff5-4499-9343-3bb1fb1200f6,2025-12-14 01:44:06,Eviledon 157.5m/s - way,CustomItem,Items,1,Completed,,,12.00000,USD,Positive,GGWP,,,12.00000,USD
32192ecb-561f-48d9-9b8f-7406ecf23ca6,2025-12-14 01:41:49,Esok Sekolah 30m/s - s8,CustomItem,Items,1,Completed,,,3.50000,USD,Positive,100%legit,,,3.50000,USD
2888547e-0695-45b8-90c5-2f1d0091c1ab,2025-12-14 01:38:47,Esok Sekolah 180m/s - s8,CustomItem,Items,1,Completed,,,8.00000,USD,Positive,As described,,,8.00000,USD
09da8b35-46ef-4962-85d0-7d5b448a0273,2025-12-14 01:32:46,Gold Esok Sekolah 97.5m/s - s8,CustomItem,Items,1,Completed,,,5.50000,USD,Positive,GGWP,,,5.50000,USD
36702e46-1f8a-4adb-b2ed-fd0d5f9a9e84,2025-12-14 01:30:17,Mieteteira Bicicleteira 184m/s - s10,CustomItem,Items,1,Completed,,,7.50000,USD,Positive,Really nice and was wuick,,,7.50000,USD
d13c71f8-671c-491d-ae73-fa22aa58c9c7,2025-12-14 01:20:54,Radioactive Los Puggies 255m/s - s7,CustomItem,Items,1,Completed,,,15.00000,USD,Positive,GGWP,,,15.00000,USD
ba0b93b2-23c5-43fa-91c1-7828e2cd0cb0,2025-12-14 01:16:14,Money Money Puggy 136.5m/s | y -snd,CustomItem,Items,1,Completed,,,10.00000,USD,Positive,Good communication,,,10.00000,USD
b3988138-ad64-4e7a-a1ca-7f113289bd62,2025-12-14 01:07:52,Gobblino Uniciclino - s7,CustomItem,Items,1,Completed,,,3.50000,USD,Positive,Helpful and responsive,,,3.50000,USD
7327ca0c-6279-456f-952c-e25632f91341,2025-12-14 01:00:16,Diamond Los 67 146.2m/s - s7,CustomItem,Items,1,Completed,,,6.00000,USD,Positive,GGWP,,,6.00000,USD
3c376d69-e534-468d-ab65-fd6d8055da19,2025-12-14 00:11:48,Esok Sekolah 150m/s - s8,CustomItem,Items,1,Completed,,,7.00000,USD,Positive,GOAT,,,7.00000,USD
19fb5700-7d36-495f-87d4-8b5649179006,2025-12-13 23:59:14,Money Money Puggy DM 157.5m/s | y,CustomItem,Items,1,Completed,,,12.00000,USD,Positive,GGWP,,,12.00000,USD
32b7b298-d46d-40b3-bd8a-be0e9b0a9cbe,2025-12-13 23:43:40,Los Mobilis 418m/s - e,CustomItem,Items,1,Completed,,,20.00000,USD,Positive,Really nice,,,20.00000,USD
4892354b-529a-4c79-a9b6-57396f6a8f65,2025-12-13 23:42:01,"Esok Sekolah
120m/s - s8",CustomItem,Items,1,Completed,,,6.00000,USD,Positive,GGWP,,,6.00000,USD
8afe3a4d-d21b-42a9-8586-6b55b3d45ee0,2025-12-13 18:24:02,Radioactive Los Puggies 255m/s - s7,CustomItem,Items,1,Canceled,,,15.00000,USD,Unrated,,Buyer_Did_Not_Respond,,15.00000,USD
e74c9329-e970-4016-b352-1c0afafaecec,2025-12-13 18:22:33,Yin Yang Mieteteira Bicicleteira 273m/s - s7,CustomItem,Items,1,Completed,,,11.50000,USD,Positive,Good price,,,11.50000,USD
285f3a68-1b2c-4543-aa2e-2d73377e7ed5,2025-12-13 18:19:20,Mieteteira Bicicleteira 156m/s - s7,CustomItem,Items,1,Completed,,,6.50000,USD,Positive,"write amount ",,,6.50000,USD
46d6c0ec-a9ef-4d9d-8f23-ebda06953c56,2025-12-13 18:15:12,La Grande Combinasion YY 75m/s | y,CustomItem,Items,1,Completed,,,6.00000,USD,Positive,Good price,,,6.00000,USD
5688f528-7855-4a08-98a9-bb77f4ee2379,2025-12-13 18:06:54,Gold La Taco Combinasion 218.7m/s - e,CustomItem,Items,1,Completed,,,20.00000,USD,Positive,Extra mile,,,20.00000,USD
eb49f22e-0804-4749-9842-434d84048c49,2025-12-13 17:58:23,Spaghetti Tualetti 300m/s - way,CustomItem,Items,1,Completed,,,16.50000,USD,Positive,GOAT,,,16.50000,USD
a337be3c-eaa5-484f-8d17-7c41725c805b,2025-12-13 17:48:05,Esok Sekolah 30m/s - s8,CustomItem,Items,2,Completed,,,3.50000,USD,Positive,Extra mile,,,7.00000,USD
055ff195-8dbf-496d-ab0e-e4dc419f1494,2025-12-13 17:32:56,Money Money Puggy 204.7m/s | y,CustomItem,Items,1,Completed,,,13.00000,USD,Positive,GOAT,,,13.00000,USD
c4986269-6109-453e-a6eb-43495a1fd6f7,2025-12-13 17:29:01,Gold 67 106.8m/s - way,CustomItem,Items,1,Canceled,,,5.00000,USD,Unrated,,Out_Of_Stock,,5.00000,USD
0b6d8df9-f3bb-44d6-a710-ef48b94adeab,2025-12-13 17:18:39,Money Money Puggy 84m/s - way,CustomItem,Items,1,Completed,,,7.00000,USD,Positive,Good communication,,,7.00000,USD
0e65e96b-73b7-47ba-b9d6-d17b19ba1cdf,2025-12-13 17:14:02,Eviledon 441m/s - e,CustomItem,Items,1,Completed,,,22.00000,USD,Positive,As described,,,22.00000,USD
c613e709-ab69-4c27-977b-b54ccd0aad12,2025-12-13 17:06:31,Los Combinasionas 105m/s | y,CustomItem,Items,1,Completed,,,6.00000,USD,Positive,As described,,,6.00000,USD
c12bcd20-f2b0-4410-8b05-a9d07e773f3a,2025-12-13 17:00:08,Los 67 292.5m/s - way,CustomItem,Items,1,Completed,,,15.00000,USD,Positive,GOAT,,,15.00000,USD
6f7ac77a-ee53-4288-b189-a5779d0ca700,2025-12-13 16:51:53,Mieteteira Bicicleteira 234m/s | y,CustomItem,Items,1,Canceled,,,11.00000,USD,Unrated,,Out_Of_Stock,,11.00000,USD
65b49fca-9eec-49de-ab9c-4480fb1c6e7e,2025-12-13 16:25:49,Rainbow Los 67 270m/s - s7,CustomItem,Items,1,Completed,,,14.00000,USD,Positive,GGWP,,,14.00000,USD
d8640d48-525e-4198-9b96-e1cd7a1aeaa0,2025-12-13 16:06:15,Galaxy Los Combinasionas 135m/s - way,CustomItem,Items,1,Completed,,,5.50000,USD,Positive,GOAT,,,5.50000,USD
949dea23-1591-4cd1-b6b0-6d0d7d29086e,2025-12-13 15:24:01,Los 67 Galaxy 157.5m/s | y,CustomItem,Items,1,Completed,,,8.00000,USD,Positive,GGWP!,,,8.00000,USD
851528ab-8fd6-4eeb-a61e-f283bdd2673e,2025-12-13 15:15:34,Galaxy Los Combinasionas 165m/s - e,CustomItem,Items,1,Completed,,,8.00000,USD,Positive,Good price,,,8.00000,USD
904078f6-24de-458e-9381-25598530091f,2025-12-13 15:13:01,Radioactive Esok Sekolah 255m/s - s8,CustomItem,Items,1,Completed,,,11.50000,USD,Positive,Nothing wrong,,,11.50000,USD
a2da4863-4d66-4442-8fd2-135a8a4cca6e,2025-12-13 14:55:36,La Jolly Grande Galaxy 420m/s | y,CustomItem,Items,1,Canceled,Other,His brainrot got stolen apparently so i cant get it.,25.00000,USD,Unrated,,Out_Of_Stock,,25.00000,USD
876c7bec-6d9a-4b2f-8380-a68bcb4521a2,2025-12-13 14:38:13,Los 67 315m/s - e,CustomItem,Items,1,Completed,,,15.00000,USD,Positive,GGWP!,,,15.00000,USD
ab8e602d-1a46-435b-b414-49dc28980d6e,2025-12-13 14:26:09,Galaxy Los Mobilis 154m/s - s7,CustomItem,Items,1,Completed,,,6.50000,USD,Positive,Extra mile,,,6.50000,USD
781f2be7-adb1-4cd5-8b67-f82de52be15f,2025-12-13 14:15:21,Diamond Los Puggies 195m/s - s3,CustomItem,Items,1,Completed,,,14.00000,USD,Positive,Helpful and responsive,,,14.00000,USD
405c565a-11d6-44d7-8d4f-fbcdaf3cabfe,2025-12-13 14:13:05,Esok Sekolah 345m/s | y,CustomItem,Items,1,Completed,,,15.00000,USD,Positive,GOAT,,,15.00000,USD
7260feba-94f2-494b-a9c9-2087a52cfc84,2025-12-13 14:10:17,Esok Sekolah 90m/s - s8,CustomItem,Items,1,Completed,,,4.00000,USD,Positive,GGWP,,,4.00000,USD
b322ae41-31d2-413f-bd39-5f25a1955849,2025-12-13 14:06:59,Mieteteira Bicicleteira 130m/s - s7,CustomItem,Items,1,Completed,,,5.50000,USD,Positive,idk? he delivered?,,,5.50000,USD
adba5a42-b63b-485a-899d-5d67b678696c,2025-12-13 14:05:16,Mieteteira Bicicleteira 130m/s | y,CustomItem,Items,1,Completed,,,6.00000,USD,Positive,Extra mile,,,6.00000,USD
9982c73b-d4cc-44ed-ba08-671b361e99af,2025-12-13 13:57:56,Los Mobilis 121m/s | y,CustomItem,Items,1,Completed,,,6.00000,USD,Positive,Extra mile,,,6.00000,USD
fe57b902-3e42-4ff5-bc78-2359b9056e89,2025-12-13 13:35:44,Los 67 315m/s - e,CustomItem,Items,1,Completed,,,15.00000,USD,Positive,Good price,,,15.00000,USD
715bab8a-e79a-4ff2-bcea-23dff4e07870,2025-12-13 13:35:32,Esok Sekolah 90m/s - s8,CustomItem,Items,1,Completed,,,4.00000,USD,Positive,Good communication,,,4.00000,USD
994f37d8-4ce6-4555-883e-d0fa91996f6d,2025-12-13 13:34:39,Los Spooky Combinasionas 280m/s | y,CustomItem,Items,1,Completed,,,15.00000,USD,Positive,VERY GOOD. fast,,,15.00000,USD
9064d90d-5250-4c0a-b56b-9d8216a53316,2025-12-13 13:23:57,Los Combinasionas 180m/s - e,CustomItem,Items,1,Completed,,,9.00000,USD,Positive,A good  and fast,,,9.00000,USD
e175c85c-de7e-4267-8c77-b527dbbda8fa,2025-12-13 13:09:04,Esok Sekolah 180m/s - s8,CustomItem,Items,1,Completed,,,8.00000,USD,Positive,"Nice
",,,8.00000,USD
5dcc6f04-0abd-4d7c-8e0c-3b77edbcf547,2025-12-13 13:03:08,Money Money Puggy 105m/s | y -snd,CustomItem,Items,1,Completed,,,8.00000,USD,Positive,Helpful and responsive,,,8.00000,USD
99a51731-0c44-4fff-9db4-ad3df36fdc8d,2025-12-13 13:01:40,Money Money Puggy 273m/s - s3,CustomItem,Items,1,Completed,,,18.00000,USD,Positive,GOAT,,,18.00000,USD
98759307-9f63-4ed8-9ba9-9d3cc6ad3da9,2025-12-13 12:59:48,Eviledon 283.5m/s - s3,CustomItem,Items,1,Completed,,,20.00000,USD,Positive,GOAT,,,20.00000,USD
eab579ca-63e9-4114-a0d2-a1cf33b5532f,2025-12-13 12:55:18,Los Puggies rda 255m/s | y,CustomItem,Items,1,Completed,,,15.00000,USD,Positive,very good,,,15.00000,USD
529e5c7f-d8b6-4986-afb9-ac2083ec558f,2025-12-13 12:45:33,Esok Sekolah 90m/s - s8,CustomItem,Items,1,Completed,,,4.00000,USD,Positive,Fast delivery!,,,4.00000,USD
da9cd3d2-8888-47a9-ace0-79d718798ea5,2025-12-13 12:44:52,Esok Sekolah 90m/s - s8,CustomItem,Items,1,Completed,,,4.00000,USD,Positive,Helpful and responsive,,,4.00000,USD
c5af2e69-6d0c-426e-baf1-1c13954c2770,2025-12-13 12:17:52,Galaxy Los Combinasionas 210m/s - way,CustomItem,Items,1,Completed,,,8.50000,USD,Positive,Extra mile,,,8.50000,USD
31024b54-37f5-41bd-8ee9-899bc4a47d09,2025-12-13 12:13:23,Los Mobilis 154m/s | y,CustomItem,Items,1,Completed,,,7.00000,USD,Positive,Good price,,,7.00000,USD
19ae6206-c91b-464d-ab54-c75acd6902c2,2025-12-13 11:57:39,Los Mobilis YY 165m/s - n,CustomItem,Items,1,Completed,,,8.00000,USD,Positive,Helpful and responsive,,,8.00000,USD
86e62ff9-997c-457d-9fd6-6d90f000293c,2025-12-13 11:41:07,Diamond Los 67 146.2m/s - s7,CustomItem,Items,1,Canceled,,,6.00000,USD,Unrated,,Cancelation_Of_Reserved_Order,,6.00000,USD
6f611c67-5c29-4245-b00a-b37475f49f0e,2025-12-13 11:37:11,Rainbow Esok Sekolah 300m/s - way,CustomItem,Items,1,Completed,,,15.00000,USD,Positive,Good price,,,15.00000,USD
3e351b0d-e722-4d87-849d-4dc222b3531a,2025-12-13 11:36:10,Yin Yang Mieteteira Bicicleteira 195m/s - s7,CustomItem,Items,1,Completed,,,7.00000,USD,Positive,GGWP!,,,7.00000,USD
77e3301c-fce0-41d3-8ef0-1a0818684aaf,2025-12-13 11:28:34,Los Mobilis YY 209m/s | y,CustomItem,Items,1,Completed,,,10.00000,USD,Positive,GGWP,,,10.00000,USD
7627aef8-e840-4f6e-a355-96d8d118f9d0,2025-12-13 11:04:34,Los Spooky Combinasionas 170m/s | y,CustomItem,Items,1,Completed,,,10.00000,USD,Positive,GGWP!,,,10.00000,USD
16d39900-324b-4cd6-bd4b-14741a434935,2025-12-13 10:49:37,Los 67 Gold 140.6m/s | y,CustomItem,Items,1,Completed,,,7.00000,USD,Positive,GGWP!,,,7.00000,USD
b0d8c5ee-c852-4233-afec-e76e9bbb85dd,2025-12-13 10:20:35,Los 67 180m/s - way,CustomItem,Items,1,Completed,,,8.00000,USD,Positive,Fast delivery,,,8.00000,USD
029d00fc-1270-4bed-80f8-266aa3eced11,2025-12-13 09:58:51,Esok Sekolah 90m/s - s8,CustomItem,Items,1,Canceled,,,4.00000,USD,Unrated,,Out_Of_Stock,,4.00000,USD
7eef512e-5187-4361-9322-2804f71afdc3,2025-12-13 09:40:40,DIAMOND STARFRUIT,CustomItem,Items,1,Completed,Other,he didnt give me the right thing he gave me a mango when it was spossed to be a star fruit,5.00000,USD,Positive,GOAT,,,5.00000,USD
be9ccd7a-0053-43ac-a766-bd0dcff80214,2025-12-13 09:32:39,Mieteteira Bicicleteira 234m/s | y,CustomItem,Items,1,Completed,,,11.00000,USD,Positive,"legit and very nice ",,,11.00000,USD
d5082052-24a1-4fc2-a1b4-09bdceeabe86,2025-12-13 09:27:17,Los Combinasionas 255m/s 4 trait - way,CustomItem,Items,1,Completed,,,10.00000,USD,Positive,Really good offer,,,10.00000,USD
c01bdcce-d5ee-4d74-ad02-d8b26677dc98,2025-12-13 09:07:53,La Extinct Grande 223.2m/s | y,CustomItem,Items,1,Completed,,,14.00000,USD,Positive,GGWP,,,14.00000,USD
8ca76e8f-781d-441c-9a35-40e25951c610,2025-12-13 08:51:49,Tacorita Bicicleta 148.5m/s - way,CustomItem,Items,1,Completed,,,8.50000,USD,Positive,Good communication,,,8.50000,USD
f78d3cac-c21d-459c-a3fb-c2b999a8a4a6,2025-12-13 08:51:07,Radioactive La Grande Combinasion 85m/s - s7,CustomItem,Items,1,Completed,,,4.00000,USD,Positive,Good communication,,,4.00000,USD
f9bebb8b-00de-42bd-9328-e67b43243857,2025-12-13 08:36:47,Radioactive Spaghetti Tualetti 630m/s - s7,CustomItem,Items,1,Completed,,,25.00000,USD,Positive,GGWP,,,25.00000,USD
f0746c19-88f2-45eb-8376-9c6be1c2541d,2025-12-13 08:09:50,Radioactive Chicleteira Noelteira - way,CustomItem,Items,1,Completed,,,5.50000,USD,Positive,Good price,,,5.50000,USD
132c790b-ac39-4d58-80cc-bbe1bc0c777b,2025-12-13 07:14:22,Radioactive Spaghetti Tualetti 510m/s - e,CustomItem,Items,1,Completed,,,25.00000,USD,Positive,Good price,,,25.00000,USD
9373213d-ccae-4546-87e5-87499a6901c1,2025-12-13 07:04:23,lava Los 67 135m/s - s7,CustomItem,Items,1,Completed,,,6.50000,USD,Positive,GGWP,,,6.50000,USD
532c9cbe-13f3-4f9d-a746-5785e558a2bd,2025-12-13 06:06:43,"Gold Esok Sekolah
127.5m/s - s8",CustomItem,Items,1,Completed,,,6.00000,USD,Positive,Extra mile,,,6.00000,USD
49ec6f93-dbdd-4983-a083-179ce7c6be7d,2025-12-13 06:05:31,Los Combinasionas 240m/s - s7,CustomItem,Items,1,Completed,,,10.50000,USD,Positive,Not a. scam,,,10.50000,USD
01da5ed5-c87b-4ff3-bd56-229af2751015,2025-12-13 05:50:56,Los Mobilis 132m/s - s10,CustomItem,Items,3,Completed,,,5.00000,USD,Positive,Very good instructions and very chill,,,15.00000,USD
62a68f15-329b-406f-83e5-eeeb7ae73539,2025-12-13 05:37:50,Los Puggies 420m/s - way,CustomItem,Items,1,Completed,,,20.00000,USD,Positive,GOAT,,,20.00000,USD
587dac97-e765-4c61-a242-3f7b296b3d16,2025-12-13 05:28:23,Esok Sekolah 90m/s - s8,CustomItem,Items,1,Completed,,,4.00000,USD,Positive,"Great trusted ",,,4.00000,USD
5d9ab3a7-4f6d-49ff-9090-1fdda41567c4,2025-12-13 03:16:36,gold Los Combinasionas 101.2m/s - s7,CustomItem,Items,1,Completed,,,4.00000,USD,Positive,W I vouch,,,4.00000,USD
e8b0c905-a947-4db4-a781-5fba2d4ec222,2025-12-13 03:16:26,La Grande Combinasion 60m/s - s7,CustomItem,Items,1,Completed,,,3.00000,USD,Positive,Good price,,,3.00000,USD
bcf13774-af08-4545-91f3-2b5db507b2f4,2025-12-13 03:11:29,Esok Sekolah 90m/s - s8,CustomItem,Items,1,Completed,,,4.00000,USD,Positive,GGWP,,,4.00000,USD
6707c29b-0625-49ff-bbf1-95709e8f30dd,2025-12-13 03:02:27,Esok Sekolah 90m/s - s8,CustomItem,Items,1,Completed,,,4.00000,USD,Positive,Helpful and responsive,,,4.00000,USD
60a5ee3c-eca0-4335-811e-fd8a82205213,2025-12-13 03:00:02,Money Money Puggy 168m/s 2 Trait - s7,CustomItem,Items,1,Completed,,,8.00000,USD,Positive,Helpful and responsive,,,8.00000,USD
1105d47e-d05d-4f1a-b1ac-c6605a12384c,2025-12-13 02:20:24,Mieteteira Bicicleteira YY 195m/s | y,CustomItem,Items,1,Completed,,,8.00000,USD,Positive,GGWP!,,,8.00000,USD
bfceee39-1506-4c39-b7a6-7e7927dd9250,2025-12-13 02:17:40,Los 67 135m/s - s7,CustomItem,Items,1,Completed,,,5.50000,USD,Positive,Good price,,,5.50000,USD
22c8ad2d-e21a-4849-ae76-ea769d8e593e,2025-12-13 02:15:30,Chicleteira Noelteira - s7,CustomItem,Items,1,Completed,,,1.50000,USD,Positive,Good price,,,1.50000,USD
3312bda5-a04d-43f6-937e-563af396bc25,2025-12-13 01:59:57,Radioactive 67 78.7m/s - s7,CustomItem,Items,1,Completed,,,3.50000,USD,Positive,GGWP!,,,3.50000,USD
8671d38c-66f1-4f1e-9a9a-1de30b7eb050,2025-12-13 01:52:06,Gold Esok Sekolah 97.5m/s - s8,CustomItem,Items,1,Completed,,,5.50000,USD,Positive,goat,,,5.50000,USD
66270959-39cf-4427-b197-7fa1086eda3a,2025-12-13 01:50:32,Radioactive Los 67 191.2m/s - s7,CustomItem,Items,1,Completed,,,7.50000,USD,Positive,As described,,,7.50000,USD
ca9af1ef-27d6-4b5c-bcff-9d832159a262,2025-12-13 01:34:28,La Spooky Grande 196m/s - s10,CustomItem,Items,1,Completed,,,10.00000,USD,Positive,As described,,,10.00000,USD
542f7c2b-b5a9-4451-97f0-a4094176d7b8,2025-12-13 01:24:54,Esok Sekolah 240m/s - s8,CustomItem,Items,1,Completed,,,11.00000,USD,Positive,Fast and nice,,,11.00000,USD
99a51cab-6d55-489d-ba87-23c9b8c1062f,2025-12-13 01:24:38,Los Mobilis 132m/s - s10,CustomItem,Items,1,Completed,,,5.00000,USD,Positive,GGWP,,,5.00000,USD
4b889ec8-ec66-40f3-abc1-20b0324a5eb0,2025-12-13 01:20:41,Yin Yang Los Mobilis 165m/s - s7,CustomItem,Items,1,Completed,,,6.50000,USD,Positive,Helpful and responsive,,,6.50000,USD
ce6b5739-4df3-41fc-a139-954c99a9c6c0,2025-12-13 01:03:26,Gold Los Burritos 129.6m/s 4 trati - r547,CustomItem,Items,1,Canceled,,,5.50000,USD,Unrated,,Out_Of_Stock,,5.50000,USD
bea83e7a-fa31-4bbf-b645-a3098ed683c0,2025-12-13 00:58:13,Rainbow Los Spooky Combinasionas 280m/s - e,CustomItem,Items,1,Completed,,,15.00000,USD,Positive,HE IS REAL\,,,15.00000,USD
2a760721-64be-454b-82a8-3c916b854eab,2025-12-13 00:57:42,Los Puggies 180m/s - s3,CustomItem,Items,1,Completed,,,13.00000,USD,Positive,"Great and quick ",,,13.00000,USD
68221b7a-e0f8-4ee2-85d0-ccd727754370,2025-12-13 00:55:28,67 30m/s - r547,CustomItem,Items,1,Completed,,,2.00000,USD,Positive,GGWP,,,2.00000,USD
1aca37a8-a557-40ba-81fb-16241670b859,2025-12-13 00:29:02,Rainbow Los Combinasionas 247.5m/s - way,CustomItem,Items,1,Completed,,,10.00000,USD,Positive,fast,,,10.00000,USD
4e18a7f4-4db7-4979-a5ca-12e32aee6f95,2025-12-13 00:28:16,Radioactive Esok Sekolah 255m/s - s8,CustomItem,Items,1,Completed,,,11.50000,USD,Positive,GOAT,,,11.50000,USD
426e3320-5600-4801-95b3-8982f4bcaded,2025-12-12 23:54:44,Yin Yang Los Spooky Combinasionas - s10,CustomItem,Items,1,Completed,,,7.00000,USD,Positive,Fast took like 3 mins,,,7.00000,USD
6ea946a5-8d74-4ad5-a2f7-e137d2d6b24d,2025-12-12 23:54:11,Mieteteira Bicicleteira 403m/s - e,CustomItem,Items,1,Completed,,,15.00000,USD,Positive,"good ",,,15.00000,USD
5c839a3f-a92b-4dd3-be50-4abd5ef53b06,2025-12-12 23:51:04,Yin-Yang Los Combinasionas 157.5m/s - s7,CustomItem,Items,1,Completed,,,5.50000,USD,Positive,Good price,,,5.50000,USD
f2e5b83f-7c0d-4725-900b-115b24cffc2d,2025-12-12 23:15:51,La Grande Combinasion 30m/s - s7,CustomItem,Items,1,Completed,,,3.00000,USD,Positive,Good communication,,,3.00000,USD
e7923849-f3c1-4ac2-9fd2-a64e283d7a88,2025-12-12 22:40:17,Galaxy Los 67 157.5m/s - s3,CustomItem,Items,1,Completed,,,7.00000,USD,Positive,GGWP,,,7.00000,USD
55376025-734c-4af4-85d2-865ed9a4c972,2025-12-12 17:21:29,Los Combinasionas 138.7m/s | y,CustomItem,Items,1,Completed,,,6.50000,USD,Positive,GGWP!,,,6.50000,USD
2d70389a-b501-4342-8c72-03ae9b446d66,2025-12-12 17:10:05,Esok Sekolah 150m/s - s8,CustomItem,Items,1,Completed,,,7.00000,USD,Positive,He good ggw,,,7.00000,USD
adadb65d-46fa-42d1-9aca-ed765e132a2a,2025-12-12 16:56:38,Mieteteira Bicicleteira YY 195m/s | y,CustomItem,Items,1,Completed,,,8.00000,USD,Positive,GGWP,,,8.00000,USD
001bfc28-4baf-4e60-8740-42cbbbf76735,2025-12-12 16:54:30,Esok Sekolah 30m/s - s8,CustomItem,Items,1,Completed,,,3.50000,USD,Positive,GGWP,,,3.50000,USD
3dccb6e9-0675-4c2d-ba26-f926f0b6d094,2025-12-12 16:52:24,Los Spooky Combinasionas YY 350m/s | y,CustomItem,Items,1,Completed,,,17.00000,USD,Positive,As described,,,17.00000,USD
3ff86965-8c2d-49f3-81c7-01e59b19c7fd,2025-12-12 16:50:18,Esok Sekolah 30m/s - s8,CustomItem,Items,1,Completed,,,3.50000,USD,Positive,Helpful and responsive,,,3.50000,USD
7f8ec1d1-eb8a-4a31-80e2-949f1419e777,2025-12-12 16:49:15,Mieteteira Bicicleteira YY 325m/s | y,CustomItem,Items,1,Completed,,,15.00000,USD,Positive,GOAT,,,15.00000,USD
92466199-7f96-4330-ab6c-2c7dbf8f439d,2025-12-12 16:41:54,Gold Los 67 140.6m/s - s7,CustomItem,Items,1,Completed,,,7.00000,USD,Positive,GOAT,,,7.00000,USD
19b46035-ff57-4361-9c6d-4e27f7765d6f,2025-12-12 16:36:00,W or L 150m/s - s7,CustomItem,Items,1,Completed,,,10.00000,USD,Positive,Helpful and responsive,,,10.00000,USD
e85cf5ed-7c4d-4e7e-a11d-994ed0222da1,2025-12-12 16:21:45,gold Los 67 185.6m/s - s7,CustomItem,Items,1,Completed,,,8.50000,USD,Positive,GGWP,,,8.50000,USD
a43db892-2774-428a-844e-fa7de612151e,2025-12-12 15:51:48,La Jolly Grande 150m/s - s10,CustomItem,Items,1,Completed,,,10.00000,USD,Positive,Fast delivery,,,10.00000,USD
b1e25fb9-7554-47ad-8bef-d0b5bb1147ec,2025-12-12 15:41:58,Los Mobilis 110m/s | y,CustomItem,Items,1,Completed,,,6.00000,USD,Positive,Good communication,,,6.00000,USD
52cd42e1-0b79-4a43-8b5e-1cba66bc7ee6,2025-12-12 15:35:50,La Jolly Grande 30m/s - s7,CustomItem,Items,1,Completed,Seller_Delivered_But_Order_Not_Received,,7.50000,USD,Positive,GGWP!,,,7.50000,USD
1ab842b4-3384-4629-ab01-3fdd52af9a98,2025-12-12 15:29:05,Los 67 Lava 202.5m/s | y,CustomItem,Items,1,Completed,,,11.00000,USD,Positive,As described,,,11.00000,USD
ef04c1f2-f669-412f-b668-67d9e2225a07,2025-12-12 15:06:41,Spaghetti Tualetti 300m/s - s7,CustomItem,Items,1,Completed,,,14.00000,USD,Positive,Helpful and responsive,,,14.00000,USD
75f84db0-b3e2-4b93-9958-b1d48e79f179,2025-12-12 14:25:27,Los Puggies 180m/s - s3,CustomItem,Items,1,Completed,,,13.00000,USD,Positive,Helpful and responsive,,,13.00000,USD
3f72695e-26eb-4d55-befd-b08b6f76df98,2025-12-12 14:17:14,Galaxy Los Combinasionas 135m/s - s10,CustomItem,Items,1,Completed,,,6.00000,USD,Positive,GGWP,,,6.00000,USD
d016d5e1-ba4e-4f7f-bb24-70ac7dfbd666,2025-12-12 14:12:49,Los Puggies 180m/s - s3,CustomItem,Items,1,Completed,,,13.00000,USD,Positive,Extra mile,,,13.00000,USD
eb45799b-e60b-4805-801d-8d0fac13fb55,2025-12-12 14:10:06,Gobblino Uniciclino - s7,CustomItem,Items,1,Completed,,,3.00000,USD,Positive,GOAT,,,3.00000,USD
f549bc8f-6ad5-44db-b3c2-8c783612d7d4,2025-12-12 13:55:55,Eviledon 283.5m/s | y,CustomItem,Items,1,Completed,,,20.00000,USD,Positive,GGWP!,,,20.00000,USD
6abba9ac-6c35-47f5-99fe-004af86f2fec,2025-12-12 13:55:43,Mieteteira Bicicleteira 156m/s - s7,CustomItem,Items,1,Completed,,,7.00000,USD,Positive,GOAT,,,7.00000,USD
a1266ef2-bb2c-43e9-9995-8b6aa25c95da,2025-12-12 13:52:30,Money Money Puggy 126m/s | y -snd,CustomItem,Items,1,Completed,,,9.00000,USD,Positive,Fast and trustworthy! Would reccomend,,,9.00000,USD
48942e27-25a3-46bb-b74d-470db62641ba,2025-12-12 13:42:35,Eviledon 283.5m/s | y,CustomItem,Items,1,Completed,,,20.00000,USD,Positive,GGWP,,,20.00000,USD
daed31ce-5362-47a4-8a62-56ff6525b483,2025-12-12 13:30:08,Rainbow Esok Sekolah 300m/s - way,CustomItem,Items,1,Completed,,,15.00000,USD,Positive,Helpful and responsive,,,15.00000,USD
644ca792-0d99-44d5-9797-592cb7c03878,2025-12-12 13:02:19,Los 67 135m/s - s7,CustomItem,Items,1,Completed,,,6.00000,USD,Positive,trust worthy,,,6.00000,USD
27cfa4d7-434b-41fc-8299-a9c94c4fa4b2,2025-12-12 13:02:01,Gold La Taco Combinasion 323.7m/s - s3,CustomItem,Items,1,Completed,,,27.00000,USD,Positive,Extra mile,,,27.00000,USD
a6fdaf44-7029-44de-ba45-e3b686373643,2025-12-12 12:37:39,Radioactive Chicleteira Noelteira - s7,CustomItem,Items,1,Completed,,,5.50000,USD,Positive,Good communication,,,5.50000,USD
66ce5bdb-c6a8-4307-bf6a-f3dabfc6bc2c,2025-12-12 11:54:26,Los Mobilis 209m/s - n,CustomItem,Items,1,Completed,,,10.00000,USD,Positive,Fast delivery,,,10.00000,USD
42a74aa7-5b87-4c01-8cc9-c087a3952496,2025-12-12 11:41:55,Rainbow Los Combinasionas 150m/s - n,CustomItem,Items,1,Completed,,,7.00000,USD,Positive,Extra mile,,,7.00000,USD
1c40bda1-b314-45cb-a722-557b103164a0,2025-12-12 11:21:08,La Grande Combinasion 30m/s - s7,CustomItem,Items,1,Completed,,,3.00000,USD,Positive,Extra mile,,,3.00000,USD
663a2fc2-9dd3-407f-9b5d-0b35fae7a045,2025-12-12 10:57:41,Esok Sekolah 90m/s - s8,CustomItem,Items,1,Completed,,,4.00000,USD,Positive,Helpful and responsive,,,4.00000,USD
d3340f0f-2422-4871-b0fe-a7af1ac89bac,2025-12-12 09:43:01,Los Combinasionas 150m/s - s10,CustomItem,Items,1,Completed,,,6.50000,USD,Positive,Good communication,,,6.50000,USD
f03cb65e-f98e-4e8d-ba6d-d16adf412935,2025-12-12 08:00:57,Esok Sekolah 30m/s - s8,CustomItem,Items,1,Completed,,,3.50000,USD,Positive,As described,,,3.50000,USD
414a3dbc-05f8-4a22-8caa-085b8bda07a7,2025-12-12 07:50:17,Esok Sekolah 30m/s - s8,CustomItem,Items,1,Completed,,,3.50000,USD,Positive,GGWP!,,,3.50000,USD
13cb921e-4e55-4284-87de-cec0d6839175,2025-12-12 06:49:45,Esok Sekolah 30m/s - s8,CustomItem,Items,1,Canceled,Item_Not_Delivered_Within_Delivery_Time,,3.50000,USD,Unrated,,Not_Delivered_Within_Guaranteed_Delivery_Time,,3.50000,USD
83263a7f-01bf-4632-b661-47f6c31d9c7e,2025-12-12 04:25:56,Diamond Esok Sekolah 105m/s - s8,CustomItem,Items,1,Completed,,,5.00000,USD,Positive,Good price,,,5.00000,USD
b3185938-7f16-42eb-84ee-46a2c62b0c3f,2025-12-12 04:15:14,Rainbow Spaghetti Tualetti 600m/s - s7,CustomItem,Items,1,Completed,,,30.00000,USD,Positive,GGWP,,,30.00000,USD
c43950d7-7ab9-4fd8-b89e-a5a6a81f3152,2025-12-12 04:12:03,"Esok Sekolah
120m/s - s8",CustomItem,Items,1,Completed,,,6.00000,USD,Positive,Good price,,,6.00000,USD
2df2649b-4f95-49a7-b0be-46fd26a3e581,2025-12-12 03:26:12,Yin Yang Mieteteira Bicicleteira 195m/s - s7,CustomItem,Items,1,Completed,,,8.00000,USD,Positive,Good price,,,8.00000,USD
7af3e8a5-0bc0-41af-8874-121cf01ab813,2025-12-12 03:20:00,Radioactive Esok Sekolah 255m/s - way,CustomItem,Items,1,Canceled,,,10.00000,USD,Unrated,,Out_Of_Stock,,10.00000,USD
fe308420-f9f5-481a-a28d-ad478371e3a9,2025-12-12 02:59:49,Gold Los 67 118.1m/s - s10,CustomItem,Items,1,Completed,,,5.50000,USD,Positive,GGWP!,,,5.50000,USD
2b0a6be6-2294-43ed-8de9-31078ced6e8b,2025-12-12 02:51:07,Eviledon 315m/s - s3,CustomItem,Items,1,Completed,,,22.00000,USD,Positive,Extra mile,,,22.00000,USD
47675423-0e12-4cc3-84c9-e8a88e9f803b,2025-12-12 02:45:19,Esok Sekolah 30m/s - s8,CustomItem,Items,1,Completed,,,3.50000,USD,Positive,"Fast and good ",,,3.50000,USD
a5a05cf0-dee5-4c0c-8817-aa3a754dc984,2025-12-12 02:44:11,Mieteteira Bicicleteira 245m/s | y,CustomItem,Items,1,Completed,,,12.00000,USD,Positive,Best experience!!,,,12.00000,USD
39d22232-ef68-48a2-a38e-de27439fd01b,2025-12-12 02:40:12,Esok Sekolah 30m/s - s8,CustomItem,Items,1,Completed,,,3.50000,USD,Positive,legit,,,3.50000,USD
9d0cfc5c-62ec-4947-a904-5424e24b51ae,2025-12-12 02:39:49,Esok Sekolah 30m/s - s8,CustomItem,Items,1,Canceled,,,3.50000,USD,Unrated,,Seller_Going_Offline,,3.50000,USD
45a33e72-2fe9-4900-95dc-2a4f8a36ad15,2025-12-12 02:35:59,Esok Sekolah 30m/s - s8,CustomItem,Items,1,Completed,,,3.50000,USD,Positive,Fast delivery,,,3.50000,USD
15a9bc97-bc07-4426-ba60-a8b2fe7f7399,2025-12-12 02:22:11,Esok Sekolah 30m/s - s8,CustomItem,Items,1,Completed,,,3.50000,USD,Positive,"VERY FAST AND GOOD SELLER
",,,3.50000,USD
9b7444af-ec4d-4d3f-a1e1-5bcb35e0775a,2025-12-12 02:08:18,Mieteteira Bicicleteira 364m/s - e,CustomItem,Items,1,Completed,,,15.00000,USD,Positive,Good price,,,15.00000,USD
a4f05c99-5232-4a27-ac38-912a266bb168,2025-12-12 01:46:08,Gold La Grande Combinasion 12.5m - s7,CustomItem,Items,2,Completed,,,2.50000,USD,Positive,Helpful and responsive,,,5.00000,USD
4a61990c-7466-421d-a24f-39fe410e3e35,2025-12-12 01:30:28,Galaxy Los 67 157.5m/s - s3,CustomItem,Items,1,Completed,,,7.00000,USD,Positive,Extra mile,,,7.00000,USD
d8218285-18da-4a43-a7bf-0ea27d314e27,2025-12-12 01:27:20,Yin Yang Mieteteira Bicicleteira 195m/s - s10,CustomItem,Items,1,Completed,,,7.50000,USD,Positive,Ty,,,7.50000,USD
409db071-2eaf-490e-8c31-37da8d0bbec5,2025-12-12 01:23:39,Los 67 157.5m/s | y,CustomItem,Items,1,Completed,,,8.00000,USD,Positive,Good price,,,8.00000,USD
fd6d64e1-9833-4e63-8077-5230e3a8b3f9,2025-12-12 01:21:06,Mieteteira Bicicleteira 156m/s - s7,CustomItem,Items,1,Completed,,,7.00000,USD,Positive,Good communication,,,7.00000,USD
b2ff0de5-0f35-40d2-b6db-62538bc6b544,2025-12-12 00:56:30,Mieteteira Bicicleteira 156m/s | y,CustomItem,Items,1,Completed,Seller_Delivered_But_Order_Not_Received,,7.00000,USD,Positive,Fast delivery,,,7.00000,USD
17621762-b7c5-4b98-b8bd-9c3c6d07e9fc,2025-12-12 00:37:16,Rainbow Los 67 360m/s - e,CustomItem,Items,1,Completed,,,18.00000,USD,Positive,GGWP!,,,18.00000,USD
9bcc2893-9573-4f3c-84b1-0a1bb0ab51b8,2025-12-12 00:34:16,Los 677 292.5m/s - e,CustomItem,Items,1,Completed,,,14.00000,USD,Positive,GGWP!,,,14.00000,USD
9b6e8273-feeb-4026-8989-43ea24ab5ab9,2025-12-12 00:21:22,Mieteteira Bicicleteira 110m/s | y,CustomItem,Items,1,Completed,,,5.00000,USD,Positive,Good price,,,5.00000,USD
6b58dfc6-36c5-456c-bd5f-e2c7f90aefa4,2025-12-11 23:21:40,Diamond Los 67 388.1m/s - e,CustomItem,Items,1,Completed,,,18.00000,USD,Positive,GOAT,,,18.00000,USD
26f41157-642a-4358-9e22-18a762b9add0,2025-12-11 23:12:07,Money Money Puggy 89.2m/s | y -snd,CustomItem,Items,1,Completed,,,8.00000,USD,Positive,Good communication,,,8.00000,USD
da92b09e-7b6a-4e76-8b69-e553b9e96755,2025-12-11 22:50:41,Gold Esok Sekolah 37.5m/s - s8,CustomItem,Items,1,Completed,,,4.00000,USD,Positive,It was good,,,4.00000,USD
d65853a4-719e-44c5-ab34-c57a18baba0a,2025-12-11 16:21:38,Los 67 123.7m/s | y,CustomItem,Items,1,Completed,,,6.00000,USD,Positive,Extra mile,,,6.00000,USD
f50d6210-2f18-4f59-b75c-debcd5cd53d3,2025-12-11 16:16:21,Los Combinasionas 135m/s -s10,CustomItem,Items,1,Completed,,,6.00000,USD,Positive,GGWP!,,,6.00000,USD
8caacb57-51f2-4203-b0b4-2a60e45dcb81,2025-12-11 16:13:37,Los Mobilis 231m/s | y,CustomItem,Items,1,Completed,,,11.00000,USD,Positive,Good price,,,11.00000,USD
7a093c9e-30e9-4fe3-a5f6-b9e60e1be5ac,2025-12-11 16:06:55,Radioactive Esok Sekolah 255m/s - s10,CustomItem,Items,1,Completed,,,11.00000,USD,Positive,Extra mile,,,11.00000,USD
0577c2b3-d917-4a9c-a95e-1c5b8799aa65,2025-12-11 15:52:48,Radioactive Los Puggies 255m/s - e,CustomItem,Items,1,Completed,,,15.00000,USD,Positive,GGWP,,,15.00000,USD
c6cc1968-f976-4c4b-9b4b-c0ff9c9e6ba0,2025-12-11 14:36:46,Los 67 135m/s | y,CustomItem,Items,1,Completed,,,6.50000,USD,Positive,Good price,,,6.50000,USD
b5671b2f-9493-4dc1-9b56-00ec27fb3799,2025-12-11 13:48:08,Spaghetti Tualetti 510m/s - s8,CustomItem,Items,1,Completed,,,25.00000,USD,Positive,Fast delivery,,,25.00000,USD
227edd51-31e5-41c5-9d8f-874f883cc9af,2025-12-11 13:11:26,Esok Sekolah 150m/s - s8,CustomItem,Items,1,Completed,,,7.50000,USD,Positive,GOAT,,,7.50000,USD
23e82344-a7cf-4767-88cf-517ed6b73ffc,2025-12-11 12:47:15,Gold Los Combinasionas 138.7m/s - s10,CustomItem,Items,1,Completed,,,5.50000,USD,Positive,"J’ai reçu ma commande en moin de 1 minute ",,,5.50000,USD
174e3dc9-e0fa-4c9b-84d4-2bef6c09d446,2025-12-11 12:40:04,Diamond Los Spooky Combinasionas 90m/s - s10,CustomItem,Items,1,Completed,,,4.00000,USD,Positive,"Fast
",,,4.00000,USD
3e57b91e-bf56-4974-9aa0-5e031524ff22,2025-12-11 12:31:37,Gold Los Combinasionas 198.7m/s - n,CustomItem,Items,1,Completed,,,9.00000,USD,Positive,As described,,,9.00000,USD
7cee2ce2-5c5c-4752-baff-d0e30ad622d5,2025-12-11 12:13:46,La Jolly Grande 270m/s - e,CustomItem,Items,1,Completed,,,17.00000,USD,Positive,Good price,,,17.00000,USD
c9b87b08-3ba9-4c9c-86be-24a9cac29c64,2025-12-11 11:42:44,Los Mobilis YY 165m/s | y,CustomItem,Items,1,Completed,,,8.00000,USD,Positive,Perfect,,,8.00000,USD
a89cf7a5-8fad-404b-ad46-26f210e6ffac,2025-12-11 03:43:38,Los Combinasionas 120m/s - s10,CustomItem,Items,1,Completed,,,5.00000,USD,Positive,GGWP!,,,5.00000,USD
3f91315d-aa9d-4910-be41-2f3118c9bec0,2025-12-11 03:41:59,Yin yang Los Hotspotsitos 101.7m/s - s10,CustomItem,Items,1,Completed,,,5.00000,USD,Positive,GGWP!,,,5.00000,USD
4f22d0e3-2386-44bd-a994-d45dbe233fa9,2025-12-11 03:24:50,La Jolly Grande 30m/s - way,CustomItem,Items,1,Completed,,,7.50000,USD,Positive,GOAT,,,7.50000,USD
6258605c-9b03-4759-be9e-512d5f9436b0,2025-12-11 03:18:32,Yin Yang Los Mobilis 165m/s - s7,CustomItem,Items,1,Completed,,,7.00000,USD,Positive,Good communication,,,7.00000,USD
9c1cb64a-a51a-4405-94b4-44fe9226648b,2025-12-11 03:07:56,Gobblino Uniciclino 27.5m/s - s10,CustomItem,Items,1,Completed,,,4.00000,USD,Positive,Extra mile,,,4.00000,USD
9647161d-d363-4d22-b6eb-2c5842f7b8e7,2025-12-11 02:53:18,Yin Yang 67 71.2m/s - s10,CustomItem,Items,1,Completed,,,3.50000,USD,Positive,GGWP!,,,3.50000,USD
ac8ff509-1bdc-473d-b8b8-81f54711bbed,2025-12-11 02:26:09,Spaghetti Tulaetti 240m/s | y,CustomItem,Items,1,Completed,,,15.00000,USD,Positive,As described,,,15.00000,USD
8e4d5238-c49a-45a9-8cd6-1a40be4c03e3,2025-12-11 02:25:59,Diamond Chipso and Queso - s7,CustomItem,Items,1,Completed,,,15.00000,USD,Positive,GGWP!,,,15.00000,USD
40f08509-2f0f-45aa-b9b9-e99b86ccc87d,2025-12-11 02:25:43,Galaxy Los 67 315m/s - e,CustomItem,Items,1,Completed,,,15.00000,USD,Positive,"ty fast
]",,,15.00000,USD
9bd4930f-734b-4725-816d-107cb69c61e1,2025-12-11 02:12:24,La Taco Combinasion Gold 306.2m/s | y -snd,CustomItem,Items,1,Completed,,,25.00000,USD,Positive,Good communication,,,25.00000,USD
250d48cc-e5c6-4fd4-96ca-31c174c3afc6,2025-12-11 02:09:36,"Los Combinasionas
120m/s - s7",CustomItem,Items,1,Completed,,,6.00000,USD,Positive,GOAT,,,6.00000,USD
b983a61f-c881-4740-9ba9-10194301f57e,2025-12-11 01:35:06,Mieteteira Bicicleteira 234m/s | y,CustomItem,Items,1,Completed,,,11.00000,USD,Positive,GGWP!,,,11.00000,USD
a4e0ca9e-77ae-4d5f-b8b4-5cf128e102ce,2025-12-11 01:15:28,Los Mobilis YY 253m/s | y,CustomItem,Items,1,Completed,,,12.00000,USD,Positive,As described,,,12.00000,USD
0a4c4dd7-0013-45fa-8273-444b20a52154,2025-12-11 00:53:57,Gold Los Puggies - s7,CustomItem,Items,1,Completed,,,7.50000,USD,Positive,GOAT,,,7.50000,USD
b937c0f7-9282-4237-905b-82642c6b3c44,2025-12-11 00:25:19,Radioactive Esok Sekolah 255m/s - way,CustomItem,Items,1,Completed,,,10.00000,USD,Positive,s,,,10.00000,USD
f1978aab-fad6-449c-9972-78cd5a467cbf,2025-12-11 00:17:29,Los Mobilis 275m/s | y,CustomItem,Items,1,Completed,,,13.00000,USD,Positive,"He's amazing got my order pretty much instantly. ",,,13.00000,USD
09345932-504d-45b2-9dc2-46cce3875359,2025-12-11 00:00:45,Diamond Los combinasionas 247.5m/s 4 trait - s7,CustomItem,Items,1,Completed,,,12.00000,USD,Positive,Fast delivery,,,12.00000,USD
a50b647b-c685-4f16-b02a-cdde765a4cb9,2025-12-10 23:32:58,Esok Sekolah 240m/s | y,CustomItem,Items,1,Completed,,,12.00000,USD,Positive,GGWP,,,12.00000,USD
d16dad4b-1f2e-479d-8357-0a2dd182663c,2025-12-10 16:43:09,Mieteteira Bicicleteira 156m/s | y,CustomItem,Items,1,Completed,,,7.00000,USD,Positive,GGWP!,,,7.00000,USD
2b5d0d56-d5bc-456a-b505-129d3c7a2b19,2025-12-10 16:34:02,Esok Sekolah 30m/s - s8,CustomItem,Items,1,Completed,,,4.00000,USD,Positive,Fast delivery,,,4.00000,USD
ec8fbca2-2fe8-43e7-98d2-b30086696e1c,2025-12-10 16:07:15,Gold Los 67 140.6m/s - n,CustomItem,Items,1,Completed,,,7.00000,USD,Positive,Good communication,,,7.00000,USD
e6270435-1752-40c8-9198-0bf0a68746f8,2025-12-10 15:51:00,Gold Los Combinasionas 78.7m/s - s7,CustomItem,Items,1,Completed,,,5.00000,USD,Positive,Extra mile,,,5.00000,USD
84b8f8f6-621d-4a70-84a6-0d00ac3fcd99,2025-12-10 15:48:33,Mieteteira Bicicleteira 182m/s | y,CustomItem,Items,1,Completed,,,8.00000,USD,Positive,GOAT,,,8.00000,USD
3812b610-503c-4985-8eee-5517777c22ab,2025-12-10 15:46:01,Money Money Puggy Rainbow 273m/s | y,CustomItem,Items,1,Completed,,,28.00000,USD,Positive,GOAT,,,28.00000,USD
2bbb48b2-7224-4587-ae20-df023952a4bd,2025-12-10 15:36:38,Esok Sekolah 30m/s - s8,CustomItem,Items,1,Completed,,,4.00000,USD,Positive,GGWP!,,,4.00000,USD
34e49d8d-7f76-436c-97e1-4dc87a2063e3,2025-12-10 15:35:01,Gold Esok Sekolah 37.5m/s - s8,CustomItem,Items,1,Completed,,,4.50000,USD,Positive,As described,,,4.50000,USD
0056382d-443a-4d84-a6a4-a22848be8314,2025-12-10 14:57:00,Diamond Los Mobilis 143m/s 1 trait - way,CustomItem,Items,1,Canceled,,,7.00000,USD,Unrated,,Out_Of_Stock,,7.00000,USD
4e6e56ff-295e-4855-9227-47934316c1f7,2025-12-10 14:55:41,Los Spooky Combinasionas 120m/s | y,CustomItem,Items,1,Completed,,,8.00000,USD,Positive,Extra mile,,,8.00000,USD
b2d9a71b-68fb-4f45-872d-c65e236e356c,2025-12-10 14:22:17,Spaghetti Tualetti 480m/s - way,CustomItem,Items,1,Completed,,,23.00000,USD,Positive,GGWP,,,23.00000,USD
0d3ae569-9a5f-4bb8-bc7a-bbce3e8f8f3d,2025-12-10 14:12:57,Galaxy Los Spooky Combinasionas 215m/s - s7,CustomItem,Items,1,Completed,,,10.00000,USD,Positive,GOAT,,,10.00000,USD
220a8649-3ade-4dd8-bb06-db87e38fba66,2025-12-10 14:08:43,La taco Combinasion 455m/s - way,CustomItem,Items,1,Completed,,,25.00000,USD,Positive,Good communication,,,25.00000,USD
9065d7ab-8f4e-42b3-b840-1b6c98092700,2025-12-10 13:57:33,Eviledon 189m/s - e,CustomItem,Items,1,Completed,,,15.00000,USD,Positive,GOAT,,,15.00000,USD
c2cbb87b-f5fe-4d2b-b559-191aabd19066,2025-12-10 13:53:43,La Jolly Grande 270m/s - e,CustomItem,Items,1,Completed,,,17.00000,USD,Positive,GGWP!,,,17.00000,USD
21b65895-c2c5-4d89-82f6-8d3e8c28e06e,2025-12-10 13:02:27,Los Mobilis 132m/s | y,CustomItem,Items,1,Completed,,,6.50000,USD,Positive,Extra mile,,,6.50000,USD
cb5cb202-0fe4-46af-9ce1-050d379a6626,2025-12-10 12:40:16,Gold Lavadorito Spinito 56.2m/s - way,CustomItem,Items,1,Completed,,,12.50000,USD,Positive,amazing purchase (fast and everything),,,12.50000,USD
4cd02193-b6c9-4433-b7e2-7edb0cf5c9c3,2025-12-10 12:32:08,Lava Los Combinasionas 90m/s - s7,CustomItem,Items,1,Completed,,,4.00000,USD,Positive,Fast and great,,,4.00000,USD
3aa6d750-c9b5-4041-9aa1-df4d525ef9d0,2025-12-10 12:24:17,La Taco Combinasion 192.5m/s - s3,CustomItem,Items,1,Completed,,,17.00000,USD,Positive,Extra mile,,,17.00000,USD
5774e271-ca14-4cc7-88cf-528deb1713ab,2025-12-10 12:06:15,Rainbow La Grande Combinasion 100m/s - way,CustomItem,Items,1,Completed,,,10.00000,USD,Positive,GOAT,,,10.00000,USD
bb794a74-54bc-4107-9359-ce9f69f8cd7c,2025-12-10 11:58:28,Los Combinasionas 165m/s | y,CustomItem,Items,1,Completed,,,8.00000,USD,Positive,"Ggwp ",,,8.00000,USD
c30f8d9f-f9f9-4ca9-8ccb-3c0a66fc8174,2025-12-10 11:39:26,Spaghetti Tualetti 180m/s - way,CustomItem,Items,1,Completed,,,10.00000,USD,Positive,GGWP,,,10.00000,USD
93b3619e-6ac2-4327-80c7-6c76d37f6200,2025-12-10 11:21:22,Los 67 Radioactive 393.7m/s | y,CustomItem,Items,1,Completed,,,18.00000,USD,Positive,GGWP,,,18.00000,USD
529227c1-373d-4d14-9f1c-dec5dbcd7979,2025-12-10 10:45:39,Esok Sekolah 90m/s - s8,CustomItem,Items,1,Completed,,,4.50000,USD,Positive,Good communication,,,4.50000,USD
fb1d38c8-56d0-4564-b506-5ce9e5300fd2,2025-12-10 09:55:38,gold Los 67 73.1m/s - s7,CustomItem,Items,1,Completed,,,5.50000,USD,Positive,GGWP,,,5.50000,USD
0c553da8-30a2-4a9d-8a18-85959199540b,2025-12-10 09:39:10,Los Mobilis 132m/s | y,CustomItem,Items,1,Canceled,,,6.50000,USD,Unrated,,Buyer_Did_Not_Respond,,6.50000,USD
538f7be3-269d-4e6b-ae29-e773efc9c447,2025-12-10 09:07:49,Los Spooky Combinasionas 60m/s - s7,CustomItem,Items,1,Completed,,,3.00000,USD,Positive,GOAT,,,3.00000,USD
60ca3d11-2e04-41e9-ad24-8b75b2dc2acb,2025-12-10 08:32:35,Los Combinasionas 105m/s - s7,CustomItem,Items,1,Completed,,,5.00000,USD,Positive,Is a good person good boy,,,5.00000,USD
16a5c37c-b384-4cf3-850b-86791f8d6da6,2025-12-10 08:08:38,Spaghetti Tualetti 60m/s - way,CustomItem,Items,1,Completed,,,5.00000,USD,Positive,As described,,,5.00000,USD
6d17160a-aaf7-4b51-bc4a-ea0804f9ad0c,2025-12-10 06:33:17,Yin Yang Los Combinasionas 202.5m/s - n,CustomItem,Items,1,Completed,,,10.00000,USD,Positive,Fast delivery,,,10.00000,USD
62c55246-debc-4975-8ac2-bd05b1c6e8e8,2025-12-10 06:18:33,Los 67 Galaxy 157.5m/s | y,CustomItem,Items,1,Completed,,,8.00000,USD,Positive,As described,,,8.00000,USD
31afd3d2-faea-4912-9dd5-051c3b878083,2025-12-10 03:43:05,Los Spooky Combinasionas 200m/s - e,CustomItem,Items,1,Completed,,,11.00000,USD,Positive,GGWP!,,,11.00000,USD
6d1b947b-930a-4817-b7e8-7816e7094790,2025-12-10 03:26:10,Eviledon 189m/s - e,CustomItem,Items,1,Completed,,,15.00000,USD,Positive,fast and easy!,,,15.00000,USD
30be9111-e4fb-4e0e-9144-36946e9e84a3,2025-12-10 03:24:21,Money Money Puggy 204.7m/s | y,CustomItem,Items,1,Completed,,,18.00000,USD,Positive,Extra mile,,,18.00000,USD
92a69ad2-9694-4b4f-945b-32a2baa57f76,2025-12-10 02:51:21,Los Mobilis 198m/s | y,CustomItem,Items,1,Completed,,,9.00000,USD,Positive,GGWP,,,9.00000,USD
36fa5e6f-50ea-42c2-8894-0da55eba54ce,2025-12-10 02:21:59,Radioactive La Jolly grande 315m/s - s7,CustomItem,Items,1,Completed,,,25.00000,USD,Positive,GOOD,,,25.00000,USD
25a9f457-a3bb-4c10-9343-4cbbf555d468,2025-12-10 01:43:44,Los Combinasionas Galaxy 165m/s | y,CustomItem,Items,1,Completed,,,8.00000,USD,Positive,Verry verry fast,,,8.00000,USD
7ae4060a-b4c8-47e6-9075-6154164864ad,2025-12-10 01:34:54,Mieteteira Bicicleteira 143m/s | y,CustomItem,Items,1,Completed,,,7.00000,USD,Positive,GGWP,,,7.00000,USD
30ba34f3-3dd4-411e-9937-a7712e53c2be,2025-12-10 01:13:33,Eviledon 189m/s - e,CustomItem,Items,1,Completed,,,15.00000,USD,Positive,Good price,,,15.00000,USD
235de1c2-8d96-49a5-b113-6fa3c3c3ef6d,2025-12-10 00:54:43,Gold Los 67 298.1m/s - e,CustomItem,Items,1,Completed,,,15.00000,USD,Positive,GGWP,,,15.00000,USD
d29163ed-8d13-4a26-a68b-9368a3780fba,2025-12-10 00:50:55,"Diamond Los 67
191.2m/s - s7",CustomItem,Items,1,Canceled,,,10.00000,USD,Unrated,,Out_Of_Stock,,10.00000,USD
ed54e770-e862-4793-aaac-e755d36a8704,2025-12-10 00:28:48,Esok Sekolah 30m/s - s8,CustomItem,Items,1,Canceled,,,4.00000,USD,Unrated,,Out_Of_Stock,,4.00000,USD
c85fc064-b4a6-46f5-945f-ecc63f99c667,2025-12-09 23:48:04,Money Money Puggy 126m/s - n,CustomItem,Items,1,Completed,,,12.00000,USD,Positive,It was very fast and the seller was very nice,,,12.00000,USD
5b93b272-54b5-4a91-9861-433aac81a1b3,2025-12-09 23:35:44,"1 DIAMOND SHROOMBINO, SHROOM,",CustomItem,Items,1,Completed,,,1.00000,USD,Positive,GGWP!,,,1.00000,USD
7bc38ead-7efc-4023-9db8-c019aa0ff621,2025-12-09 23:32:41,"1 RUBY SHROOMBINO, SHROOM,",CustomItem,Items,1,Completed,,,2.00000,USD,Positive,GGWP!,,,2.00000,USD
5d2a9ad0-4e30-4e3e-a479-fd1e50ee87ee,2025-12-09 16:10:18,Radioactive La Jolly Grande 375m/s - s7,CustomItem,Items,1,Completed,,,30.00000,USD,Positive,As described,,,30.00000,USD
ecddb52c-4741-4d1b-b1fd-78b9d55da09f,2025-12-09 16:04:36,Los 67 202.5m/s - e,CustomItem,Items,1,Completed,,,10.00000,USD,Positive,Fast delivery,,,10.00000,USD
fdd5861f-4e1b-4675-8d58-6261c446c0a5,2025-12-09 15:56:21,Gold Spaghetti Tualetti 525m/s - way,CustomItem,Items,1,Completed,,,25.00000,USD,Positive,GOAT,,,25.00000,USD
4eba1bab-06c0-4eca-9f36-a3760b0c6686,2025-12-09 15:27:02,Mieteteira Bicicleteira 195m/s | y,CustomItem,Items,1,Completed,,,8.00000,USD,Positive,GGWP!,,,8.00000,USD
808c889f-1261-42b1-830d-7644949eae7e,2025-12-09 14:31:20,Eviledon 252m/s | y,CustomItem,Items,1,Completed,,,18.00000,USD,Positive,Trusted,,,18.00000,USD
37032d11-dd97-452a-ab42-0d919ee884a4,2025-12-09 13:59:46,Galaxy Money Money Puggy 189m/s - e,CustomItem,Items,1,Completed,,,15.00000,USD,Positive,As described,,,15.00000,USD
5c32a87b-52d8-4ed4-910f-6047a25619ed,2025-12-09 13:35:03,La Taco Combinasion 175m/s - e,CustomItem,Items,1,Completed,,,15.00000,USD,Positive,1st time using the site and he was honest and quick!,,,15.00000,USD
a10c392f-2864-406c-8928-5d5ab3e190e4,2025-12-09 13:28:33,Gold Los Spaghettis 437.5m/s - e,CustomItem,Items,1,Completed,,,25.00000,USD,Positive,Good communication,,,25.00000,USD
6649a3cb-3717-4d18-8be3-f20a84d75791,2025-12-09 13:16:22,La Grande Combinasion YY 95m/s | y,CustomItem,Items,1,Completed,,,8.00000,USD,Positive,"Rly fast ",,,8.00000,USD
a151999f-4134-4799-b329-230b120aa3a8,2025-12-09 12:58:24,Lava Los Spooky Combinasionas 300ms - e,CustomItem,Items,1,Completed,,,15.00000,USD,Positive,GGWP,,,15.00000,USD
0f32ad03-7745-45e1-87eb-f87e99fb0f81,2025-12-09 12:38:06,Diamond Esok Sekolah 45m/s - s8,CustomItem,Items,1,Completed,,,5.00000,USD,Positive,Good communication,,,5.00000,USD
049a96e6-2d3e-4f4f-bc50-f9e445bbdbf7,2025-12-09 12:18:11,Rainbow Ketupat Kepat 350m/s - s7,CustomItem,Items,1,Completed,,,40.00000,USD,Positive,As described,,,40.00000,USD
5b59149b-1f19-49bb-b760-6012bf2edde0,2025-12-09 12:02:24,Eviledon 189m/s - n,CustomItem,Items,1,Completed,,,15.00000,USD,Positive,Great seller,,,15.00000,USD
2b6721ee-56a8-4216-a208-0ec1e93cf5ec,2025-12-09 11:50:08,Gold Los 67 73.1m/s - way,CustomItem,Items,1,Completed,,,4.50000,USD,Positive,Fast delivery,,,4.50000,USD
a63767e0-102d-4a4d-8601-3487249749b1,2025-12-09 11:23:57,Los Combinasionas 131.2m/s | y,CustomItem,Items,1,Completed,,,6.00000,USD,Positive,GOAT,,,6.00000,USD
794f79f9-de14-4862-83c2-ca2f4b4d1be7,2025-12-09 10:39:05,Los 67 292.5m/s - s3,CustomItem,Items,1,Completed,,,15.00000,USD,Positive,Extra mile,,,15.00000,USD
0961dd0c-126d-448b-b735-7a7464749bff,2025-12-09 10:19:45,Gold La Taco Combinasion 113.7m/s - s7,CustomItem,Items,1,Completed,,,15.00000,USD,Positive,GGWP!,,,15.00000,USD
31a081f4-fcef-4511-be26-a2776d57cef6,2025-12-09 07:24:59,Los Puggies 120m/s | y,CustomItem,Items,1,Completed,,,10.00000,USD,Positive,Extra mile,,,10.00000,USD
169e107f-6c50-48fc-8209-58262f6e84ed,2025-12-09 06:59:45,Rainbow Ketupat Kepat 350m/s - s7,CustomItem,Items,1,Canceled,,,40.00000,USD,Unrated,,Cancelation_Of_Reserved_Order,,40.00000,USD
8252bf54-1512-4790-a66c-00b1edbc5727,2025-12-09 06:09:24,Radioactive Los Burritos 72.2m/s - way,CustomItem,Items,1,Completed,,,4.00000,USD,Positive,very good!,,,4.00000,USD
91a69882-76ad-4836-beba-06586985beae,2025-12-09 05:51:23,Esok Sekolah 210m/s | y,CustomItem,Items,1,Completed,,,10.00000,USD,Positive,Very quick and easy!,,,10.00000,USD
ff2590ae-f43a-41d4-b7c1-a5b8ecd0c0cb,2025-12-09 05:33:29,Los 67 247.5m/s - s3,CustomItem,Items,1,Completed,,,12.00000,USD,Positive,Extra mile,,,12.00000,USD
913386b7-a121-47a3-8541-ffde36a34996,2025-12-09 05:17:48,Diamond Los 67 191.2m/s - s7,CustomItem,Items,1,Completed,,,10.00000,USD,Positive,As described,,,10.00000,USD
5da47bea-3ed5-4173-8c6a-b8c28fe7d214,2025-12-09 05:14:01,Los Combinasionas Lava 120m/s | y,CustomItem,Items,1,Completed,,,6.00000,USD,Positive,Good communication,,,6.00000,USD
c5d2015b-4dc1-432a-98fb-31c79875affd,2025-12-09 04:26:54,Esok Sekolah 30m/s - s8,CustomItem,Items,1,Completed,,,4.00000,USD,Positive,Extra mile,,,4.00000,USD
efc97eb0-af81-4868-aada-c144f49c8ad6,2025-12-09 04:23:15,Los 67 Galaxy 157.5m/s | y,CustomItem,Items,1,Completed,,,8.00000,USD,Positive,Trusted 100% says 20minutes but only took 5!,,,8.00000,USD
6bd071c1-d1cb-4e88-8898-cf646f4b94e5,2025-12-09 03:53:49,Radioactive los 67 258.7m/s - way,CustomItem,Items,1,Completed,,,13.00000,USD,Positive,GGWP,,,13.00000,USD
bd2d9393-0f36-4b90-a134-fdb54792ae78,2025-12-09 03:53:35,Los Puggies Radioactive 255m/s | y -snd,CustomItem,Items,1,Completed,,,15.00000,USD,Positive,GOAT,,,15.00000,USD
1ba1e5c5-456e-465c-bf50-a56dde476976,2025-12-09 03:49:59,Gold Los Combinasionas 213.7m/s - e,CustomItem,Items,1,Completed,,,10.00000,USD,Positive,Good price,,,10.00000,USD
1d5054dd-1d3f-42d7-a013-dc04036b27f2,2025-12-09 03:35:52,Esok Sekolah 30m/s - s8,CustomItem,Items,1,Canceled,,,4.00000,USD,Unrated,,Buyer_Did_Not_Respond,,4.00000,USD
6af849ed-a55d-4d0d-ab72-34336dc63384,2025-12-09 02:43:14,Esok Sekolah 30m/s - s8,CustomItem,Items,1,Completed,,,4.00000,USD,Positive,GGWP,,,4.00000,USD
d40c09a1-4825-4ec8-8a5e-851e783f4059,2025-12-09 02:37:34,Lava Los Combinasionas 90m/s - s7,CustomItem,Items,1,Completed,,,4.00000,USD,Positive,Ty,,,4.00000,USD
7db2a8bc-51fe-482b-a46e-2f8856b789ad,2025-12-09 02:19:07,La Taco Combinasion 175m/s - s7,CustomItem,Items,1,Completed,,,13.00000,USD,Positive,Extra mile,,,13.00000,USD
6ee34f97-2ce3-488b-a8c1-fc2d7ff347d7,2025-12-09 02:06:22,Esok Sekolah 30m/s - s8,CustomItem,Items,1,Completed,,,4.00000,USD,Positive,Really nice,,,4.00000,USD
73f06a3a-2a3a-47c1-9e06-f50e742e1862,2025-12-09 01:56:48,Los Puggies Radioactive 255m/s | y -snd,CustomItem,Items,1,Completed,,,15.00000,USD,Positive,Very good took kinda of a long time but over all awsome,,,15.00000,USD
4e93489f-5b5d-473f-a2df-68723515686b,2025-12-09 01:55:21,Money Money Puggy 126m/s - s3,CustomItem,Items,1,Completed,,,12.00000,USD,Positive,Good price,,,12.00000,USD
1302b728-777b-43ea-b7d1-66440cd8e035,2025-12-09 01:54:58,La Jolly Grande 30m/s - s7,CustomItem,Items,1,Completed,,,7.50000,USD,Positive,very fast and trusted,,,7.50000,USD
8888f367-f1c2-4458-84da-b2a5521ed4b2,2025-12-09 01:54:38,Los 67 Candy 225m/s | y,CustomItem,Items,1,Completed,,,12.00000,USD,Positive,Good no scam,,,12.00000,USD
9d377e6b-8e40-49e3-b91d-07fda08298f6,2025-12-09 01:53:46,Los Puggies 180m/s - s7,CustomItem,Items,1,Completed,,,15.00000,USD,Positive,As described,,,15.00000,USD
f3667805-c0f8-43db-aef5-a6599bbbbdb3,2025-12-09 01:44:09,Los Mobilis 66m/s - s7,CustomItem,Items,1,Completed,,,3.50000,USD,Positive,It was good,,,3.50000,USD
51731f92-22f5-4f61-824a-b70ab638876f,2025-12-09 01:31:48,Diamond Los Mobilis 143m/s - way,CustomItem,Items,1,Completed,,,7.00000,USD,Positive,"Trusted
",,,7.00000,USD
0b0eb416-c16e-449e-85a8-54f3f761165e,2025-12-09 01:09:40,Mieteteira Bicicleteira 156m/s | y,CustomItem,Items,1,Completed,,,7.00000,USD,Positive,Very easy to deal with and very kind,,,7.00000,USD
5efd4e0f-0212-4dcd-86dd-9a3b5f3ee6ef,2025-12-09 00:05:20,Money Money Puggy 126m/s - e,CustomItem,Items,1,Canceled,,,12.00000,USD,Unrated,,Out_Of_Stock,,12.00000,USD
2cc2a38b-1820-4015-b930-1879857d04c3,2025-12-09 00:01:11,Los Mobilis YY 165m/s | y,CustomItem,Items,1,Completed,,,8.00000,USD,Positive,GGWP!,,,8.00000,USD
a8ee4853-7505-47c0-ade1-bf712e83ca50,2025-12-08 17:00:56,La Taco Combinasion 175m/s - s3,CustomItem,Items,1,Completed,,,15.00000,USD,Positive,Fast delivery,,,15.00000,USD
77827e71-6af7-44e5-9c2e-99739dd98de5,2025-12-08 16:56:16,Esok Sekolah 180m/s - s8,CustomItem,Items,1,Completed,,,9.00000,USD,Positive,GGWP,,,9.00000,USD
5646b226-222a-48fa-b1de-007ea4244af4,2025-12-08 16:52:38,Gold Esok Sekolah 37.5m/s - s8,CustomItem,Items,1,Completed,,,4.00000,USD,Positive,Fast delivery,,,4.00000,USD
fcb82de9-f771-4cb3-9025-5e135a5b3e43,2025-12-08 16:32:48,Eviledon 157.5m/s - way,CustomItem,Items,1,Completed,,,10.00000,USD,Positive,GOAT,,,10.00000,USD
1b0ba3be-98ab-4b81-8690-8ba08b510039,2025-12-08 16:04:28,"Los Mobilis
132ms - s7",CustomItem,Items,1,Completed,,,6.00000,USD,Positive,Extra mile,,,6.00000,USD
df034416-4926-48dc-b28b-843f6772adae,2025-12-08 16:02:36,Los 67 YY 281.2m/s | y,CustomItem,Items,1,Completed,,,13.00000,USD,Positive,GGWP!,,,13.00000,USD
39242936-c547-46cf-a208-bf38cc10c095,2025-12-08 15:56:55,La Taco Combinasion 455m/s - e,CustomItem,Items,1,Completed,,,30.00000,USD,Positive,GGWP,,,30.00000,USD
1a6a1aa1-1dd1-4265-a051-df8fed8bd082,2025-12-08 15:53:39,DIAMOND STARFRUIT,CustomItem,Items,1,Completed,,,5.00000,USD,Positive,GGWP,,,5.00000,USD
6deb602a-5efb-45c9-a237-b248804c5bcc,2025-12-08 15:48:01,Lava Los 67 225m/s - s7,CustomItem,Items,1,Completed,,,11.00000,USD,Positive,GGWP!,,,11.00000,USD
10f47f6e-962b-47b6-929c-539b04c25202,2025-12-08 15:45:05,Spaghetti Tualetti 300m/s - s7,CustomItem,Items,1,Completed,,,15.00000,USD,Positive,GGWP,,,15.00000,USD
94c31aef-366b-4443-8419-53cb1b967162,2025-12-08 15:40:56,Diamond Esok Sekolah 45m/s - s8,CustomItem,Items,1,Completed,,,5.00000,USD,Positive,GGWP!,,,5.00000,USD
e9d165b5-01a2-421e-baa1-b7fbe3015a8c,2025-12-08 15:30:13,Los 67 202.5m/s - way,CustomItem,Items,1,Completed,,,10.00000,USD,Positive,GGWP!,,,10.00000,USD
f92a552f-42ee-4ac9-8cbc-33d8ee220ba2,2025-12-08 15:08:27,Los 67 135m/s - e,CustomItem,Items,1,Completed,,,7.00000,USD,Positive,Fast delivery,,,7.00000,USD
b76b95c5-6815-4227-a04a-e012e503817b,2025-12-08 14:49:19,Los Spooky Combinasionas 140m/s | y,CustomItem,Items,1,Completed,,,8.00000,USD,Positive,Helpful and responsive,,,8.00000,USD
2d7e44af-861a-412c-9da1-66008119d895,2025-12-08 14:48:55,Los Puggies 180m/s - s3,CustomItem,Items,1,Completed,,,13.00000,USD,Positive,Good price,,,13.00000,USD
520f914d-d484-429c-9aaf-cfdc454541a9,2025-12-08 14:44:00,Eviledon 189m/s - n,CustomItem,Items,1,Completed,Seller_Delivered_But_Order_Not_Received,,15.00000,USD,Positive,Fast delivery,,,15.00000,USD
c01c4663-60c9-4b5b-aa9b-a05506bf3fbf,2025-12-08 14:41:26,Esok Sekolah 90m/s - s8,CustomItem,Items,1,Completed,,,4.50000,USD,Positive,Fast delivery,,,4.50000,USD
aa641a0c-b9cd-4684-aa7a-abb01ad05b97,2025-12-08 14:39:41,W or L 180m/s - s7,CustomItem,Items,1,Completed,,,13.00000,USD,Positive,"He was really fast ",,,13.00000,USD
55c37ef2-7f23-4f38-b6c0-8eb4065af8f3,2025-12-08 14:27:02,Los 67 225m/s - e,CustomItem,Items,1,Completed,,,11.00000,USD,Positive,As described,,,11.00000,USD
e5383f7d-411a-42d6-b229-cc66ad7b6eb2,2025-12-08 14:23:12,Los Combinasionas 123.7m/s | y,CustomItem,Items,1,Completed,,,6.00000,USD,Positive,GOAT,,,6.00000,USD
af986994-e0c1-4afd-a4c0-06a182e1bfe4,2025-12-08 14:14:34,La Taco Combinasion 175m/s | y -snd,CustomItem,Items,1,Completed,,,15.00000,USD,Positive,Helpful and responsive,,,15.00000,USD
054bbb7e-c36a-4412-9e45-bd33cb3296af,2025-12-08 14:08:16,Diamond Money Money Puggy 136.5m/s - s7,CustomItem,Items,1,Completed,,,13.00000,USD,Positive,Good price,,,13.00000,USD
35854644-646c-4a1e-8a29-2ca9470ed47b,2025-12-08 14:04:41,Los Spooky Combinasionas 100m/s - s7,CustomItem,Items,1,Completed,,,5.00000,USD,Positive,GOAT,,,5.00000,USD
45c670ec-4a79-45ab-810a-d61e86af3bc2,2025-12-08 13:51:28,Orcaledon 240m/s - e,CustomItem,Items,1,Completed,,,18.00000,USD,Positive,Good communication,,,18.00000,USD
3e6f6416-1f2e-4468-aeb9-4de4aced9be0,2025-12-08 13:45:00,La Grande Combinasion 40m/s - way,CustomItem,Items,1,Completed,,,4.00000,USD,Positive,nice and polite,,,4.00000,USD
281458c8-2b1b-493f-be3c-1756678b1380,2025-12-08 13:35:15,Los Mobilis 88m/s - s7,CustomItem,Items,1,Completed,,,4.00000,USD,Positive,"very fast and efficent
",,,4.00000,USD
5d3e85ba-36a0-44f2-8bdf-cabb64f4df89,2025-12-08 13:34:59,Esok Sekolah 30m/s - s8,CustomItem,Items,1,Completed,,,4.00000,USD,Positive,GGWP,,,4.00000,USD
e87f600e-a216-4878-bae9-c4fcb0e32321,2025-12-08 13:34:36,Gold Esok Sekolah 37.5m/s - s8,CustomItem,Items,1,Completed,,,4.00000,USD,Positive,As described,,,4.00000,USD
80d2e7bb-233f-4161-91f5-3d72e15d9ee3,2025-12-08 13:21:56,La Grande Combinasion 40m/s - way,CustomItem,Items,1,Completed,,,4.00000,USD,Positive,GGWP!,,,4.00000,USD
129c80b5-6b68-44da-a78b-31ebfe6778f2,2025-12-08 13:05:56,Mieteteira Bicicleteira 156m/s | y,CustomItem,Items,1,Completed,,,7.00000,USD,Positive,GGWP!,,,7.00000,USD
83e9f338-a7af-4b47-b79b-93531094e2f8,2025-12-08 12:45:08,Galaxy Chicleteira Noelteira 165m/s - s7,CustomItem,Items,1,Completed,,,8.00000,USD,Positive,GGWP,,,8.00000,USD
c65aa193-9578-499e-bc56-2021d93b3a81,2025-12-08 12:32:19,Esok Sekolah 30m/s - s8,CustomItem,Items,1,Completed,,,4.00000,USD,Positive,GGWP,,,4.00000,USD
1897bbeb-f206-4e2e-a8d0-e6653d697c12,2025-12-08 12:25:01,Los 67 Radioactive 393.7m/s | y,CustomItem,Items,1,Canceled,,,20.00000,USD,Unrated,,Mutual_Agreement,,20.00000,USD
c723bfda-5030-40c2-b142-768fb6c232af,2025-12-08 12:02:30,Yin Yang Mieteteira Bicicleteira 325m/s - e,CustomItem,Items,1,Completed,,,16.00000,USD,Positive,Extra mile,,,16.00000,USD
8b65fbff-729a-4bb2-be82-798e354debcc,2025-12-08 12:02:23,Spaghetti Tualetti 360m/s - e,CustomItem,Items,1,Completed,,,20.00000,USD,Positive,As described,,,20.00000,USD
3d93a3e5-b342-41b5-8b23-2d872bae75fc,2025-12-08 11:57:31,Esok Sekolah 30m/s - s8,CustomItem,Items,1,Completed,,,4.00000,USD,Positive,A+ seller,,,4.00000,USD
54a0d6fc-1607-4bf8-8cb5-f0f7e31763f8,2025-12-08 11:52:21,Esok Sekolah 30m/s - s8,CustomItem,Items,1,Completed,,,4.00000,USD,Positive,Helpful and responsive,,,4.00000,USD
8a10a788-58ea-4800-8cc8-441086ef83d4,2025-12-08 11:47:09,Esok Sekolah 30m/s - s8,CustomItem,Items,1,Completed,,,4.00000,USD,Positive,Good delivery,,,4.00000,USD
96492c47-6016-460e-b43e-00f44c1316fe,2025-12-08 11:31:10,Los Mobilis YY 165m/s | y,CustomItem,Items,1,Completed,,,8.00000,USD,Positive,As described,,,8.00000,USD
bb62d5c5-3348-44f3-968f-7e90c406d6dd,2025-12-08 10:41:43,Los Mobilis YY 165m/s | y,CustomItem,Items,1,Completed,,,8.00000,USD,Positive,Fast delivery,,,8.00000,USD
b6558ba8-38d8-415e-a53c-be5e7ddbb7d5,2025-12-08 10:18:34,Los Mobilis YY 165m/s | y,CustomItem,Items,1,Canceled,,,8.00000,USD,Unrated,,Buyer_Did_Not_Respond,,8.00000,USD
8d3a0d9c-b5f8-4bbb-96fd-0b2a9bba87e7,2025-12-08 10:17:20,Esok Sekolah 180m/s - s8,CustomItem,Items,1,Completed,,,9.00000,USD,Positive,GGWP!,,,9.00000,USD
034ceb71-5306-4d70-a4b2-ba26335c04df,2025-12-08 09:27:44,Esok Sekolah 180m/s - s8,CustomItem,Items,1,Completed,Cannot_Claim_Purchase_Due_To_InGame_Issues,,9.00000,USD,Positive,Extra mile,,,9.00000,USD
716440cb-5869-4023-a159-101e162e1fbc,2025-12-08 08:35:29,Los Spooky Combinasion 130m/s | y,CustomItem,Items,1,Completed,,,8.00000,USD,Positive,Good communication,,,8.00000,USD
d45c9473-6013-4368-aa9b-f89b6ebe334a,2025-12-08 08:21:06,Los 67 225m/s - e,CustomItem,Items,1,Completed,,,11.00000,USD,Positive,Extra mile,,,11.00000,USD
9333ce85-3a7e-4aab-aad7-9b6e3c9225b8,2025-12-08 07:16:59,Money Money Puggy 131.2m/s | y,CustomItem,Items,1,Completed,,,13.00000,USD,Positive,awesome,,,13.00000,USD
fc21a0d7-af32-49c4-a060-5438f6dd3f8f,2025-12-08 03:36:36,Eviledon Rainbow 315m/s | y,CustomItem,Items,1,Completed,,,25.00000,USD,Positive,Helpful and responsive,,,25.00000,USD
fe54b0f9-015a-4a65-8c17-1716e9c3dd88,2025-12-08 03:19:43,Gold La Jolly Grande 157.5m/s - s7,CustomItem,Items,1,Completed,,,15.00000,USD,Positive,He gave me the right brain rot,,,15.00000,USD
30288f72-39be-4b84-a189-1868f679a519,2025-12-08 03:09:10,Los Mobilis 203.5m/s | y,CustomItem,Items,1,Completed,,,10.00000,USD,Positive,Good price,,,10.00000,USD
0a81586e-3f58-485f-902e-d3397ab31908,2025-12-08 03:08:29,La Jolly Grande 390m/s | y,CustomItem,Items,1,Completed,,,25.00000,USD,Positive,"Really quick and nice ",,,25.00000,USD
9c143556-c43f-491f-ad12-5a6659b6a067,2025-12-08 02:39:00,Money Money Puggy RB 294m/s | y,CustomItem,Items,1,Completed,,,30.00000,USD,Positive,GOAT,,,30.00000,USD
43c1fb95-defb-43c0-ac86-c0d0e160cc8e,2025-12-08 02:33:30,Los Puggies 330m/s - e,CustomItem,Items,1,Completed,,,25.00000,USD,Positive,As described,,,25.00000,USD
2d553b17-9f38-48b3-bed9-a5a5a144b604,2025-12-08 02:26:05,Los Combinasionas YY 142.5m/s | y,CustomItem,Items,1,Completed,,,7.00000,USD,Positive,GOAT,,,7.00000,USD
c7375f9c-fe96-47e1-94c2-d4ee099f6db6,2025-12-08 02:22:08,Galaxy Los 67 157.5m/s - s3,CustomItem,Items,1,Completed,,,8.00000,USD,Positive,Fast delivery,,,8.00000,USD
e3bb0ceb-a40a-4ec8-8c38-8d3b62e3c8e5,2025-12-08 00:54:40,Los Spooky Combinasion 20m/s | y,CustomItem,Items,1,Canceled,,,3.00000,USD,Unrated,,Buyer_Did_Not_Respond,,3.00000,USD
cec14f7a-4cda-404f-9a08-3383989e4ca9,2025-12-07 23:58:18,Los 67 Radioactive 191.2m/s | y,CustomItem,Items,1,Completed,,,10.00000,USD,Positive,Good price,,,10.00000,USD
1e736b2e-3ecb-4a8b-b890-a93418a1eaad,2025-12-07 23:39:57,Gold Esok Sekolah 247.5m/s - way,CustomItem,Items,1,Completed,,,12.00000,USD,Positive,Helpful and responsive,,,12.00000,USD
502aa95c-af77-435f-8242-393a7a733c2b,2025-12-07 23:29:33,Radioactive Los 67 191.2m/s - s3,CustomItem,Items,1,Completed,,,10.00000,USD,Negative,"To slow ",,,10.00000,USD
1e484a66-a063-49d2-9086-93f7dff1ed07,2025-12-07 23:27:44,Esok Sekolah 30m/s - s8,CustomItem,Items,1,Completed,,,4.00000,USD,Positive,Extra mile,,,4.00000,USD
c22a6466-743e-4391-bed6-e4dbb26c0cd7,2025-12-07 15:55:29,Rainbow Eviledon 315m/s - e,CustomItem,Items,1,Completed,,,25.00000,USD,Positive,Fast delivery,,,25.00000,USD
5c45583d-b90d-474a-ae13-587600d1f1a1,2025-12-07 15:48:01,Swag Soda 105m/s - s7,CustomItem,Items,1,Completed,,,5.00000,USD,Positive,As described,,,5.00000,USD
78a1835b-cfb2-4ac7-930b-89d6d8225c9b,2025-12-07 15:41:16,Los Mobilis 203.5m/s | y,CustomItem,Items,1,Canceled,,,10.00000,USD,Unrated,,Buyer_Did_Not_Respond,,10.00000,USD
736d78ec-3ed8-4c63-9be8-6c11b9217fc3,2025-12-07 15:35:53,Yin-Yang Mieteteira Bicicleteira 195m/s - s7,CustomItem,Items,1,Completed,,,8.00000,USD,Positive,GGWP!,,,8.00000,USD
df78e70c-6afb-44ce-9d21-fab9b3160908,2025-12-07 15:18:08,Los 67 292.5m/s - s3,CustomItem,Items,1,Completed,,,14.00000,USD,Positive,Good communication,,,14.00000,USD
4533da79-53b2-4d26-b15c-ec2cc9a73a65,2025-12-07 14:54:52,Los 67 180m/s - e,CustomItem,Items,1,Completed,,,9.00000,USD,Positive,As described,,,9.00000,USD
2b8fedda-ff99-4448-9bb5-e66c4926a722,2025-12-07 14:48:18,Spaghetti Tualetti 300m/s - e,CustomItem,Items,1,Completed,,,15.00000,USD,Positive,GGWP,,,15.00000,USD
fa83e464-48a8-45d9-86fd-1f066e9e8459,2025-12-07 14:38:28,Los Combinasionas 225m/s - e,CustomItem,Items,1,Completed,,,11.00000,USD,Positive,Good price,,,11.00000,USD
1a711e4c-0fae-4bc7-996b-f967a25b9cf9,2025-12-07 14:24:29,Eviledon 189m/s | y,CustomItem,Items,1,Completed,,,15.00000,USD,Positive,GGWP,,,15.00000,USD
9aff444c-081a-4b4c-be39-334eaea57f6e,2025-12-07 14:14:59,Esok Sekolah 150m/s - s8,CustomItem,Items,1,Completed,,,7.50000,USD,Positive,GGWP,,,7.50000,USD
9eb68e5f-f72c-4ba0-a216-6d0204ef286e,2025-12-07 14:00:34,Mieteteira Bicicleteira 182m/s | y,CustomItem,Items,1,Completed,,,9.00000,USD,Positive,Helpful and responsive,,,9.00000,USD
8f928717-2f96-4517-b4e1-69e273a83748,2025-12-07 14:00:32,Diamond Money Money Puggy  94.5m/s - s7,CustomItem,Items,1,Completed,,,10.00000,USD,Positive,Good afternoon,,,10.00000,USD
9181007f-8e0e-4114-a29e-e324c9e450fb,2025-12-07 13:46:17,La Taco Combinasion 525m/s - e,CustomItem,Items,1,Completed,,,35.00000,USD,Positive,Fast delivery,,,35.00000,USD
ffecc760-014b-4876-ba4b-5f9b3ec8097f,2025-12-07 13:19:03,Esok Sekolah 30m/s - s8,CustomItem,Items,2,Canceled,,,4.00000,USD,Unrated,,Buyer_Did_Not_Respond,,8.00000,USD
a3909362-6ad4-44e9-a835-11500fe0f7ca,2025-12-07 13:10:56,Yin Yang Los Mobilis 253m/s - s3,CustomItem,Items,1,Completed,,,12.50000,USD,Positive,Helpful and responsive,,,12.50000,USD
a4485944-4234-469f-bda5-62f8d8ebffed,2025-12-07 13:07:36,Los Combinasionas 97.5m/s - s7,CustomItem,Items,1,Completed,,,5.00000,USD,Positive,Good communication,,,5.00000,USD
729a1ad7-7b30-4762-9743-65ecbb1d969b,2025-12-07 13:02:03,Esok Sekolah 330m/s - s8,CustomItem,Items,1,Completed,,,16.00000,USD,Positive,Helpful and responsive,,,16.00000,USD
6d1f1c40-4548-476b-aa38-aa3fc527adfa,2025-12-07 13:01:20,Gold Esok Sekolah 37.5m/s - s8,CustomItem,Items,1,Completed,,,4.00000,USD,Positive,Helpful and responsive,,,4.00000,USD
0ba061dc-2b01-4980-8fe9-f8a3b8bacaf1,2025-12-07 12:55:45,Chillin Chili 237.5m/s - s7,CustomItem,Items,1,Completed,,,20.00000,USD,Positive,As described,,,20.00000,USD
90075869-2375-47b4-97de-00a3589a388a,2025-12-07 12:52:38,Los Mobilis 165m/s | y,CustomItem,Items,1,Completed,,,8.00000,USD,Positive,GOAT,,,8.00000,USD
b8d8b3ef-c921-48a9-9b6d-f7d37cbad73c,2025-12-07 12:17:31,Los Mobilis 220m/s - e,CustomItem,Items,1,Completed,,,11.00000,USD,Positive,GGWP!,,,11.00000,USD
27db5beb-0a35-4337-9dd7-157f5784b6d6,2025-12-07 11:58:02,Radioactive Los 67 191.2m/s - s7,CustomItem,Items,1,Completed,,,10.00000,USD,Positive,Extra mile,,,10.00000,USD
109a5b64-6efc-4d38-b728-e28a28e4fcd7,2025-12-07 11:49:54,Los Combinasionas 30m/s - s7,CustomItem,Items,1,Completed,,,3.00000,USD,Positive,GGWP,,,3.00000,USD
ac28a933-9966-4e22-ad49-16ec30aa3dab,2025-12-07 11:45:24,Esok Sekolah 150m/s - s8,CustomItem,Items,1,Completed,,,7.50000,USD,Positive,"Very fast
",,,7.50000,USD
3260d1a3-e24c-47c7-b6dd-4e1cebcbbc9c,2025-12-07 11:43:19,"Yin yang Los Combinasionas
187.5m/s - s7",CustomItem,Items,1,Completed,,,9.00000,USD,Positive,"Fast and legit ",,,9.00000,USD
9f74d8a1-0ad5-434f-a59b-1254a02909fe,2025-12-07 11:41:49,Mieteteira Bicicleteira 182m/s | y,CustomItem,Items,1,Completed,,,8.00000,USD,Positive,As described,,,8.00000,USD
aff5f8d3-86fe-47ab-860e-beb51853f40d,2025-12-07 11:33:11,Eviledon 189m/s - e,CustomItem,Items,1,Completed,,,15.00000,USD,Positive,GOAT,,,15.00000,USD
d4abc7c2-5aa4-4a94-9b5d-89bd4a3e544f,2025-12-07 11:28:29,Esok Sekolah 30m/s - s8,CustomItem,Items,1,Completed,,,4.00000,USD,Positive,Extra mile,,,4.00000,USD
53108586-086e-41b1-8bde-209d81e9b05b,2025-12-07 11:24:28,Los Spooky Combinasionas Galaxy 140m/s | y,CustomItem,Items,1,Completed,,,9.00000,USD,Positive,"Really good and trustable ",,,9.00000,USD
a2d0601b-d651-49cd-9e21-528bb4e0621c,2025-12-07 11:08:11,Esok Sekolah 90m/s - s8,CustomItem,Items,1,Completed,,,4.50000,USD,Positive,Good communication,,,4.50000,USD
a71b051d-55cf-4553-8115-8cd0a9634164,2025-12-07 10:56:25,Money Money Puggy 315m/s - e,CustomItem,Items,1,Completed,,,20.00000,USD,Positive,Fast delivery,,,20.00000,USD
9ee4e2aa-e7c6-4c57-89a1-b8655c1cb039,2025-12-07 10:50:34,Lava Los Combinasionas 195m/s - n,CustomItem,Items,1,Completed,,,8.00000,USD,Positive,Good price,,,8.00000,USD
298a3a1e-8ed6-41c8-b904-b8ae41e6da1b,2025-12-07 10:50:10,Los Combinasionas 90m/s - s7,CustomItem,Items,1,Completed,,,4.50000,USD,Negative,OOF,,,4.50000,USD
988120b1-6b0b-4c1a-a04e-753ae25d0b01,2025-12-07 10:47:01,Spaghetti Tualetti 360m/s - e,CustomItem,Items,1,Canceled,,,20.00000,USD,Unrated,,Buyer_Did_Not_Respond,,20.00000,USD
f1b4260e-934a-44b4-8837-06e85887d175,2025-12-07 10:45:23,Los 67 Gold 320m/s | y,CustomItem,Items,1,Completed,,,16.00000,USD,Positive,GOAT,,,16.00000,USD
8b0556f7-052d-404b-8f84-707a93bbed0c,2025-12-07 10:43:13,Los Puggies 180m/s - s3,CustomItem,Items,1,Completed,,,13.00000,USD,Positive,GGWP!,,,13.00000,USD
dcfd0a07-57dd-47a0-b695-4eca79070802,2025-12-07 10:36:23,"Esok Sekolah
120m/s - s8",CustomItem,Items,1,Completed,,,6.00000,USD,Positive,GOAT,,,6.00000,USD
78fb2591-c814-46ae-bd89-307fcd66403a,2025-12-07 10:05:30,Mieteteira Bicicleteira 260m/s - s7,CustomItem,Items,1,Completed,,,13.00000,USD,Positive,Good communication,,,13.00000,USD
a1d69eb3-7c92-4cd5-967c-547cab763a0e,2025-12-07 10:03:38,La Jolly Grande 360m/s - s7,CustomItem,Items,1,Completed,,,20.00000,USD,Positive,"Very quick and easy ",,,20.00000,USD
a1e8d4a0-44b1-419b-9e67-4ced6868627c,2025-12-07 09:16:43,La Grande Combinasion RB 200m/s | y,CustomItem,Items,1,Completed,,,15.00000,USD,Positive,GGWP!,,,15.00000,USD
23fe4adf-2e0f-4197-9d79-06f762d5cc28,2025-12-07 09:14:46,Los Mobilis 132m/s | y,CustomItem,Items,1,Completed,,,6.00000,USD,Positive,Thank you super quick under five minutes,,,6.00000,USD
d6dfae5f-62f3-48a1-bd79-52cbb0a34f3e,2025-12-07 09:07:10,Los Mobilis 132m/s | y,CustomItem,Items,1,Completed,,,6.00000,USD,Positive,Extra mile,,,6.00000,USD
5be06a5d-e33e-45ca-a574-839edf54ff2b,2025-12-07 08:56:59,Yin Yang Mieteteira Bicicleteira 195m/s - e,CustomItem,Items,1,Completed,,,8.00000,USD,Positive,As described,,,8.00000,USD
9da35417-b8b0-49e3-bb81-c5958e5e17a5,2025-12-07 08:53:00,La Grande Combinasion 10m/s | y -snd,CustomItem,Items,1,Completed,,,3.00000,USD,Positive,As described,,,3.00000,USD
04a6eb34-193b-470c-85bf-a5e030dcb675,2025-12-07 08:34:56,Los 67 225m/s - s3,CustomItem,Items,1,Completed,,,11.00000,USD,Positive,GGWP!,,,11.00000,USD
d093a59b-4682-4b57-bcd4-6b27decc94e7,2025-12-07 08:34:16,La Taco Combinasion 770m/s 5 trait  - s8,CustomItem,Items,1,Completed,,,40.00000,USD,Positive,Good communication,,,40.00000,USD
b58a0ac3-845d-4578-8c26-8601d3468512,2025-12-07 08:29:45,Los Combinasionas 90m/s - s7,CustomItem,Items,1,Completed,,,4.50000,USD,Positive,GGWP!,,,4.50000,USD
c3821ff5-7d7c-4931-8014-d67ef6294d86,2025-12-07 08:10:10,Eviledon 189m/s - e,CustomItem,Items,1,Completed,,,15.00000,USD,Positive,fast,,,15.00000,USD
2931c93b-9054-4e06-a69e-6893617403a6,2025-12-07 08:06:09,"Mieteteira Bicicleteira
130m/s 1 trait - way",CustomItem,Items,1,Completed,,,6.00000,USD,Positive,Good communication,,,6.00000,USD
e448450e-4f47-482f-9f82-3c9988de73c5,2025-12-07 07:54:02,Esok Sekolah 90m/s - s8,CustomItem,Items,1,Completed,,,4.50000,USD,Positive,GG WW,,,4.50000,USD
f1133819-e1d9-4702-9e4e-62386418c1d3,2025-12-07 07:46:32,Esok Sekolah 330m/s - s8,CustomItem,Items,1,Completed,,,16.00000,USD,Positive,As described,,,16.00000,USD
feb3d870-b438-4840-9833-5b837e5d11a5,2025-12-07 07:42:06,Los Puggies 375m/s - e,CustomItem,Items,1,Completed,,,18.00000,USD,Positive,Helpful and responsive,,,18.00000,USD
8e5f9a4b-39ce-42b6-863d-826e05fd1ff9,2025-12-07 07:26:07,Los Combinasionas 180m/s - n,CustomItem,Items,1,Completed,,,9.00000,USD,Positive,As described,,,9.00000,USD
0c99d173-9e07-4e7d-b6ad-36dcb793695b,2025-12-07 05:48:14,Gobblino Uniciclino 27.5m/s - s3,CustomItem,Items,1,Completed,,,5.00000,USD,Positive,"trusted!
",,,5.00000,USD
65445932-f895-4ceb-a751-b66121d3f1f3,2025-12-07 05:16:13,Diamond Money Money Puggy 262.5m/s - way,CustomItem,Items,1,Completed,,,15.00000,USD,Positive,Fast delivery,,,15.00000,USD
aa34ddd6-94d3-4c19-a0ab-1d5eb582cd7a,2025-12-07 05:00:22,Gold la taco combinasion 393.7m/s - s7,CustomItem,Items,1,Completed,,,35.00000,USD,Positive,Good communication,,,35.00000,USD
51d058c7-9b08-4f79-bb55-874eeba2ef7f,2025-12-07 04:54:10,Los Combinasionas 75m/s - s7,CustomItem,Items,1,Completed,,,4.00000,USD,Positive,Fast delivery,,,4.00000,USD
fd7080b5-f862-4486-bb64-97010db61792,2025-12-07 04:48:11,Spaghetti Tualetti 180m/s - way,CustomItem,Items,1,Completed,,,10.00000,USD,Positive,As described,,,10.00000,USD
de98221c-ba23-4473-8493-459db61770de,2025-12-07 04:46:17,Mieteteira Bicicleteira 208m/s | y,CustomItem,Items,1,Completed,,,10.00000,USD,Positive,Extra mile,,,10.00000,USD
29ae1d49-b5fd-4f74-9818-d181abc582cb,2025-12-07 04:35:59,Esok Sekolah 30m/s - s8,CustomItem,Items,1,Completed,,,4.00000,USD,Positive,Good communication,,,4.00000,USD
a0845e1d-9310-4040-a82a-3e6ed11d98b8,2025-12-07 04:24:58,Los Combinasionas 165m/s - n,CustomItem,Items,1,Completed,,,8.00000,USD,Positive,GGWP,,,8.00000,USD
0e5c3b67-ba56-47fd-b6d0-3ce8da5faf08,2025-12-07 04:15:33,Los 67 157.5m/s | y,CustomItem,Items,1,Completed,,,8.00000,USD,Positive,Good communication,,,8.00000,USD
b6101c4b-768f-452c-93c8-83dc16202ad1,2025-12-07 04:15:19,Mieteteira Bicicleteira 247m/s | y,CustomItem,Items,1,Completed,,,12.00000,USD,Positive,GOAT,,,12.00000,USD
36700d1c-651e-4cd1-b2eb-4f3b83048242,2025-12-07 04:04:20,Los Combinasionas 300m/s 5 trait - way,CustomItem,Items,1,Completed,,,15.00000,USD,Positive,"Fast!! Super easy! Thanks ",,,15.00000,USD
bf968a64-48c4-468c-bab1-bbc95ec03380,2025-12-07 03:02:09,Gold Los Combinasionas 123.7m/s - n,CustomItem,Items,1,Completed,,,6.00000,USD,Positive,Good price,,,6.00000,USD
9125dc72-5358-4b7b-9067-ce5833cb3a66,2025-12-07 02:29:52,"Los Mobilis
132ms - s7",CustomItem,Items,1,Completed,,,6.00000,USD,Positive,Extra mile,,,6.00000,USD
44185324-0fea-4ac1-b747-e7fb912906cd,2025-12-07 02:26:26,gold Money Money Puggy 26.2m/s - way,CustomItem,Items,1,Completed,,,5.00000,USD,Positive,GGWP!,,,5.00000,USD
e8787861-b2f2-417b-9b89-6962ef5a364d,2025-12-07 02:07:14,Gold Esok Sekolah 187.5m/s - s8,CustomItem,Items,1,Completed,,,9.50000,USD,Positive,Great seller,,,9.50000,USD
aa7e92f9-e3fd-4d6c-a69b-fb4e3bf65c0b,2025-12-07 02:06:40,Gold La Spooky Grande 104.1m/s - s7,CustomItem,Items,1,Completed,,,6.00000,USD,Positive,Great immediate response easy claim great guy,,,6.00000,USD
f502e525-addf-4479-ac6e-c2844de8fe85,2025-12-07 02:04:13,Mieteteira Bicicleteira 130m/s | y,CustomItem,Items,1,Completed,Seller_Delivered_But_Order_Not_Received,,6.50000,USD,Positive,GGWP,,,6.50000,USD
9361288f-0aaf-420e-a6f3-903a59d2005b,2025-12-07 01:50:30,Esok Sekolah 90m/s - s8,CustomItem,Items,1,Completed,,,4.50000,USD,Positive,Extra mile,,,4.50000,USD
0d92f833-edd9-4084-ad8e-4c9b7c056b56,2025-12-07 01:50:11,Gold Los 67 163.1m/s - e,CustomItem,Items,1,Completed,,,9.00000,USD,Positive,Very fast,,,9.00000,USD
5da98343-ebd2-422f-a3ab-e6e30874f91b,2025-12-07 01:44:44,Los 67 Galaxy 247.5m/s | y,CustomItem,Items,1,Completed,,,14.00000,USD,Positive,GGWP,,,14.00000,USD
e96df5f1-6d10-46d5-851f-66cc393f6cb4,2025-12-07 01:43:15,Eviledon 252m/s - E,CustomItem,Items,1,Completed,,,18.00000,USD,Positive,GOAT,,,18.00000,USD
0187647e-59a8-4b95-b481-3986dc8ceea1,2025-12-07 01:37:03,Rainbow Los Puggies 300m/s - way,CustomItem,Items,1,Completed,,,25.00000,USD,Positive,Extra mile,,,25.00000,USD
e31e7483-ee76-428e-80d0-fd487839e00d,2025-12-07 01:32:21,La Grande Combinasion 90m/s - E,CustomItem,Items,1,Completed,,,6.50000,USD,Positive,GOAT,,,6.50000,USD
7701a690-b048-4bba-aaec-b7d052c2d704,2025-12-07 01:31:41,La Grande Combinasion 120m/s | y,CustomItem,Items,1,Completed,,,8.00000,USD,Positive,Good price,,,8.00000,USD
f5291ce1-fe69-4cfc-95e8-e769171d8804,2025-12-07 01:17:57,Diamond Los Spooky Combinasionas 250m/s - E,CustomItem,Items,1,Completed,,,12.00000,USD,Positive,Extra mile,,,12.00000,USD
aacb152d-0d6d-4f3b-a48a-fe712863ed9c,2025-12-07 01:06:22,Los Mobilis 154m/s | y,CustomItem,Items,1,Completed,,,7.00000,USD,Positive,Helpful and responsive,,,7.00000,USD
0479882e-3902-489f-999b-14ac04341e06,2025-12-07 00:37:26,Los 67 Gold 140.6m/s | y -snd,CustomItem,Items,1,Completed,,,7.00000,USD,Positive,Helpful and responsive,,,7.00000,USD
cd6d0610-f9b8-4bce-bc8f-c9649d5f83d7,2025-12-07 00:35:40,Los Mobilis 165m/s - e,CustomItem,Items,1,Completed,,,8.00000,USD,Positive,GGWP!,,,8.00000,USD
9d260e46-50dc-4d45-8bef-e5bb63f7fb0f,2025-12-07 00:23:53,Money Money Puggy Rainbow 315m/s - s7,CustomItem,Items,1,Completed,,,30.00000,USD,Positive,Fast delivery,,,30.00000,USD
6b747cb0-7fce-48bd-bdd6-167aa262d282,2025-12-07 00:08:58,Yin yang La taco Combinasion 437.5m/s - way,CustomItem,Items,1,Completed,,,35.00000,USD,Positive,Very quick,,,35.00000,USD
87e57cae-b4c0-4efd-9eeb-41c9a5f33334,2025-12-06 23:52:44,Mieteteira Bicicleteira 221m/s | y,CustomItem,Items,1,Completed,,,10.00000,USD,Positive,As described,,,10.00000,USD
9ad45e16-e92a-48ea-946e-de207381d2c0,2025-12-06 23:42:56,Esok Sekolah 180m/s - s8,CustomItem,Items,1,Completed,,,9.00000,USD,Positive,Fast delivery,,,9.00000,USD
df09eaab-9899-4491-b87c-895a4ba624d7,2025-12-06 23:37:39,Esok Sekolah 180m/s - s8,CustomItem,Items,1,Completed,,,9.00000,USD,Positive,"Quick and easy transaction ",,,9.00000,USD
1651a245-ab7a-4fca-97f0-c79e05a76aa1,2025-12-06 23:33:35,Esok Sekolah Gold 275m/s | y,CustomItem,Items,1,Completed,,,12.00000,USD,Positive,GGWP!,,,12.00000,USD
a44952aa-bd57-43c1-8c35-aa35d5395b09,2025-12-06 23:22:03,Mieteteira Bicicleteira 130m/s | y,CustomItem,Items,1,Completed,,,6.50000,USD,Positive,He don’t scam,,,6.50000,USD
eff93899-69b1-4449-9019-45ff9e88eee1,2025-12-06 23:02:22,Galaxy Los 67 360m/s - e,CustomItem,Items,1,Completed,,,18.00000,USD,Positive,Extra mile,,,18.00000,USD
4bcade70-a8e1-4d4c-9979-6629c0068f26,2025-12-06 22:36:23,Los Combinasionas 120m/s - n,CustomItem,Items,1,Completed,,,6.00000,USD,Positive,Helpful and responsive,,,6.00000,USD
4911deaa-6f38-4967-9928-a3683893aef5,2025-12-06 16:21:26,Gold La Grande Combinasion 52.5m/s | E,CustomItem,Items,1,Completed,,,5.00000,USD,Positive,Good communication,,,5.00000,USD
2cd02cc1-b9ae-4893-84bf-00c9b0c9da86,2025-12-06 16:20:52,Mieteteira Bicicleteira YY 442m/s | y,CustomItem,Items,1,Completed,,,20.00000,USD,Positive,"Fast and nice ",,,20.00000,USD
8cd3fa5d-81aa-4c26-abb7-8ae20b2c04d8,2025-12-06 16:18:16,Gold La Secret Combinasion 406.2m/s - way,CustomItem,Items,1,Completed,,,26.00000,USD,Positive,Helpful and responsive,,,26.00000,USD
a2ef1dc0-6337-4fde-bebe-d2ba41de5a23,2025-12-06 16:10:54,La Spooky Grande 220.5m/s | y,CustomItem,Items,1,Completed,,,15.00000,USD,Positive,GGWP!,,,15.00000,USD
504cdff7-0dce-4fb1-9ffc-a5949cab8c89,2025-12-06 16:06:23,Los Mobilis 121m/s | y,CustomItem,Items,1,Completed,,,6.00000,USD,Positive,Extra mile,,,6.00000,USD
6a168173-8c58-4432-aa07-2efbfab2f79e,2025-12-06 16:05:37,Los Puggies 180m/s - E,CustomItem,Items,1,Completed,,,13.00000,USD,Positive,Fast,,,13.00000,USD
c9d2a3de-b050-4a5d-9d76-c9aae669acca,2025-12-06 16:02:33,Radioactive Los Combinasionas 127.5m/s - E,CustomItem,Items,1,Completed,,,6.50000,USD,Positive,GGWP,,,6.50000,USD
3790e429-72ca-4ce7-a8e8-9af4cfa114f1,2025-12-06 15:58:36,Los Combinasionas Galaxy 105m/s | y,CustomItem,Items,1,Completed,,,6.00000,USD,Positive,GOAT,,,6.00000,USD
ac4729a3-271c-4fba-b270-11b3195c00bc,2025-12-06 15:55:55,"Yin Yang Esok Sekolah
375m/s - way",CustomItem,Items,1,Completed,,,18.00000,USD,Positive,"Good ",,,18.00000,USD
38792c9a-b33a-436b-a100-65ad83198aa3,2025-12-06 15:54:26,La Grande Combinasion YY 75m/s | y,CustomItem,Items,1,Completed,,,6.00000,USD,Positive,As described,,,6.00000,USD
9f38305d-eada-46ad-b3c4-ace65ac6bf88,2025-12-06 15:44:00,Gold Esok Sekolah 37.5m/s - s8,CustomItem,Items,1,Completed,,,4.00000,USD,Positive,W,,,4.00000,USD
8c01f956-3ab7-4662-bc25-7fc136eef6fe,2025-12-06 15:42:34,Radioactive Spaghetti Tualetti 510ms - way,CustomItem,Items,1,Completed,,,30.00000,USD,Positive,Good communication,,,30.00000,USD
5c607fe6-8e9f-4ac4-8ccd-edda464520e2,2025-12-06 15:23:35,Los Combinasionas 75m/s - s7,CustomItem,Items,1,Completed,,,4.00000,USD,Positive,Good communication,,,4.00000,USD
d54733dd-578b-4667-9e36-e3f916208803,2025-12-06 15:21:32,Los Combinasionas 120m/s | y,CustomItem,Items,1,Completed,,,6.00000,USD,Positive,Extra mile,,,6.00000,USD
81d2e361-200c-4942-b1a6-2d462fae821f,2025-12-06 14:41:33,Los Mobilis YY 165m/s | y,CustomItem,Items,1,Completed,,,8.00000,USD,Positive,Helpful and responsive,,,8.00000,USD
02561ab8-8991-49d2-86cc-c900bfb41bab,2025-12-06 14:16:24,Los 67 2 Trait 247.5m/s | J - s9,CustomItem,Items,1,Completed,,,12.00000,USD,Positive,"Bien reçu ",,,12.00000,USD
c9e7eef4-d527-46bc-b374-f60e2724a76a,2025-12-06 14:16:02,Esok Sekolah 240m/s - s7,CustomItem,Items,1,Completed,,,12.00000,USD,Positive,"Bien reçu ",,,12.00000,USD
4d3dfdb7-8506-4be0-aae5-687009ae858b,2025-12-06 14:09:28,Radioactive los 67 191.2m/s - way,CustomItem,Items,1,Completed,,,10.00000,USD,Positive,As described,,,10.00000,USD
ba1b2e8b-e3ac-4583-bc74-cc598a33d31b,2025-12-06 13:56:40,Gold Los Puggies 87.5m/s - s7,CustomItem,Items,1,Completed,,,7.00000,USD,Positive,"gg
",,,7.00000,USD
e0fc7696-57f8-449f-ac26-eef2ce118168,2025-12-06 13:48:54,Los Puggies 30m/s | y,CustomItem,Items,1,Completed,,,5.50000,USD,Positive,"good seler
",,,5.50000,USD
d9697ee6-f7b6-4d77-87ca-6e4dc7b3dbd7,2025-12-06 13:24:35,Los 67 180m/s - way,CustomItem,Items,1,Completed,,,9.00000,USD,Positive,He is not a scammer good prices and fast process i have used him 3 times and its is a highly fast process.,,,9.00000,USD
c730908d-a086-4da0-9fd0-7a75a2687bf3,2025-12-06 13:16:43,Mieteteira Bicicleteira 130m/s | y,CustomItem,Items,1,Canceled,,,6.50000,USD,Unrated,,Buyer_Does_Not_Need_It_Anymore,,6.50000,USD
78a47551-ae6c-453e-9caf-fac1a20b1630,2025-12-06 13:02:04,Esok Sekolah 180m/s - s8,CustomItem,Items,1,Completed,,,9.00000,USD,Positive,Quick and fast and super legit,,,9.00000,USD
08be9c20-1272-428d-b5e1-548ab5f980e4,2025-12-06 12:49:09,Mieteteira Bicicleteira 156m/s - j - e,CustomItem,Items,1,Completed,,,7.00000,USD,Positive,"Very fast ",,,7.00000,USD
bab55d20-fb59-41b8-83a0-7bfdfdc78b64,2025-12-06 12:31:31,Candy Los 67 225m/s - j - e,CustomItem,Items,1,Completed,,,11.00000,USD,Positive,Fast delivery,,,11.00000,USD
844d6149-fe11-4c8d-aeb3-6073b1c4e8f5,2025-12-06 12:17:18,Yin Yang Los 67 258.7m/s 1 Trait | j - e,CustomItem,Items,1,Completed,,,13.00000,USD,Positive,As described,,,13.00000,USD
3f53225f-509d-4f78-a442-2aba850bc5ad,2025-12-06 12:12:37,Radioactive los 67 191.2m/s - way,CustomItem,Items,1,Completed,,,10.00000,USD,Positive,As described,,,10.00000,USD
5677fcd8-4e00-48de-9e1e-765f7502c8a2,2025-12-06 11:55:38,Los 67 180m/s - way,CustomItem,Items,1,Completed,,,9.00000,USD,Positive,Fast delivery,,,9.00000,USD
5a7ff11c-29ad-4d9d-a356-0ff066bf874e,2025-12-06 11:54:00,Esok Sekolah 180m/s - s8,CustomItem,Items,1,Completed,,,9.00000,USD,Positive,GGWP,,,9.00000,USD
8c932410-403a-4a9f-b36c-6db52637a7bf,2025-12-06 11:48:46,Frozen king lemon 7.2 kg max level dps 1.3m no card - WAN,CustomItem,Items,1,Completed,,,15.00000,USD,Positive,It’s was very fast,,,15.00000,USD
d8f830bc-c7e7-48c9-9fdb-08432c6eb417,2025-12-06 11:43:36,Los Mobilis 132m/s - s9,CustomItem,Items,1,Completed,,,6.50000,USD,Positive,As described,,,6.50000,USD
9b3fe9c9-09d1-4c4a-9e9b-9e3331ba9244,2025-12-06 11:35:25,"Yin-Yang Los Mobilis
165m/s - s7",CustomItem,Items,1,Completed,,,7.00000,USD,Positive,"Very fast and very good ;) ",,,7.00000,USD
3a3b0ffe-291f-4d9c-9a77-41074b777bc7,2025-12-06 11:32:24,Mieteteira Bicicleteira Lava 156m/s | y,CustomItem,Items,1,Completed,,,7.50000,USD,Positive,"Nice trade!
",,,7.50000,USD
4651cfac-3097-45bd-9fdb-d0b386ef899d,2025-12-06 10:59:03,Los Mobilis 132m/s - s9,CustomItem,Items,1,Completed,,,6.50000,USD,Positive,GGWP,,,6.50000,USD
f374b6b9-53b3-43a6-87b1-c267d6d7204f,2025-12-06 10:54:49,Los Mobilis 132m/s - s9,CustomItem,Items,1,Completed,,,6.50000,USD,Positive,Helpful and responsive,,,6.50000,USD
150f0a6b-1376-46d1-8940-141863ee7c22,2025-12-06 10:45:09,Gold Spaghetti Tualetti 375m/s - way,CustomItem,Items,1,Completed,,,19.00000,USD,Positive,this guy good I buyt from him 375m/s and he didn't scammd me,,,19.00000,USD
c06dc9b7-a4b4-4e54-b076-73a4abf15e6f,2025-12-06 10:24:26,Los Mobilis 132m/s - s9,CustomItem,Items,1,Canceled,,,6.50000,USD,Unrated,,Buyer_Did_Not_Respond,,6.50000,USD
0556b25e-ac14-40d5-af2b-0b56b29a4a91,2025-12-06 09:50:12,Mieteteira Bicicleteira 156m/s - j - e,CustomItem,Items,1,Completed,,,7.00000,USD,Positive,Extra mile,,,7.00000,USD
74b48c07-b74c-4e66-b19e-209f9c4aa23d,2025-12-06 09:41:54,"Galaxy Los Combinasionas
255m/s - s8",CustomItem,Items,1,Completed,,,13.00000,USD,Positive,As described,,,13.00000,USD
cbf394e3-990c-4057-8276-d2dbf60a9e90,2025-12-06 09:35:31,Mieteteira Bicicleteira 331.5m/s | y,CustomItem,Items,1,Completed,,,15.00000,USD,Positive,As described,,,15.00000,USD
f23137e7-a3a8-41d9-b395-05eba5ae335b,2025-12-06 09:23:17,Esok Sekolah 247.5m/s | y,CustomItem,Items,1,Completed,,,12.00000,USD,Positive,GGWP!,,,12.00000,USD
62d9504d-dc06-44a1-84f9-356d3131e312,2025-12-06 09:22:44,Tang Tang Keletang 201m/s - s7,CustomItem,Items,1,Completed,,,20.00000,USD,Positive,GGWP,,,20.00000,USD
da518df4-9d82-4e16-aa56-58a2644dc518,2025-12-06 09:20:56,Mieteteira Bicicleteira YY 247m/s | y,CustomItem,Items,1,Completed,,,12.00000,USD,Positive,"very nice no scam
",,,12.00000,USD
c54f7d3f-d717-4fa5-bf16-2db14e6fb3cd,2025-12-06 09:19:13,Los Combinasionas 157m/s | y,CustomItem,Items,1,Completed,,,7.50000,USD,Positive,As described,,,7.50000,USD
aaa65238-fe9d-4a02-8ad8-84efee1fd03e,2025-12-06 09:10:45,"1 DIAMOND SHROOMBINO, SHROOM,",CustomItem,Items,1,Completed,,,1.00000,USD,Positive,Fast delivery,,,1.00000,USD
b36bf392-d7e2-4e36-a3df-2e74d8eb4d6b,2025-12-06 09:08:18,Los 67 Gold 140.6m/s | y -snd,CustomItem,Items,1,Completed,,,7.00000,USD,Positive,GOAT,,,7.00000,USD
7d1f2da5-71ba-4763-8c15-c3a3a9207f2b,2025-12-06 08:42:25,Los 67 Gold 140.6m/s | y -snd,CustomItem,Items,1,Canceled,,,7.00000,USD,Unrated,,Buyer_Did_Not_Respond,,7.00000,USD
6cc69e53-aa14-498b-ad3a-e9136948eadb,2025-12-06 08:31:55,Los 67 Gold 140.6m/s | y -snd,CustomItem,Items,1,Canceled,,,7.00000,USD,Unrated,,Buyer_Did_Not_Respond,,7.00000,USD
9818e2ca-dc58-44f1-bf2a-58de736219c1,2025-12-06 08:27:07,La Grande Combinasion 110m/s | y,CustomItem,Items,1,Completed,,,7.50000,USD,Positive,Good price,,,7.50000,USD
09200097-01bf-433c-a995-79ffc1156bbc,2025-12-06 08:26:39,Esok Sekolah 150m/s - s8,CustomItem,Items,1,Completed,,,7.50000,USD,Positive,Good price,,,7.50000,USD
2b957e1f-4c8a-4e45-8921-cb7d2abca3d1,2025-12-06 08:23:49,Los Combinasionas Radioactive 127.5m/s | J - e,CustomItem,Items,1,Canceled,,,6.50000,USD,Unrated,,Buyer_Did_Not_Respond,,6.50000,USD
63d2002b-ba7e-437f-9d19-f1203ddee760,2025-12-06 08:11:12,Galaxy Spaghetti Tualetti 420m/s - way,CustomItem,Items,1,Completed,,,25.00000,USD,Positive,As described,,,25.00000,USD
5eaef693-4f64-492c-8308-8e49c0180c46,2025-12-06 08:02:42,Los Spooky Combinasionas 210m/s | y,CustomItem,Items,1,Completed,,,12.00000,USD,Positive,GGWP,,,12.00000,USD
ccb40374-4555-4700-9a0d-c39a7426aacc,2025-12-06 07:46:06,Los 67 3 Traits 247.5m/s | y,CustomItem,Items,1,Completed,,,14.00000,USD,Positive,Good communication,,,14.00000,USD
842584e0-4c3c-4382-9bee-869184e21765,2025-12-06 07:43:32,La Grande Combinasion Diamond 2 Trait 115m/s | J - s9,CustomItem,Items,1,Completed,,,8.00000,USD,Positive,GGWP!,,,8.00000,USD
b8cc77b5-8227-42fb-a00e-963749c82ba1,2025-12-06 07:35:01,Los Mobilis YY 165m/s | y,CustomItem,Items,1,Completed,,,8.00000,USD,Positive,As described,,,8.00000,USD
353e7eb1-c9f3-43f5-a783-09d1ce34edf9,2025-12-06 07:31:34,Esok Sekolah 90m/s - s8,CustomItem,Items,1,Completed,,,4.50000,USD,Positive,GGWP!,,,4.50000,USD
b65c7ac0-1c5a-4115-a9d2-b4a8e175215b,2025-12-06 07:29:56,Los Puggies 180m/s | y,CustomItem,Items,1,Completed,,,13.00000,USD,Positive,As described,,,13.00000,USD
b62e9ed9-6e6c-4f6b-b300-1df5a329d3ea,2025-12-06 07:24:42,Yin Yang Los Spaghettis 525m/s - j - e,CustomItem,Items,1,Completed,,,30.00000,USD,Positive,GOAT,,,30.00000,USD
7e1ebc4c-e654-4e9e-a138-3f4b35f9c427,2025-12-06 07:14:29,Gold La Secret Combinasion 406.2m/s - s8,CustomItem,Items,1,Completed,,,25.00000,USD,Positive,Fast delivery,,,25.00000,USD
01f77325-8169-4107-bae6-036bfe9b3b29,2025-12-06 07:10:24,Gold Spaghetti Tualetti 435m/s -way,CustomItem,Items,1,Completed,,,25.00000,USD,Positive,GGWP,,,25.00000,USD
80856ce9-9cd4-4fec-b3d3-830133cbbb26,2025-12-06 06:34:52,Eviledon 189m/s | y,CustomItem,Items,1,Completed,,,15.00000,USD,Positive,W man,,,15.00000,USD
e7c4b858-2f18-4e29-8188-4381034b987e,2025-12-06 06:15:21,"Gold shroombino 9,1 KG AND 8,7 KG - Cecep",CustomItem,Items,1,Completed,,,10.00000,USD,Positive,GGWP!,,,10.00000,USD
1e3ba36d-405d-459a-a03b-72f44b077951,2025-12-06 06:07:29,Chipso and Queso 2 Trait 250m/s | J - e,CustomItem,Items,1,Completed,,,20.00000,USD,Positive,Helpful and responsive,,,20.00000,USD
cd297a63-0a68-40d0-94a3-a817fe52dec6,2025-12-06 06:05:33,Spaghetti Tualetti 360m/s - s7,CustomItem,Items,1,Completed,,,20.00000,USD,Positive,Helpful and responsive,,,20.00000,USD
440a48b5-5c3a-4715-b57c-c6e836957324,2025-12-06 05:41:38,Diamond Los Spooky Combinasionas 160m/s - s7,CustomItem,Items,1,Canceled,,,8.50000,USD,Unrated,,Out_Of_Stock,,8.50000,USD
9326b6aa-7b3d-4699-9667-df8e40e95e97,2025-12-06 05:39:54,Eviledon 267.7m/s | y,CustomItem,Items,1,Completed,,,20.00000,USD,Positive,Good price,,,20.00000,USD
733ab468-5be0-4149-905c-43050ff74235,2025-12-06 05:18:45,Los 67 Gold 2 Trait 140.6m/s | J - e,CustomItem,Items,1,Completed,,,7.00000,USD,Positive,GGWP!,,,7.00000,USD
c900a354-c062-4f11-b0db-2fe02545b9aa,2025-12-06 05:10:09,Los Combinasionas 247.5m/s | y,CustomItem,Items,1,Completed,,,12.00000,USD,Positive,GGWP!,,,12.00000,USD
ae111a79-bb93-4506-b916-8f60a9ce6190,2025-12-06 05:04:46,"Diamond Los spooky Combinasionas
165m/s - s7",CustomItem,Items,1,Completed,,,10.00000,USD,Positive,As described,,,10.00000,USD
8dbc94a2-7223-472d-b832-44555ae50048,2025-12-06 05:04:21,Mieteteira Bicicleteira Galaxy 182m/s | y,CustomItem,Items,1,Completed,,,8.00000,USD,Positive,Good communication,,,8.00000,USD
a2acd785-14ba-4461-a285-b05835f22065,2025-12-06 04:54:40,"Yin-Yang Los Mobilis
165m/s - s7",CustomItem,Items,1,Completed,,,7.00000,USD,Positive,Fast delivery,,,7.00000,USD
6cb1b413-86ec-4c3e-a560-f4c3b69e2a0d,2025-12-06 04:54:23,"Esok Sekolah
120m/s - s8",CustomItem,Items,1,Completed,,,6.00000,USD,Positive,As described,,,6.00000,USD
570c92e2-72a2-4fac-a3e3-c1660957ab23,2025-12-06 04:42:43,Los Mobilis 132m/s | y,CustomItem,Items,1,Completed,,,6.50000,USD,Positive,Great,,,6.50000,USD
3aa77cec-c944-42c0-a93e-9e7b2d07bf04,2025-12-06 04:33:46,"Diamond Los 67
303.7m/s - s8",CustomItem,Items,1,Completed,,,15.00000,USD,Positive,best day ever good,,,15.00000,USD
2bf98d89-0c16-431d-a95e-2a40dc3e6f6b,2025-12-06 04:24:01,Mieteteira Bicicleteira 156m/s | y,CustomItem,Items,1,Completed,,,7.00000,USD,Positive,GGWP,,,7.00000,USD
32c08cfc-3128-48c7-8822-52f27e80f752,2025-12-06 04:03:49,Los 67 Galaxy 157.5m/s | y,CustomItem,Items,1,Completed,,,8.00000,USD,Positive,GGWP!,,,8.00000,USD
eebbebd0-d58f-4b0f-8d1b-f56335d5bf70,2025-12-06 04:01:56,Mieteteira Bicicleteira 156m/s | y -snd,CustomItem,Items,1,Completed,,,7.00000,USD,Positive,As described,,,7.00000,USD
da372c65-b330-4a43-b0f7-6e74d04009ef,2025-12-06 03:56:21,Los Mobilis YY 275m/s | y,CustomItem,Items,1,Completed,,,13.00000,USD,Positive,Extra mile,,,13.00000,USD
a6e6cb57-f8e3-4fb2-8496-fd2cf0d152d5,2025-12-06 03:51:29,Los spooky Combinasionas 210m/s - way,CustomItem,Items,1,Completed,,,10.00000,USD,Positive,Extra mile,,,10.00000,USD
c7d0def4-68f1-41b6-ac06-f0e617f06927,2025-12-06 03:35:17,"1 RUBY SHROOMBINO, SHROOM,",CustomItem,Items,1,Completed,,,2.00000,USD,Positive,As described,,,2.00000,USD
e1950344-c991-4eae-bc28-5d7729f761c5,2025-12-06 03:27:28,"Gold Esok Sekolah
127.5m/s - s8",CustomItem,Items,1,Completed,,,6.00000,USD,Positive,very fast and legit,,,6.00000,USD
c06f23f3-1f2f-473b-a19e-824c2c156b4f,2025-12-06 03:16:36,Los 67 67.5m/s - s8,CustomItem,Items,1,Completed,,,5.00000,USD,Positive,GOAT,,,5.00000,USD
45f1b014-ea55-4ad2-a951-74382910cd06,2025-12-06 02:39:47,"Esok Sekolah
120m/s - s8",CustomItem,Items,1,Completed,,,6.00000,USD,Positive,good good good,,,6.00000,USD
a93ddb2f-b1dd-4a3d-8b97-f6eb92023a40,2025-12-06 02:38:23,"Esok Sekolah
120m/s - s8",CustomItem,Items,1,Completed,,,6.00000,USD,Positive,got it on time,,,6.00000,USD
5c7aa424-1e37-4487-b926-9c5171227835,2025-12-06 02:31:29,Los 67 292m/s | y,CustomItem,Items,1,Completed,,,15.00000,USD,Positive,As described,,,15.00000,USD
7a18bbec-0f90-4ba3-acf9-5f5d472a3a26,2025-12-06 01:57:48,Los Combinasionas 150m/s | y,CustomItem,Items,1,Completed,,,7.00000,USD,Positive,Helpful and responsive,,,7.00000,USD
a984f56a-f062-418f-8837-0462d403a383,2025-12-06 01:35:06,Los Mobilis Gold 2 Trait 225.5m/s | J - s9,CustomItem,Items,1,Completed,,,10.00000,USD,Positive,Amazing and quick,,,10.00000,USD
03480243-f64f-4c2e-ac57-1da34f028e06,2025-12-06 01:07:20,Lava Los spooky Combinasionas 240m/s - s7,CustomItem,Items,1,Completed,,,13.00000,USD,Positive,Good price,,,13.00000,USD
d5b540d0-2809-4dc5-9814-33eabc9290c4,2025-12-06 00:56:35,"Diamond Esok Sekolah
195m/s - way",CustomItem,Items,1,Completed,,,9.00000,USD,Positive,Extra mile,,,9.00000,USD
7f6bf684-8201-4493-9703-7de3fd61b1f9,2025-12-06 00:47:49,"Mieteteira Bicicleteira
156m/s - s8",CustomItem,Items,1,Completed,,,7.00000,USD,Positive,GOAT,,,7.00000,USD
b2712b91-81c3-40d0-8113-2782f4a6b054,2025-12-06 00:26:28,Esok Sekolah 30m/s - s8,CustomItem,Items,1,Completed,,,4.00000,USD,Positive,GGWP!,,,4.00000,USD
36ec28ef-6506-4952-9bd8-e34a0d26f798,2025-12-06 00:23:19,Esok Sekolah 30m/s - s8,CustomItem,Items,1,Completed,,,4.00000,USD,Positive,As described,,,4.00000,USD
304d4dee-f894-49b6-b053-490dd6f6fb13,2025-12-06 00:04:39,"Galaxy Los Combinasionas
255m/s - s8",CustomItem,Items,1,Canceled,,,13.00000,USD,Unrated,,Cancelation_Of_Reserved_Order,,13.00000,USD
df003d8e-154d-4dce-842d-e0fe2b2d3db0,2025-12-06 00:03:42,"Galaxy Los Combinasionas
105m/s - s8",CustomItem,Items,1,Completed,,,6.00000,USD,Positive,"so fastttttt
",,,6.00000,USD
7a0aad70-6d8c-46f2-804d-02d0eb56c6e1,2025-12-05 23:42:07,Los Spooky Combinasionas Galaxy 1 Trait 215m/s | J - s9,CustomItem,Items,1,Completed,,,10.00000,USD,Positive,Extra mile,,,10.00000,USD
a9a4d09f-11fe-4870-9d52-99590a71533d,2025-12-05 23:33:18,"Esok Sekolah
120m/s - s8",CustomItem,Items,1,Completed,,,6.00000,USD,Positive,Fast delivery,,,6.00000,USD
645b916b-43db-40b8-8b81-b2d616a40e8e,2025-12-05 23:31:21,Los Spooky Combinasion YY 260m/s | y,CustomItem,Items,1,Completed,,,15.00000,USD,Positive,he takes about 10 mins if ur queue is too high,,,15.00000,USD
22cedb6a-9366-4ce8-b67a-2bfaf24e0b3a,2025-12-05 23:27:44,Mieteteira Bicicleteira 143m/s | y,CustomItem,Items,1,Completed,,,7.00000,USD,Positive,GOAT,,,7.00000,USD
4426558f-721f-42ab-8172-f61bbed01869,2025-12-05 23:26:57,Los 67 22m/s - s7,CustomItem,Items,1,Completed,,,3.00000,USD,Positive,GGWP!,,,3.00000,USD
b24aee04-8a7b-4f7f-9f69-52ddbe445a7d,2025-12-05 23:24:52,Radioactive Los 67 236.2m/s - s8,CustomItem,Items,1,Completed,,,12.50000,USD,Positive,GOAT,,,12.50000,USD
220c216e-1e2d-42ab-9a54-52d8541f53be,2025-12-05 23:07:45,Los Hotspotsitos 25m/s - way,CustomItem,Items,1,Completed,,,20.00000,USD,Positive,GGWP!,,,20.00000,USD
f1903396-8904-4c1b-90f6-700c13fe4bdd,2025-12-05 23:07:11,la taco combinasion 560m 4 trait - s8,CustomItem,Items,1,Completed,,,30.00000,USD,Positive,Helpful and responsive,,,30.00000,USD
15a1a4b1-e3d8-4c39-b81b-52e3b1d86c17,2025-12-05 23:06:38,Los 67 1 Trait 67.5m/s | J - s9,CustomItem,Items,1,Completed,,,5.00000,USD,Positive,He was fast and efficient great job,,,5.00000,USD
724d1247-feda-4175-8b65-73e35b9e4170,2025-12-05 23:04:50,Los Combinasionas 150m/s - way,CustomItem,Items,1,Completed,,,7.00000,USD,Positive,Good,,,7.00000,USD
a5859c34-640c-412b-aaca-5ac647a61f5c,2025-12-05 22:39:55,"Los 67
112.5m/s - s8",CustomItem,Items,1,Completed,,,5.50000,USD,Positive,Very wuick,,,5.50000,USD
9e24f991-4323-499a-a992-31ccddab9dcb,2025-12-05 17:20:29,Los Mobilis 110m/s | y,CustomItem,Items,1,Completed,,,6.00000,USD,Positive,Helpful and responsive,,,6.00000,USD
151e9e62-f715-4558-a8ce-70f410f446a9,2025-12-05 17:15:59,Gold Esok Sekolah 97.5m/s - s8,CustomItem,Items,1,Completed,,,5.50000,USD,Positive,Good communication,,,5.50000,USD
34f8299d-6e2c-42e9-9605-646256b36ce7,2025-12-05 16:45:25,Los Combinasionas 150m/s - way,CustomItem,Items,1,Canceled,,,7.00000,USD,Unrated,,Buyer_Does_Not_Need_It_Anymore,,7.00000,USD
e20c89d8-bc54-469b-8da8-5a86acb2c56d,2025-12-05 16:38:47,Los Mobilis 1 Traits 132m/s | s7,CustomItem,Items,1,Completed,,,6.50000,USD,Positive,Good communication,,,6.50000,USD
7382d380-3250-4904-b212-56e7e3bd3e16,2025-12-05 16:31:11,Los Puggies 30m/s | y,CustomItem,Items,1,Completed,,,5.50000,USD,Positive,Extra mile,,,5.50000,USD
10c8a44b-926f-4b95-842f-a92af924a772,2025-12-05 16:30:47,Los Mobilis 1 Traits 132m/s | s7,CustomItem,Items,1,Completed,,,6.50000,USD,Positive,GGWP,,,6.50000,USD
b63b866b-db1f-4c3f-bce4-06bc395af458,2025-12-05 16:17:57,Eviledon 1 Trait 189m/s | J - e,CustomItem,Items,1,Completed,,,15.00000,USD,Positive,GOAT,,,15.00000,USD
162f3b54-20ab-4983-bfd9-086140642e75,2025-12-05 16:10:27,Esok Sekolah 90m/s - s8,CustomItem,Items,1,Completed,,,4.50000,USD,Positive,Good price,,,4.50000,USD
064f14d8-d28c-4352-b144-00383ffb5701,2025-12-05 16:06:19,Esok Sekolah 90m/s - s8,CustomItem,Items,1,Completed,,,4.50000,USD,Positive,GOAT,,,4.50000,USD
3d08beca-a016-437d-8166-d0633adec280,2025-12-05 16:02:38,La Grande Combinasion YY 110m/s | y,CustomItem,Items,1,Completed,,,8.00000,USD,Positive,GOAT,,,8.00000,USD
63611592-ad6d-4481-90a5-2e5894825b2c,2025-12-05 15:40:13,Mieteteira Bicicleteira 143m/s - s8,CustomItem,Items,1,Completed,,,7.00000,USD,Positive,GGWP!,,,7.00000,USD
5e123630-f0bc-48f1-8c1f-e9660050ac77,2025-12-05 15:13:02,Galaxy Los 67 157.5m/s | J - s9,CustomItem,Items,1,Completed,,,9.00000,USD,Positive,Fast delivery,,,9.00000,USD
6c9ebdb8-68d6-4a31-9aec-171224155ed8,2025-12-05 14:50:19,Nuclearo Dinossauro 105m/s - s8,CustomItem,Items,1,Completed,,,15.00000,USD,Positive,Legit Gg wp,,,15.00000,USD
d52c8d05-d2ca-41b6-9c79-0153eef7a1fe,2025-12-05 14:24:32,"Los Combinasionas
120m/s - s7",CustomItem,Items,1,Completed,,,6.00000,USD,Positive,GGWP!,,,6.00000,USD
7959c127-74ec-4304-949a-a0cbf6cca622,2025-12-05 14:20:42,Esok Sekolah 150m/s - s8,CustomItem,Items,1,Completed,,,7.50000,USD,Positive,Good communication,,,7.50000,USD
4cb89f81-b695-4e5f-b946-12f51ee1d346,2025-12-05 14:17:24,La Taco Combinasion Gold 428.7m/s | y,CustomItem,Items,1,Completed,,,30.00000,USD,Positive,GOAT,,,30.00000,USD
bdc5efde-9c86-48b1-9f27-1d613dc67d95,2025-12-05 13:41:29,Los 67 | 247.5m/s | y -snd,CustomItem,Items,1,Completed,,,13.00000,USD,Positive,GGWP!,,,13.00000,USD
4cccce9c-8de0-4646-9443-46258f49ae11,2025-12-05 13:36:53,Gold Esok Sekolah 97.5m/s - s8 - way,CustomItem,Items,1,Completed,,,5.50000,USD,Positive,Good price,,,5.50000,USD
df9c4124-3dcb-41c4-8e24-a4f0e7ee36d9,2025-12-05 13:28:18,Los Mobilis 1 Trait 132m/s | J - s9,CustomItem,Items,1,Completed,,,6.50000,USD,Positive,Good communication,,,6.50000,USD
8902ee0c-76ec-4048-9971-4c69728c3306,2025-12-05 11:40:59,Los Mobilis 135m/s | y,CustomItem,Items,1,Completed,,,6.00000,USD,Positive,Everything was great and fast,,,6.00000,USD
cc7a2a98-6160-4912-86e6-1ead23fabbb4,2025-12-05 11:36:25,"Galaxy Los 67
202.5m/s - s8",CustomItem,Items,1,Completed,,,11.00000,USD,Positive,Good communication,,,11.00000,USD
f45ea236-886e-4bc9-afa2-5823ca0fe516,2025-12-05 11:16:45,Los Combinasionas 75m/s - s8,CustomItem,Items,1,Completed,,,4.00000,USD,Positive,Extra mile,,,4.00000,USD
c9f41bb0-4f6b-413b-b043-483d4f732855,2025-12-05 10:57:06,Esok Sekolah 90m/s - s8,CustomItem,Items,1,Completed,,,4.50000,USD,Positive,As described,,,4.50000,USD
7d15efca-ebbc-4167-8a09-08aab510b285,2025-12-05 10:30:00,Eviledon 283.5m/s | y,CustomItem,Items,1,Completed,,,20.00000,USD,Positive,Good communication,,,20.00000,USD
f9039f12-54cf-4ab1-9be3-7d608e7b60fd,2025-12-05 10:22:11,Los 67 Galaxy 157.5m/s | y,CustomItem,Items,1,Completed,,,9.00000,USD,Positive,GOAT,,,9.00000,USD
b28071b7-948c-41ed-adea-26c35da7704f,2025-12-05 08:45:38,Eviledon 283.5m/s | y,CustomItem,Items,1,Completed,,,20.00000,USD,Positive,"Great fast easy ",,,20.00000,USD
9f0e057a-e413-4407-90d4-7afe6e94d14c,2025-12-05 08:43:27,Mieteteira Bicicleteira 234m/s - s7,CustomItem,Items,1,Completed,,,11.50000,USD,Positive,Good communication,,,11.50000,USD
78aaea3a-a082-44d2-881f-aa7fb2fbb7f3,2025-12-05 08:36:03,"Galaxy Los 67
270m/s - s8",CustomItem,Items,1,Completed,,,14.00000,USD,Positive,Fast delivery,,,14.00000,USD
12ea4d6f-0376-4b2d-a81e-77484d1143dc,2025-12-05 08:27:03,Los Spooky Combinasionas Gold 1 Trait 115m/s | J - s9,CustomItem,Items,1,Completed,,,6.00000,USD,Positive,GGWP,,,6.00000,USD
86f4c661-69a0-4d83-9eb5-71f992f57ac1,2025-12-05 08:22:28,Los Mobilis 132m/s | y,CustomItem,Items,1,Completed,,,6.50000,USD,Positive,very good,,,6.50000,USD
8bfdd34e-39ed-4de2-ba68-a93d16b8ec60,2025-12-05 07:48:39,2 BRAINROT 1M/S,CustomItem,Items,1,Completed,,,1.50000,USD,Positive,Helpful and responsive,,,1.50000,USD
2ba9092c-fa3e-4037-ac5a-1b82cc0d553a,2025-12-05 07:48:24,Los Combinasionas 150m/s | y,CustomItem,Items,1,Completed,,,7.00000,USD,Positive,Good communication,,,7.00000,USD
c6ac6eb9-3c94-4775-8fbc-66c197a0f335,2025-12-05 06:40:31,Spaghetti Tulaetti 510m/s | y,CustomItem,Items,1,Completed,,,25.00000,USD,Positive,GGWP!,,,25.00000,USD
7862415a-7911-4dee-b1b3-bdd2a5d739d5,2025-12-05 06:36:50,Los 67 2 Trait 157.5m/s | J - e,CustomItem,Items,1,Completed,,,7.50000,USD,Positive,Extra mile,,,7.50000,USD
6f186886-a2ce-492b-b9d7-236178e45f48,2025-12-05 06:01:21,Esok Sekolah 2 Trait🟥⬜✈️ 240m/s | J - s9,CustomItem,Items,1,Completed,,,10.00000,USD,Positive,Extra mile,,,10.00000,USD
b61aab93-ee61-4a5a-8b3b-55b925666e34,2025-12-05 05:54:21,Radioactive Spaghetti Tualetti 510ms - Reiuji547,CustomItem,Items,1,Completed,,,25.00000,USD,Positive,As described,,,25.00000,USD
d4f16f8c-aefb-426c-89e5-6a62af08553a,2025-12-05 05:47:48,Los Spooky Combinasionas 2 Trait 150m/s | J - e,CustomItem,Items,1,Completed,,,8.00000,USD,Positive,GGWP!,,,8.00000,USD
c6b7d6e4-6a3a-40d4-81ac-bdc0fe4960fb,2025-12-05 05:43:42,Eviledon 189m/s | y,CustomItem,Items,1,Completed,,,15.00000,USD,Positive,Good communication,,,15.00000,USD
b2ead321-8936-4187-8b79-014665dfc539,2025-12-05 05:41:09,Los Combinasionas 112.5m/s | y,CustomItem,Items,1,Completed,,,5.00000,USD,Positive,GGWP!,,,5.00000,USD
5922e1a9-9931-43d9-93f2-b1b0c30466b6,2025-12-05 05:22:35,Los Burritos 3 Trait 🌮🐈🌈🧩165.7m/s | J - e,CustomItem,Items,1,Completed,,,8.00000,USD,Positive,Good communication,,,8.00000,USD
0c50c88f-408f-4e89-9cbe-03820ce00334,2025-12-05 05:18:02,"Esok Sekolah
120m/s - s7",CustomItem,Items,1,Completed,,,6.00000,USD,Positive,Extra mile,,,6.00000,USD
d8e1c96a-e07d-4099-99d1-1f376500b1dc,2025-12-05 05:05:53,"Esok Sekolah
120m/s - s7",CustomItem,Items,1,Completed,,,6.00000,USD,Positive,GOAT,,,6.00000,USD
392c579b-3365-4da6-bcb9-4246f863e4e5,2025-12-05 04:58:16,Los Mobilis 110m/s | y,CustomItem,Items,1,Completed,,,5.00000,USD,Positive,GGWP,,,5.00000,USD
61d52ea4-5c5b-43e1-b0b5-76c4f3629dcb,2025-12-05 04:51:07,W or L 2 Trait 210m/s | J - e,CustomItem,Items,1,Completed,,,17.00000,USD,Positive,legit,,,17.00000,USD
ec60cc44-c15f-4100-9857-7bcd1332fb72,2025-12-05 04:25:48,Los Combinasionas 135m/s | y,CustomItem,Items,1,Completed,,,6.00000,USD,Positive,Fast delivery,,,6.00000,USD
e4269850-7506-49a6-ba9d-419ef41026ed,2025-12-05 04:10:03,Mieteteira Bicicleteira 104m/s | y,CustomItem,Items,1,Completed,,,5.00000,USD,Positive,GOAT,,,5.00000,USD
558a4f8c-8baf-4b58-9a86-ecc3bbd89ae2,2025-12-05 03:36:06,Gold Esok Sekolah 37.5m/s - s7,CustomItem,Items,1,Completed,,,4.00000,USD,Positive,Helpful and responsive,,,4.00000,USD
70559da4-0bc8-422c-a948-6cda4bb67998,2025-12-05 03:24:24,Los Mobilis 66m/s - s7,CustomItem,Items,1,Completed,,,3.50000,USD,Positive,Good price,,,3.50000,USD
82afd377-12bd-4b56-b280-cfedcb5d080e,2025-12-05 03:07:27,Los Combinasionas 120m/s | y,CustomItem,Items,1,Completed,,,5.50000,USD,Positive,As described,,,5.50000,USD
ac6d711b-4067-4a66-af5d-2d3e61795334,2025-12-05 02:35:28,Esok Sekolah 90m/s - s7,CustomItem,Items,1,Completed,,,4.50000,USD,Positive,Helpful and responsive,,,4.50000,USD
dfd573dd-3124-4bff-82c1-716ecb9a1e97,2025-12-05 02:18:13,Los Combinasionas Radioactive 127.5m/s | J - j,CustomItem,Items,1,Completed,,,6.00000,USD,Positive,GOAT,,,6.00000,USD
8b7127c5-6542-433e-8dbe-05ae2beb5e97,2025-12-05 02:07:10,"Los Mobilis
132ms - s7",CustomItem,Items,1,Completed,,,6.00000,USD,Positive,GOAT,,,6.00000,USD
e245a46e-f562-46d2-beda-f69034e79d5e,2025-12-05 01:58:40,"Los Puggies
180m/s - s7",CustomItem,Items,1,Completed,,,15.00000,USD,Positive,Fast delivery,,,15.00000,USD
8e849f7c-797d-48c0-9de5-97a03d98893a,2025-12-05 01:36:33,La Taco Combinasion  280m/s 2 trait - way,CustomItem,Items,1,Completed,,,16.00000,USD,Positive,Good price,,,16.00000,USD
9b7e7c9e-fef8-48e2-9d6f-d7a69bd1ce01,2025-12-05 01:22:01,gold Los 67 73.1m/s - s7,CustomItem,Items,1,Completed,,,5.50000,USD,Positive,Helpful and responsive,,,5.50000,USD
07fccc86-26db-47a9-ae5f-9a4c1bd848b4,2025-12-05 01:02:14,Chipso and Quesso 2 Trait  237.5m/s | J - e,CustomItem,Items,1,Completed,,,20.00000,USD,Positive,GGWP!,,,20.00000,USD
6e52bfd1-c8e1-4b8a-8c5d-7a404d612b91,2025-12-05 00:55:53,2 BRAINROT 1M/S,CustomItem,Items,2,Completed,,,1.50000,USD,Positive,Very good and quick,,,3.00000,USD
5da9dcec-2aeb-48b3-a9eb-6025878a2cf4,2025-12-04 23:44:04,"Diamond Esok Sekolah
255m/s - s7",CustomItem,Items,1,Completed,,,12.00000,USD,Positive,GOAT,,,12.00000,USD
95284e2e-c6a2-4600-86de-8896f5dd5a26,2025-12-04 23:18:38,Eviledon 252m/s | y,CustomItem,Items,1,Completed,,,18.00000,USD,Positive,GGWP,,,18.00000,USD
a6849136-b1f3-4568-abdd-da32d5df867d,2025-12-04 23:17:16,Esok Sekolah 150m/s - s8,CustomItem,Items,1,Completed,,,7.50000,USD,Positive,Good communication,,,7.50000,USD
d8962f90-6296-428b-9665-492c809b43c5,2025-12-04 23:03:29,Los Combinasionas 150m/s | y,CustomItem,Items,1,Completed,,,7.00000,USD,Positive,Good price,,,7.00000,USD
479641a7-3731-4eff-bd11-bf1d3a949110,2025-12-04 22:57:13,Esok Sekolah Diamond 2 Trait🌮🧩225m/s | J - s9,CustomItem,Items,1,Completed,,,10.00000,USD,Positive,Helpful and responsive,,,10.00000,USD
4035dde0-5ae1-4526-a500-3011be28a44f,2025-12-04 16:24:02,"Los 67
112.5m/s - way",CustomItem,Items,1,Completed,,,5.50000,USD,Positive,As described,,,5.50000,USD
2abdb14a-2558-4ef2-84c9-ca26b1ef26a5,2025-12-04 16:23:42,La Grande Combinasion Gold 2 Trait 72M/s | J - e,CustomItem,Items,1,Completed,,,6.00000,USD,Positive,GOAT,,,6.00000,USD
561c8514-5201-45ab-8d65-f9e471fb3e86,2025-12-04 16:20:19,Money Money Puggy Rainbow 210m/s | y,CustomItem,Items,1,Completed,,,20.00000,USD,Positive,Good price,,,20.00000,USD
d7948bc8-5029-4da1-90bf-0695d5c45016,2025-12-04 16:14:46,Los Hotspotsitos 120m/s - s7,CustomItem,Items,1,Completed,,,20.00000,USD,Positive,quick and friendly contact :),,,20.00000,USD
3a05411b-846e-4743-9031-7d8194ef9d56,2025-12-04 16:07:12,Los Spooky Combinasionas 20m/s | y -snd,CustomItem,Items,1,Completed,,,3.00000,USD,Positive,GOAT,,,3.00000,USD
bb94dca0-61c3-475d-a7d6-6aa6885cef84,2025-12-04 15:51:18,Tang Tang Keletang 234.5m/s - s7,CustomItem,Items,1,Completed,,,20.00000,USD,Positive,GGWP,,,20.00000,USD
15ad269c-f76c-418b-8206-f1de48a3ac12,2025-12-04 14:32:28,La Grande Combinasion 85m/s | y,CustomItem,Items,1,Completed,,,7.00000,USD,Positive,Helpful and responsive,,,7.00000,USD
733d4070-8ce0-4f8d-bcd5-bb3de7762ab9,2025-12-04 14:21:38,Los Mobilis Yin Yang 165 m/s | J - e,CustomItem,Items,1,Completed,,,8.00000,USD,Positive,GGWP,,,8.00000,USD
85e1ab8d-b23c-421a-9f7f-60c5dae0b117,2025-12-04 14:15:36,"Yin-Yang Los Mobilis
165m/s - s7",CustomItem,Items,1,Completed,,,7.00000,USD,Positive,Fast delivery,,,7.00000,USD
dcc4930b-171e-4b31-a58a-9cfa0b4e6999,2025-12-04 12:38:56,Radioactive Spaghetti Tualetti 510ms - way,CustomItem,Items,1,Completed,,,25.00000,USD,Positive,As described,,,25.00000,USD
27741902-a19a-414c-9e1a-050981f8e734,2025-12-04 12:37:18,"Esok Sekolah
120m/s - s7",CustomItem,Items,1,Completed,,,6.00000,USD,Positive,GOAT,,,6.00000,USD
3e93f8df-1036-48f1-aeb2-54a52559f914,2025-12-04 12:16:44,Radioactive Los 67 236.2m/s - s8,CustomItem,Items,1,Canceled,,,12.50000,USD,Unrated,,Mutual_Agreement,,12.50000,USD
85438d2e-8605-4212-967a-34a6e2759ce8,2025-12-04 12:16:35,gold Los 67 73.1m/s - s7,CustomItem,Items,1,Completed,,,5.50000,USD,Positive,OOF,,,5.50000,USD
e7836759-ec04-4be0-96e2-0bf332dbbc32,2025-12-04 12:14:17,Los Mobilis 1 Traits 132m/s | s7,CustomItem,Items,1,Canceled,,,6.50000,USD,Unrated,,Mutual_Agreement,,6.50000,USD
a5131683-7a0d-4549-8375-ebe0f3475002,2025-12-04 12:06:59,Los Mobilis 1 Traits 132m/s | s7,CustomItem,Items,1,Completed,,,6.50000,USD,Positive,GOAT,,,6.50000,USD
eadf55f5-3251-41c0-bc08-cbe3bb336ea2,2025-12-04 11:51:52,Los 67 106.8m/s | y,CustomItem,Items,1,Completed,,,6.50000,USD,Positive,GGWP!,,,6.50000,USD
e3ba5407-79a7-45d5-8816-290c61fea3ec,2025-12-04 11:49:35,Los Mobilis 1 Traits 132m/s | s7,CustomItem,Items,1,Completed,,,6.50000,USD,Positive,Extra mile,,,6.50000,USD
8f2c5485-baed-4f6f-8777-3942be615597,2025-12-04 10:59:44,Money Money Puggy 63m/s - s7,CustomItem,Items,1,Completed,,,7.50000,USD,Positive,GOAT,,,7.50000,USD
ed7868c2-9dc5-48ac-97e8-39695fc8d0dc,2025-12-04 10:40:38,La Grande Combinasion 60m/s | y,CustomItem,Items,1,Completed,,,6.00000,USD,Positive,GOAT,,,6.00000,USD
c9c5fbc3-93e8-48b7-8ab4-5c8ecd12e2c0,2025-12-04 10:15:45,"Rainbow Esok Sekolah
450m/s - s8",CustomItem,Items,1,Completed,,,22.00000,USD,Positive,As described,,,22.00000,USD
50cf12c8-73c7-49ea-9093-f635840121c6,2025-12-04 09:58:31,"Gold
Tacorita Bicicleta
61.8m/s - way",CustomItem,Items,1,Completed,,,6.00000,USD,Positive,Helpful and responsive,,,6.00000,USD
e8616f1f-dd2f-4de5-ba74-d7186855de59,2025-12-04 09:33:12,Los Spooky Combinasionas Lava 120m/s | J - e,CustomItem,Items,1,Completed,,,6.00000,USD,Positive,GGWP,,,6.00000,USD
18218c95-d971-421f-a16d-d08f0d4e4e19,2025-12-04 09:13:21,Mieteteira Bicicleteira 156m/s | y,CustomItem,Items,1,Completed,,,7.00000,USD,Positive,Good communication,,,7.00000,USD
e75f6622-c911-47cf-9f0e-696f5c2d826e,2025-12-04 08:52:48,Los Combinasionas Radioactive 127.5m/s | y,CustomItem,Items,1,Completed,,,6.00000,USD,Positive,Told him my user then he sent a request then I accepted then joined him then took my thing without any problem,,,6.00000,USD
e2d9eb0e-6deb-436b-98e3-ad5ada79a638,2025-12-04 08:49:13,Money Money Puggy Gold 194.2m/s | y,CustomItem,Items,1,Completed,,,15.00000,USD,Positive,Fast delivery,,,15.00000,USD
97faa7bf-87b9-4abd-ac45-8db0c6f58c16,2025-12-04 08:29:50,2 BRAINROT 1M/S,CustomItem,Items,2,Completed,,,1.50000,USD,Positive,very legit i got my items in less then 2 mins i will buy more soon!,,,3.00000,USD
035df387-eb78-4f77-95f3-928cb0ce07a9,2025-12-04 08:29:08,Los Combinasionas Gold  123.7m/s | y,CustomItem,Items,1,Completed,,,6.00000,USD,Positive,Fast delivery,,,6.00000,USD
5305ee3a-00bd-406d-bf23-d364c5df6803,2025-12-04 08:09:08,"Yin-Yang
Mieteteira Bicicleteira
195m/s - s7",CustomItem,Items,1,Completed,,,8.00000,USD,Positive,GGWP,,,8.00000,USD
edf92d0a-0b8b-4cd3-a79f-1c8e56684f96,2025-12-04 08:06:02,La Grande Combinasion 30m/s | y,CustomItem,Items,1,Completed,,,5.00000,USD,Positive,very good and very fast!It's good boy!,,,5.00000,USD
b4f36086-7d11-426e-9d12-5c4e409082af,2025-12-04 07:54:44,Los 67 180m/s | y,CustomItem,Items,1,Completed,,,10.00000,USD,Positive,Good price,,,10.00000,USD
244150e3-d1e8-43f4-a038-5de5653340a1,2025-12-04 07:42:19,Mieteteira Bicicleteira 230m/s - s7,CustomItem,Items,1,Completed,,,13.00000,USD,Positive,GGWP,,,13.00000,USD
3f94ed42-a5d9-4788-a8b3-c7a6b45afc5c,2025-12-04 07:39:30,Mieteteira Bicicleteira 156m/s | y,CustomItem,Items,1,Completed,,,7.00000,USD,Positive,"Good deal I will look for some more of your brain rots
",,,7.00000,USD
bd18c1f8-ed58-41f9-ac69-086e5849db9a,2025-12-04 07:17:12,Esok Sekolah 90 M/S - S8,CustomItem,Items,1,Completed,,,4.50000,USD,Positive,As described,,,4.50000,USD
c2b277eb-3941-4f97-b94c-505cd65a4131,2025-12-04 07:02:36,La Grande Combinasion 115m/s | y,CustomItem,Items,1,Completed,,,8.00000,USD,Positive,"Good seller ",,,8.00000,USD
b9df4fc0-2a8b-4171-89bc-f321897e01f6,2025-12-04 06:38:00,Gold Esok Sekolah 97.5m/s - s8 - way,CustomItem,Items,1,Completed,,,5.50000,USD,Positive,Helpful and responsive,,,5.50000,USD
81d7b2f5-7525-4a69-9f1c-a752beee618b,2025-12-04 06:35:26,Los Combinasionas Gold 123.7m/s | y,CustomItem,Items,1,Completed,,,6.00000,USD,Positive,Good price,,,6.00000,USD
c4938e7e-bd62-4d32-b1c1-c5ed41071e64,2025-12-04 06:31:10,"NEON SHROOMBINO, SHROOM,",CustomItem,Items,1,Completed,,,3.00000,USD,Positive,GOAT,,,3.00000,USD
6dd20d44-a950-477d-a271-11eeb4e50ee3,2025-12-04 06:30:57,Mieteteira Bicicleteira Yin Yang 195m/s | J - e,CustomItem,Items,1,Completed,,,8.50000,USD,Positive,Helpful and responsive,,,8.50000,USD
a263ae59-586e-471d-917f-362d23a578b7,2025-12-04 06:30:48,"1 DIAMOND KING LIMONE, LEMON",CustomItem,Items,1,Completed,,,3.00000,USD,Positive,Fast delivery,,,3.00000,USD
99b82412-035e-4ea8-b0d6-5586ba5cf211,2025-12-04 05:31:16,Gobblino Uniciclino 27.5m/s | y,CustomItem,Items,1,Canceled,,,5.00000,USD,Unrated,,Out_Of_Stock,,5.00000,USD
f0a07ccc-1ccf-406f-9a67-eb287a417667,2025-12-04 05:19:41,Gobblino Uniciclino 27.5m/s | y,CustomItem,Items,1,Completed,,,5.00000,USD,Positive,As described,,,5.00000,USD
de3afec3-bde6-446a-be85-aa6d3fd2f801,2025-12-04 05:16:37,"1 RUBY SHROOMBINO, SHROOM,",CustomItem,Items,1,Completed,,,2.00000,USD,Positive,Good price,,,2.00000,USD
633716d6-9eec-4b56-ac35-e84a2b484395,2025-12-04 05:06:43,Los 67 135m/s | y,CustomItem,Items,1,Completed,,,8.00000,USD,Positive,Extra mile,,,8.00000,USD
7dd7656e-ce6f-4d4d-9ec8-9cdf910ff77c,2025-12-04 05:05:06,"Esok Sekolah
120m/s - s8",CustomItem,Items,1,Completed,,,6.00000,USD,Positive,As described,,,6.00000,USD
055c1e49-e9eb-4688-972d-e7cb7dffb9cb,2025-12-04 05:01:54,Gobblino Uniciclino 27.5m/s | y,CustomItem,Items,1,Completed,,,5.00000,USD,Positive,Amazing service,,,5.00000,USD
0223b3bf-4aa2-4562-b664-d35cdcf0c2f8,2025-12-04 04:59:29,Gobblino Uniciclino 27.5m/s | y,CustomItem,Items,1,Completed,,,5.00000,USD,Positive,As described,,,5.00000,USD
3d7febe2-80bd-427d-a26f-3b55bde6efbd,2025-12-04 04:54:09,Los Mobilis Yin Yang 165m/s | y,CustomItem,Items,1,Completed,,,8.00000,USD,Positive,GGWP,,,8.00000,USD
fead41ce-fa27-4102-abb4-8627b2b13529,2025-12-04 04:29:52,Gobblino Uniciclino 27.5m/s | y,CustomItem,Items,1,Completed,,,5.00000,USD,Positive,Fast delivery,,,5.00000,USD
e5366e64-7b57-461c-83ce-8d3e59164078,2025-12-04 03:56:39,"Gold Spaghetti Tualetti
195m/s - s7",CustomItem,Items,1,Completed,,,10.50000,USD,Positive,As described,,,10.50000,USD
c660fdd2-d4cf-46da-8414-549369e2097b,2025-12-04 03:36:08,Mieteteira Bicicleteira 130m/s - s7,CustomItem,Items,1,Completed,,,6.00000,USD,Positive,"Super fast and did not scam ",,,6.00000,USD
864f6588-1d65-4a39-bdad-94ddb5505862,2025-12-04 03:15:43,Esok Sekolah 450m/s 4 trait - way,CustomItem,Items,1,Canceled,,,20.00000,USD,Unrated,,Out_Of_Stock,,20.00000,USD
c2606305-e519-42ef-8244-d28397a1812c,2025-12-04 02:59:17,Los Combinasionas YY 157.5m/s - s7,CustomItem,Items,1,Completed,,,7.00000,USD,Positive,GOAT,,,7.00000,USD
e6c30b16-99e1-451b-bd29-74042f77ce54,2025-12-04 02:52:10,W or L 240ms - s7,CustomItem,Items,1,Completed,,,15.00000,USD,Positive,W!,,,15.00000,USD
fdc0683a-2038-442b-aa05-464d59d9aca6,2025-12-04 02:47:07,2 BRAINROT 1M/S,CustomItem,Items,2,Completed,,,1.50000,USD,Positive,GGWP,,,3.00000,USD
f96f96b9-6fec-4467-ba71-6e1dccbbd4ca,2025-12-04 02:17:56,Los Spooky Combinasionas Diamond 100m/s | y,CustomItem,Items,1,Completed,,,6.00000,USD,Positive,Good price,,,6.00000,USD
c356264f-12b7-4b62-9b50-4bde3d7329d6,2025-12-04 01:47:44,2 BRAINROT 1M/S,CustomItem,Items,2,Completed,,,1.50000,USD,Negative,Did not give what was promised,,,3.00000,USD
d4f46809-30f1-49b6-8c05-d8c2b0b7aea5,2025-12-04 01:41:30,"Los Puggies
180m/s - s7",CustomItem,Items,1,Completed,,,8.00000,USD,Positive,GGWP,,,8.00000,USD
696be8cc-2dd5-4659-900c-f215b5dd8cee,2025-12-04 01:29:43,Gobblino Uniciclino Gold 34.3m/s | J - s9,CustomItem,Items,1,Completed,,,6.00000,USD,Positive,GGWP,,,6.00000,USD
272b9555-f758-4bca-91de-507bcd6663fd,2025-12-04 01:22:59,Mieteteira Bicicleteira 104m/s | y,CustomItem,Items,1,Completed,,,5.00000,USD,Positive,Good communication,,,5.00000,USD
b4640a82-63be-4e7a-9ad3-baf1378bdb39,2025-12-04 01:10:33,Los Mobilis Yin Yang 275m/s | y,CustomItem,Items,1,Completed,,,13.00000,USD,Positive,Good price,,,13.00000,USD
9d4ae9ee-b7a4-43fd-be33-4df072fe5a07,2025-12-04 01:10:16,Los 67 67.5m/s - way,CustomItem,Items,1,Completed,,,4.50000,USD,Positive,Good communication,,,4.50000,USD
24a7dc1a-c9db-48a1-b169-20b662470ecd,2025-12-04 00:57:01,La Spooky Grande 245m/s | y,CustomItem,Items,1,Completed,,,15.00000,USD,Positive,GOAT,,,15.00000,USD
b2b902c7-8b3f-4ed4-b614-c93f0f552994,2025-12-04 00:54:27,Los Mobilis 1 Trait 🎃121 m/s | J - e,CustomItem,Items,1,Completed,,,5.00000,USD,Positive,GGWP,,,5.00000,USD
5e96c3e6-ca0d-4566-abfe-169f06071aa7,2025-12-03 23:23:22,"Gold Esok Sekolah
127.5m/s - way",CustomItem,Items,1,Completed,,,5.50000,USD,Positive,As described,,,5.50000,USD
2c39947f-bdfe-4e66-a18a-2bebccac29f8,2025-12-03 16:16:38,Los Mobilis 88m/s | y,CustomItem,Items,1,Completed,Item_Not_As_Described,,5.00000,USD,Positive,Extra mile,,,5.00000,USD
e6e0a948-5439-44ad-82f3-8456b0b501f0,2025-12-03 16:08:03,"Esok Sekolah
330m/s - way",CustomItem,Items,1,Completed,,,16.00000,USD,Positive,"Thank u so much great deal and have a good day ",,,16.00000,USD
075c0cb0-bb1d-49a6-ba0c-c9c95f308c72,2025-12-03 15:41:34,Los Mobilis Yin Yang 165m/s | y,CustomItem,Items,1,Completed,,,8.00000,USD,Positive,GGWP,,,8.00000,USD
1b2a8510-3e7d-4ae4-bf91-8fc9b533e294,2025-12-03 15:41:26,Esok Sekolah 150m/s - way,CustomItem,Items,1,Completed,,,7.50000,USD,Positive,Extra mile,,,7.50000,USD
f8c4dfa4-f67f-49ed-aef5-9277f7be366f,2025-12-03 15:36:50,Los Spooky Combinasionas YY 150m/s | y,CustomItem,Items,1,Completed,,,9.00000,USD,Positive,Extra mile,,,9.00000,USD
f6e50b99-df86-46b4-b8a2-c3f45354eb07,2025-12-03 15:18:33,"lava Mieteteira Bicicleteira
156m/s - way",CustomItem,Items,1,Completed,,,7.50000,USD,Positive,"Very fast
",,,7.50000,USD
91542b85-2e44-4620-aeb9-f6d10b935ed2,2025-12-03 15:15:45,Los Combinasionas 127.5m/s | y,CustomItem,Items,1,Completed,,,6.00000,USD,Positive,Good price,,,6.00000,USD
949b7000-0dff-4055-a68a-c22bcaa9193f,2025-12-03 15:15:26,Los 67 67.5m/s - way,CustomItem,Items,1,Completed,,,4.50000,USD,Positive,Very fast,,,4.50000,USD
b773f93d-3a44-477d-9eca-b944e83032b1,2025-12-03 14:48:13,Ketupat Kepat 175m/s - s7,CustomItem,Items,1,Completed,,,20.00000,USD,Positive,Good communication,,,20.00000,USD
fef6f697-2710-4cf9-bca6-ba70ad299d32,2025-12-03 14:42:36,Diamond Spaghetti Tualetti 210m/s - s7,CustomItem,Items,1,Completed,,,12.50000,USD,Positive,"Not Scanner ",,,12.50000,USD
e9130900-bd3a-43c0-a4aa-f7b730c48ee3,2025-12-03 14:22:51,Gold Spaghetti Tualetti 435m/s -s7,CustomItem,Items,1,Completed,,,21.00000,USD,Positive,w,,,21.00000,USD
b6c5c150-f396-4a2a-9bcd-ff767faac95f,2025-12-03 14:00:28,"Money Money Puggy
210m/s - s7",CustomItem,Items,1,Completed,,,17.00000,USD,Positive,Extra mile,,,17.00000,USD
efb61cf8-3889-409e-889c-d640a55cf97d,2025-12-03 13:54:20,Gold la taco combinasion 183.7m/s - s7,CustomItem,Items,1,Completed,,,17.00000,USD,Positive,Good price,,,17.00000,USD
86841321-4e7a-42e5-80a0-e8b47d9b9e5e,2025-12-03 13:50:12,Gobblino Uniciclino 27.5m/s | J - s9,CustomItem,Items,1,Completed,,,5.00000,USD,Positive,"Not Scanner ",,,5.00000,USD
91b7137f-df17-4a4c-a343-7304af60d46d,2025-12-03 13:38:46,Eviledon 1 Trait 🔥 189m/s | J - e,CustomItem,Items,1,Completed,,,15.00000,USD,Positive,Amazing!,,,15.00000,USD
0e152781-b2c9-468d-891e-b81a8b1131db,2025-12-03 13:26:35,La Grande Combinasion 5 Trait 190m/s | y,CustomItem,Items,1,Completed,,,12.00000,USD,Positive,Good communication,,,12.00000,USD
464dee1a-02ec-47d8-9195-90626b56891a,2025-12-03 13:20:01,Los Spooky Combinasionas 100m/s | y,CustomItem,Items,1,Completed,,,6.00000,USD,Positive,GGWP,,,6.00000,USD
ca087722-9f60-4b5c-b93d-3bf1cd72b08c,2025-12-03 13:08:44,Gobblino Uniciclino 27.5m/s | J - s9,CustomItem,Items,1,Completed,,,5.00000,USD,Positive,As described,,,5.00000,USD
0c0a3473-afe9-4ae3-baae-b8d00042fb6f,2025-12-03 13:04:02,Gobblino Uniciclino 27.5m/s | J - s9,CustomItem,Items,1,Completed,,,5.00000,USD,Positive,Ggwp,,,5.00000,USD
3005f219-9a7f-4dad-a959-415c55058c54,2025-12-03 12:48:48,"Los 67
191.2m/s - s8",CustomItem,Items,1,Completed,,,9.50000,USD,Positive,Good communication,,,9.50000,USD
469ab8bc-4cee-42fa-b802-bf50543518cd,2025-12-03 12:46:16,Mieteteira Bicicleteira,CustomItem,Items,1,Completed,,,7.00000,USD,Positive,Good communication,,,7.00000,USD
9058f413-c868-4ad1-a701-d279e9c091b6,2025-12-03 12:39:01,2 BRAINROT 1M/S,CustomItem,Items,9,Completed,,,1.50000,USD,Positive,GOAT,,,13.50000,USD
652fe65d-1f3c-4e5d-998f-635519a6cc8c,2025-12-03 12:10:18,Esok Sekolah Radioactive 255m/s | y,CustomItem,Items,1,Completed,,,12.00000,USD,Positive,As described,,,12.00000,USD
7ed7947c-f0d2-41ff-8e8b-7350ccc4fec3,2025-12-03 11:59:24,"Lava Los Mobilis
132m/s - s8",CustomItem,Items,1,Completed,,,6.50000,USD,Positive,Extra mile,,,6.50000,USD
86f8af18-3800-4dd8-af66-53d8a27267cf,2025-12-03 11:52:22,Mieteteira Bicicleteira Galaxy 182m/s | y,CustomItem,Items,1,Completed,,,8.00000,USD,Positive,very kind man w seller,,,8.00000,USD
4876587e-f7b8-4e52-9ac5-ed04cea3ca9e,2025-12-03 11:46:08,Gobblino Uniciclino 27.5m/s | J - s9,CustomItem,Items,1,Completed,,,5.00000,USD,Positive,As described,,,5.00000,USD
5eb57c4c-7999-4c8f-b793-0fb59cdd3647,2025-12-03 11:39:28,"Esok Sekolah
330m/s - s7",CustomItem,Items,1,Completed,,,16.00000,USD,Positive,Fast delivery,,,16.00000,USD
fdb45fd8-ec8b-4e4f-b6b8-1c4f4c6030cc,2025-12-03 10:59:33,"Los 67
180m/s - s8",CustomItem,Items,1,Completed,Cannot_Claim_Purchase_Due_To_InGame_Issues,,9.00000,USD,Positive,Good communication,,,9.00000,USD
f2938e27-25ce-4823-9f4f-7985baa19329,2025-12-03 10:56:02,W or L 180m/s - s7,CustomItem,Items,1,Completed,,,14.50000,USD,Positive,GGWP,,,14.50000,USD
a5c6b96c-4ecc-439d-9124-36631d5eb239,2025-12-03 10:45:58,"candy Los Mobilis
88m/s - s7",CustomItem,Items,1,Canceled,,,5.00000,USD,Unrated,,Buyer_Did_Not_Respond,,5.00000,USD
f966c9aa-78bf-41df-acec-29870f6f3e29,2025-12-03 08:41:59,Mieteteira Bicicleteira Galaxy 182m/s | y,CustomItem,Items,1,Canceled,,,8.00000,USD,Unrated,,Mutual_Agreement,,8.00000,USD
893dc9f4-6af7-413e-a664-ddd95422fafd,2025-12-03 08:37:06,Gobblino Uniciclino 27.5m/s | J - s9,CustomItem,Items,1,Completed,,,5.00000,USD,Positive,Extra mile,,,5.00000,USD
378c048e-21b2-4f4c-ada5-bec8d9fa55cc,2025-12-03 08:30:18,"Rainbow La Grande Combinasion
200m/s - s7",CustomItem,Items,1,Completed,,,11.00000,USD,Positive,Good communication,,,11.00000,USD
6238dc08-2a6d-4542-a5fd-30704bee4f43,2025-12-03 08:24:25,Los Combinasionas Gold 3 Trait🐈🌈🌮🔥198.7m/s | J - j,CustomItem,Items,1,Canceled,,,5.00000,USD,Unrated,,Out_Of_Stock,,5.00000,USD
8696e10e-b094-422a-9eff-f49e826e47c6,2025-12-03 07:55:35,Money Money Puggy 2 Trait🌮🔥 168m/s | J - e,CustomItem,Items,1,Completed,,,13.00000,USD,Positive,"Polite and very respectful ",,,13.00000,USD
81894f60-61b7-4d51-87b3-1206b560a318,2025-12-03 04:40:16,Gobblino Uniciclino 27.5m/s | J - s9,CustomItem,Items,1,Completed,,,5.00000,USD,Positive,Good price,,,5.00000,USD
baee5bf9-8db4-4b78-852e-05986847a349,2025-12-03 03:29:27,La Taco Combinasion  420m/s 3 trait - s8,CustomItem,Items,1,Completed,,,25.00000,USD,Positive,"Very respectful ",,,25.00000,USD
785af56f-c735-441f-a1f7-611070953ea0,2025-12-03 03:22:28,"Yin-Yang Los Mobilis
165m/s - s7",CustomItem,Items,1,Completed,,,7.00000,USD,Positive,"Great experience ",,,7.00000,USD
8cc34dd5-6d76-43e6-ac47-122efd337051,2025-12-03 03:17:11,W or L 30m/s - s7,CustomItem,Items,1,Completed,,,5.50000,USD,Positive,GGWP,,,5.50000,USD
edfe7ab6-cbb8-4465-bf43-9b5749a43709,2025-12-03 02:57:09,"Yin-Yang Los Mobilis
165m/s - s7",CustomItem,Items,1,Completed,,,7.00000,USD,Positive,Fast delivery,,,7.00000,USD
bd13e412-2849-4cd1-a1f5-39976aac903d,2025-12-03 02:47:45,2 BRAINROT 1M/S,CustomItem,Items,1,Completed,,,1.50000,USD,Positive,Good communication,,,1.50000,USD
d2135d86-d7b3-4270-953a-c9163727fa18,2025-12-03 02:41:05,"Rainbow Esok Sekolah
450m/s - s8",CustomItem,Items,1,Completed,,,22.00000,USD,Positive,Fast delivery,,,22.00000,USD
600aeb80-7208-4f82-ac88-3d90cd18a1e6,2025-12-03 02:38:19,"Yin-Yang Los Mobilis
165m/s - s7",CustomItem,Items,1,Completed,,,7.00000,USD,Positive,GGWP!,,,7.00000,USD
0a0423c5-6531-4080-ad44-2b3f690ec444,2025-12-03 02:34:18,Los 67 1 Trait 🦈90m/s | J - e,CustomItem,Items,1,Completed,,,5.00000,USD,Positive,Extra mile,,,5.00000,USD
0d7a9a14-e5f4-4e11-aac3-1bbd2b1fb6bd,2025-12-03 02:25:26,"Galaxy Esok Sekolah
270m/s  - s7",CustomItem,Items,1,Completed,,,13.50000,USD,Positive,Helpful and responsive,,,13.50000,USD
e8eda495-9a7b-4557-8b2f-bc3d9a24ad98,2025-12-03 02:08:23,2 BRAINROT 1M/S,CustomItem,Items,1,Completed,,,1.50000,USD,Positive,"great seller ",,,1.50000,USD
6c8b2d41-14be-4be6-b71a-c07b8ef4c062,2025-12-03 01:52:41,Radioactive Swag Soda 175.5m/s - s7,CustomItem,Items,1,Completed,,,10.00000,USD,Positive,Good seller,,,10.00000,USD
d55a3342-4299-4fc1-a85e-b091380f3e54,2025-12-03 01:30:49,Galaxy Los 67 157.5m/s - way,CustomItem,Items,1,Completed,,,8.00000,USD,Positive,Helpful and responsive,,,8.00000,USD
ec9f9fe1-9ce9-4eda-a434-21601b5435bd,2025-12-03 01:19:56,Mieteteira Bicicleteira Yin Yang 195m/s | y,CustomItem,Items,1,Completed,,,8.00000,USD,Positive,As described,,,8.00000,USD
e4373ed0-6093-43a8-b63a-3b4327b6360e,2025-12-03 00:49:07,Los Combinasionas Rainbow 150m/s | y,CustomItem,Items,1,Completed,,,8.00000,USD,Positive,Good price,,,8.00000,USD
76046f10-79aa-48b7-a9db-019f944419db,2025-12-03 00:47:48,"Los Mobilis
209m/s 2 trait - way",CustomItem,Items,1,Completed,,,10.00000,USD,Positive,Good price,,,10.00000,USD
9f48d7c3-0c86-4e09-840c-7adf0d7e174f,2025-12-03 00:38:35,Los Mobilis Yin Yang 165m/s | y,CustomItem,Items,1,Completed,,,8.00000,USD,Positive,GOAT,,,8.00000,USD
0b474988-34e7-4fc3-9a89-7e9549755650,2025-12-03 00:25:00,Los Mobilis Yin Yang 165m/s | y,CustomItem,Items,1,Completed,,,8.00000,USD,Positive,Good communication,,,8.00000,USD
95fc6e2b-ae23-4107-b521-6929229d9547,2025-12-03 00:23:30,2 BRAINROT 1M/S,CustomItem,Items,4,Completed,,,1.50000,USD,Positive,GGWP!,,,6.00000,USD
4c6a45cd-a8ba-41de-820a-9ec68634d8ee,2025-12-03 00:20:08,2 BRAINROT 1M/S,CustomItem,Items,7,Completed,,,1.50000,USD,Positive,GOAT,,,10.50000,USD
78586711-9aae-4cf9-9c64-ced41e45f428,2025-12-03 00:16:06,"Diamond Esok Sekolah
165m/s - way",CustomItem,Items,1,Completed,,,8.50000,USD,Positive,As described,,,8.50000,USD
5a9e2056-2f37-4127-82c0-c694960359fa,2025-12-03 00:02:25,Esok Sekolah Radioactive 255m/s | y,CustomItem,Items,1,Completed,,,12.00000,USD,Positive,GGWP!,,,12.00000,USD
bbe97963-e3c1-4619-99c7-0f356fb2da12,2025-12-02 23:50:19,2 BRAINROT 1M/S,CustomItem,Items,2,Completed,,,1.50000,USD,Positive,"Fast and good i do recommend ",,,3.00000,USD
12c4c5d2-1777-4922-a429-ed114bf1b119,2025-12-02 23:43:10,"Gold Esok Sekolah
217.5m - s7",CustomItem,Items,1,Completed,,,11.50000,USD,Positive,GGWP,,,11.50000,USD
14a48a5c-af82-4f32-a540-76692ac091f2,2025-12-02 23:01:19,2 BRAINROT 1M/S,CustomItem,Items,4,Completed,,,1.50000,USD,Positive,really fast and nice,,,6.00000,USD
04ce6967-2306-498c-96bf-87d79a0bf164,2025-12-02 23:01:02,Esok Sekolah 1 Trait👒 150m/s | J - s9,CustomItem,Items,1,Completed,,,7.00000,USD,Positive,"W got my item ",,,7.00000,USD
22a52016-3dde-4e40-816f-7cc3d9a12c16,2025-12-02 16:18:45,Los 67 Diamond 236.2m/s | y,CustomItem,Items,1,Completed,,,13.00000,USD,Positive,GOAT,,,13.00000,USD
007fc02a-33ca-4317-8e21-c014caebc2ba,2025-12-02 16:08:18,Radioactive Spaghetti Tualetti 510ms - s8,CustomItem,Items,1,Completed,,,25.00000,USD,Positive,Good price,,,25.00000,USD
5332ef66-a31a-4b91-9aee-d99c1f7a20de,2025-12-02 15:41:04,Los Spooky Combinasionas 3 Trait✈️👒🔥 260m/s | J - e,CustomItem,Items,1,Completed,,,14.00000,USD,Positive,nice,,,14.00000,USD
bba8b84d-cf95-462c-a80f-6ee71422ecbf,2025-12-02 15:32:05,2 BRAINROT 1M/S,CustomItem,Items,2,Completed,,,1.50000,USD,Positive,ww,,,3.00000,USD
afb8407e-fe70-4e50-aa71-b509566a5abd,2025-12-02 15:30:06,Gold W or L 187.5ms - s7,CustomItem,Items,1,Completed,,,15.00000,USD,Positive,Fast delivery,,,15.00000,USD
fe4e5884-1124-4a82-830f-42c8e45a44e8,2025-12-02 15:17:40,Eviledon  1 Trait 🔥 189m/s | J - e,CustomItem,Items,1,Completed,,,15.00000,USD,Positive,GGWP!,,,15.00000,USD
7053e667-365d-4c83-8df2-604e5d734c90,2025-12-02 15:14:17,"Diamond Money Money Puggy
136.5ms - s7",CustomItem,Items,1,Completed,,,13.50000,USD,Positive,GGWP,,,13.50000,USD
2b2a2b45-cb19-49a3-8ccf-0e7934da8f8d,2025-12-02 15:03:52,Rainbow Spaghetti Tualetti 600ms - s8,CustomItem,Items,1,Completed,,,30.00000,USD,Positive,As described,,,30.00000,USD
a25aba22-37d2-4e7b-8369-9344a11ae7c5,2025-12-02 14:33:59,Gobblino Uniciclino 27.5m/s | y,CustomItem,Items,1,Completed,,,9.00000,USD,Positive,Fast delivery,,,9.00000,USD
12eb726b-f711-424a-8a9f-9b3089d61736,2025-12-02 14:23:32,Los Mobilis 🔥 132m/s | y,CustomItem,Items,1,Completed,,,6.50000,USD,Positive,Fast delivery,,,6.50000,USD
5721eb79-aa65-4c5d-ba97-a9023ba0d3df,2025-12-02 14:23:14,"Gold Esok Sekolah
37.5ms - s7",CustomItem,Items,1,Completed,,,3.50000,USD,Positive,Good price,,,3.50000,USD
f88f44e3-10eb-4a8b-beb2-c924e28a7b05,2025-12-02 14:03:33,"THIS SHOP ONLY MEANS CUSTOM SHOP, ASKING, WANT TO SEE OR NEGOTIATE",CustomItem,Items,2,Canceled,,,20.00000,USD,Unrated,,Mutual_Agreement,,40.00000,USD
3b86a55f-c7e7-4125-a845-33330def01b8,2025-12-02 13:41:26,Los Mobilis 🔥 132m/s | y,CustomItem,Items,1,Completed,,,6.50000,USD,Positive,Helpful and responsive,,,6.50000,USD
f12c0fee-06fe-4f3d-b20a-e70c774ec907,2025-12-02 13:00:10,Mieteteira Bicicleteira 331.5m/s | y,CustomItem,Items,1,Canceled,,,15.00000,USD,Unrated,,Buyer_Did_Not_Respond,,15.00000,USD
448e7e54-afe8-486f-b928-2b4176171e63,2025-12-02 12:56:14,Los Spooky Combinasionas 140ms - way,CustomItem,Items,1,Completed,,,8.00000,USD,Positive,Helpful and responsive,,,8.00000,USD
0b4e1d39-aef9-4740-a612-fbc1ac3640fb,2025-12-02 12:47:51,"Los 67
185.6ms - s7",CustomItem,Items,1,Completed,,,10.00000,USD,Positive,"good and fast
",,,10.00000,USD
68e0bcef-4e15-4430-becd-8730636e7768,2025-12-02 12:22:00,"Esok Sekolah
120ms - s7",CustomItem,Items,1,Completed,,,6.00000,USD,Positive,GOAT,,,6.00000,USD
6b384475-6926-467f-8909-dac69f07102a,2025-12-02 12:20:22,"Esok Sekolah
120ms - s7",CustomItem,Items,1,Completed,,,6.00000,USD,Positive,Good price,,,6.00000,USD
cfcdcc77-fbdb-4e08-990f-ba9cb8be15c7,2025-12-02 12:08:48,Mieteteira Bicicleteira 273ms - way,CustomItem,Items,1,Completed,,,13.00000,USD,Positive,Extra mile,,,13.00000,USD
0ad0361a-85a6-4643-a711-889c482ed34f,2025-12-02 12:06:08,Gold Nuclearo Dinossauro  48.7ms - s7,CustomItem,Items,1,Completed,,,11.00000,USD,Positive,Good price,,,11.00000,USD
e7160931-a758-4efe-8811-9f242d783e9c,2025-12-02 11:30:25,Los 67 Diamond 275.6m/s | y,CustomItem,Items,1,Completed,,,15.00000,USD,Positive,Good price,,,15.00000,USD
8d944907-febd-467d-8a29-174aef0e9005,2025-12-02 10:52:40,Los Combinasionas 217.5m/s | y,CustomItem,Items,1,Completed,,,10.00000,USD,Positive,GGWP,,,10.00000,USD
958b2f6c-44e3-4776-8cd9-66271e6e2eab,2025-12-02 10:43:52,Los Puggies Radioactive 255m/s | J - e,CustomItem,Items,1,Completed,,,15.00000,USD,Positive,It was good,,,15.00000,USD
50691912-958e-4892-bdea-4873bd0550cc,2025-12-02 10:21:03,"Lava Mieteteira Bicicleteira
156ms - s7",CustomItem,Items,1,Completed,,,8.50000,USD,Positive,GGWP,,,8.50000,USD
12333e33-f79a-4ccd-a1fe-974464663e24,2025-12-02 10:13:51,Los Spooky Combinasionas 2 Trait 🦀🔥140m/s | J - e,CustomItem,Items,1,Completed,,,7.00000,USD,Positive,"Very fast and trustable! ",,,7.00000,USD
06cae56e-345d-4ec9-8515-848957053b12,2025-12-02 09:22:48,"Los 67
185.6ms - way",CustomItem,Items,1,Completed,,,10.00000,USD,Positive,Good price,,,10.00000,USD
96a0a182-fef0-47a3-b615-ca7e161eb38a,2025-12-02 09:19:25,2 BRAINROT 1M/S,CustomItem,Items,1,Completed,,,1.50000,USD,Positive,GGWP,,,1.50000,USD
850dd8c3-c1a2-4f60-a10d-4160a31dcf5a,2025-12-02 08:56:30,Esok Sekolah 90ms - s7,CustomItem,Items,1,Completed,,,4.50000,USD,Positive,GOAT,,,4.50000,USD
756b862e-b967-4c7a-bf15-1317c74c8376,2025-12-02 08:46:30,Los 67 Galaxy 1 Trait 🦀247.5m/s | J - e,CustomItem,Items,1,Completed,,,12.00000,USD,Positive,Helpful and responsive,,,12.00000,USD
a594b301-1857-46b5-94b5-a320c864cd57,2025-12-02 08:40:11,Los Mobilis 110m/s | y,CustomItem,Items,1,Completed,,,5.00000,USD,Positive,GOAT,,,5.00000,USD
58741e50-9c59-43ff-89f2-449c0c772efe,2025-12-02 08:31:18,2 BRAINROT 1M/S,CustomItem,Items,2,Completed,,,1.50000,USD,Positive,Good price,,,3.00000,USD
9b3511f9-0e61-450b-ae2f-b365011c90e2,2025-12-02 08:19:36,Esok Sekolah 90ms - s7,CustomItem,Items,1,Completed,,,4.50000,USD,Positive,GGWP!,,,4.50000,USD
35642291-d7a0-4115-8f3e-360ddf858eeb,2025-12-02 08:04:41,Mieteteira Bicicleteira Galaxy 182m/s | J - e,CustomItem,Items,1,Completed,,,8.50000,USD,Positive,GGWP,,,8.50000,USD
888a2a49-2212-42ef-8e6f-e44116f1f734,2025-12-02 06:21:19,"Los 67
67.5ms - way",CustomItem,Items,1,Completed,,,4.50000,USD,Positive,Good price,,,4.50000,USD
301c6b27-f01d-43ce-9dd8-424ce4eeacf7,2025-12-02 06:17:03,"Los 67
185.6ms - way",CustomItem,Items,1,Completed,,,10.00000,USD,Positive,"He’s legit ",,,10.00000,USD
b9c86712-4223-4162-bf83-a9cba18cfadf,2025-12-02 02:58:48,ANY BRAINROT 1M/S CHEAPP,CustomItem,Items,1,Completed,,,1.00000,USD,Positive,Hes fast,,,1.00000,USD
5edd33cd-0de4-4da2-81a2-eec4ad98dfaa,2025-12-01 23:59:53,Los Combinasionas 2 Trait 🌮🔥 120m/s | J - j,CustomItem,Items,1,Completed,,,6.00000,USD,Positive,"Amazing
",,,6.00000,USD
98793b5c-3672-43a9-8e10-63b410c00801,2025-12-01 23:49:24,Los spooky Combinasionas 150ms - s7,CustomItem,Items,1,Completed,,,7.00000,USD,Positive,Easy and quick,,,7.00000,USD
03a727b4-d296-41cf-9d9d-3c872ae84774,2025-12-01 23:36:34,"Gold Esok Sekolah
247.5ms - s7",CustomItem,Items,1,Completed,,,12.00000,USD,Positive,Fast delivery,,,12.00000,USD
931fa2f7-53a7-4370-be5e-672226981eb7,2025-12-01 23:34:12,Los 67 Lava 135m/s | J - s9,CustomItem,Items,1,Completed,,,10.00000,USD,Positive,Text back quickly,,,10.00000,USD
a6f51ea9-f5c7-4f34-b29a-5158de0ec83b,2025-12-01 23:33:17,Los Combinasionas 150ms - s7,CustomItem,Items,1,Completed,,,7.00000,USD,Positive,GGWP,,,7.00000,USD
da70e114-89c7-4890-9908-a59754f9a304,2025-12-01 23:19:12,"Los Mobilis
110ms - s7",CustomItem,Items,1,Completed,,,5.50000,USD,Positive,Quick,,,5.50000,USD
ccc7cefe-35f1-4e5b-a1db-41d1a4903c82,2025-12-01 23:16:33,Candy Los 67 292.5ms - way,CustomItem,Items,1,Completed,,,15.00000,USD,Positive,"great seller, under five minutes, thank you!",,,15.00000,USD
2dd3a499-b7b4-4178-a230-8422addbba6d,2025-12-01 23:15:01,"lava Mieteteira Bicicleteira
156ms - way",CustomItem,Items,1,Canceled,,,8.50000,USD,Unrated,,Buyer_Does_Not_Need_It_Anymore,,8.50000,USD
7eb46031-f9e8-4b9f-88a0-72c94a875a8d,2025-12-01 23:13:33,"Los Mobilis
110ms - s7",CustomItem,Items,1,Completed,,,5.50000,USD,Positive,"rapide est vrai ",,,5.50000,USD
03c37245-410e-4f4b-8c77-abf408719b58,2025-12-01 23:06:02,"Mieteteira Bicicleteira
195ms - s7",CustomItem,Items,1,Completed,,,8.50000,USD,Positive,Great seller,,,8.50000,USD
78de672d-2caa-4f9c-8ca6-41afa579fadc,2025-12-01 22:51:50,Los Combinasionas Candy 2 Trait🟥⬜🌮 150m/s | J - j,CustomItem,Items,1,Completed,,,7.50000,USD,Positive,Good communication,,,7.50000,USD
b69a0f3f-0554-4b87-807c-0196e6263dc5,2025-12-01 16:36:36,"Los 67
225ms - way",CustomItem,Items,1,Completed,,,11.00000,USD,Positive,Helpful and responsive,,,11.00000,USD
507e7421-3011-4e40-a63e-35bacda30447,2025-12-01 16:33:36,Los Spooky Combinasionas Candy 150m/s | y,CustomItem,Items,1,Completed,,,9.00000,USD,Positive,"Τελιο ",,,9.00000,USD
a63345c4-74d6-4bef-8c4d-e893fbc25384,2025-12-01 16:33:31,Eviledon 283.5m/s | y,CustomItem,Items,1,Completed,,,22.00000,USD,Positive,GOAT,,,22.00000,USD
98a9bb09-0b1b-4791-a1fb-362323b88c1a,2025-12-01 16:15:02,"Los Combinasionas
180ms - s7",CustomItem,Items,1,Completed,,,9.00000,USD,Positive,"Excellent seller ",,,9.00000,USD
01168680-1734-44a8-b6b7-c8fe019210dd,2025-12-01 15:52:36,Los Combinasionas Radioactive 157.5m/s | J - j,CustomItem,Items,1,Completed,,,7.00000,USD,Positive,Good communication,,,7.00000,USD
7d00a6f3-9411-44db-b21d-440bccc5e2a7,2025-12-01 15:51:28,"Esok Sekolah
330ms - way",CustomItem,Items,1,Completed,,,16.00000,USD,Positive,Helpful and responsive,,,16.00000,USD
ddc2655b-7a1c-47a2-bb47-ef3a1e478c63,2025-12-01 15:40:25,"Los Combinasionas
105ms - way",CustomItem,Items,1,Completed,,,5.00000,USD,Positive,GGWP!,,,5.00000,USD
7583cac6-9a90-4dc3-9925-c8172d93f25e,2025-12-01 15:17:11,Los Spooky Combinasionas 130m/s | y,CustomItem,Items,1,Completed,,,8.00000,USD,Positive,Good price,,,8.00000,USD
9f307fc0-2eb3-4ca1-88b7-038149435d3f,2025-12-01 15:03:17,Money Money Puggy 21ms - way,CustomItem,Items,1,Completed,,,8.00000,USD,Positive,das,,,8.00000,USD
3a474cbf-1c7f-4d6b-95ea-57c8b6e9a892,2025-12-01 14:38:57,Los 67 Yin Yang 168.7m/s | J - e,CustomItem,Items,1,Completed,,,11.00000,USD,Positive,GGWP,,,11.00000,USD
8e1e1e6c-e689-4398-a141-3fca6abfc4ec,2025-12-01 14:30:41,Radioactive Spaghetti Tualetti 510ms - s7,CustomItem,Items,1,Completed,,,25.00000,USD,Positive,Good communication,,,25.00000,USD
4d3e325c-29ec-444f-92fa-b3d4ab3989cf,2025-12-01 14:19:59,Los Mobilis Yin Yang 165m/s | y,CustomItem,Items,1,Completed,,,8.00000,USD,Positive,really good,,,8.00000,USD
7ead1074-b35f-4e92-a501-e7f3c23c8f56,2025-12-01 14:02:13,2 BRAINROT 1M/S,CustomItem,Items,1,Completed,,,1.50000,USD,Positive,Extra mile,,,1.50000,USD
69e50bd5-df43-4a41-b990-ab372ef8c63a,2025-12-01 13:49:12,"Los Combinasionas
120ms - way",CustomItem,Items,1,Completed,,,6.00000,USD,Positive,fast will buy again,,,6.00000,USD
3f5dff97-7e40-4748-b12c-c983814786db,2025-12-01 13:21:25,2 BRAINROT 1M/S,CustomItem,Items,1,Completed,,,1.50000,USD,Positive,Good communication,,,1.50000,USD
663370f4-08c0-431a-9f55-f0697ae77270,2025-12-01 13:19:08,"Gold Los 67
253.1ms - way",CustomItem,Items,1,Completed,,,13.00000,USD,Positive,Good communication,,,13.00000,USD
3d653c6e-4a09-4f42-bc6d-ab67db336a89,2025-12-01 13:05:19,Los Combinasionas 150ms - s7,CustomItem,Items,1,Completed,,,7.00000,USD,Positive,GOAT,,,7.00000,USD
0bcc72c3-9f9e-49b2-839c-b1bf01151654,2025-12-01 12:58:26,2 BRAINROT 1M/S,CustomItem,Items,1,Completed,,,1.50000,USD,Positive,As described,,,1.50000,USD
707ecf65-d6aa-4e97-b303-ebe9edcc23ad,2025-12-01 11:34:57,Los 67 Galaxy 1 Trait 🦀 247.5m/s | J - s9,CustomItem,Items,1,Completed,,,12.00000,USD,Positive,GOAT,,,12.00000,USD
163acdd8-b9eb-4007-b1d8-5bd0ec353fe0,2025-12-01 11:06:00,Esok Sekolah 150m/s | y,CustomItem,Items,1,Completed,,,7.50000,USD,Positive,Fast and cheap,,,7.50000,USD
fc522c43-7804-474f-bd67-d8b425621e13,2025-12-01 10:57:29,Money Money Puggy 21ms - way,CustomItem,Items,1,Completed,,,8.00000,USD,Positive,Helpful and responsive,,,8.00000,USD
9d27da4e-09fe-4cd0-94f1-ecae48523a06,2025-12-01 10:53:21,Candy Los 67 292.5ms - way,CustomItem,Items,1,Completed,,,15.00000,USD,Positive,GGWP,,,15.00000,USD
abd48965-6597-434f-82d0-1df133b55e24,2025-12-01 10:53:09,Los Mobilis 220m/s | y,CustomItem,Items,1,Completed,,,11.00000,USD,Positive,Helpful and responsive,,,11.00000,USD
185b31ca-3c49-4c87-bd8d-2307501d0c16,2025-12-01 10:30:34,"Rainbow
Mieteteira Bicicleteira
260ms - s7",CustomItem,Items,1,Completed,,,15.00000,USD,Positive,"Fast delivery ",,,15.00000,USD
cb83c613-ee3a-4a1d-9074-a76105a11a39,2025-12-01 10:22:46,2 BRAINROT 1M/S,CustomItem,Items,2,Completed,,,1.50000,USD,Positive,As described,,,3.00000,USD
eedb34f5-83c2-4a38-a08d-70f0598e8879,2025-12-01 10:12:13,Money Money Puggy 252m/s | y,CustomItem,Items,1,Completed,,,24.00000,USD,Positive,"Good
",,,24.00000,USD
516017b6-91bb-40d5-8f8d-1f45fc82c5f6,2025-12-01 10:06:18,Los 67 1 Trait⚰️ 101.2m/s | J - e,CustomItem,Items,1,Completed,,,5.50000,USD,Positive,Good price,,,5.50000,USD
7993ea44-1c4b-4eb3-bee4-3273412f4d42,2025-12-01 09:55:39,"Gold Los 67
253.1ms - way",CustomItem,Items,1,Completed,,,13.00000,USD,Positive,GGWP!,,,13.00000,USD
13032007-619c-4110-9df8-b9b5e569a051,2025-12-01 09:15:34,"Diamond Los Mobilis
143ms - s7",CustomItem,Items,1,Completed,,,7.00000,USD,Positive,Helpful and responsive,,,7.00000,USD
0ff65e38-8121-4b94-acf8-dffdd9bd3096,2025-12-01 08:25:14,Esok Sekolah 300ms - way,CustomItem,Items,1,Completed,,,15.00000,USD,Positive,It was the best,,,15.00000,USD
194bc19d-0074-4c06-bb6f-de0f3d4e43c4,2025-12-01 08:18:49,Lava Los Spooky Combinasionas 200ms - way,CustomItem,Items,1,Completed,,,12.00000,USD,Positive,GGWP!,,,12.00000,USD
9ce47b7f-be51-4f24-bd40-66591333a712,2025-12-01 08:12:35,RAINBOW LEMOWZIO 1M/S,CustomItem,Items,1,Canceled,,,4.00000,USD,Unrated,,Out_Of_Stock,,4.00000,USD
a4175611-26b4-47a9-8f52-129aceb71456,2025-12-01 06:39:39,Los 67 157.5ms - s7,CustomItem,Items,1,Completed,,,8.00000,USD,Positive,GOAT,,,8.00000,USD
866ffd4a-e966-4c7b-8e67-8ebc92f06f5d,2025-12-01 06:10:56,Gold Los Combinasionas 97.5m/s 1 trait - way,CustomItem,Items,1,Completed,Other,"
He didn’t respond",6.00000,USD,Positive,Good price,,,6.00000,USD
b020566a-91a6-4e38-b4ca-215b20f1c4f1,2025-12-01 03:35:07,La Taco Combinasion Gold 3 Trait 428.7m/s | J - e,CustomItem,Items,1,Completed,,,37.00000,USD,Positive,GGWP,,,37.00000,USD
25ae7abf-9eec-46e9-93db-c18d5dfbfb22,2025-12-01 03:25:56,Gobblino Uniciclino 27.5m/s | J - s9,CustomItem,Items,1,Completed,,,10.00000,USD,Positive,GGWP!,,,10.00000,USD
8f1c2b08-7fc0-46be-b942-572758149db5,2025-12-01 03:21:54,"Mieteteira Bicicleteira
156m/s - way",CustomItem,Items,1,Completed,,,7.50000,USD,Positive,Good communication,,,7.50000,USD
e60bdd98-e70b-4d43-ab3a-430a1d8ddd42,2025-12-01 03:17:28,"Eviledon
283.5m/s - way",CustomItem,Items,1,Completed,,,20.00000,USD,Positive,super quick and gives you what you paid for,,,20.00000,USD
8118576d-5b13-49ea-ab56-1a3da1d216b1,2025-12-01 03:06:27,"Diamond Los Combinasionas
202.5ms - s7",CustomItem,Items,1,Completed,,,11.00000,USD,Positive,really fast at delivery 10/10,,,11.00000,USD
e8ffbfa1-02b8-417c-ba87-828ff95f6904,2025-12-01 02:58:55,Gobblino Uniciclino 27.5m/s | J - s9,CustomItem,Items,1,Completed,,,10.00000,USD,Positive,GOAT,,,10.00000,USD
9bfd594d-59b4-4404-b873-91f572a613ff,2025-12-01 02:35:32,"Rainbow
La Grande Combinasion
180ms - s7",CustomItem,Items,1,Completed,,,10.00000,USD,Positive,Helpful and responsive,,,10.00000,USD
5129b190-606f-4cc3-ab78-d020ea10bc74,2025-12-01 01:59:51,Los 67 135m/s | y,CustomItem,Items,1,Completed,,,8.00000,USD,Positive,As described,,,8.00000,USD
c171d734-f479-4b62-8751-baecbf47187f,2025-12-01 01:59:37,"Gold Money Money Puggy
194.2ms - s7",CustomItem,Items,1,Completed,,,15.00000,USD,Positive,Good price,,,15.00000,USD
3cafaf98-ec3b-41ac-b0f6-8e9aa8865e78,2025-12-01 01:32:52,Esok Sekolah 240m/s | y,CustomItem,Items,1,Completed,,,12.00000,USD,Positive,"He the goat he tha besh ",,,12.00000,USD
b7b7fe0b-ea36-4181-b419-5b01760d1957,2025-12-01 01:31:26,"Los Mobilis
132ms - s7",CustomItem,Items,1,Completed,,,6.00000,USD,Positive,GGWP!,,,6.00000,USD
65484b48-6d94-4bdf-9898-0831cd4ce219,2025-12-01 01:13:21,Gobblino Uniciclino 27.5m/s | J - s9,CustomItem,Items,1,Completed,Seller_Delivered_But_Order_Not_Received,i didnt get item after i joined he took picture tookl it and blocked me,10.00000,USD,Positive,Helpful and responsive,,,10.00000,USD
6c8eb325-7a6b-4a29-bfc1-60e30c552fa5,2025-12-01 01:09:52,Los 67 Rainbow 225m/s | y,CustomItem,Items,1,Completed,,,13.00000,USD,Positive,Fast delivery,,,13.00000,USD
a201421d-703d-43e0-a2d7-ebf68ceed2d3,2025-12-01 01:02:51,Los Combinasionas Candy 2 Trait🟥⬜🌮 150m/s | J - j,CustomItem,Items,1,Completed,,,7.50000,USD,Positive,good service fast,,,7.50000,USD
533ea8bc-2a3e-439c-9bb1-326ce5a04dac,2025-12-01 01:02:05,La Spooky Grande 196m/s | y,CustomItem,Items,1,Completed,,,13.00000,USD,Positive,Extra mile,,,13.00000,USD
764fb3e1-7308-4add-9327-9fe17567358c,2025-12-01 00:44:11,Eviledon Yin Yang 236m/s | y,CustomItem,Items,1,Completed,,,18.00000,USD,Positive,GGWP!,,,18.00000,USD
8bf7c956-c0c9-41f2-bf92-e46d180def88,2025-12-01 00:32:38,"1 DIAMOND KING LIMONE, LEMON",CustomItem,Items,1,Completed,,,3.00000,USD,Positive,Extra mile,,,3.00000,USD
647d38cc-c20b-4448-9d93-903de048d35d,2025-12-01 00:12:53,"NEON SHROOMBINO, SHROOM,",CustomItem,Items,1,Completed,,,3.00000,USD,Positive,Good communication,,,3.00000,USD
