Order Id,Order Date,Title,Offer Type,Description,Purchase Quantity,Order State,Dispute Reason,Dispute Message,Price Per Unit Amount,Price Per Unit Currency,Feedback Rating,Review Message,Cancelation Reason,Cancelation Message,Total Order Amount,Total Price Currency
36743e1b-2792-448f-a0ed-d47f11f736f7,2026-02-28 17:56:29,Los Puggies - z,CustomItem,Items,1,Completed,,,12.00000,USD,Positive,Fast delivery,,,12.00000,USD
4475bba8-e225-496f-a5a2-8947646b0688,2026-02-28 17:11:32,Chipso and Queso w,CustomItem,Items,1,Completed,,,10.00000,USD,Positive,Helpful and responsive,,,10.00000,USD
44d73504-f2fb-4adc-a99d-5e85ff546d47,2026-02-28 17:04:01,Bacuru and Egguru w,CustomItem,Items,1,Completed,,,8.00000,USD,Positive,As described,,,8.00000,USD
d236c332-2761-4f51-ad12-f0299387a754,2026-02-28 17:01:49,Money Money Puggy s20,CustomItem,Items,1,Completed,,,15.00000,USD,Positive,GOAT,,,15.00000,USD
75f830c8-a65a-4e2c-a89f-abbb1c8307fa,2026-02-28 16:47:09,My Heart - s10,CustomItem,Items,1,Completed,,,4.00000,USD,Positive,GGWP,,,4.00000,USD
c99e95c5-9ee3-45f0-980f-321701031b7b,2026-02-28 16:23:23,Ketchuru and Musturu s7,CustomItem,Items,1,Completed,,,10.00000,USD,Positive,Extra mile,,,10.00000,USD
253f6c41-76e7-4f41-9914-5e926ba6a4b7,2026-02-28 16:18:28,Los Puggies - z,CustomItem,Items,1,Completed,,,10.00000,USD,Positive,Good price,,,10.00000,USD
37792474-acd8-4106-b312-be44cedd5b43,2026-02-28 16:17:11,Eviledon w,CustomItem,Items,1,Completed,,,10.00000,USD,Positive,GOAT,,,10.00000,USD
3ae1935a-dc12-4d32-9753-e4d3351eb56d,2026-02-28 15:48:19,Ketupat Kepat y,CustomItem,Items,1,Completed,,,10.00000,USD,Positive,Good price,,,10.00000,USD
86e3a7b7-9a4e-49df-b4c8-3e71fb53ff16,2026-02-28 15:09:34,Tictac Sahur w,CustomItem,Items,1,Completed,,,15.00000,USD,Positive,GGWP,,,15.00000,USD
83abebdf-5cf9-402f-a244-d9a55d76941f,2026-02-28 13:42:03,Tang Tang Keletang w,CustomItem,Items,1,Completed,,,10.00000,USD,Positive,GOAT,,,10.00000,USD
2c9321f4-62be-48e4-84c9-2980bd4e9d53,2026-02-28 13:04:27,Garama and Madundung w,CustomItem,Items,1,Completed,,,20.00000,USD,Positive,Helpful and responsive,,,20.00000,USD
84c7b68a-bc64-4b9d-adf6-9c99d8223c88,2026-02-28 12:49:34,Nuclearo Dinossauro s,CustomItem,Items,1,Completed,,,5.00000,USD,Positive,,,,5.00000,USD
0e8ae39d-623c-4308-a948-04b8827f49c5,2026-02-28 12:09:15,Ketchuru and Musturu s7,CustomItem,Items,1,Completed,,,15.00000,USD,Positive,GGWP,,,15.00000,USD
72c6112f-7c03-4f86-bd43-e4c68d19ff4e,2026-02-28 11:51:47,Spaghetti Tualetti -v,CustomItem,Items,1,Completed,,,4.50000,USD,Positive,Good communication,,,4.50000,USD
1ffe36c8-ce04-4164-9d7d-f803b952cca4,2026-02-28 11:26:20,Spaghetti Tualetti -v,CustomItem,Items,1,Completed,,,4.50000,USD,Positive,"Please for you 
",,,4.50000,USD
00f3d102-ca24-4151-82af-abda403af537,2026-02-28 10:42:30,Spaghetti Tualetti -v,CustomItem,Items,1,Completed,,,4.50000,USD,Positive,GOAT,,,4.50000,USD
47047457-4478-4e07-b21e-13a5119be12b,2026-02-28 10:34:56,Los Puggies y,CustomItem,Items,1,Completed,,,12.00000,USD,Positive,,,,12.00000,USD
7580454e-c974-4f8e-8d8f-bc735d0b7897,2026-02-28 10:33:36,Ketchuru and Musturu s7,CustomItem,Items,1,Completed,,,15.00000,USD,Positive,Extra mile,,,15.00000,USD
8bca430c-3fd2-488c-a34f-fc79fcaac5b2,2026-02-28 09:18:18,Eviledon w,CustomItem,Items,1,Completed,,,15.00000,USD,Positive,Good communication,,,15.00000,USD
59856a3d-d425-4c4c-b825-bd100fbe22c8,2026-02-28 06:42:50,Garama and Madundung w,CustomItem,Items,1,Completed,,,25.00000,USD,Positive,Fast delivery,,,25.00000,USD
00210b73-b9a6-43dd-9c4f-d016691ed2e2,2026-02-28 04:52:18,Spaghetti Tualetti + Esok Sekolah - s16,CustomItem,Items,1,Completed,,,5.00000,USD,Positive,Yay,,,5.00000,USD
f0cbaf6d-843a-4222-a366-54fca62ea111,2026-02-28 04:36:10,Swaggy Bros s7,CustomItem,Items,1,Completed,,,10.00000,USD,Positive,Extra mile,,,10.00000,USD
85793ac6-84b8-4305-a642-5dcd706a6c00,2026-02-28 02:50:11,Tictac Sahur - l,CustomItem,Items,1,Completed,,,15.00000,USD,Positive,Good communication,,,15.00000,USD
fa0630f9-e499-44e2-b53d-0973e3f7b520,2026-02-28 02:16:10,Ketchuru and Musturu s7,CustomItem,Items,1,Completed,,,20.00000,USD,Positive,Good communication,,,20.00000,USD
00eb1cc0-0399-48d4-9b35-61b9ff9b0824,2026-02-27 20:44:48,"Rebirth 12, Floor 3, Clean Account, only have ID PASSWORD, Please Read Desc
Auto Delivery",Account,Accounts,1,Completed,,,3.00000,USD,Positive,Good communication,,,3.00000,USD
69b5d38f-5949-4005-874d-b4295caface5,2026-02-27 16:19:08,Bacuru and Egguru 432m r,CustomItem,Items,1,Completed,,,12.00000,USD,Positive,Good price,,,12.00000,USD
4da08931-8120-4fdf-b36f-5f4baa673c2c,2026-02-27 16:10:10,Ketchuru and Musturu s7,CustomItem,Items,1,Completed,,,15.00000,USD,Positive,Fast delivery,,,15.00000,USD
805c4dc6-7149-4f17-a657-9886a26e3dd9,2026-02-27 15:56:00,Tictac Sahur - l,CustomItem,Items,1,Completed,,,11.00000,USD,Positive,As described,,,11.00000,USD
d5d1a84e-18d1-4d98-85de-1634135929d3,2026-02-27 15:39:52,W or L 375m - w,CustomItem,Items,1,Completed,,,15.00000,USD,Positive,Good price,,,15.00000,USD
bf43b3e5-696a-4b1e-8be1-c606ea625246,2026-02-27 14:02:02,W or L 555m r,CustomItem,Items,1,Completed,,,20.00000,USD,Positive,Fast delivery,,,20.00000,USD
1556ad28-9c4b-4b7c-bc10-e8252c7971a6,2026-02-27 13:17:22,Nuclearo Dinossauro s,CustomItem,Items,1,Completed,,,5.00000,USD,Positive,,,,5.00000,USD
90834920-27cc-43bc-bdaa-b4a9fea00170,2026-02-27 08:08:51,Spaghetti Tualetti + Esok Sekolah - s16,CustomItem,Items,1,Completed,,,5.00000,USD,Positive,Helpful and responsive,,,5.00000,USD
e737189a-626b-403a-b9b7-76c2d4fb619d,2026-02-27 07:14:58,Los Spaghettis 455m -o,CustomItem,Items,1,Completed,,,20.00000,USD,Positive,GGWP,,,20.00000,USD
b6f27cc3-3a86-4ef1-b248-d188eda8961b,2026-02-27 07:02:30,Nuclearo Dinossauro s,CustomItem,Items,1,Completed,,,5.00000,USD,Positive,Good communication,,,5.00000,USD
20933152-9e19-4a49-bd69-41b9de00c579,2026-02-27 05:09:29,Bacuru and Egguru r,CustomItem,Items,1,Completed,,,7.00000,USD,Positive,GGWP,,,7.00000,USD
dff9b11c-e1c1-47fc-9088-6f10e659d302,2026-02-27 05:07:06,Ketupat Kepat s7,CustomItem,Items,1,Completed,,,10.00000,USD,Positive,Extra mile,,,10.00000,USD
1b51055f-ae07-4960-b59c-22c7fb5690ba,2026-02-27 04:18:49,Esok Sekolah,CustomItem,Items,1,Completed,,,2.50000,USD,Positive,,,,2.50000,USD
bb4ccfdf-f2d1-4969-a4fe-0dd0713e6697,2026-02-27 03:36:43,Spaghetti Tualetti -v,CustomItem,Items,1,Completed,,,4.50000,USD,Positive,Fast delivery,,,4.50000,USD
9ebde9ff-522d-4cb9-985f-ae29fcc40c98,2026-02-27 02:35:37,Lavadorito Spinito w,CustomItem,Items,1,Completed,,,10.00000,USD,Positive,,,,10.00000,USD
d0a92a22-9bdf-4f2a-ae22-6542ae6f6952,2026-02-27 02:09:01,W or L s7,CustomItem,Items,1,Completed,,,10.00000,USD,Positive,,,,10.00000,USD
6c77f691-5fe2-4f1b-9603-3ef57c9f187c,2026-02-26 16:40:21,Spaghetti Tualetti -v,CustomItem,Items,1,Completed,,,4.50000,USD,Positive,GOAT,,,4.50000,USD
9df7aae2-166a-427e-9591-8d58fce7d3a5,2026-02-26 16:35:13,Spaghetti Tualetti -v,CustomItem,Items,1,Canceled,,,4.50000,USD,Unrated,,Buyer_Did_Not_Respond,,4.50000,USD
b858defb-b0af-4392-bb7b-213390ce55e0,2026-02-26 15:10:31,Spaghetti Tualetti -v,CustomItem,Items,1,Completed,,,4.50000,USD,Positive,GGWP,,,4.50000,USD
56fd78dc-60bb-4aa6-bd11-7ef6a919c08d,2026-02-26 15:09:28,Spaghetti Tualetti -v,CustomItem,Items,1,Completed,,,4.50000,USD,Positive,As described,,,4.50000,USD
36a77376-0743-4d6a-a938-bd31ac1a05cd,2026-02-26 14:44:15,W or L s7,CustomItem,Items,1,Completed,Cannot_Claim_Purchase_Due_To_InGame_Issues,,10.00000,USD,Positive,Helpful and responsive,,,10.00000,USD
8dca1f2d-7d88-44db-a134-6548a09328de,2026-02-26 14:42:18,Spaghetti Tualetti -v,CustomItem,Items,1,Completed,,,4.50000,USD,Positive,Helpful and responsive,,,4.50000,USD
05409f9f-76cc-48be-b330-12f417bdeb56,2026-02-26 14:12:44,Popcuru and Fizzuru w,CustomItem,Items,1,Completed,,,30.00000,USD,Positive,,,,30.00000,USD
5cfb56f2-1c68-4cba-962f-93d6f0b24036,2026-02-26 14:10:44,Esok Sekolah,CustomItem,Items,1,Completed,,,2.50000,USD,Positive,Good communication,,,2.50000,USD
fb36d331-e14a-4edf-ac07-ff0ce5f31f3a,2026-02-26 13:18:43,Esok Sekolah,CustomItem,Items,1,Completed,,,2.50000,USD,Positive,GGWP,,,2.50000,USD
2568aa24-e79e-44f6-ac5b-1f71a2c6345c,2026-02-26 12:49:50,Spaghetti Tualetti -v,CustomItem,Items,1,Completed,,,4.50000,USD,Positive,Helpful and responsive,,,4.50000,USD
46f391db-2b3a-4470-a3ca-403cacfe8755,2026-02-26 12:04:48,Spaghetti Tualetti -v,CustomItem,Items,1,Completed,,,4.50000,USD,Positive,As described,,,4.50000,USD
d29e2684-d1d3-4d65-86cd-edb905d7fbdd,2026-02-26 11:46:12,Tictac Sahur w,CustomItem,Items,1,Completed,,,10.00000,USD,Positive,GOAT,,,10.00000,USD
37533b3f-ff92-447f-aaf9-a688c641d267,2026-02-26 09:33:34,La Taco Combinasion w,CustomItem,Items,1,Canceled,,,15.00000,USD,Unrated,,Mutual_Agreement,,15.00000,USD
80d84fe5-1d6a-4561-b4f2-aaf2dba2ae9c,2026-02-26 05:59:36,Bacuru and Egguru r,CustomItem,Items,1,Completed,,,10.00000,USD,Positive,Extra mile,,,10.00000,USD
e18a50b8-9eb3-4bde-9f98-9ded41db550a,2026-02-26 04:38:13,Tang Tang Keletang w,CustomItem,Items,1,Completed,,,10.00000,USD,Positive,As described,,,10.00000,USD
be34f46c-100c-4efe-b9f6-b63e1aa59a4f,2026-02-26 04:11:28,Money Money Puggy w,CustomItem,Items,1,Completed,,,10.00000,USD,Positive,Good communication,,,10.00000,USD
803fb7f0-ec38-4552-a451-0857d12b564d,2026-02-26 02:07:55,Chipso and Queso s7,CustomItem,Items,1,Completed,,,20.00000,USD,Positive,Ty sir,,,20.00000,USD
4fad2c4a-beda-4926-8c29-6d7dcc541f1d,2026-02-26 01:57:50,Tictac Sahur 225m/s - e,CustomItem,Items,1,Completed,,,10.00000,USD,Positive,GOAT,,,10.00000,USD
79f61a96-dccf-4657-8199-32765c9a8b11,2026-02-26 01:47:23,Mieteteira Bicicleteira w,CustomItem,Items,1,Completed,,,10.00000,USD,Positive,As described,,,10.00000,USD
aa388d14-8137-41b6-abbf-1d44fa3e8b97,2026-02-25 21:57:28,My Heart - s10,CustomItem,Items,1,Completed,,,4.00000,USD,Positive,Helpful and responsive,,,4.00000,USD
3a65ff2c-224a-4231-8e38-74a431e00ece,2026-02-25 17:32:48,Eviledon 149.6m | s7,CustomItem,Items,1,Completed,,,10.00000,USD,Positive,GOAT,,,10.00000,USD
dc73fd86-ae4a-4f1d-917e-da13aabb227b,2026-02-25 17:16:48,My Heart - s10,CustomItem,Items,1,Completed,,,4.00000,USD,Positive,GOAT,,,4.00000,USD
a1d78d44-f8e2-4e40-ac79-391dbc47516b,2026-02-25 16:45:18,Nuclearo Dinossauro 127.5m s,CustomItem,Items,1,Completed,,,8.00000,USD,Positive,Helpful and responsive,,,8.00000,USD
e1ede1ed-5321-4a63-9afc-a5c44fc4daf4,2026-02-25 15:22:42,Tictac Sahur s7,CustomItem,Items,1,Completed,,,15.00000,USD,Positive,Helpful and responsive,,,15.00000,USD
5cbab97f-a784-463c-a1c2-64b8fe90289c,2026-02-25 14:21:59,Tuff Toucan s7,CustomItem,Items,1,Completed,,,10.00000,USD,Positive,GGWP,,,10.00000,USD
b0fe501a-46c0-4fe3-8eed-5507c268625b,2026-02-25 14:21:07,Spaghetti Tualetti -v,CustomItem,Items,1,Completed,,,4.50000,USD,Positive,As described,,,4.50000,USD
a5355773-239c-4251-becb-b7530aff7aa5,2026-02-25 10:34:12,Spaghetti Tualetti -v,CustomItem,Items,1,Completed,,,4.50000,USD,Positive,GOAT,,,4.50000,USD
538e259c-6017-4df4-b17c-d816ca1f6056,2026-02-25 08:15:49,"Rebirth 12, Floor 3, Clean Account, only have ID PASSWORD, Please Read Desc
Auto Delivery",Account,Accounts,1,Completed,,,3.00000,USD,Positive,GOAT,,,3.00000,USD
7d735d9e-5c0f-4b11-a651-0c053b8e49f6,2026-02-25 04:03:56,La Secret Combinasion w,CustomItem,Items,1,Completed,,,15.00000,USD,Positive,He/she was very kind and this was my first time,,,15.00000,USD
e7e099c7-3f64-46ef-b4f4-22ab1f862d90,2026-02-25 03:51:25,La Secret Combinasion w,CustomItem,Items,1,Completed,,,20.00000,USD,Positive,Extra mile,,,20.00000,USD
9f71ef1f-ef37-4623-af33-4efcd3679d86,2026-02-25 03:48:31,Nuclearo Dinossauro y,CustomItem,Items,1,Completed,,,10.00000,USD,Positive,As described,,,10.00000,USD
2b3159b6-1c31-48df-91c8-185f2a0b0b69,2026-02-25 02:31:02,Spaghetti Tualetti -v,CustomItem,Items,1,Completed,,,4.50000,USD,Positive,Good price,,,4.50000,USD
6e95d1ef-562c-4c11-ad52-b7e36c4a3ca8,2026-02-25 02:24:56,La Ginger Sekolah 468.7m | s12,CustomItem,Items,1,Completed,,,10.00000,USD,Positive,Really nice and helpful,,,10.00000,USD
bcfaecb1-5bc4-4304-ac76-88b465223301,2026-02-25 01:51:48,La Ginger Sekolah w,CustomItem,Items,1,Completed,,,10.00000,USD,Positive,Extra mile,,,10.00000,USD
48e3d5de-61c4-43c8-b06a-657b2b8ce08c,2026-02-25 01:39:53,La Ginger Sekolah 468.7m | s12,CustomItem,Items,1,Canceled,Item_Not_Delivered_Within_Delivery_Time,,10.00000,USD,Unrated,,Not_Delivered_Within_Guaranteed_Delivery_Time,,10.00000,USD
d3263615-6ba0-465e-a18e-be2adcfaea5a,2026-02-25 01:34:00,Nuclearo Dinossauro y,CustomItem,Items,1,Canceled,,,10.00000,USD,Unrated,,Buyer_Did_Not_Respond,,10.00000,USD
81ea30bb-63da-4681-ad0b-b2c7ea8e8e04,2026-02-25 01:33:27,Tictac Sahur s7,CustomItem,Items,1,Canceled,Item_Not_Delivered_Within_Delivery_Time,,15.00000,USD,Unrated,,Not_Delivered_Within_Guaranteed_Delivery_Time,,15.00000,USD
6fa67617-3ed5-45b5-8c10-44782b1e1653,2026-02-25 01:33:08,Spaghetti Tualetti -v,CustomItem,Items,1,Canceled,Item_Not_Delivered_Within_Delivery_Time,"
The time right now and I want my order and they didn’t get it to me and now time is ran out so I don’t know if I’m gonna get my money back",4.50000,USD,Unrated,,Not_Delivered_Within_Guaranteed_Delivery_Time,,4.50000,USD
0c0d2063-db72-4fdf-81f1-e5676195d8ae,2026-02-25 01:15:32,Los Spaghettis 455m -o,CustomItem,Items,1,Canceled,Item_Not_Delivered_Within_Delivery_Time,,20.00000,USD,Unrated,,Not_Delivered_Within_Guaranteed_Delivery_Time,,20.00000,USD
eefbbf2b-614a-4e31-933a-ab84caf71806,2026-02-25 00:40:42,Ketupat Kepat 4 trait s7,CustomItem,Items,1,Canceled,Item_Not_Delivered_Within_Delivery_Time,,20.00000,USD,Unrated,,Not_Delivered_Within_Guaranteed_Delivery_Time,,20.00000,USD
2e8f302a-abdd-4d56-88c7-16d240ba84ae,2026-02-25 00:23:34,Nuclearo Dinossauro 262.5m y,CustomItem,Items,1,Canceled,Item_Not_Delivered_Within_Delivery_Time,,12.00000,USD,Unrated,,Not_Delivered_Within_Guaranteed_Delivery_Time,,12.00000,USD
f61f3046-4fa5-445c-a592-51dcb0574336,2026-02-25 00:15:16,Eviledon 149.6m | s7,CustomItem,Items,1,Canceled,,,10.00000,USD,Unrated,,Buyer_Did_Not_Respond,,10.00000,USD
043a5e01-2975-4a3e-b025-af5446ac142b,2026-02-24 21:32:39,Tictac Sahur s7,CustomItem,Items,1,Completed,,,15.00000,USD,Positive,GOAT,,,15.00000,USD
ccaa42c3-2305-45f7-baa5-30cf76fe796c,2026-02-24 18:08:21,La Secret Combinasion s20,CustomItem,Items,1,Completed,,,15.00000,USD,Positive,Fast delivery,,,15.00000,USD
b767436d-5768-4b25-83d3-dc5354af6e17,2026-02-24 17:25:31,Bacuru and Egguru v,CustomItem,Items,1,Completed,,,8.00000,USD,Positive,Good communication,,,8.00000,USD
a11810e8-94ae-4730-98dd-ec2e29a5deec,2026-02-24 17:24:44,"Rebirth 12, Floor 3, Clean Account, only have ID PASSWORD, Please Read Desc
Auto Delivery",Account,Accounts,1,Completed,,,3.00000,USD,Positive,Good communication,,,3.00000,USD
5cad62e2-9ecc-4f52-b6c2-aadae51e91ec,2026-02-24 17:20:45,Eviledon w,CustomItem,Items,1,Completed,,,10.00000,USD,Positive,GGWP,,,10.00000,USD
9964b3c9-648d-43b9-a54c-2fc732396f91,2026-02-24 17:16:29,Bacuru and Egguru v,CustomItem,Items,1,Completed,,,8.00000,USD,Positive,As described,,,8.00000,USD
bfdf1712-460b-48a0-b28d-932d9d8eb524,2026-02-24 17:06:03,Spaghetti Tualetti -v,CustomItem,Items,1,Completed,,,4.50000,USD,Positive,Helpful and responsive,,,4.50000,USD
bcece337-055d-41a4-85fb-0a5b8c05defa,2026-02-24 17:05:59,Tang Tang Keletang s7,CustomItem,Items,1,Canceled,,,10.00000,USD,Unrated,,Mutual_Agreement,,10.00000,USD
87012538-196c-4a03-95a7-07f7978098f9,2026-02-24 16:57:53,La Secret Combinasion s20,CustomItem,Items,1,Completed,,,15.00000,USD,Positive,Good communication,,,15.00000,USD
63fd61d0-0011-4927-98be-d5d8dc87bfd9,2026-02-24 16:03:06,Los Bros w,CustomItem,Items,1,Completed,,,10.00000,USD,Positive,Helpful and responsive,,,10.00000,USD
a8886c69-8a7f-4197-adcf-0bccdddde54e,2026-02-24 15:20:14,W or L y,CustomItem,Items,1,Completed,,,10.00000,USD,Positive,GOAT,,,10.00000,USD
209c6cc8-1c2f-4021-b7f0-8ac5353bcaca,2026-02-24 13:56:56,Tictac Sahur s7,CustomItem,Items,1,Completed,,,10.00000,USD,Positive,GOAT,,,10.00000,USD
fc48b6c7-ef93-41bb-a3cf-9d9524399cee,2026-02-24 13:47:02,Tang Tang Keletang s7,CustomItem,Items,1,Completed,,,10.00000,USD,Positive,,,,10.00000,USD
c1239c33-cc52-4ba4-bfb5-624b11d995c3,2026-02-24 12:49:10,Esok Sekolah,CustomItem,Items,1,Completed,,,2.50000,USD,Positive,Helpful and responsive,,,2.50000,USD
005daccf-534e-40bb-b727-6fb3fd9e907e,2026-02-24 12:05:40,La Secret Combinasion s7,CustomItem,Items,1,Completed,,,15.00000,USD,Positive,Good price,,,15.00000,USD
790aa222-e161-4085-b95f-5202b9a22992,2026-02-24 12:00:46,Money Money Puggy y,CustomItem,Items,1,Completed,,,10.00000,USD,Positive,Fast delivery,,,10.00000,USD
4b368d1a-e2f7-46fb-ab8c-ce26153257b2,2026-02-24 10:48:31,Eviledon w,CustomItem,Items,1,Completed,,,10.00000,USD,Positive,Good price,,,10.00000,USD
179ca2f5-fc1e-478e-b26e-bf6bd6bcf67d,2026-02-24 09:38:34,Garama and Madundung s7,CustomItem,Items,1,Completed,,,30.00000,USD,Positive,GOAT,,,30.00000,USD
d7c2fcc5-f814-409c-a05e-b82872d40cf0,2026-02-24 09:35:39,Nuclearo Dinossauro y,CustomItem,Items,1,Canceled,Other,Item not wanted,10.00000,USD,Unrated,,Buyer_Does_Not_Need_It_Anymore,,10.00000,USD
f7c709b3-4ef5-490f-b32d-1f9441e179b4,2026-02-24 09:30:55,Swaggy Bros s7,CustomItem,Items,1,Completed,,,10.00000,USD,Positive,Fast delivery,,,10.00000,USD
c92e9882-6dea-4a75-9a8a-f416dd039075,2026-02-24 08:32:04,La Ginger Sekolah w,CustomItem,Items,1,Canceled,,,10.00000,USD,Unrated,,Other,,10.00000,USD
408c9177-7841-4697-b682-e3b780d1e6da,2026-02-24 08:12:20,Tictac Sahur w,CustomItem,Items,1,Completed,,,10.00000,USD,Positive,Great 100%,,,10.00000,USD
b4d6847e-0909-43dd-8270-4825698a7d22,2026-02-24 07:30:55,La Secret Combinasion w,CustomItem,Items,1,Completed,,,20.00000,USD,Positive,GOAT,,,20.00000,USD
7c41f240-1a35-4aa5-8327-05b38c73c713,2026-02-24 05:35:54,Ketupat Kepat s7,CustomItem,Items,1,Completed,,,10.00000,USD,Positive,Good price,,,10.00000,USD
23c81125-861c-418c-9469-b7ad7d727aac,2026-02-24 04:14:33,Swaggy Bros w,CustomItem,Items,1,Completed,,,10.00000,USD,Positive,Extra mile,,,10.00000,USD
f797eab9-084a-4f32-b34d-8f665548353a,2026-02-24 03:30:37,Chipso and Queso w,CustomItem,Items,1,Completed,,,15.00000,USD,Positive,Good price,,,15.00000,USD
3f574b40-443f-4fa1-a2b2-e559536dbc28,2026-02-24 02:57:51,Strawberry Elephant Colossal lv 200,CustomItem,Items,1,Completed,,,2.00000,USD,Positive,,,,2.00000,USD
12e2ca18-cc53-44c4-9059-5aac7faa5e47,2026-02-24 02:35:58,Ketchuru and Musturu s7,CustomItem,Items,1,Completed,,,15.00000,USD,Positive,GOAT,,,15.00000,USD
8f8d034f-2f19-4e56-b32b-8946746140cb,2026-02-24 02:14:29,Puggies 180m - w,CustomItem,Items,1,Completed,,,10.00000,USD,Positive,Good price,,,10.00000,USD
6e802885-0604-4db7-bdde-70eff0e05299,2026-02-24 00:59:32,Orcaledon w,CustomItem,Items,1,Completed,,,15.00000,USD,Positive,Good communication,,,15.00000,USD
6207801c-b4c1-45ed-96b3-cbfd85665388,2026-02-24 00:14:08,Tictac Sahur 225m/s - b,CustomItem,Items,1,Completed,,,10.00000,USD,Positive,GGWP,,,10.00000,USD
e01fc6ec-18c5-47db-ba5b-01f3916655ec,2026-02-23 22:09:59,"Rebirth 12, Floor 3, Clean Account, only have ID PASSWORD, Please Read Desc
Auto Delivery",Account,Accounts,1,Completed,,,3.00000,USD,Positive,Extra mile,,,3.00000,USD
4d3bc4a7-4d8b-40c1-9005-bd922e283ae5,2026-02-23 17:26:21,Strawberry Elephant Colossal lv 200,CustomItem,Items,1,Completed,,,2.00000,USD,Positive,,,,2.00000,USD
7faf9a3f-6f6a-4273-aa84-fddb6ce09ba4,2026-02-23 17:00:26,Tictac Sahur w,CustomItem,Items,1,Completed,,,20.00000,USD,Positive,Fast delivery,,,20.00000,USD
08ccc425-6dee-42f5-9ba3-25a7f13563d3,2026-02-23 16:44:05,Garama and Madundung s7,CustomItem,Items,1,Completed,,,20.00000,USD,Positive,Good price,,,20.00000,USD
c32ca430-aec0-4368-9e6a-1ff0212113b2,2026-02-23 15:53:49,Money Money Puggy w,CustomItem,Items,1,Completed,,,15.00000,USD,Positive,GGWP,,,15.00000,USD
be38f9e9-fde9-49d2-85fd-f1b49cd97b0a,2026-02-23 15:49:01,La Ginger Sekolah 900m/s - b,CustomItem,Items,1,Completed,,,20.00000,USD,Positive,Au top !,,,20.00000,USD
1264e05d-2bba-436e-bd0e-35134992c9f8,2026-02-23 15:45:30,Tang Tang Keletang 335m y,CustomItem,Items,1,Completed,,,12.00000,USD,Positive,Good communication,,,12.00000,USD
2bb918ed-424a-4274-8d3c-a279d4d2d2aa,2026-02-23 15:27:49,Eviledon w,CustomItem,Items,1,Completed,,,10.00000,USD,Positive,,,,10.00000,USD
4dc649df-482c-4717-8b5f-13e3e7a3283e,2026-02-23 09:32:54,Spaghetti Tualetti + Esok Sekolah - s16,CustomItem,Items,2,Completed,,,5.00000,USD,Positive,Perfect,,,10.00000,USD
9ba580b8-0b18-4041-a04a-a2d21798a202,2026-02-23 08:35:17,Money Money Puggy w,CustomItem,Items,1,Completed,,,10.00000,USD,Positive,GOAT,,,10.00000,USD
8f5142a1-f308-406c-a40c-e5a46e819597,2026-02-23 06:46:33,Lavadorito Spinito w,CustomItem,Items,1,Completed,,,10.00000,USD,Positive,Extra mile,,,10.00000,USD
afedaccc-aeb1-41f0-aa3a-09fc046f3cf1,2026-02-23 04:10:46,Ketchuru and Musturu w,CustomItem,Items,1,Completed,,,10.00000,USD,Positive,Good price,,,10.00000,USD
43ad1ab7-93c0-4022-85f7-c11c911ffecd,2026-02-23 04:03:32,Los Bros 216m w,CustomItem,Items,1,Completed,,,10.00000,USD,Positive,Fast delivery,,,10.00000,USD
adfa318c-6603-48f8-913c-0a141f14e43a,2026-02-23 02:42:08,La Ginger Sekolah 450m/s - s25,CustomItem,Items,1,Completed,,,20.00000,USD,Positive,Good communication,,,20.00000,USD
b3abe52a-e792-4fc3-90ed-0bbecc35178a,2026-02-23 02:17:42,Strawberry Elephant Colossal lv 200,CustomItem,Items,1,Completed,,,2.00000,USD,Positive,Good price,,,2.00000,USD
c2c02c93-2147-4a0f-bc38-e9aff33cd79d,2026-02-23 00:38:36,Bacuru and Egguru v,CustomItem,Items,1,Completed,,,7.00000,USD,Positive,Fast delivery,,,7.00000,USD
7a3d9777-97be-4288-a535-14cdada8a1dc,2026-02-22 21:34:53,Bacuru and Egguru v,CustomItem,Items,1,Completed,,,7.00000,USD,Positive,Good communication,,,7.00000,USD
a22298b5-c96d-4b11-aba9-cd0cf1e1ed32,2026-02-22 21:07:50,Bacuru and Egguru v,CustomItem,Items,1,Completed,,,7.00000,USD,Positive,Nice person and very quick definitely use  this person,,,7.00000,USD
1fcf89cc-6d7c-4e66-8d0b-fe3ed7601dc0,2026-02-22 17:22:07,"Rebirth 12, Floor 3, Clean Account, only have ID PASSWORD, Please Read Desc
Auto Delivery",Account,Accounts,1,Completed,,,3.00000,USD,Positive,Good price,,,3.00000,USD
7c746e6b-a7d8-4dd7-af91-5dd57a610952,2026-02-22 17:01:25,Esok Sekolah,CustomItem,Items,4,Completed,,,2.50000,USD,Positive,Extra mile,,,10.00000,USD
4cf069b0-8a89-4608-b705-96acfc4a5483,2026-02-22 16:58:41,Strawberry Elephant Colossal lv 200,CustomItem,Items,1,Completed,,,2.00000,USD,Positive,"100% legit seller, express delivery :))",,,2.00000,USD
844c3d6d-97e5-499d-869d-0ea2da34efc4,2026-02-22 16:43:58,La Ginger Sekolah 637.5m - s24,CustomItem,Items,1,Completed,,,20.00000,USD,Positive,"Good and you are can trust him ",,,20.00000,USD
8a31e530-5b1e-4b72-aabf-4367154328c8,2026-02-22 16:12:37,Garama and Madundung w,CustomItem,Items,1,Completed,,,20.00000,USD,Positive,Fast delivery,,,20.00000,USD
6b72271d-b2a7-4cf3-8aa1-4b6b442a9ab0,2026-02-22 16:03:10,W or L y,CustomItem,Items,1,Completed,,,10.00000,USD,Positive,,,,10.00000,USD
e7ee550d-3188-4747-a4ea-b14c854be711,2026-02-22 16:02:42,Nuclearo Dinossauro s,CustomItem,Items,1,Completed,,,5.00000,USD,Positive,As described,,,5.00000,USD
8f350d10-6f03-42eb-94b9-ccc3b9ecd9b2,2026-02-22 16:00:34,Swaggy Bros 520m y,CustomItem,Items,1,Completed,,,20.00000,USD,Positive,Good communication,,,20.00000,USD
b819d691-f040-40a4-ba80-48905e83b239,2026-02-22 15:41:16,Gold Tictac Sahur s7,CustomItem,Items,1,Completed,,,10.00000,USD,Positive,Extra mile,,,10.00000,USD
9de0b228-e0ce-467e-9c8b-0df7032a51eb,2026-02-22 15:10:21,W or L s7,CustomItem,Items,1,Completed,,,20.00000,USD,Positive,GGWP,,,20.00000,USD
d0654e12-6c27-46f7-a229-75295346960b,2026-02-22 15:00:12,Esok Sekolah,CustomItem,Items,1,Completed,,,2.50000,USD,Positive,Good price,,,2.50000,USD
2b69799e-56d2-427a-b903-1367ce69828d,2026-02-22 14:49:40,My Heart - s10,CustomItem,Items,1,Completed,,,4.00000,USD,Positive,Fast delivery,,,4.00000,USD
48c07958-7190-4f5a-8601-ab8854d7bb65,2026-02-22 14:43:05,Eviledon 315m/s - x,CustomItem,Items,1,Completed,,,15.00000,USD,Positive,Extra mile,,,15.00000,USD
012166a2-b26f-4f9a-be52-7680d7ed4dad,2026-02-22 14:24:13,La Secret Combinasion w,CustomItem,Items,1,Completed,,,20.00000,USD,Positive,,,,20.00000,USD
761e7c0a-d84a-45f2-81d7-1fcad4e66a7f,2026-02-22 14:17:55,Spaghetti Tualetti -v,CustomItem,Items,1,Completed,,,4.50000,USD,Positive,Extra mile,,,4.50000,USD
edd11bdf-bb89-4524-9443-1ee21f4ff5f3,2026-02-22 13:19:32,Garama and Madundung s7,CustomItem,Items,1,Completed,,,20.00000,USD,Positive,Good price,,,20.00000,USD
e44c364d-45ab-4e2e-998d-03a945f432bd,2026-02-22 13:10:32,La Secret Combinasion w,CustomItem,Items,1,Completed,,,20.00000,USD,Positive,Fast delivery,,,20.00000,USD
c8e9502c-d842-4bc9-9796-81e1daa3b8d1,2026-02-22 12:58:59,La Ginger Sekolah 618.7m - s10,CustomItem,Items,1,Completed,,,20.00000,USD,Positive,GGWP,,,20.00000,USD
cd7f2e93-fbba-43dc-8836-bd6ca4d6817c,2026-02-22 12:22:54,Ketupat Kepat 315m - w,CustomItem,Items,1,Completed,,,15.00000,USD,Positive,Extra mile,,,15.00000,USD
81f5f833-6a9f-4a7a-91e9-90bbb2a788f9,2026-02-22 12:15:45,Eviledon s7,CustomItem,Items,1,Completed,,,15.00000,USD,Positive,Helpful and responsive,,,15.00000,USD
4178605a-db27-490d-aa0e-f57129dd9aaa,2026-02-22 11:11:54,Los Candies 253m - s20,CustomItem,Items,1,Completed,,,10.00000,USD,Positive,Good price,,,10.00000,USD
38e1fd0b-3290-4ae2-bf0d-73405e5d7c13,2026-02-22 10:58:21,Tictac Sahur y,CustomItem,Items,1,Completed,,,10.00000,USD,Positive,GOAT,,,10.00000,USD
d3c09d9f-9148-4955-833f-e263fbfed4b3,2026-02-22 10:48:24,Strawberry Elephant Colossal lv 200,CustomItem,Items,1,Completed,,,2.00000,USD,Positive,Helpful and responsive,,,2.00000,USD
b2fd35d3-bf86-4f31-8b46-afab07af32b9,2026-02-22 10:43:35,Spaghetti Tualetti + Esok Sekolah - s16,CustomItem,Items,1,Completed,,,5.00000,USD,Positive,GGWP,,,5.00000,USD
9087900b-2388-4b9d-ad59-f13cd2ab13a8,2026-02-22 08:53:15,"Lava
Chicleteira Noelteira 195m/s - s7",CustomItem,Items,1,Completed,,,7.00000,USD,Positive,Extra mile,,,7.00000,USD
5ad91d2a-3108-4eac-9de1-ef843b9e026c,2026-02-22 08:15:12,Tang Tang Keletang y,CustomItem,Items,1,Completed,,,10.00000,USD,Positive,Fast delivery,,,10.00000,USD
59bfcc8a-5bac-4dfc-a905-1e2c2ca9aa77,2026-02-22 08:04:11,Lavadorito Spinito 315m y,CustomItem,Items,1,Completed,,,12.00000,USD,Positive,Good communication,,,12.00000,USD
323c1f2c-4714-42a9-96bf-3be78cbc60a5,2026-02-22 08:03:05,Nuclearo Dinossauro s10,CustomItem,Items,1,Completed,,,10.00000,USD,Positive,GOAT,,,10.00000,USD
76f103bc-803d-40bf-a61b-fa1c5a8cc795,2026-02-22 07:34:37,Garama and Madundung s7,CustomItem,Items,1,Completed,,,20.00000,USD,Positive,Fast delivery,,,20.00000,USD
21b119e5-67fa-4cf2-83e7-d25a988813c0,2026-02-22 07:14:15,Spaghetti Tualetti + Esok Sekolah - s16,CustomItem,Items,2,Completed,,,5.00000,USD,Positive,GGWP,,,10.00000,USD
d2480f8e-fede-4937-a5d3-d540333da3e1,2026-02-22 06:52:57,Spaghetti Tualetti -v,CustomItem,Items,1,Completed,,,4.50000,USD,Positive,Extra mile,,,4.50000,USD
e8ac8035-ea52-497e-8f99-98da5f67267c,2026-02-22 06:41:18,la ginger sekolah 337.5m - s10,CustomItem,Items,1,Completed,,,10.00000,USD,Positive,GGWP,,,10.00000,USD
279946c0-ad07-4629-95a1-a74c5aeec9b0,2026-02-22 05:11:13,W or L s7,CustomItem,Items,1,Completed,,,10.00000,USD,Positive,Good communication,,,10.00000,USD
0fac1b3a-836a-472b-9fbc-27d4474ad125,2026-02-22 04:41:10,Ketupat Kepat s7,CustomItem,Items,1,Completed,,,10.00000,USD,Positive,Fast delivery,,,10.00000,USD
07e99252-84a2-4c6e-8181-12ab4bd1fd03,2026-02-22 04:29:00,La Ginger Sekolah 412.5m - s24,CustomItem,Items,1,Completed,,,10.00000,USD,Positive,Fast delivery,,,10.00000,USD
765a5f5b-5825-432f-97bf-2436e4dea4cf,2026-02-22 04:27:02,Lavadorito Spinito s7,CustomItem,Items,1,Completed,,,10.00000,USD,Positive,Good communication,,,10.00000,USD
d2119b69-7807-4223-9758-a523aacb063b,2026-02-22 04:13:43,Ketchuru and Musturu s7,CustomItem,Items,1,Completed,,,10.00000,USD,Positive,GGWP,,,10.00000,USD
229a83c0-9b85-4711-8154-6536bc596c8a,2026-02-22 04:05:13,La Ginger Sekolah 450m/s - s25,CustomItem,Items,1,Completed,,,15.00000,USD,Positive,Good communication,,,15.00000,USD
afeb7926-cbc9-4e0d-8463-baa5a094c04c,2026-02-22 03:59:47,Tictac Sahur r,CustomItem,Items,1,Completed,,,12.00000,USD,Positive,Helpful and responsive,,,12.00000,USD
d85058fb-a632-4b1b-894f-21c5c4209700,2026-02-22 03:35:43,Esok Sekolah,CustomItem,Items,1,Completed,,,2.50000,USD,Positive,GOAT,,,2.50000,USD
7efdaf5d-d026-44d8-af29-a82a3f3d196b,2026-02-22 03:33:16,Spaghetti Tualetti -v,CustomItem,Items,1,Completed,,,4.50000,USD,Positive,Fast delivery,,,4.50000,USD
16a97bf4-5ed8-4981-99bd-a11d0538bb6b,2026-02-22 03:15:31,Esok Sekolah,CustomItem,Items,1,Completed,,,2.50000,USD,Positive,Good communication,,,2.50000,USD
3728f942-8570-4d4a-a5d2-910fe980d219,2026-02-22 02:52:45,Esok Sekolah,CustomItem,Items,1,Completed,,,2.50000,USD,Positive,Extra mile,,,2.50000,USD
91e4bcfd-2c82-4a98-a7f6-002e4b5fe148,2026-02-22 02:51:58,Esok Sekolah,CustomItem,Items,2,Completed,,,2.50000,USD,Positive,,,,5.00000,USD
a7504207-b06f-4b1b-9812-02213d0669c4,2026-02-22 02:47:06,Esok Sekolah,CustomItem,Items,1,Completed,,,2.50000,USD,Positive,GOAT,,,2.50000,USD
cdd9502c-78fd-4aba-b2ed-d5273ffb3086,2026-02-22 02:38:31,Esok Sekolah,CustomItem,Items,1,Completed,,,2.50000,USD,Positive,GOAT,,,2.50000,USD
f6f8ce0c-7c2d-46f5-8394-9cff950c5eec,2026-02-22 02:33:29,Esok Sekolah,CustomItem,Items,1,Canceled,,,2.50000,USD,Unrated,,Buyer_Does_Not_Need_It_Anymore,,2.50000,USD
71c9edf0-dfe5-4b9f-ae34-0b02db1a91e1,2026-02-22 02:15:45,Esok Sekolah,CustomItem,Items,1,Completed,,,2.50000,USD,Positive,Good price,,,2.50000,USD
e35cc21f-48d6-4611-a20b-09e338b6d1c1,2026-02-22 02:13:55,Esok Sekolah,CustomItem,Items,1,Completed,,,2.50000,USD,Positive,GOAT,,,2.50000,USD
597fc976-bea4-482c-8ca2-21baf1497e96,2026-02-22 02:04:00,Los Spooky Combinasionas 280m - w,CustomItem,Items,1,Completed,,,10.00000,USD,Positive,As described,,,10.00000,USD
1b031c69-4039-4e56-8ea2-ad77237fb463,2026-02-22 02:00:40,Spaghetti Tualetti -v,CustomItem,Items,1,Canceled,,,4.50000,USD,Unrated,,Mutual_Agreement,,4.50000,USD
3a9c18f6-4394-4134-9c14-cc224ce9f6cb,2026-02-22 01:44:12,Ketchuru and Musturu w,CustomItem,Items,1,Completed,,,10.00000,USD,Positive,Good communication,,,10.00000,USD
55b4d431-9a28-44d8-932d-712fe7c73154,2026-02-22 01:41:38,Spaghetti Tualetti -v,CustomItem,Items,1,Completed,,,4.50000,USD,Positive,Bro tyam,,,4.50000,USD
e71dfc03-1031-4241-813a-56afae8ceee6,2026-02-22 01:06:34,Tang Tang Keletang s7,CustomItem,Items,1,Completed,,,10.00000,USD,Positive,Good communication,,,10.00000,USD
7c2fd83a-bbfd-48b5-b599-8256f9f56c48,2026-02-22 00:51:16,Strawberry Elephant lv 200,CustomItem,Items,2,Completed,,,2.00000,USD,Positive,Good communication,,,4.00000,USD
b07f73ea-7274-4c78-8c3d-d517df0cc851,2026-02-22 00:30:50,Los Candies 230m - s20,CustomItem,Items,1,Completed,,,10.00000,USD,Positive,Helpful and responsive,,,10.00000,USD
6ee50870-9868-421f-9edc-193ddc63b439,2026-02-22 00:07:58,Eviledon 409.5m r,CustomItem,Items,1,Completed,,,15.00000,USD,Positive,Good price,,,15.00000,USD
57885f37-f269-4730-a71e-d18093a92058,2026-02-21 23:57:47,Los Puggies y,CustomItem,Items,1,Completed,,,12.00000,USD,Positive,,,,12.00000,USD
79ceef36-5abd-4916-9098-2c012438a8f4,2026-02-21 23:43:28,Ketchuru and Musturu w,CustomItem,Items,1,Completed,,,10.00000,USD,Positive,Extra mile,,,10.00000,USD
d79d00ed-dbed-4bcb-acc1-4c2b98c511e3,2026-02-21 22:40:55,Strawberry Elephant lv 200,CustomItem,Items,1,Completed,,,2.00000,USD,Positive,Good communication,,,2.00000,USD
3a3976e0-38d7-4191-96f9-847149257992,2026-02-21 22:31:11,Strawberry Elephant lv 200,CustomItem,Items,1,Completed,,,2.00000,USD,Positive,Good price,,,2.00000,USD
ceee83c7-fedf-4837-8638-d2b377f5078f,2026-02-21 21:48:36,Esok Sekolah,CustomItem,Items,1,Canceled,,,2.50000,USD,Unrated,,Buyer_Did_Not_Respond,,2.50000,USD
18c8c8ea-f7ba-4f01-a389-b1eb20f10eef,2026-02-21 21:42:14,Esok Sekolah,CustomItem,Items,1,Completed,,,2.50000,USD,Positive,Extra mile,,,2.50000,USD
c7a72eb5-5830-451d-9003-5a885e99adab,2026-02-21 21:27:41,"Rebirth 12, Floor 3, Clean Account, only have ID PASSWORD, Please Read Desc
Auto Delivery",Account,Accounts,1,Completed,,,3.00000,USD,Positive,GOAT,,,3.00000,USD
c0aca769-fc80-4436-a52e-019526780ca1,2026-02-21 21:25:42,"Rebirth 12, Floor 3, Clean Account, only have ID PASSWORD, Please Read Desc
Auto Delivery",Account,Accounts,1,Completed,,,3.00000,USD,Positive,GGWP,,,3.00000,USD
da5867c2-463c-4216-af79-dbc2b9007b14,2026-02-21 21:21:18,Esok Sekolah,CustomItem,Items,1,Completed,,,2.50000,USD,Positive,GOAT,,,2.50000,USD
e0916a58-ee73-4b1e-96dc-ba38831e8009,2026-02-21 21:01:14,"Rebirth 12, Floor 3, Clean Account, only have ID PASSWORD, Please Read Desc
Auto Delivery",Account,Accounts,1,Completed,,,3.00000,USD,Positive,Good price,,,3.00000,USD
cb68c929-6747-4c9d-8932-108c18ae5f83,2026-02-21 19:45:20,"Rebirth 12, Floor 3, Clean Account, only have ID PASSWORD, Please Read Desc
Auto Delivery",Account,Accounts,1,Completed,,,3.00000,USD,Positive,As described,,,3.00000,USD
1d4f7beb-8eb3-4b88-b81f-8fced296eab7,2026-02-21 19:39:12,"Rebirth 12, Floor 3, Clean Account, only have ID PASSWORD, Please Read Desc
Auto Delivery",Account,Accounts,1,Completed,,,3.00000,USD,Positive,Good price,,,3.00000,USD
4c79bc16-ce3f-4a70-9e54-a1827087003e,2026-02-21 19:32:56,"Rebirth 12, Floor 3, Clean Account, only have ID PASSWORD, Please Read Desc
Auto Delivery",Account,Accounts,1,Completed,,,3.00000,USD,Positive,Goat,,,3.00000,USD
e5559e9b-48bb-4bb9-9a81-d01eaacd07be,2026-02-21 18:31:23,Spaghetti Tualetti + Esok Sekolah - s16,CustomItem,Items,1,Completed,,,5.00000,USD,Positive,As described,,,5.00000,USD
4fb3d1e4-b09d-44dd-8f52-7b70eaaf30fb,2026-02-21 18:12:11,Eviledon 409.5m r,CustomItem,Items,1,Completed,,,15.00000,USD,Positive,GOAT,,,15.00000,USD
aae3a5f9-5ca5-4baf-b821-2e320076f86b,2026-02-21 18:01:31,Spaghetti Tualetti + Esok Sekolah - s16,CustomItem,Items,1,Completed,,,5.00000,USD,Positive,Good communication,,,5.00000,USD
b0e6d0e6-cf04-4015-b758-58e34ccd0e62,2026-02-21 17:21:17,"Rebirth 12, Floor 3, Clean Account, only have ID PASSWORD, Please Read Desc
Auto Delivery",Account,Accounts,1,Completed,,,3.00000,USD,Positive,,,,3.00000,USD
1e8a6d67-53bc-4479-b793-3f252bb9a367,2026-02-21 16:50:56,Spaghetti Tualetti -v,CustomItem,Items,1,Completed,,,4.50000,USD,Positive,Helpful and responsive,,,4.50000,USD
5322c758-dbbd-4e0e-935f-8a261ea52750,2026-02-21 16:45:20,Spaghetti Tualetti -v,CustomItem,Items,1,Completed,,,4.50000,USD,Positive,Extra mile,,,4.50000,USD
943159ec-1d85-4ac2-8026-c44535d6e69a,2026-02-21 16:39:39,My Heart - s10,CustomItem,Items,1,Completed,,,4.00000,USD,Positive,As described,,,4.00000,USD
e6cda32c-90c1-42ea-99d8-d1abaaf18ec5,2026-02-21 16:35:37,Spaghetti Tualetti -v,CustomItem,Items,2,Completed,,,4.50000,USD,Positive,Extra mile,,,9.00000,USD
1a92dd05-fe00-43c3-b89f-549487cce56d,2026-02-21 16:26:25,Ketchuru and Musturu 255m w,CustomItem,Items,1,Completed,,,10.00000,USD,Positive,Fast delivery,,,10.00000,USD
ef241766-7d06-4608-9fc4-9e95e4058cd0,2026-02-21 16:24:40,Spaghetti Tualetti -v,CustomItem,Items,1,Completed,,,4.50000,USD,Positive,Helpful and responsive,,,4.50000,USD
8948627a-9bc3-4283-a818-afee1f905d06,2026-02-21 16:18:58,My Heart - s10,CustomItem,Items,1,Completed,,,4.00000,USD,Positive,Extra mile,,,4.00000,USD
7e6a2902-917f-4541-9b45-7acbebfcfc2c,2026-02-21 15:48:39,Spaghetti Tualetti + Esok Sekolah - s16,CustomItem,Items,1,Completed,,,5.00000,USD,Positive,Good communication,,,5.00000,USD
d1f83574-358f-4a44-8f6a-9a6a7e75888a,2026-02-21 15:46:33,Spaghetti Tualetti + Esok Sekolah - s16,CustomItem,Items,2,Completed,,,5.00000,USD,Positive,Amazing guy,,,10.00000,USD
4e51e6c9-37b0-4db0-86b9-6e23c7ac8128,2026-02-21 15:21:02,Tictac Sahur r,CustomItem,Items,1,Completed,,,15.00000,USD,Positive,Good price,,,15.00000,USD
35e4965a-e1d2-4bd8-9657-e0322f1e5bcf,2026-02-21 14:38:19,Spaghetti Tualetti -v,CustomItem,Items,1,Completed,,,4.50000,USD,Positive,Helpful and responsive,,,4.50000,USD
82960968-e4e9-4446-913b-f88a23d11a2d,2026-02-21 14:30:46,My Heart - s10,CustomItem,Items,1,Completed,,,4.00000,USD,Positive,As described,,,4.00000,USD
c0a42413-0f76-420b-9400-3f0cc42b9016,2026-02-21 14:21:04,Tictac Sahur s7,CustomItem,Items,1,Completed,,,10.00000,USD,Positive,GGWP,,,10.00000,USD
152229e5-2c0a-43dc-b643-9c0e648edb2e,2026-02-21 14:18:16,La Romantic Grande y,CustomItem,Items,1,Completed,,,10.00000,USD,Positive,GGWP,,,10.00000,USD
89dccbb5-a635-4f1d-9d83-c6a02865be24,2026-02-21 14:13:34,Tang Tang Keletang s7,CustomItem,Items,1,Canceled,,,10.00000,USD,Unrated,,Cancelation_Of_Reserved_Order,,10.00000,USD
e438a7b2-98bf-4e7b-bdb8-6784d48a7be9,2026-02-21 14:12:00,Esok Sekolah,CustomItem,Items,1,Completed,,,2.50000,USD,Positive,Fast delivery,,,2.50000,USD
79681cdc-1981-4e43-9f6d-b1fa9aa141a1,2026-02-21 13:44:00,Esok Sekolah,CustomItem,Items,1,Completed,,,2.50000,USD,Positive,Good price,,,2.50000,USD
abdc3ff8-cfb2-4b69-aa1c-646b627a1bcc,2026-02-21 13:37:23,Spaghetti Tualetti -v,CustomItem,Items,1,Completed,,,4.50000,USD,Positive,Good communication,,,4.50000,USD
2bbd0e0c-4a60-46c7-bd91-585a5e15ed26,2026-02-21 13:23:24,Lavadorito Spinito s7,CustomItem,Items,1,Completed,,,10.00000,USD,Positive,GOAT,,,10.00000,USD
e325dd0a-6afe-43f8-a1f0-9504277e8ee6,2026-02-21 12:51:37,La Secret Combinasion 875m s10,CustomItem,Items,1,Completed,,,20.00000,USD,Positive,GOAT,,,20.00000,USD
1e83b17c-501e-40fe-816d-09f1292de92a,2026-02-21 11:46:28,My Heart - s10,CustomItem,Items,1,Completed,,,4.00000,USD,Positive,As described,,,4.00000,USD
e70ce061-4eba-4ec2-a624-eb05ab50285b,2026-02-21 11:20:03,W or L s7,CustomItem,Items,1,Completed,,,10.00000,USD,Positive,Good price,,,10.00000,USD
dbcd10dd-6835-4c2f-9a74-cd243878ca26,2026-02-21 10:58:03,"Rebirth 12, Floor 3, Clean Account, only have ID PASSWORD, Please Read Desc
Auto Delivery",Account,Accounts,1,Completed,,,3.00000,USD,Positive,,,,3.00000,USD
0390c2f1-ac69-4622-945d-9098dd6e0446,2026-02-21 10:41:40,Spaghetti Tualetti -v,CustomItem,Items,1,Completed,,,4.50000,USD,Positive,Extra mile,,,4.50000,USD
0eef34d4-c46d-44dd-ad62-5db724b7b8ca,2026-02-21 10:11:05,Tictac Sahur s7,CustomItem,Items,1,Completed,,,10.00000,USD,Positive,As described,,,10.00000,USD
e2c2fc54-4668-478e-b369-536589707fd2,2026-02-21 09:32:28,Ketchuru and Musturu s7,CustomItem,Items,1,Completed,,,10.00000,USD,Positive,Fast delivery,,,10.00000,USD
74a8c07a-89d9-4be1-bd07-4e42d2589ffe,2026-02-21 09:01:14,My Heart - s10,CustomItem,Items,1,Completed,,,4.00000,USD,Positive,Fast delivery,,,4.00000,USD
f4bc59a9-3b33-4200-a9be-26df0e6c5b01,2026-02-21 08:55:09,Strawberry Elephant lv 200,CustomItem,Items,1,Completed,,,2.00000,USD,Positive,Good price,,,2.00000,USD
f1b53364-24d1-4e15-a78b-1757b243daf8,2026-02-21 08:31:49,La Secret Combinasion 375m s7,CustomItem,Items,1,Completed,,,10.00000,USD,Positive,GGWP,,,10.00000,USD
085c048f-f096-4edd-b1d6-af1bac58d60e,2026-02-21 07:26:28,Tictac Sahur s7,CustomItem,Items,1,Completed,,,10.00000,USD,Positive,Good price,,,10.00000,USD
efb2fd91-d2f0-425b-809d-2c73275c8759,2026-02-21 05:46:09,Mieteteira Bicicleteira - w,CustomItem,Items,1,Completed,,,10.00000,USD,Positive,Helpful and responsive,,,10.00000,USD
a465e718-911e-4569-a8ff-bbcdc42360c3,2026-02-21 04:00:14,Chipso and Queso w,CustomItem,Items,1,Completed,,,20.00000,USD,Positive,Helpful and responsive,,,20.00000,USD
24063f3c-96c8-4675-8834-5d32bb89502e,2026-02-21 03:50:11,My Heart - s10,CustomItem,Items,1,Completed,,,4.00000,USD,Positive,Extra mile,,,4.00000,USD
97fd652c-3f48-411c-83ad-3c94c7ffc60e,2026-02-21 03:42:55,Tang Tang Keletang 301.5m/s - x,CustomItem,Items,1,Canceled,,,14.00000,USD,Unrated,,Out_Of_Stock,,14.00000,USD
6cf762ec-6195-440b-b091-9dcc12023dc8,2026-02-21 03:22:58,Lavadorito Spinito s7,CustomItem,Items,1,Completed,,,10.00000,USD,Positive,,,,10.00000,USD
cd4ff56a-1192-478b-a6bf-84031c39dc96,2026-02-21 02:23:06,Money Money Puggy y,CustomItem,Items,1,Completed,,,10.00000,USD,Positive,Extra mile,,,10.00000,USD
4a8b934c-ef0f-4234-8121-5311018670f5,2026-02-21 01:04:19,Lavadorito Spinito s7,CustomItem,Items,1,Completed,,,10.00000,USD,Positive,great,,,10.00000,USD
b819c7b5-6b12-4baf-9125-ffd3da42fa59,2026-02-20 18:09:04,Spaghetti Tualetti -v,CustomItem,Items,2,Completed,,,4.50000,USD,Positive,Helpful and responsive,,,9.00000,USD
edf6bd14-2518-4b4c-9d0c-a05e4173dc8b,2026-02-20 17:04:39,Spaghetti Tualetti + Esok Sekolah - s16,CustomItem,Items,1,Completed,,,5.00000,USD,Positive,Good communication,,,5.00000,USD
8668ef90-acc3-47ed-86c6-f9efa1fac58b,2026-02-20 16:39:11,"Rebirth 12, Floor 3, Clean Account, only have ID PASSWORD, Please Read Desc
Auto Delivery",Account,Accounts,1,Completed,,,3.00000,USD,Positive,Helpful and responsive,,,3.00000,USD
fd83aa25-fdce-4df8-9db5-35e87ab8495a,2026-02-20 16:35:31,Esok Sekolah,CustomItem,Items,1,Completed,,,2.50000,USD,Positive,Helpful and responsive,,,2.50000,USD
e65f2db8-ef95-40bf-901e-8874a7e6d82c,2026-02-20 16:33:59,Radioactive W or L s7,CustomItem,Items,1,Completed,,,15.00000,USD,Positive,All good,,,15.00000,USD
46eb4f2d-1342-4532-94be-5d39516a51f1,2026-02-20 15:20:40,Strawberry Elephant lv 200,CustomItem,Items,1,Completed,,,2.00000,USD,Positive,Extra mile,,,2.00000,USD
6c0885bd-f762-4ac9-8c46-dbf6ddd98fc1,2026-02-20 15:15:28,"Rebirth 12, Floor 3, Clean Account, only have ID PASSWORD, Please Read Desc
Auto Delivery",Account,Accounts,1,Completed,,,3.00000,USD,Positive,GGWP,,,3.00000,USD
dd821c8c-c733-46d6-959e-dd8565524e9a,2026-02-20 14:06:15,La Ginger Sekolah 318.7m - s7,CustomItem,Items,1,Completed,,,10.00000,USD,Positive,Extra mile,,,10.00000,USD
9aefbc6f-eef8-48d4-a97a-e775da39732f,2026-02-20 13:50:36,Nuclearo Dinossauro - w,CustomItem,Items,1,Completed,,,10.00000,USD,Positive,Good communication,,,10.00000,USD
c76dd43e-dcca-40f2-bc43-3dc3dcbb78fe,2026-02-20 12:26:09,Spaghetti Tualetti -v,CustomItem,Items,1,Completed,,,4.50000,USD,Positive,Good communication,,,4.50000,USD
5059aade-9860-4cfb-b4a8-e243b2ada4ea,2026-02-20 10:48:17,Strawberry Elephant lv 200,CustomItem,Items,1,Completed,,,2.00000,USD,Positive,Extra mile,,,2.00000,USD
8c0ec13f-6287-44bf-bb94-a50b81bd4520,2026-02-20 10:22:18,Nuclearo Dinossauro w,CustomItem,Items,1,Completed,,,8.00000,USD,Positive,Good price,,,8.00000,USD
54b3fe05-edcb-4b04-a79c-78fb52a1a6cd,2026-02-20 07:08:20,Los Bros - w,CustomItem,Items,1,Completed,,,10.00000,USD,Positive,GGWP,,,10.00000,USD
82244eff-9128-4c7a-86f6-e058f52609de,2026-02-20 05:39:52,La Romantic Grande y,CustomItem,Items,1,Completed,,,10.00000,USD,Positive,Trusted and nice :),,,10.00000,USD
b1a4d693-c8c6-4f78-8911-e3548621a344,2026-02-20 05:32:05,"Rebirth 12, Floor 3, Clean Account, only have ID PASSWORD, Please Read Desc
Auto Delivery",Account,Accounts,1,Completed,,,3.00000,USD,Positive,GOAT,,,3.00000,USD
ae76d0d7-befc-42fd-85f8-505663f3a62c,2026-02-20 05:01:25,Esok Sekolah,CustomItem,Items,1,Completed,,,2.50000,USD,Positive,GGWP,,,2.50000,USD
a53bff03-354d-4a07-8f51-5903c9da0656,2026-02-20 04:57:24,Esok Sekolah,CustomItem,Items,1,Completed,,,2.50000,USD,Positive,Extra mile,,,2.50000,USD
7b0cb8ea-fbf6-4ed2-a203-2620ccaaee43,2026-02-20 04:56:00,Tuff Toucan s7,CustomItem,Items,1,Completed,,,10.00000,USD,Positive,Fast delivery,,,10.00000,USD
630bfe75-1980-417b-b7a8-8a167fcc31c8,2026-02-20 04:43:22,Los Mobilis s7,CustomItem,Items,1,Completed,,,10.00000,USD,Positive,GGWP,,,10.00000,USD
9c9d19b1-baf9-44da-9b27-a0ea8f2d8b32,2026-02-20 04:34:02,Esok Sekolah,CustomItem,Items,1,Completed,,,2.50000,USD,Positive,Good communication,,,2.50000,USD
363efe09-ec03-4b1f-9bad-85c404571feb,2026-02-20 04:13:23,"Rebirth 12, Floor 3, Clean Account, only have ID PASSWORD, Please Read Desc
Auto Delivery",Account,Accounts,1,Completed,,,3.00000,USD,Positive,As described,,,3.00000,USD
ef3ac55c-bb00-46b2-a547-391fa1ffe5cf,2026-02-20 01:50:28,swaggy bros 250m - s29,CustomItem,Items,1,Completed,,,10.00000,USD,Positive,Good communication,,,10.00000,USD
5a91ef59-5414-46e1-8f64-5e0d10966550,2026-02-20 01:15:10,Ketchuru and Musturu s7,CustomItem,Items,1,Completed,,,10.00000,USD,Positive,As described,,,10.00000,USD
c6525c00-7032-43c4-b2a5-7017b8c0cd14,2026-02-20 00:50:50,Tictac Sahur - w,CustomItem,Items,1,Completed,,,10.00000,USD,Positive,As described,,,10.00000,USD
a99e479f-0b0d-4872-886e-2b74913090e1,2026-02-20 00:18:26,W or L 150m - w,CustomItem,Items,1,Completed,,,10.00000,USD,Positive,Extra mile,,,10.00000,USD
b1327eba-1b2c-479e-b076-58934719fdfe,2026-02-20 00:02:57,La Ginger Sekolah 768.7m r,CustomItem,Items,1,Completed,,,20.00000,USD,Positive,GGWP,,,20.00000,USD
c7d1479c-8cce-4e84-8946-5767b2fd6489,2026-02-19 23:57:58,Ketchuru and Musturu s7,CustomItem,Items,1,Completed,,,10.00000,USD,Positive,GGWP,,,10.00000,USD
2e52f714-54e0-4a08-b55a-30b01e68055f,2026-02-19 23:48:54,Ketupat Kepat 280m - w,CustomItem,Items,1,Completed,,,10.00000,USD,Positive,Fast delivery,,,10.00000,USD
0e2c2b9a-2a28-426c-baf4-3f6add020747,2026-02-19 23:08:50,Spaghetti Tualetti -v,CustomItem,Items,2,Completed,,,4.50000,USD,Positive,Good communication,,,9.00000,USD
33971162-2e97-457f-a290-931f76272897,2026-02-19 22:59:25,Strawberry Elephant lv 200,CustomItem,Items,1,Completed,,,2.00000,USD,Positive,Extra mile,,,2.00000,USD
d7ab2395-341e-4956-87f5-a87c10f14622,2026-02-19 22:43:10,Spaghetti Tualetti -v,CustomItem,Items,1,Completed,,,4.50000,USD,Positive,Good price,,,4.50000,USD
59d3e45e-e8a7-4458-9b8b-e0c399ea4686,2026-02-19 21:46:32,Strawberry Elephant lv 200,CustomItem,Items,1,Completed,,,2.00000,USD,Positive,Fast delivery,,,2.00000,USD
9bab5c7a-9f05-4715-8775-42d295292d1b,2026-02-19 21:37:33,Spaghetti Tualetti -v,CustomItem,Items,1,Completed,,,4.50000,USD,Positive,As described,,,4.50000,USD
eb6dfedf-fbbb-429c-ac68-6d259cfa1179,2026-02-19 17:57:25,Los Candies 400m+ s7,CustomItem,Items,1,Completed,,,15.00000,USD,Positive,,,,15.00000,USD
78178135-047e-420d-a5fc-620414fb74ac,2026-02-19 17:24:58,Esok Sekolah,CustomItem,Items,2,Canceled,,,2.50000,USD,Unrated,,Buyer_Did_Not_Respond,,5.00000,USD
a42e766c-cd73-4582-b29f-177d066cd5bc,2026-02-19 17:14:11,Mieteteira Bicicleteira - w,CustomItem,Items,1,Completed,,,10.00000,USD,Positive,Helpful and responsive,,,10.00000,USD
917c4278-7abb-490e-a6c4-3a69b168236c,2026-02-19 16:41:01,Swaggy Bros 660m -v,CustomItem,Items,1,Completed,,,25.00000,USD,Positive,Good communication,,,25.00000,USD
b47d1ec8-ad63-4d06-938a-be99c3b697d9,2026-02-19 16:11:24,Strawberry Elephant lv 200,CustomItem,Items,2,Completed,,,2.00000,USD,Positive,GOAT,,,4.00000,USD
c65b331c-6912-41c2-a252-6d9b1a37cf04,2026-02-19 14:36:05,Strawberry Elephant lv 200,CustomItem,Items,1,Completed,,,2.00000,USD,Positive,Extra mile,,,2.00000,USD
2bacd784-a254-41b3-bda3-5a66b3e8d154,2026-02-19 13:15:52,Spaghetti Tualetti + Esok Sekolah - s16,CustomItem,Items,1,Completed,,,5.00000,USD,Positive,w quick good price,,,5.00000,USD
dc4610c4-727f-4345-8d20-dcfdf31f23a6,2026-02-19 13:13:47,Esok Sekolah,CustomItem,Items,1,Completed,,,2.50000,USD,Positive,Fast delivery,,,2.50000,USD
399fc5a3-b5a1-443a-8899-789595c9ad25,2026-02-19 12:28:37,Ketchuru and Musturu - w,CustomItem,Items,1,Completed,,,10.00000,USD,Positive,Verry good and went over the top with a trait,,,10.00000,USD
198fe8c5-ce10-42b8-a4b0-03e796ceb377,2026-02-19 12:08:11,Tang Tang Keletang - s7,CustomItem,Items,1,Completed,,,10.00000,USD,Positive,Helpful and responsive,,,10.00000,USD
04ac2cef-9bc3-44ef-ab2c-637cb74666e6,2026-02-19 12:06:10,Spaghetti Tualetti + Esok Sekolah - s16,CustomItem,Items,1,Completed,,,5.00000,USD,Positive,Extra mile,,,5.00000,USD
11813da5-36e2-4b2d-8eee-f8046d3ce206,2026-02-19 11:24:48,Ketchuru and Musturu - w,CustomItem,Items,1,Completed,,,10.00000,USD,Positive,Helpful and responsive,,,10.00000,USD
faa9c61a-dd67-4470-ba6d-81f8e4358d66,2026-02-19 09:12:22,Nuclearo Dinossauro - w,CustomItem,Items,1,Completed,,,10.00000,USD,Positive,Extra mile,,,10.00000,USD
54f581a8-ed03-41b6-b6f9-d28fead80ab4,2026-02-19 07:12:05,Nuclearo Dinossauro -y,CustomItem,Items,1,Completed,,,8.00000,USD,Positive,Thank you,,,8.00000,USD
0af22bc7-ee89-4119-861f-131805474f5a,2026-02-19 06:51:48,Esok Sekolah,CustomItem,Items,1,Completed,,,2.50000,USD,Positive,As described,,,2.50000,USD
25109f83-913a-40c9-b13b-9e64f1268c92,2026-02-19 03:35:59,Spaghetti Tualetti + Esok Sekolah - s16,CustomItem,Items,1,Completed,,,5.00000,USD,Positive,Fast delivery,,,5.00000,USD
bd8cdc48-54fa-47f6-bd76-c7b437dcb892,2026-02-19 01:53:32,Lavadorito Spinito - w,CustomItem,Items,1,Completed,,,10.00000,USD,Positive,GOAT,,,10.00000,USD
7a422e28-51a2-4afd-bf90-0d44ca59bdba,2026-02-19 01:49:59,Esok Sekolah,CustomItem,Items,1,Completed,,,2.50000,USD,Positive,Good price,,,2.50000,USD
786d6cc7-1e5a-42ce-93f7-105c608403ce,2026-02-19 01:32:47,Spaghetti Tualetti -v,CustomItem,Items,1,Completed,,,4.50000,USD,Positive,Extra mile,,,4.50000,USD
4d7e2e73-c6b6-4f6e-a304-f38ca14c65c9,2026-02-18 22:51:11,Ketupat Kepat 192.5m - s7,CustomItem,Items,1,Completed,,,10.00000,USD,Positive,GGWP,,,10.00000,USD
7dc19274-1e34-4720-b437-731a7e4989d0,2026-02-18 21:52:26,Spaghetti Tualetti + Esok Sekolah - s16,CustomItem,Items,1,Completed,,,5.00000,USD,Positive,Extra mile,,,5.00000,USD
63f98302-369d-4e1b-a3c6-46d8cdf3e96a,2026-02-18 16:29:19,"Rebirth 12, Floor 3, Clean Account, only have ID PASSWORD, Please Read Desc
Auto Delivery",Account,Accounts,1,Completed,,,3.00000,USD,Positive,,,,3.00000,USD
36f1a84d-cc78-45af-b781-6b11c389befe,2026-02-18 15:44:55,Esok Sekolah,CustomItem,Items,1,Completed,,,2.50000,USD,Positive,Extra mile,,,2.50000,USD
3a2720fe-b155-4737-81ff-5feee869ce70,2026-02-18 15:02:54,Eviledon - w,CustomItem,Items,1,Completed,,,10.00000,USD,Positive,GOAT,,,10.00000,USD
7b26bcca-92e1-4723-ac28-3a19183a48ea,2026-02-18 14:24:36,Esok Sekolah,CustomItem,Items,1,Completed,,,2.50000,USD,Positive,Helpful and responsive,,,2.50000,USD
d517538e-20e1-4896-a180-2dc0859c447c,2026-02-18 13:13:43,Esok Sekolah,CustomItem,Items,1,Completed,,,2.50000,USD,Positive,GOAT,,,2.50000,USD
a7e24fb0-4d99-439d-bb08-278060f28bfa,2026-02-18 13:08:00,Esok Sekolah,CustomItem,Items,1,Completed,,,2.50000,USD,Positive,GGWP,,,2.50000,USD
ad86fed0-c7fc-464f-b561-496cdd7c14f7,2026-02-18 13:03:50,Tictac Sahur 600m -y,CustomItem,Items,1,Completed,,,28.00000,USD,Positive,,,,28.00000,USD
6bc093d1-cfb9-42e6-bf73-a8b931be149c,2026-02-18 13:01:11,Esok Sekolah,CustomItem,Items,1,Completed,,,2.50000,USD,Positive,GGWP,,,2.50000,USD
4706f2a6-0cec-41e0-9a40-4909aaaa5b1d,2026-02-18 12:53:16,Esok Sekolah,CustomItem,Items,1,Completed,,,2.50000,USD,Positive,Very good,,,2.50000,USD
9b114f0c-2bdd-4eaa-85a8-d39cd28b144f,2026-02-18 12:43:47,Esok Sekolah,CustomItem,Items,1,Completed,,,2.50000,USD,Positive,GOAT,,,2.50000,USD
c18fb7a0-81a7-4356-9ce8-59eebcb044b0,2026-02-18 12:37:57,Nuclearo Dinossauro y,CustomItem,Items,1,Completed,,,7.00000,USD,Positive,Good price,,,7.00000,USD
b7b01bde-2be5-4eae-afe4-1af3d26ea31a,2026-02-18 12:28:22,Esok Sekolah,CustomItem,Items,1,Completed,,,2.50000,USD,Positive,Good price,,,2.50000,USD
88adbec7-4b3d-4f31-8b61-3b667bf2a086,2026-02-18 12:26:40,Spaghetti Tualetti -v,CustomItem,Items,1,Canceled,,,4.50000,USD,Unrated,,Buyer_Did_Not_Respond,,4.50000,USD
8fe7abcd-90bf-4611-bd32-08800368673b,2026-02-18 12:10:08,Esok Sekolah,CustomItem,Items,1,Completed,,,2.50000,USD,Positive,Extra mile,,,2.50000,USD
2e0d7173-46cb-4baf-966a-1baf77453535,2026-02-18 11:16:44,My Heart - s10,CustomItem,Items,1,Completed,,,4.00000,USD,Positive,"Lightning fast! ",,,4.00000,USD
269435c9-a715-4a47-abf9-7f97839dc744,2026-02-18 11:04:37,Lavadorito Spinito - w,CustomItem,Items,1,Completed,,,10.00000,USD,Positive,,,,10.00000,USD
88974611-4c25-4ca3-8e23-1c5907eb0e44,2026-02-18 10:04:25,La Ginger Sekolah 300m - s20,CustomItem,Items,1,Completed,,,10.00000,USD,Positive,Extra mile,,,10.00000,USD
397b1e7b-25f2-4c9c-9c9f-a499e07de325,2026-02-18 09:55:36,My Heart - s10,CustomItem,Items,1,Completed,,,4.00000,USD,Positive,Tres reactif👍,,,4.00000,USD
0313187f-fe35-4008-8ede-f3b3f981f325,2026-02-18 08:49:36,Ketupat Kepat - w,CustomItem,Items,1,Completed,,,20.00000,USD,Positive,As described,,,20.00000,USD
b07036f2-137e-4481-98c3-295ba6291190,2026-02-18 08:12:31,Ketchuru and Musturu - w,CustomItem,Items,1,Completed,,,10.00000,USD,Positive,Fast delivery,,,10.00000,USD
dc426d51-e806-4cd2-bb96-4da2f758dd1c,2026-02-18 04:59:43,Spaghetti Tualetti -v,CustomItem,Items,2,Completed,,,4.50000,USD,Positive,Helpful and responsive,,,9.00000,USD
0db56adf-c5ae-40bf-bd12-bb8fbe8b006e,2026-02-18 04:41:18,Ketupat Kepat - w,CustomItem,Items,1,Completed,,,10.00000,USD,Positive,Extra mile,,,10.00000,USD
0503d3d2-7444-44a6-b3e8-3d0505c4c19a,2026-02-18 04:03:31,Puggies 180m - w,CustomItem,Items,1,Completed,,,10.00000,USD,Positive,GOAT,,,10.00000,USD
ac313b75-7816-4fc1-8f83-1c94bec77726,2026-02-18 02:20:12,Ketchuru and Musturu 382.5m/s - x,CustomItem,Items,1,Completed,,,15.00000,USD,Positive,Good communication,,,15.00000,USD
f11c3e1b-7028-4e51-ae7a-6c5f4ba41f66,2026-02-18 01:52:18,Ketchuru and Musturu 382.5m/s - x,CustomItem,Items,1,Canceled,Item_Not_Delivered_Within_Delivery_Time,,15.00000,USD,Unrated,,Not_Delivered_Within_Guaranteed_Delivery_Time,,15.00000,USD
61fe1bcf-f18c-4760-833e-0c0d2110ca86,2026-02-18 00:44:05,My Heart - s10,CustomItem,Items,1,Completed,,,4.00000,USD,Positive,GOAT,,,4.00000,USD
ca25ac19-5dfa-46fc-945f-ac1aaf1f546f,2026-02-17 21:55:10,"Rebirth 12, Floor 3, Clean Account, only have ID PASSWORD, Please Read Desc
Auto Delivery",Account,Accounts,1,Completed,,,3.00000,USD,Positive,Fast delivery,,,3.00000,USD
d946b318-5a2e-4790-8e4c-a89f2d9f4089,2026-02-17 21:53:38,"Rebirth 12, Floor 3, Clean Account, only have ID PASSWORD, Please Read Desc
Auto Delivery",Account,Accounts,1,Completed,,,3.00000,USD,Positive,Good communication,,,3.00000,USD
bf4b59ad-c0c2-4ff4-a8c1-6613b97d45b6,2026-02-17 17:53:21,Money Money Puggy - w,CustomItem,Items,1,Completed,,,10.00000,USD,Positive,"Extremely fast and professional, thank you",,,10.00000,USD
de22ae98-5ea1-4426-bc2c-11a15b782a91,2026-02-17 17:21:04,Spaghetti Tualetti -v,CustomItem,Items,1,Completed,,,4.50000,USD,Positive,Good communication,,,4.50000,USD
f24a91ff-c943-4efa-ad76-a26c09e3edd7,2026-02-17 17:10:03,My Heart - s10,CustomItem,Items,1,Completed,,,4.00000,USD,Positive,Good price,,,4.00000,USD
6856a459-70e0-4622-8102-e4ef42347753,2026-02-17 17:06:29,Ketchuru and Musturu s7,CustomItem,Items,1,Completed,,,10.00000,USD,Positive,Helpful and responsive,,,10.00000,USD
699c5b81-957d-4bf5-a1fd-84b8793af316,2026-02-17 17:03:41,My Heart - s10,CustomItem,Items,1,Completed,,,4.00000,USD,Positive,Helpful and responsive,,,4.00000,USD
34a7cae8-de56-4b03-8d0f-cc38cdf3dfff,2026-02-17 16:42:11,Strawberry Elephant lv 200,CustomItem,Items,1,Completed,,,2.00000,USD,Positive,Good communication,,,2.00000,USD
c0f81cc3-ab97-44c1-8e2b-a4e0112ca61c,2026-02-17 16:31:16,Strawberry Elephant lv 200,CustomItem,Items,1,Completed,,,2.00000,USD,Positive,Extra mile,,,2.00000,USD
fd7406b9-9367-4651-9cf7-0b7f1dc20112,2026-02-17 15:37:24,Strawberry Elephant lv 200,CustomItem,Items,1,Completed,,,2.00000,USD,Positive,Good communication,,,2.00000,USD
b5b4fe32-c228-4880-8a27-fd4903474922,2026-02-17 15:30:32,Radioactive W or L - w,CustomItem,Items,1,Completed,,,15.00000,USD,Positive,GOAT,,,15.00000,USD
078f31af-a0e1-4d69-ad77-0ad47a4c6705,2026-02-17 14:56:32,My Heart - s10,CustomItem,Items,1,Completed,,,4.00000,USD,Positive,Good price,,,4.00000,USD
36cb41d1-3556-4de3-af5f-6def3e3ba5bf,2026-02-17 14:15:15,Spaghetti Tualetti -v,CustomItem,Items,1,Completed,,,4.50000,USD,Positive,Extra mile,,,4.50000,USD
9c05c881-9dbc-48af-9d90-1228c5f76abc,2026-02-17 13:03:39,My Heart - s10,CustomItem,Items,1,Completed,,,4.00000,USD,Positive,As described,,,4.00000,USD
25141287-72ac-4d30-982a-fd153093671d,2026-02-17 12:57:51,Ketupat Kepat s7,CustomItem,Items,1,Completed,,,10.00000,USD,Positive,As described,,,10.00000,USD
5755ef22-0b37-4dc5-ab6c-1eb51ed6b06d,2026-02-17 12:25:05,Spaghetti Tualetti -v,CustomItem,Items,1,Completed,,,4.50000,USD,Positive,Helpful and responsive,,,4.50000,USD
9ea5f896-661d-483e-998b-cc8e85593488,2026-02-17 12:23:05,Los Primos - s7,CustomItem,Items,1,Completed,,,10.00000,USD,Positive,As described,,,10.00000,USD
486f30c2-8493-4384-abcb-3f125e2be4a5,2026-02-17 12:18:26,My Heart - s10,CustomItem,Items,1,Completed,,,4.00000,USD,Positive,Helpful and responsive,,,4.00000,USD
096bb8a7-b8a9-47b4-aff4-9833593f6520,2026-02-17 12:13:12,Esok Sekolah,CustomItem,Items,10,Completed,,,2.50000,USD,Positive,Extra mile,,,25.00000,USD
3d9a62d2-91a8-4c0b-8b77-ff578bfb23df,2026-02-17 11:45:32,Spaghetti Tualetti + Esok Sekolah - s16,CustomItem,Items,1,Completed,,,5.00000,USD,Positive,Extra mile,,,5.00000,USD
2313a6ba-d002-43cf-8a83-da3ea7cab36c,2026-02-17 11:31:06,Spaghetti Tualetti -v,CustomItem,Items,1,Completed,,,4.50000,USD,Positive,Fast delivery,,,4.50000,USD
072d6f0d-45e4-453e-9e4b-b05251b15060,2026-02-17 11:11:01,Spaghetti Tualetti -v,CustomItem,Items,1,Completed,,,4.50000,USD,Positive,GOAT,,,4.50000,USD
da5f9c0b-fe4f-41f5-8238-5589eadb827d,2026-02-17 10:35:18,Bacuru and Egguru 216m -v,CustomItem,Items,1,Canceled,,,8.00000,USD,Unrated,,Cancelation_Of_Reserved_Order,,8.00000,USD
799c0fe6-01f9-4c4c-a424-cdabb887d0fa,2026-02-17 10:20:26,Ketupat Kepat s7,CustomItem,Items,1,Completed,,,10.00000,USD,Positive,GOAT,,,10.00000,USD
b7b7dbaf-5501-4bb5-b71a-4c8d3133bc0f,2026-02-17 10:18:05,Spaghetti Tualetti -v,CustomItem,Items,1,Completed,,,4.50000,USD,Positive,As described,,,4.50000,USD
93144536-bacb-4749-8c97-36b9c296cd32,2026-02-17 10:06:50,La Romantic Grande 340m -y,CustomItem,Items,1,Completed,,,15.00000,USD,Positive,Good price,,,15.00000,USD
63e37347-76f5-4843-a7b0-c616f99ed596,2026-02-17 09:16:56,Las Sis - w,CustomItem,Items,1,Completed,,,15.00000,USD,Positive,Good price,,,15.00000,USD
92635f0b-03ec-4e57-8120-cbf016bd8264,2026-02-17 09:11:25,Strawberry Elephant lv 200,CustomItem,Items,1,Canceled,,,2.00000,USD,Unrated,,Buyer_Did_Not_Respond,,2.00000,USD
33584954-9252-4496-bb4c-9ef2403b7a58,2026-02-17 09:09:08,Strawberry Elephant lv 200,CustomItem,Items,4,Completed,,,2.00000,USD,Positive,Good price,,,8.00000,USD
a4c2bcfb-8e9f-49b8-9ece-9e25c3ef4220,2026-02-17 08:01:48,Strawberry Elephant lv 200,CustomItem,Items,1,Completed,,,2.00000,USD,Positive,GGWP,,,2.00000,USD
b4814abf-50db-49da-9c87-90abc34852a9,2026-02-17 07:21:09,Chipso and Queso - w,CustomItem,Items,1,Completed,,,15.00000,USD,Positive,Good price,,,15.00000,USD
d4a5a302-838b-4f61-b928-973629f8ab3b,2026-02-17 07:19:10,Strawberry Elephant lv 200,CustomItem,Items,1,Completed,,,2.00000,USD,Positive,Fast delivery,,,2.00000,USD
f8fd7c76-d32f-442d-8897-a83e24d10c06,2026-02-17 06:30:27,Tang Tang Keletang - w,CustomItem,Items,1,Completed,,,10.00000,USD,Positive,Helpful and responsive,,,10.00000,USD
6d37d824-a97a-4a12-a148-5491362e3311,2026-02-17 06:13:35,Noo my Heart - s10,CustomItem,Items,1,Completed,,,4.00000,USD,Positive,GGWP,,,4.00000,USD
d8e8ea23-3440-4974-be36-66f527ee3c3e,2026-02-17 05:00:39,Nuclearo Dinossauro 210m r,CustomItem,Items,1,Completed,,,13.00000,USD,Positive,Fast delivery,,,13.00000,USD
b6d5cc72-7331-4cc3-b5c7-8c313cae70b5,2026-02-17 04:59:44,Bacuru and Egguru s7,CustomItem,Items,1,Completed,,,15.00000,USD,Positive,Good price,,,15.00000,USD
35af805a-3a0c-421d-90bc-58ff8b6b588c,2026-02-17 04:33:00,Esok Sekolah,CustomItem,Items,1,Completed,,,2.50000,USD,Positive,GOAT,,,2.50000,USD
bde0d74a-91f8-46fa-828f-a8b12af61339,2026-02-17 04:26:56,Esok Sekolah,CustomItem,Items,1,Completed,,,2.50000,USD,Positive,Fast delivery,,,2.50000,USD
c68723f7-1321-44c5-8af7-c24a413e923e,2026-02-17 03:52:27,Strawberry Elephant lv 200,CustomItem,Items,2,Completed,,,2.00000,USD,Positive,Fast delivery,,,4.00000,USD
8bcd6b27-652a-42af-86bf-09fc6e1ddc4e,2026-02-17 03:51:42,My Heart - s10,CustomItem,Items,1,Canceled,,,4.00000,USD,Unrated,,Buyer_Did_Not_Respond,,4.00000,USD
8728023c-e4f6-4a2a-9a91-388863053679,2026-02-17 03:40:47,Strawberry Elephant lv 200,CustomItem,Items,1,Completed,,,2.00000,USD,Positive,Good price,,,2.00000,USD
29b2a37a-91f7-40ab-825d-94cd0195eb3d,2026-02-17 03:31:10,Esok Sekolah,CustomItem,Items,1,Completed,,,2.50000,USD,Positive,Good price,,,2.50000,USD
813af25f-377d-4623-a500-88820ccd5140,2026-02-17 03:23:55,My Heart - s10,CustomItem,Items,1,Completed,,,4.00000,USD,Positive,,,,4.00000,USD
68383a5a-66ce-4d19-b4ce-df94cf747e65,2026-02-17 03:17:34,Noo my Heart - s10,CustomItem,Items,2,Completed,,,4.00000,USD,Positive,Fast delivery,,,8.00000,USD
8ce98af3-a81a-4c7b-8467-adc3395fdfe5,2026-02-17 03:12:34,Esok Sekolah,CustomItem,Items,2,Completed,,,2.50000,USD,Positive,GGWP,,,5.00000,USD
0f7a4b17-e366-419b-81f4-5621f05e860f,2026-02-17 03:02:17,Esok Sekolah,CustomItem,Items,1,Completed,,,2.50000,USD,Positive,As described,,,2.50000,USD
347562c7-d903-4125-8afa-e5bf506c9501,2026-02-17 02:56:01,My Heart - s10,CustomItem,Items,1,Completed,,,4.00000,USD,Positive,Good price,,,4.00000,USD
e1dd9a86-7646-45dc-92d1-218dd80419aa,2026-02-17 02:40:16,Esok Sekolah,CustomItem,Items,3,Completed,,,2.50000,USD,Positive,GGWP,,,7.50000,USD
dbf6d59e-56dc-4bc3-afe9-f7d7139b871a,2026-02-17 02:38:59,Noo my Heart - s10,CustomItem,Items,1,Completed,,,4.00000,USD,Positive,Extra mile,,,4.00000,USD
d77c9002-19fe-4a30-8c69-55ffaab4dfdc,2026-02-17 02:38:39,Los Candies - s7,CustomItem,Items,1,Completed,,,10.00000,USD,Positive,As described,,,10.00000,USD
ba272a90-4cb4-4fa3-8926-24b1152624ef,2026-02-17 02:35:59,Strawberry Elephant lv 200,CustomItem,Items,1,Completed,,,2.00000,USD,Positive,Extra mile,,,2.00000,USD
6abc74ee-d603-49e2-9bc6-c941d8953070,2026-02-17 02:35:09,Esok Sekolah,CustomItem,Items,1,Completed,,,2.50000,USD,Positive,Helpful and responsive,,,2.50000,USD
0567143a-2b2d-4118-a8b3-a7c0f103d5b1,2026-02-17 02:30:20,Esok Sekolah,CustomItem,Items,1,Completed,,,2.50000,USD,Positive,GOAT,,,2.50000,USD
9343abd6-3cb0-48c5-a590-69954f51ebb6,2026-02-17 02:26:02,Eviledon 425m r,CustomItem,Items,1,Completed,,,20.00000,USD,Positive,Good communication,,,20.00000,USD
6d8b0277-4a23-46dd-a3c2-5d65760c963e,2026-02-17 02:16:55,Noo my Heart - s10,CustomItem,Items,1,Completed,,,4.00000,USD,Positive,Really fast,,,4.00000,USD
9e71c6c9-b82c-4cd7-b3c2-2df3398070e2,2026-02-17 02:05:18,Noo my Heart - s10,CustomItem,Items,1,Completed,,,4.00000,USD,Positive,Extra mile,,,4.00000,USD
fbfd07de-3b4d-49ca-ab33-ba56e187e7d7,2026-02-17 02:04:10,Esok Sekolah,CustomItem,Items,1,Completed,,,2.50000,USD,Positive,Helpful and responsive,,,2.50000,USD
3a8409ec-6d48-4c14-bb55-4e92a5b14583,2026-02-17 02:00:48,Strawberry Elephant lv 200,CustomItem,Items,1,Completed,,,2.00000,USD,Positive,GOAT,,,2.00000,USD
c0cffa83-835c-4604-a2b5-9fb9d332216c,2026-02-17 01:55:17,Noo my Heart - s10,CustomItem,Items,1,Completed,,,4.00000,USD,Positive,Extra mile,,,4.00000,USD
6eb08fff-eacf-4852-a501-d31a144f4711,2026-02-17 01:51:55,Noo my Heart - s10,CustomItem,Items,1,Completed,,,4.00000,USD,Positive,"Great ",,,4.00000,USD
9219ea38-5764-4e6c-9c96-de76c18a2f82,2026-02-17 01:46:58,Strawberry Elephant lv 200,CustomItem,Items,1,Completed,,,2.00000,USD,Positive,GOAT,,,2.00000,USD
74356fa1-91f1-4862-934b-9bd65306a65d,2026-02-17 01:39:37,Esok Sekolah,CustomItem,Items,2,Completed,,,2.50000,USD,Positive,Fast delivery,,,5.00000,USD
cb6814be-1ca3-4335-a915-c274ff3067b3,2026-02-17 01:38:10,Esok Sekolah,CustomItem,Items,1,Completed,,,2.50000,USD,Positive,thank you- very fast!,,,2.50000,USD
a20a3dc3-8e21-4eb3-8795-6fb6b0a9d82e,2026-02-17 01:35:29,Noo my Heart - s10,CustomItem,Items,1,Completed,,,4.00000,USD,Positive,Good and fast,,,4.00000,USD
21f34971-2825-4d73-9634-6f92868baa90,2026-02-17 01:29:41,Spaghetti Tualetti + Esok Sekolah - s16,CustomItem,Items,1,Completed,,,5.00000,USD,Positive,GGWP,,,5.00000,USD
4fb01330-ac66-4a15-a7a0-b58b63fb9fc6,2026-02-17 01:14:54,La Romantic Grande 420m -y,CustomItem,Items,1,Completed,,,18.00000,USD,Positive,GOAT,,,18.00000,USD
171a59da-cfdb-4f91-9619-d5dcd7cd34cc,2026-02-17 00:25:02,Noo my Heart - s10,CustomItem,Items,1,Completed,,,4.00000,USD,Positive,GGWP,,,4.00000,USD
ac20b273-1186-4dd7-b467-1355b2959338,2026-02-17 00:22:50,Spaghetti Tualetti -v,CustomItem,Items,1,Completed,,,4.50000,USD,Positive,Good price,,,4.50000,USD
ae6ff4aa-7c12-451f-9276-dbea923d2670,2026-02-17 00:09:53,My Heart - s10,CustomItem,Items,1,Completed,,,4.00000,USD,Positive,Fast delivery,,,4.00000,USD
2b989123-08b7-4baa-8c39-69ec443ee60d,2026-02-16 22:54:27,Ketchuru and Musturu 382.5m/s - x,CustomItem,Items,1,Canceled,,,15.00000,USD,Unrated,,Buyer_Did_Not_Respond,,15.00000,USD
c237d94a-c992-47a9-b05f-403e0b249fee,2026-02-16 18:05:52,My Heart - s10,CustomItem,Items,1,Completed,,,4.00000,USD,Positive,Helpful and responsive,,,4.00000,USD
334b7c44-2693-4117-9e4e-5a4e51e911b4,2026-02-16 17:47:50,Tang Tang Keletang s7,CustomItem,Items,1,Completed,,,10.00000,USD,Positive,Good communication,,,10.00000,USD
c6ded548-d83b-4c17-9117-619fb6b228db,2026-02-16 17:35:16,Spaghetti Tualetti + Esok Sekolah - s16,CustomItem,Items,1,Completed,,,5.00000,USD,Positive,Helpful and responsive,,,5.00000,USD
6cdbd933-05a8-49f4-9482-b4a12a7cf1cd,2026-02-16 17:31:11,My Heart - s10,CustomItem,Items,1,Completed,,,4.00000,USD,Positive,GOAT,,,4.00000,USD
b3f84642-d404-4c9a-92c0-63fe6ad15bb5,2026-02-16 17:17:16,My Heart - s10,CustomItem,Items,1,Completed,,,4.00000,USD,Positive,GOAT,,,4.00000,USD
78cb48c4-7f99-4429-b965-8832e37ae690,2026-02-16 17:09:59,swaggy bros 370m - s10,CustomItem,Items,1,Completed,,,10.00000,USD,Positive,"Super gast
",,,10.00000,USD
a09a98d2-13a9-40f4-8010-3a859246ea9d,2026-02-16 17:06:42,La Romantic Grande 410m -y,CustomItem,Items,1,Completed,,,18.00000,USD,Positive,Good price,,,18.00000,USD
bb68d625-aa58-41e1-a5fe-660502149c89,2026-02-16 17:04:52,My Heart - s10,CustomItem,Items,1,Completed,,,4.00000,USD,Positive,Good price,,,4.00000,USD
980f6b7f-d6c0-48e3-84a6-c39c1bae6819,2026-02-16 16:43:41,Esok Sekolah,CustomItem,Items,1,Completed,,,2.50000,USD,Positive,Good price,,,2.50000,USD
1cea620d-131a-4628-b9db-9ded24c38044,2026-02-16 16:33:32,Ketchuru and Musturu 233.7m -y,CustomItem,Items,1,Completed,,,12.00000,USD,Positive,Fast delivery,,,12.00000,USD
037fbe44-b47d-4bdc-af55-f72a1a0f8220,2026-02-16 16:33:02,My Heart - s10,CustomItem,Items,1,Completed,,,4.00000,USD,Positive,Fast delivery,,,4.00000,USD
ed877045-493f-49c5-8acd-057ccb268902,2026-02-16 16:25:13,Noo my Heart - s10,CustomItem,Items,1,Completed,,,4.00000,USD,Positive,GOAT,,,4.00000,USD
211328d2-e72d-4a48-af90-7cfd8da32706,2026-02-16 16:21:37,My Heart - s10,CustomItem,Items,1,Completed,,,4.00000,USD,Positive,Helpful and responsive,,,4.00000,USD
10d4737c-500b-4324-8dd0-d43cff261d96,2026-02-16 16:16:44,My Heart - s10,CustomItem,Items,1,Completed,,,4.00000,USD,Positive,As described,,,4.00000,USD
82aaa1e0-10dd-43ae-9554-5cf4aa5981b9,2026-02-16 15:53:05,Los Primos 310m -v,CustomItem,Items,1,Completed,,,15.00000,USD,Positive,GOAT,,,15.00000,USD
9f855924-4fb8-4c0d-8df7-28d9a0ac2102,2026-02-16 15:34:28,Ketchuru and Musturu 382.5m/s - x,CustomItem,Items,1,Canceled,,,15.00000,USD,Unrated,,Seller_Going_Offline,,15.00000,USD
01258a4d-60d6-44d6-b3d7-d1e0b126919d,2026-02-16 15:24:41,Esok Sekolah,CustomItem,Items,1,Completed,,,2.50000,USD,Positive,Fast delivery,,,2.50000,USD
27c8eb00-95ed-41f6-8dff-34e22737764f,2026-02-16 15:16:16,Tang Tang Keletang s7,CustomItem,Items,1,Completed,,,10.00000,USD,Positive,Helpful and responsive,,,10.00000,USD
c2c26820-a2d0-4aa6-91ff-a2a1b8b8660e,2026-02-16 15:02:56,Noo my Heart - s10,CustomItem,Items,1,Completed,,,4.00000,USD,Positive,As described,,,4.00000,USD
a9eeafdf-962d-4cac-919e-e2949b6aac75,2026-02-16 14:37:48,La Ginger Sekolah s7,CustomItem,Items,1,Completed,,,10.00000,USD,Positive,Good communication,,,10.00000,USD
b4682a7e-8e9e-43f9-9205-0bf969796f45,2026-02-16 14:33:43,Esok Sekolah,CustomItem,Items,2,Completed,,,2.50000,USD,Positive,Helpful and responsive,,,5.00000,USD
d06a2144-3fbe-4aa1-bd26-fa6b44fc17f6,2026-02-16 14:30:37,Swaggy Bros 800M - S10,CustomItem,Items,1,Completed,,,30.00000,USD,Positive,Good price,,,30.00000,USD
aec003fe-31b0-4a74-bb8b-423cb778205d,2026-02-16 14:27:18,Ketupat Kepat 210m/s - e,CustomItem,Items,1,Completed,,,10.00000,USD,Positive,Extra mile,,,10.00000,USD
5ac69c88-e247-48bf-aabe-778ed1747b9a,2026-02-16 14:27:02,Ketupat Kepat 253.7m - s7,CustomItem,Items,1,Completed,,,10.00000,USD,Positive,Is legit,,,10.00000,USD
36c58f83-9b7f-4c4c-b04c-28e73937bc37,2026-02-16 13:55:49,Esok Sekolah,CustomItem,Items,1,Completed,Other,"Scammer ",2.50000,USD,Negative,Late,,,2.50000,USD
21851225-e5b8-4479-8cd8-8938f4e0ede8,2026-02-16 13:54:39,Los Candies s7,CustomItem,Items,1,Completed,,,15.00000,USD,Positive,Helpful and responsive,,,15.00000,USD
a67bf0e4-90a6-49ea-88bb-71adb4097541,2026-02-16 13:38:36,Spaghetti Tualetti + Esok Sekolah - s16,CustomItem,Items,1,Completed,,,5.00000,USD,Positive,Extra mile,,,5.00000,USD
a40288ef-1a44-45ef-a41f-21d082495e72,2026-02-16 13:25:13,My Heart - s10,CustomItem,Items,1,Completed,,,4.00000,USD,Positive,👏🏽👍👍,,,4.00000,USD
e1ae3b3e-3652-4eb7-a6ae-bff8036529ab,2026-02-16 13:19:13,Esok Sekolah,CustomItem,Items,1,Completed,,,2.50000,USD,Positive,Good communication,,,2.50000,USD
7670a87d-7e32-4db2-8155-de348247ec2a,2026-02-16 13:11:31,Strawberry Elephant lv 200,CustomItem,Items,1,Completed,,,2.00000,USD,Positive,Best,,,2.00000,USD
a4515625-a2f2-4225-84ef-533a7464716f,2026-02-16 13:05:14,Esok Sekolah,CustomItem,Items,1,Completed,,,2.50000,USD,Positive,Fast delivery,,,2.50000,USD
aea2d139-f866-45b5-9715-1b593840d769,2026-02-16 12:49:24,My Heart - s10,CustomItem,Items,1,Completed,,,4.00000,USD,Positive,Wwwwww,,,4.00000,USD
9422c0d1-ca9f-478e-a52d-a19726101622,2026-02-16 12:22:11,Tictac Sahur 225m -y,CustomItem,Items,1,Completed,,,10.00000,USD,Positive,Extra mile,,,10.00000,USD
2a7da6a5-8f0a-4d70-a577-4247fde8e297,2026-02-16 11:45:33,My Heart - s10,CustomItem,Items,1,Completed,,,4.00000,USD,Positive,GGWP,,,4.00000,USD
e52bf507-8f03-4aea-85f3-4f0c056792be,2026-02-16 11:42:32,Spaghetti Tualetti + Esok Sekolah - s16,CustomItem,Items,1,Canceled,,,5.00000,USD,Unrated,,Buyer_Did_Not_Respond,,5.00000,USD
76e22b0f-41bb-458a-9fd4-a698d7753b05,2026-02-16 11:35:30,Strawberry Elephant lv 200,CustomItem,Items,1,Completed,,,2.00000,USD,Positive,GOAT,,,2.00000,USD
35ff5a4b-3492-440a-b50c-48cab68800d9,2026-02-16 11:23:06,Spaghetti Tualetti + Esok Sekolah - s16,CustomItem,Items,1,Canceled,,,5.00000,USD,Unrated,,Buyer_Did_Not_Respond,,5.00000,USD
875efd5b-1c4c-4da1-b389-fb6553c88eac,2026-02-16 11:01:16,Esok Sekolah,CustomItem,Items,1,Completed,,,2.50000,USD,Positive,GGWP,,,2.50000,USD
d9cb96a5-6ee4-4f5c-b01f-1387a6a83fb2,2026-02-16 10:51:44,Spaghetti Tualetti + Esok Sekolah - s16,CustomItem,Items,1,Completed,,,5.00000,USD,Positive,Good price,,,5.00000,USD
133c13c4-b6ce-4b3c-8f20-241a7b4301ea,2026-02-16 10:37:59,My Heart - s10,CustomItem,Items,1,Completed,,,4.00000,USD,Positive,Good communication,,,4.00000,USD
208f9223-670c-4ec9-86c5-007adbef8b9b,2026-02-16 10:36:30,Esok Sekolah,CustomItem,Items,3,Completed,,,2.50000,USD,Positive,Very quick,,,7.50000,USD
18f5ee15-fc23-4094-adf7-409839f28657,2026-02-16 10:19:30,Eviledon s7,CustomItem,Items,1,Completed,,,10.00000,USD,Positive,Fast delivery,,,10.00000,USD
a489d673-4f9e-4a8d-b790-c4722553e640,2026-02-16 10:14:11,Spaghetti Tualetti + Esok Sekolah - s16,CustomItem,Items,1,Completed,,,5.00000,USD,Positive,GOAT,,,5.00000,USD
66f70631-ddab-4384-868a-ef974ab678c2,2026-02-16 09:42:44,Esok Sekolah,CustomItem,Items,1,Completed,,,2.50000,USD,Positive,Helpful and responsive,,,2.50000,USD
607ba4fe-e110-4925-a230-d52beca79d13,2026-02-16 09:40:03,Esok Sekolah,CustomItem,Items,1,Completed,,,2.50000,USD,Positive,Helpful and responsive,,,2.50000,USD
0de49fa5-34bd-4f97-be10-cef8deb808ff,2026-02-16 09:10:19,Lavadorito Spinito 281m y,CustomItem,Items,1,Completed,,,13.00000,USD,Positive,Good price,,,13.00000,USD
9966f81d-aca0-4a25-919c-898ae1ac3b90,2026-02-16 08:57:35,Tictac Sahur s7,CustomItem,Items,1,Completed,,,15.00000,USD,Positive,"is the goat
",,,15.00000,USD
3f6be285-21a9-45cc-ace1-89cf89c465e9,2026-02-16 08:29:49,Spaghetti Tualetti + Esok Sekolah - s16,CustomItem,Items,1,Canceled,,,5.00000,USD,Unrated,,Buyer_Did_Not_Respond,,5.00000,USD
cfe4c790-4f82-4ff3-8f28-5720e077b310,2026-02-16 08:03:30,Esok Sekolah,CustomItem,Items,1,Completed,,,2.50000,USD,Positive,Fast delivery,,,2.50000,USD
af0cde64-53eb-42f1-b292-64cd358842c3,2026-02-16 07:56:18,My Heart - s10,CustomItem,Items,1,Completed,,,4.00000,USD,Positive,Good communication,,,4.00000,USD
313d0756-e0f4-46db-aa91-7947b7dd274a,2026-02-16 07:51:09,Spaghetti Tualetti + Esok Sekolah - s16,CustomItem,Items,1,Completed,,,5.00000,USD,Positive,Good communication,,,5.00000,USD
bb972ecb-888a-4ff0-a111-bba88354717c,2026-02-16 07:47:05,My Heart - s10,CustomItem,Items,1,Completed,,,4.00000,USD,Positive,Extra mile,,,4.00000,USD
d9e5602a-e982-4fd3-bfd8-5b6c50d682ba,2026-02-16 07:36:45,La Romantic Grande 380m y,CustomItem,Items,1,Completed,,,15.00000,USD,Positive,Good price,,,15.00000,USD
4afd0dbb-7af5-46b5-922d-92e2613d0e5f,2026-02-16 07:14:01,Esok Sekolah,CustomItem,Items,1,Completed,,,2.50000,USD,Positive,Good price,,,2.50000,USD
670b4356-dce1-4f5f-811b-466558a2bc07,2026-02-16 06:43:10,Noo my Heart - s10,CustomItem,Items,1,Completed,,,4.00000,USD,Positive,,,,4.00000,USD
8a14a859-53ce-45a5-8963-c08af616e172,2026-02-16 06:26:29,Ketchuru and Musturu - w,CustomItem,Items,1,Completed,,,10.00000,USD,Positive,Good communication,,,10.00000,USD
29fd0bd8-41fa-4748-ad28-bccb426c7878,2026-02-16 05:57:45,Tuff Toucan - w,CustomItem,Items,1,Completed,,,10.00000,USD,Positive,As described,,,10.00000,USD
74e71931-e1f0-49fb-984d-cb2f803a8844,2026-02-16 05:46:38,Ketupat Kepat 183.7m - w,CustomItem,Items,1,Completed,,,10.00000,USD,Positive,GGWP,,,10.00000,USD
1e787071-d059-49d6-a005-9e6e6c26b052,2026-02-16 04:41:07,Swaggy Bros s7,CustomItem,Items,1,Completed,,,10.00000,USD,Positive,Fast delivery,,,10.00000,USD
30cc3bdc-194a-4725-9c8b-9a9be763b169,2026-02-16 04:37:46,Tictac Sahur 225m/s - e,CustomItem,Items,1,Completed,,,10.00000,USD,Positive,Extra mile,,,10.00000,USD
3130be14-6513-4034-b2e1-bbfd26e44bf2,2026-02-16 04:22:25,Spaghetti Tualetti + Esok Sekolah - s16,CustomItem,Items,1,Completed,,,5.00000,USD,Positive,As described,,,5.00000,USD
0597c898-16de-4261-a2b2-c135bf1729c3,2026-02-16 04:01:31,Eviledon s7,CustomItem,Items,1,Completed,,,10.00000,USD,Positive,As described,,,10.00000,USD
0488422a-4abd-435a-8fbc-0bcd59dd465d,2026-02-16 03:47:14,My Heart - s10,CustomItem,Items,2,Completed,,,4.00000,USD,Positive,Extra mile,,,8.00000,USD
fc6594d7-d7fa-457a-a4ea-a239222cd3a6,2026-02-16 03:43:37,Ketchuru and Musturu - w,CustomItem,Items,1,Completed,,,10.00000,USD,Positive,Good communication,,,10.00000,USD
0b207b05-07a0-4d78-a203-9f1a6ac587a5,2026-02-16 03:40:34,My Heart - s10,CustomItem,Items,1,Completed,,,4.00000,USD,Positive,As described,,,4.00000,USD
84c2d819-3674-4ff2-8953-30ebe8ed9b71,2026-02-16 03:00:42,My Heart - s10,CustomItem,Items,1,Completed,,,4.00000,USD,Positive,Extra mile,,,4.00000,USD
1c8eaa41-255d-47b3-bffb-9ba2aca77a44,2026-02-16 02:46:48,Spaghetti Tualetti + Esok Sekolah - s16,CustomItem,Items,1,Completed,,,5.00000,USD,Positive,Fast delivery,,,5.00000,USD
5d65a612-bab0-4ec2-924b-ebe6c85eda09,2026-02-16 01:58:48,My Heart - s10,CustomItem,Items,1,Completed,,,4.00000,USD,Positive,Great seller! Thanks!,,,4.00000,USD
a7960f59-5757-42ca-b230-9224b58dbb45,2026-02-16 01:43:02,Lavadorito Spinito s7,CustomItem,Items,1,Completed,,,10.00000,USD,Positive,As described,,,10.00000,USD
385fe27e-1d47-45d1-a2b1-a03675e86078,2026-02-16 01:40:35,My Heart - s10,CustomItem,Items,1,Completed,,,4.00000,USD,Positive,Good communication,,,4.00000,USD
f84ede48-4d13-40bf-9631-005c03e45d9c,2026-02-16 01:05:46,My Heart - s10,CustomItem,Items,1,Completed,,,4.00000,USD,Positive,GOAT,,,4.00000,USD
7d327674-0a18-48f6-abf9-ec7939f7b0a3,2026-02-16 01:05:09,La Ginger Sekolah s7,CustomItem,Items,1,Completed,,,10.00000,USD,Positive,GGWP,,,10.00000,USD
4f5059a4-5bfe-44cf-9fc9-84ca064294a8,2026-02-16 00:52:38,My Heart - s10,CustomItem,Items,1,Completed,,,4.00000,USD,Negative,Good communication,,,4.00000,USD
fdd55b6f-e485-48bb-9748-39eb55a17222,2026-02-16 00:48:00,Ketupat Kepat s7,CustomItem,Items,1,Completed,,,10.00000,USD,Positive,As described,,,10.00000,USD
88ee30db-a074-4811-9de3-8d81bbd96a33,2026-02-16 00:22:29,Ketchuru and Musturu s7,CustomItem,Items,1,Completed,,,10.00000,USD,Positive,Good price,,,10.00000,USD
c88c7872-648c-4c06-8dee-c76e8b02cf38,2026-02-16 00:16:48,My Heart - s10,CustomItem,Items,1,Completed,,,4.00000,USD,Positive,Helpful and responsive,,,4.00000,USD
23e3900d-edb9-4105-b8d3-8e5bb77c9bda,2026-02-15 17:47:41,Noo my Heart - s10,CustomItem,Items,1,Completed,,,4.00000,USD,Positive,Helpful and responsive,,,4.00000,USD
8a1a1bf3-997a-4ed8-9cf1-543aa15edae7,2026-02-15 17:45:12,Spaghetti Tualetti -v,CustomItem,Items,1,Completed,,,4.50000,USD,Positive,GGWP,,,4.50000,USD
4114f1aa-5273-486b-8ed3-223a82b38644,2026-02-15 17:44:51,Esok Sekolah,CustomItem,Items,1,Completed,,,2.50000,USD,Positive,Good price,,,2.50000,USD
2f4087c3-fc8d-44cf-b929-0b5414714e0e,2026-02-15 17:43:46,My Heart - s10,CustomItem,Items,1,Completed,,,4.00000,USD,Positive,Good price,,,4.00000,USD
fc8ceeb1-1661-4abc-a85d-53bbb975979c,2026-02-15 17:43:24,Esok Sekolah,CustomItem,Items,1,Completed,,,2.50000,USD,Positive,GGWP,,,2.50000,USD
69a59b64-279a-49e4-8449-1901bbb27753,2026-02-15 17:43:04,My Heart - s10,CustomItem,Items,1,Completed,,,4.00000,USD,Positive,As described,,,4.00000,USD
d389a498-8eb3-47c0-943f-184507be68a3,2026-02-15 17:39:54,Noo my Heart - s10,CustomItem,Items,1,Completed,,,4.00000,USD,Positive,GOAT,,,4.00000,USD
42690aa7-4f24-4ee7-a79e-e25359f25897,2026-02-15 17:34:16,Esok Sekolah,CustomItem,Items,1,Completed,,,2.50000,USD,Positive,Fast delivery,,,2.50000,USD
3d5482e0-25a0-441b-8265-11f49da4713b,2026-02-15 17:30:02,Noo my Heart - s10,CustomItem,Items,1,Completed,,,4.00000,USD,Positive,Helpful and responsive,,,4.00000,USD
481d0880-3e7f-4e52-8112-27fe5f6b20ee,2026-02-15 17:29:08,Esok Sekolah,CustomItem,Items,1,Completed,,,2.50000,USD,Positive,Fast delivery,,,2.50000,USD
162578a2-c4b9-40db-98dc-0d9b97c0b1bb,2026-02-15 17:13:45,My Heart - s10,CustomItem,Items,1,Completed,,,4.00000,USD,Positive,Good communication,,,4.00000,USD
2796b4d9-0a99-478e-ae69-575ddfd4582b,2026-02-15 17:12:17,My Heart - s10,CustomItem,Items,2,Completed,,,4.00000,USD,Positive,Good communication,,,8.00000,USD
d0eee16f-3302-4fdf-b917-4a8cea1001d7,2026-02-15 17:03:29,Spaghetti Tualetti -v,CustomItem,Items,1,Completed,,,4.50000,USD,Positive,GGWP,,,4.50000,USD
53470751-cebe-4314-aa1a-dd4707673a4e,2026-02-15 17:00:36,Noo my Heart - s10,CustomItem,Items,1,Completed,,,4.00000,USD,Positive,"Quick and reliable ",,,4.00000,USD
d09cce6b-36a4-4795-9169-fdd06d19bcdb,2026-02-15 16:59:44,My Heart - s10,CustomItem,Items,1,Completed,,,4.00000,USD,Positive,Helpful and responsive,,,4.00000,USD
880b0322-41d2-4d7c-835d-5099c3a00bdf,2026-02-15 16:49:51,Noo my Heart - s10,CustomItem,Items,1,Completed,,,4.00000,USD,Positive,Encantada sin duda volveré a comprar,,,4.00000,USD
a589ca22-ff88-44c4-b2cc-58888ec7246a,2026-02-15 16:48:41,Ketupat Kepat 455m -s,CustomItem,Items,1,Completed,,,20.00000,USD,Positive,Good price,,,20.00000,USD
fb0dc24f-c8fb-4ac8-b51c-01796178150c,2026-02-15 16:46:42,Money Money Puggy 325.5m - w,CustomItem,Items,1,Canceled,,,13.00000,USD,Unrated,,Buyer_Did_Not_Respond,,13.00000,USD
58503e65-d754-42c3-b5df-ffa536887ff9,2026-02-15 16:38:38,Spaghetti Tualetti -v,CustomItem,Items,2,Completed,,,4.50000,USD,Positive,Good communication,,,9.00000,USD
a7155f9c-4161-4c34-9e5f-609f6b92f7f2,2026-02-15 16:33:02,Yin Yang Mieteteira Bicicleteira 325m - w24,CustomItem,Items,1,Completed,,,10.00000,USD,Positive,Good communication,,,10.00000,USD
c752ab97-b167-4758-b756-892e1a462eca,2026-02-15 16:23:39,Tuff Toucan 390m -y,CustomItem,Items,1,Completed,,,15.00000,USD,Positive,"Very fast service ",,,15.00000,USD
7c3f67a9-e891-49ef-9487-6a357124499d,2026-02-15 16:08:07,Nuclearo 255m - w,CustomItem,Items,1,Completed,,,10.00000,USD,Positive,GOAT,,,10.00000,USD
7ffebc7d-e20a-4767-b32a-79aaeaad7717,2026-02-15 16:06:34,Noo my Heart - s10,CustomItem,Items,1,Completed,,,4.00000,USD,Positive,GGWP,,,4.00000,USD
c3387da9-5279-48ee-8c0d-c941503a75ae,2026-02-15 16:00:43,Ginger Sekolah 450m - s21,CustomItem,Items,1,Completed,,,10.00000,USD,Positive,Extra mile,,,10.00000,USD
eab08740-c010-4730-ba7c-dba1ff480604,2026-02-15 15:59:40,Esok Sekolah,CustomItem,Items,1,Completed,,,2.50000,USD,Positive,Gave me 45/m esok (better than expected),,,2.50000,USD
df051fa5-6be9-4458-860a-b32bd7da44f2,2026-02-15 15:57:34,My Heart - s10,CustomItem,Items,1,Completed,,,4.00000,USD,Positive,Extra mile,,,4.00000,USD
5ced5f31-82c1-4d20-aaf5-62cac8911866,2026-02-15 15:33:28,My Heart - s10,CustomItem,Items,1,Completed,,,4.00000,USD,Positive,,,,4.00000,USD
d88862fd-912b-4d80-b1ca-d1432e7b1e4e,2026-02-15 15:29:16,My Heart - s10,CustomItem,Items,1,Completed,,,4.00000,USD,Positive,Good price,,,4.00000,USD
222d73f0-5483-4eae-9cae-3a6df5c95b50,2026-02-15 15:25:57,My Heart - s10,CustomItem,Items,1,Completed,,,4.00000,USD,Positive,Good price,,,4.00000,USD
ca7ad36b-c2b7-4497-85ec-516ee4beb5da,2026-02-15 15:21:21,My Heart - s10,CustomItem,Items,1,Completed,,,4.00000,USD,Positive,As described,,,4.00000,USD
4d26d5c1-5df6-458d-80d2-6dfab920275c,2026-02-15 14:58:40,My Heart - s10,CustomItem,Items,1,Completed,,,4.00000,USD,Positive,GOAT,,,4.00000,USD
e56f41e1-2f86-4584-a826-2909e108500b,2026-02-15 14:52:21,My Heart - s10,CustomItem,Items,1,Completed,,,4.00000,USD,Positive,Extra mile,,,4.00000,USD
37ce7a3d-d8dd-46a1-b585-5a44db957c05,2026-02-15 14:48:54,My Heart - s10,CustomItem,Items,1,Completed,,,4.00000,USD,Positive,Good communication,,,4.00000,USD
e92bbbbd-a8a2-48a8-8653-fded972726d6,2026-02-15 14:36:21,My Heart - s10,CustomItem,Items,1,Completed,,,4.00000,USD,Positive,Quick and kind,,,4.00000,USD
485714fa-c56e-4e3d-be76-a2224c029264,2026-02-15 14:35:33,My Heart - s10,CustomItem,Items,1,Completed,,,4.00000,USD,Positive,Good communication,,,4.00000,USD
8ae3dead-c0ff-468a-8c35-c255393cbddf,2026-02-15 14:31:30,My Heart - s10,CustomItem,Items,1,Completed,,,4.00000,USD,Positive,Good communication,,,4.00000,USD
871d1592-2c31-4f66-8867-8aa2be16a072,2026-02-15 14:16:12,Esok Sekolah,CustomItem,Items,1,Completed,,,2.50000,USD,Positive,Fast delivery,,,2.50000,USD
a241497d-b213-4df9-982f-192162014554,2026-02-15 14:15:20,Esok Sekolah,CustomItem,Items,1,Completed,,,2.50000,USD,Positive,As described,,,2.50000,USD
72dc4100-333a-49b0-907f-81a68bcafdca,2026-02-15 14:14:58,Spaghetti Tualetti -v,CustomItem,Items,2,Completed,,,4.50000,USD,Positive,Extra mile,,,9.00000,USD
7789c09f-7790-4b34-8407-ffe49e1d05a7,2026-02-15 14:07:22,My Heart - s10,CustomItem,Items,1,Completed,,,4.00000,USD,Positive,Quick and kind,,,4.00000,USD
d688a724-3734-4cbc-8d6e-287faab1a4f7,2026-02-15 14:05:45,My Heart - s10,CustomItem,Items,1,Completed,,,4.00000,USD,Positive,,,,4.00000,USD
1814bfe3-6fd6-4182-8817-123609828081,2026-02-15 13:56:49,Bacuru and Egguru 216m -s11,CustomItem,Items,1,Completed,,,10.00000,USD,Positive,Good price,,,10.00000,USD
73da5665-3e14-4a80-ada9-d95b72991c12,2026-02-15 13:55:28,My Heart - s10,CustomItem,Items,1,Completed,,,4.00000,USD,Positive,,,,4.00000,USD
d8907fc5-7f83-478c-891c-c84cee9dfd69,2026-02-15 13:54:24,My Heart - s10,CustomItem,Items,1,Completed,,,4.00000,USD,Positive,,,,4.00000,USD
e8ea1d94-4df0-4081-8520-e4baf4144e05,2026-02-15 13:42:46,My Heart - s10,CustomItem,Items,1,Completed,,,4.00000,USD,Positive,Good price,,,4.00000,USD
341beca8-1a14-41ef-b731-76a2e1b19084,2026-02-15 13:42:23,Esok Sekolah,CustomItem,Items,1,Completed,,,2.50000,USD,Positive,Good communication,,,2.50000,USD
123ab3cc-f95c-4cd7-98d3-76bfb9492172,2026-02-15 13:37:39,My Heart - s10,CustomItem,Items,1,Completed,,,4.00000,USD,Positive,Helpful and responsive,,,4.00000,USD
2c70e173-4206-43f9-b47f-3d035e137d50,2026-02-15 13:28:29,My Heart - s10,CustomItem,Items,1,Completed,,,4.00000,USD,Positive,"very fast delivery, i got better brainrot than i expected",,,4.00000,USD
df723685-9a0d-4e66-bf68-eced72e283f9,2026-02-15 13:18:14,Spaghetti Tualetti -v,CustomItem,Items,1,Completed,,,4.50000,USD,Positive,Extra mile,,,4.50000,USD
8b2ed55d-0d2a-4fd7-89fd-dbc325d492f0,2026-02-15 13:16:36,Ginger Sekolah 375m - s7,CustomItem,Items,1,Completed,,,10.00000,USD,Positive,Good price,,,10.00000,USD
4ed1b130-47a8-426e-8d56-a6b89aee7335,2026-02-15 13:12:07,Lavadorito Spinito 157 | s7,CustomItem,Items,1,Completed,,,10.00000,USD,Positive,10/10,,,10.00000,USD
150a2478-9dd2-402a-926f-e5230b963e29,2026-02-15 12:55:12,My Heart - s10,CustomItem,Items,1,Completed,,,4.00000,USD,Positive,Extra mile,,,4.00000,USD
838eb3b1-e367-4c72-ae9f-044f5608b9b0,2026-02-15 12:43:25,Ketupat Kepat 420m/s - e,CustomItem,Items,1,Completed,,,20.00000,USD,Positive,Extra mile,,,20.00000,USD
38d5d19f-f3a8-42df-9c06-4c43c4fa2056,2026-02-15 12:30:16,Ketchuru and Musturu 256.6m - s7,CustomItem,Items,1,Completed,,,10.00000,USD,Positive,Fast delivery,,,10.00000,USD
ba28e314-e513-4b10-b683-07eeecc51f9a,2026-02-15 12:27:15,My Heart - s10,CustomItem,Items,1,Completed,,,4.00000,USD,Positive,GGWP,,,4.00000,USD
261e9183-108b-473e-8656-bfe9e79d5d99,2026-02-15 12:22:21,My Heart - s10,CustomItem,Items,1,Completed,,,4.00000,USD,Positive,Extra mile,,,4.00000,USD
18b2beab-aed4-4d67-a740-ec17066abdc9,2026-02-15 12:17:28,My Heart - s10,CustomItem,Items,1,Completed,,,4.00000,USD,Positive,GGWP,,,4.00000,USD
7c90f8df-78a5-4566-89e7-96d8b4e81f8d,2026-02-15 12:12:40,Eviledon 330m - w,CustomItem,Items,1,Completed,,,15.00000,USD,Positive,Extra mile,,,15.00000,USD
937bce0c-ac45-4699-b2cb-cd74a7c8ea67,2026-02-15 11:49:30,Noo my Heart - s10,CustomItem,Items,1,Completed,,,4.00000,USD,Positive,Good price,,,4.00000,USD
1a0a3981-f45d-460b-845b-9002da774b3a,2026-02-15 11:45:03,My Heart - s10,CustomItem,Items,2,Completed,,,4.00000,USD,Positive,GOAT,,,8.00000,USD
03078e59-a85c-4daa-a5cc-b733c696e044,2026-02-15 11:44:41,Noo my Heart - s10,CustomItem,Items,1,Completed,,,4.00000,USD,Positive,,,,4.00000,USD
8ea00ead-8ca4-47d4-8629-83949903c4ee,2026-02-15 11:00:50,My Heart - s10,CustomItem,Items,1,Completed,,,4.00000,USD,Positive,Helpful and responsive,,,4.00000,USD
4aabe519-6b09-4899-97d2-ff76d26ec4be,2026-02-15 10:58:44,Tictac Sahur 656.2m -y,CustomItem,Items,1,Completed,,,27.00000,USD,Positive,Extra mile,,,27.00000,USD
32c8dd82-c205-4fd0-a26b-3757a5ada495,2026-02-15 10:43:25,My Heart - s10,CustomItem,Items,1,Completed,,,4.00000,USD,Positive,GGWP,,,4.00000,USD
fa1ed52d-553f-4245-8d80-71862fbf6c62,2026-02-15 10:39:40,Nuclearo Dinossauro 240m -y,CustomItem,Items,1,Completed,,,15.00000,USD,Positive,GOAT,,,15.00000,USD
549bb182-7fa6-4ae6-9eb4-0614bdda87dc,2026-02-15 10:27:55,Eviledon 567m -y,CustomItem,Items,1,Completed,,,25.00000,USD,Positive,Good price,,,25.00000,USD
b860f582-174e-4c30-8fa5-52ca9694da6b,2026-02-15 10:08:33,Swaggy Bros 610m/s - x,CustomItem,Items,1,Completed,,,25.00000,USD,Positive,Good communication,,,25.00000,USD
28a47562-ccdd-45cd-aeda-ca20ccc28076,2026-02-15 09:37:12,Ketchuru and Musuturu 637.5m -r,CustomItem,Items,1,Completed,,,30.00000,USD,Positive,Good communication,,,30.00000,USD
d4b0b7ae-69a3-417b-8948-9b3a6adf18f1,2026-02-15 09:36:50,Ketupat Kepat 280m/s - e,CustomItem,Items,1,Completed,,,12.00000,USD,Positive,Fast and amazing,,,12.00000,USD
2034d3f4-606d-45b7-a39d-ccbf3997c818,2026-02-15 08:22:42,My Heart - s10,CustomItem,Items,1,Completed,,,4.00000,USD,Positive,As described,,,4.00000,USD
91145a87-13cb-48e5-a367-a2ce9f2e961e,2026-02-15 08:18:35,My Heart - s10,CustomItem,Items,1,Completed,,,4.00000,USD,Positive,So fast,,,4.00000,USD
f551301f-db02-41af-98e2-3a1373c28482,2026-02-15 08:04:34,Spaghetti Tualetti -v,CustomItem,Items,1,Completed,,,4.50000,USD,Positive,Extra mile,,,4.50000,USD
7fd8f980-a2e9-4292-b2f0-20a5cb729f94,2026-02-15 08:02:06,Spaghetti Tualetti -v,CustomItem,Items,1,Completed,,,4.50000,USD,Positive,Good communication,,,4.50000,USD
9204ea29-ecfa-44db-a222-715065a89c4a,2026-02-15 08:00:15,Noo my Heart - s10,CustomItem,Items,1,Completed,,,4.00000,USD,Positive,GOAT,,,4.00000,USD
6571837a-e951-4770-95b3-47ec0bd84eaa,2026-02-15 07:52:58,Nuclearo Dinossauro 270m -y,CustomItem,Items,1,Completed,,,15.00000,USD,Positive,GGWP,,,15.00000,USD
1843b34a-197d-46eb-a3d4-9d251334dce9,2026-02-15 07:11:22,Noo my Heart - s10,CustomItem,Items,1,Completed,,,4.00000,USD,Positive,GGWP,,,4.00000,USD
ce4f0671-325e-4d14-9903-9935912d9293,2026-02-15 06:57:23,My Heart - s10,CustomItem,Items,1,Completed,,,4.00000,USD,Positive,Fast delivery,,,4.00000,USD
9af79aec-4da8-4199-a9c7-fcc5927bfacb,2026-02-15 06:55:40,Los Candies 138m - s20,CustomItem,Items,1,Completed,,,5.00000,USD,Positive,As described,,,5.00000,USD
541dcb3e-4431-411b-ae69-81b7f74eb216,2026-02-15 05:10:28,Ketchuru and Musturu 223.1m - w,CustomItem,Items,1,Completed,,,10.00000,USD,Positive,As described,,,10.00000,USD
565edbec-ca88-40b6-8570-5fa03212e5da,2026-02-15 05:04:30,Ketupat Kepat 210m/s - s3,CustomItem,Items,1,Completed,,,10.00000,USD,Positive,As described,,,10.00000,USD
22aa86b5-1da8-46e2-baaa-77c357d08728,2026-02-15 04:42:49,Noo my Heart - s10,CustomItem,Items,1,Completed,,,4.00000,USD,Positive,As described,,,4.00000,USD
96978da8-0375-42b8-b0c3-6650955292f9,2026-02-15 04:35:47,Noo my Heart - s10,CustomItem,Items,1,Completed,,,4.00000,USD,Positive,GGWP,,,4.00000,USD
c03b2e41-688a-4505-a0e0-f71697354fb0,2026-02-15 04:22:58,Noo my Heart - s10,CustomItem,Items,1,Completed,,,4.00000,USD,Positive,GGWP,,,4.00000,USD
7c4c4c8f-405f-41c5-bc0d-9acbba73f225,2026-02-15 04:22:13,My Heart - s10,CustomItem,Items,1,Completed,,,4.00000,USD,Positive,Good price,,,4.00000,USD
8d4e5e7b-95cb-445a-887f-cda0da293aa2,2026-02-15 04:17:03,My Heart - s10,CustomItem,Items,1,Completed,,,4.00000,USD,Positive,"Goat ",,,4.00000,USD
1e28af60-3793-452d-9852-56cbcdf0d87a,2026-02-15 03:39:00,Ketchuru and Musturu 255m - s7,CustomItem,Items,1,Completed,,,10.00000,USD,Positive,As described,,,10.00000,USD
9798b9b0-3986-4aa6-a607-fc7f0f82d744,2026-02-15 03:36:51,My Heart - s10,CustomItem,Items,1,Completed,,,4.00000,USD,Positive,GOAT,,,4.00000,USD
30ec79a3-7562-4ad9-99ee-4e006462b69b,2026-02-15 03:36:04,Noo my Heart - s10,CustomItem,Items,1,Completed,,,4.00000,USD,Positive,As described,,,4.00000,USD
432ac0fb-c71d-4342-bdbe-f73139f75862,2026-02-15 03:32:45,My Heart - s10,CustomItem,Items,1,Completed,,,4.00000,USD,Positive,Helpful and responsive,,,4.00000,USD
d82b6a7e-1be2-4dd7-8f03-c6db74657d15,2026-02-15 03:17:13,Noo my Heart - s10,CustomItem,Items,1,Completed,,,4.00000,USD,Positive,Good communication,,,4.00000,USD
c5d59e0c-7612-41aa-b531-3c2f3cff5dbc,2026-02-15 03:16:24,My Heart - s10,CustomItem,Items,1,Completed,,,4.00000,USD,Positive,GOAT,,,4.00000,USD
be5de98c-fec7-4a69-91b5-4dd9f9f93f3d,2026-02-15 03:13:28,My Heart - s10,CustomItem,Items,1,Completed,,,4.00000,USD,Positive,,,,4.00000,USD
a0d7dbde-5b30-4eda-b37f-3b260b2859f7,2026-02-15 03:09:07,Ketupat Kepat 210m/s - x,CustomItem,Items,1,Completed,,,10.00000,USD,Positive,As described,,,10.00000,USD
f59b1673-bc84-4956-a02e-bec9672f3e26,2026-02-15 03:05:05,My Heart - s10,CustomItem,Items,1,Completed,,,4.00000,USD,Positive,Good communication,,,4.00000,USD
60e6fdfa-360c-449e-8263-db6b41edb65f,2026-02-15 03:03:04,My Heart - s10,CustomItem,Items,1,Completed,,,4.00000,USD,Positive,Good communication,,,4.00000,USD
99f4a73e-dcde-4daf-88a3-ee08dc344903,2026-02-15 02:58:27,Noo my Heart - s10,CustomItem,Items,1,Completed,,,4.00000,USD,Positive,w,,,4.00000,USD
12ed7987-eae4-460c-b2d0-dfe988fd7ca8,2026-02-15 02:48:06,Noo my Heart - s10,CustomItem,Items,1,Completed,,,4.00000,USD,Positive,Extra mile,,,4.00000,USD
c4020cc4-e94f-43d2-9f68-97d7d81a7232,2026-02-15 02:47:34,Noo my Heart - s10,CustomItem,Items,1,Completed,,,4.00000,USD,Positive,GGWP,,,4.00000,USD
5642855f-d75f-494f-aa80-5186f3330682,2026-02-15 02:44:46,My Heart - s10,CustomItem,Items,1,Completed,,,4.00000,USD,Positive,"The seller was very fast and quick. I got what I wanted, I would recommend.",,,4.00000,USD
d30edbc2-6daa-4266-a584-58625b0f9912,2026-02-15 02:44:37,Noo my Heart - s10,CustomItem,Items,1,Completed,,,4.00000,USD,Positive,GOAT,,,4.00000,USD
79e27cb5-0f0e-48ce-9cd7-b0f9669f4b9c,2026-02-15 02:44:25,My Heart - s10,CustomItem,Items,1,Completed,,,4.00000,USD,Positive,Fast delivery,,,4.00000,USD
82e5463c-7871-42e5-8e60-871aa4dc5c57,2026-02-15 02:37:27,Noo my Heart - s10,CustomItem,Items,1,Completed,,,4.00000,USD,Positive,GOAT,,,4.00000,USD
fb182faa-a5c2-40e6-9539-535146bbc56e,2026-02-15 02:34:52,Noo my Heart - s10,CustomItem,Items,1,Completed,,,4.00000,USD,Positive,Extra mile,,,4.00000,USD
ba37a29a-3fc5-4afb-a026-73b9662fcb02,2026-02-15 02:33:36,My Heart - s10,CustomItem,Items,1,Completed,,,4.00000,USD,Positive,,,,4.00000,USD
d38e7d17-076e-49bd-9e0e-2e6559ad2cd1,2026-02-15 02:32:22,Noo my Heart - s10,CustomItem,Items,1,Completed,,,4.00000,USD,Positive,Good communication,,,4.00000,USD
5599cc64-8ab7-44c3-abbc-931a4c9746bb,2026-02-15 02:29:53,My Heart - s10,CustomItem,Items,1,Completed,,,4.00000,USD,Positive,Good communication,,,4.00000,USD
70624b1b-2903-4954-95ea-7972be1123c9,2026-02-15 02:27:04,Noo my Heart - s10,CustomItem,Items,1,Completed,,,4.00000,USD,Positive,Good price,,,4.00000,USD
4e616e2a-7e77-43a7-a95e-d9e701b5bf20,2026-02-15 02:24:24,My Heart - s10,CustomItem,Items,1,Completed,,,4.00000,USD,Positive,,,,4.00000,USD
79210063-4a63-4cd8-9c35-a1188c9a34f0,2026-02-15 02:19:44,My Heart - s10,CustomItem,Items,1,Completed,,,4.00000,USD,Positive,Good price,,,4.00000,USD
527c3ccd-acf6-456a-bcd3-982c679dc81b,2026-02-15 02:18:42,Eviledon 315m -y,CustomItem,Items,1,Completed,,,15.00000,USD,Positive,GOAT,,,15.00000,USD
45df31cf-8e1e-435c-91dc-1bf9b84b8d16,2026-02-15 02:17:23,My Heart - s10,CustomItem,Items,1,Completed,,,4.00000,USD,Positive,GGWP,,,4.00000,USD
7ed4c0f4-4acb-4df7-9847-5b8088c54f9a,2026-02-15 02:16:45,Noo my Heart - s10,CustomItem,Items,1,Completed,,,4.00000,USD,Positive,GOAT,,,4.00000,USD
a2dc1aac-95e2-4a3a-8bf6-a787baf179e4,2026-02-15 02:15:31,My Heart - s10,CustomItem,Items,1,Completed,,,4.00000,USD,Positive,Helpful and responsive,,,4.00000,USD
aa1507b5-00c4-429d-bfbd-d1fadc9bd5f2,2026-02-15 02:15:17,Noo my Heart - s10,CustomItem,Items,1,Completed,,,4.00000,USD,Positive,"Exelent service,thanks",,,4.00000,USD
2f393516-987a-49c1-b97f-a7919bd0f650,2026-02-15 02:10:49,My Heart - s10,CustomItem,Items,1,Completed,,,4.00000,USD,Positive,Extra mile,,,4.00000,USD
4e728a59-3675-463d-8f17-0ce133c50a72,2026-02-15 02:06:28,Noo my Heart - s10,CustomItem,Items,1,Completed,,,4.00000,USD,Positive,Good communication,,,4.00000,USD
76425fdd-c661-4956-b5c8-aec19c691242,2026-02-15 02:03:05,Noo my Heart - s10,CustomItem,Items,1,Completed,,,4.00000,USD,Positive,gg,,,4.00000,USD
82f40623-1468-448b-81bd-36a68d7fadd5,2026-02-15 02:02:37,Noo my Heart - s10,CustomItem,Items,1,Completed,,,4.00000,USD,Positive,Fast delivery,,,4.00000,USD
bb3d637a-f00f-4c2e-8a7f-fb505e13dc19,2026-02-15 01:57:59,My Heart - s10,CustomItem,Items,2,Completed,,,4.00000,USD,Positive,Good price,,,8.00000,USD
4708cace-69bb-4c68-abdf-9b6f91896eb8,2026-02-15 01:55:40,My Heart - s10,CustomItem,Items,1,Completed,,,4.00000,USD,Positive,Good price,,,4.00000,USD
e029240b-6530-43d0-9951-75abf54516bb,2026-02-15 01:53:44,Noo my Heart - s10,CustomItem,Items,1,Completed,,,4.00000,USD,Positive,Extra mile,,,4.00000,USD
7377aadb-ec84-4202-9aae-27ac7103b3db,2026-02-15 01:52:30,My Heart - s10,CustomItem,Items,1,Completed,,,4.00000,USD,Positive,Good price,,,4.00000,USD
e094946d-5c6e-4ab2-ae88-d02cffcb26f4,2026-02-15 01:48:23,My Heart - s10,CustomItem,Items,1,Completed,,,4.00000,USD,Positive,GOAT,,,4.00000,USD
18fa4604-ad3d-43b2-a05c-d2b8176cad9c,2026-02-15 01:48:04,My Heart - s10,CustomItem,Items,1,Completed,,,4.00000,USD,Positive,"Very fast and nice ",,,4.00000,USD
eebbc7d6-202f-449e-bd2a-06463616cb13,2026-02-15 01:46:58,Noo my Heart - s10,CustomItem,Items,1,Completed,,,4.00000,USD,Positive,GGWP,,,4.00000,USD
05cfbbbb-ef46-43b5-b366-c4848a0d4a0d,2026-02-15 01:46:04,My Heart - s10,CustomItem,Items,2,Completed,,,4.00000,USD,Positive,Extra mile,,,8.00000,USD
de92ceca-1035-4079-84ef-6a28ad7ced86,2026-02-15 01:44:09,Noo my Heart - s10,CustomItem,Items,1,Completed,,,4.00000,USD,Positive,Extra mile,,,4.00000,USD
b5f42660-8dbd-4603-aa17-34920727af5e,2026-02-15 01:41:43,Noo my Heart - s10,CustomItem,Items,1,Completed,,,4.00000,USD,Positive,"Fast and great service ",,,4.00000,USD
fcdead8c-9095-48d0-bbd2-548378eb8df0,2026-02-15 01:34:17,Lavadorito Spinito 157 | s7,CustomItem,Items,1,Canceled,,,10.00000,USD,Unrated,,Cancelation_Of_Reserved_Order,,10.00000,USD
4b5bd725-7077-442a-a1f3-39c56fd8fb8b,2026-02-15 01:29:51,Noo my Heart - s10,CustomItem,Items,1,Completed,,,4.00000,USD,Positive,GOAT,,,4.00000,USD
5c45c29b-26ae-4d7d-90ab-549ec2395227,2026-02-15 01:28:45,Noo my Heart - s10,CustomItem,Items,1,Completed,,,4.00000,USD,Positive,,,,4.00000,USD
901d5220-7a32-4385-acf1-b108c0f99064,2026-02-15 01:27:35,Noo my Heart - s10,CustomItem,Items,1,Completed,,,4.00000,USD,Positive,Helpful and responsive,,,4.00000,USD
3ff04024-0dbf-47d7-9825-9f7c29f0a9b1,2026-02-15 01:15:10,My Heart - s10,CustomItem,Items,2,Completed,,,4.00000,USD,Positive,Helpful and responsive,,,8.00000,USD
be3c97b0-9fc1-4134-9700-bd449d66afc6,2026-02-15 01:09:52,Noo my Heart - s10,CustomItem,Items,1,Completed,,,4.00000,USD,Positive,GOAT,,,4.00000,USD
92a0a83f-83a3-4bbb-8e72-4c2e94b4371b,2026-02-15 01:08:44,Noo my Heart - s10,CustomItem,Items,1,Completed,,,4.00000,USD,Positive,Helpful and responsive,,,4.00000,USD
0f02fec7-95b8-4238-877a-8b00ba3a40b1,2026-02-15 01:01:15,Noo my Heart - s10,CustomItem,Items,1,Completed,,,4.00000,USD,Positive,yess my heart,,,4.00000,USD
611bf6cb-7019-414f-9313-ff71d058511e,2026-02-15 01:00:30,Noo my Heart - s10,CustomItem,Items,1,Completed,,,4.00000,USD,Positive,,,,4.00000,USD
1edfa19f-6642-42ec-95b8-cd41fb42efd2,2026-02-15 01:00:04,Noo my Heart - s10,CustomItem,Items,1,Completed,,,4.00000,USD,Positive,fast and legit,,,4.00000,USD
61d6ecbd-6f51-4d32-87e3-3af816caf382,2026-02-15 00:59:36,My Heart - s10,CustomItem,Items,1,Completed,,,4.00000,USD,Positive,Good communication,,,4.00000,USD
4b1d216d-8d96-4614-8f61-b3d7c5dfa927,2026-02-15 00:58:11,Noo my Heart - s10,CustomItem,Items,1,Completed,,,4.00000,USD,Positive,Fast delivery,,,4.00000,USD
0d2f9777-3420-41bf-9d8f-f4387adaeb2c,2026-02-15 00:57:53,Noo my Heart - s10,CustomItem,Items,1,Completed,Seller_Delivered_But_Order_Not_Received,I thought he was gonna give goods and he didn’t let me get them,4.00000,USD,Positive,Extra mile,,,4.00000,USD
33c0f357-f5c3-443c-894a-e3b948e3c397,2026-02-15 00:57:14,Noo my Heart - s10,CustomItem,Items,1,Completed,,,4.00000,USD,Positive,yess my heart,,,4.00000,USD
288b611f-a79a-4c07-aabf-6bc30001dde7,2026-02-15 00:56:27,My Heart - s10,CustomItem,Items,1,Completed,,,4.00000,USD,Positive,W seller,,,4.00000,USD
af307910-afd4-4c66-855c-7dee6316435e,2026-02-15 00:53:48,My Heart - s10,CustomItem,Items,1,Completed,,,4.00000,USD,Positive,Helpful and responsive,,,4.00000,USD
eab3cc6c-741a-49d8-a347-0880c2b1f0b6,2026-02-15 00:51:07,Noo my Heart - s10,CustomItem,Items,1,Completed,,,4.00000,USD,Positive,,,,4.00000,USD
bdaba2f3-d961-4e26-995a-e11d35fdfb72,2026-02-15 00:49:38,My Heart - s10,CustomItem,Items,1,Completed,,,4.00000,USD,Positive,Goat,,,4.00000,USD
053f6047-9889-40ae-bf75-f8337dd85191,2026-02-15 00:48:42,My Heart - s10,CustomItem,Items,1,Completed,,,4.00000,USD,Positive,Fast delivery,,,4.00000,USD
09497126-5600-48ed-8e31-57d7a8083192,2026-02-15 00:47:18,My Heart - s10,CustomItem,Items,2,Completed,,,4.00000,USD,Positive,Extra mile,,,8.00000,USD
e4c890fb-bb13-4172-a64f-ea4e8935b2e4,2026-02-15 00:47:06,My Heart - s10,CustomItem,Items,1,Completed,,,4.00000,USD,Positive,Good price,,,4.00000,USD
396c2116-40a7-4a74-bf04-cf8818960fdf,2026-02-15 00:45:38,Noo my Heart - s10,CustomItem,Items,1,Completed,,,4.00000,USD,Positive,Good,,,4.00000,USD
18370fda-a420-4195-9188-eca9d2680d2c,2026-02-15 00:40:27,Noo my Heart - s10,CustomItem,Items,1,Completed,,,4.00000,USD,Positive,very quick,,,4.00000,USD
35af24de-065f-4add-bd48-429a169a5102,2026-02-15 00:33:01,Noo my Heart - s10,CustomItem,Items,1,Completed,Seller_Delivered_But_Order_Not_Received,,4.00000,USD,Positive,"pretty fast
",,,4.00000,USD
725df979-f6de-46cd-bd25-9f9ce8530b21,2026-02-15 00:26:48,My Heart - s10,CustomItem,Items,1,Completed,,,4.00000,USD,Positive,GOAT,,,4.00000,USD
c39d6cfb-15b8-4087-ab6f-312d6a5a5a11,2026-02-15 00:24:59,Noo my Heart - s10,CustomItem,Items,1,Completed,,,4.00000,USD,Positive,Extra mile,,,4.00000,USD
705e2b28-9b59-4c83-89c1-19a0c889cf85,2026-02-15 00:22:47,Noo my Heart - s10,CustomItem,Items,1,Completed,,,4.00000,USD,Positive,GGWP,,,4.00000,USD
16edd05a-927d-498c-839a-32965008aed5,2026-02-15 00:22:11,My Heart - s10,CustomItem,Items,1,Completed,,,4.00000,USD,Positive,Good communication,,,4.00000,USD
6b30e615-1ad9-43df-a6e5-297624bfabc0,2026-02-15 00:14:18,Noo my Heart - s10,CustomItem,Items,1,Completed,,,4.00000,USD,Positive,Extra mile,,,4.00000,USD
80092c97-b371-433d-a9b4-33143f8b6637,2026-02-15 00:14:17,Noo my Heart - s10,CustomItem,Items,1,Completed,,,4.00000,USD,Positive,As described,,,4.00000,USD
bda22f01-b424-484d-b09d-2212025c213a,2026-02-14 22:19:12,"Rebirth 12, Floor 3, Clean Account, only have ID PASSWORD, Please Read Desc
Auto Delivery",Account,Accounts,1,Completed,,,3.00000,USD,Positive,GGWP,,,3.00000,USD
bae289be-a07f-4d1a-8a43-ec76f945f6a1,2026-02-14 22:04:13,Eviledon 315m -y,CustomItem,Items,1,Canceled,Item_Not_Delivered_Within_Delivery_Time,,15.00000,USD,Unrated,,Not_Delivered_Within_Guaranteed_Delivery_Time,,15.00000,USD
f5816822-9e67-4149-bb7b-06d3a7e8b9b5,2026-02-14 18:33:01,Eviledon 315m -y,CustomItem,Items,1,Canceled,,,15.00000,USD,Unrated,,Seller_Going_Offline,,15.00000,USD
af46bfc7-d41d-4b02-a98b-d20fa04c486b,2026-02-14 18:32:00,Ketupat Kepat 376.2m -y,CustomItem,Items,1,Completed,,,20.00000,USD,Positive,Helpful and responsive,,,20.00000,USD
0ddef865-2f13-41d2-bbda-bd318268b2f4,2026-02-14 18:21:49,Tang Tang Keletang 502.5m -s11,CustomItem,Items,1,Completed,,,25.00000,USD,Positive,As described,,,25.00000,USD
b470d8b5-af7c-4eba-ac38-4204d3712470,2026-02-14 18:19:17,Esok Sekolah,CustomItem,Items,1,Completed,,,2.50000,USD,Positive,Good price,,,2.50000,USD
eb0e0567-8160-4d41-b65f-74705bb69a75,2026-02-14 18:19:17,Swaggy Bros 340m - s20,CustomItem,Items,1,Completed,,,15.00000,USD,Positive,Extra mile,,,15.00000,USD
6bd01a0e-1421-4ded-bf24-f52079fe1b95,2026-02-14 18:07:16,Esok Sekolah,CustomItem,Items,1,Completed,,,2.50000,USD,Positive,GOAT,,,2.50000,USD
1663cb79-ba89-4119-93a5-ee2d553cc949,2026-02-14 18:03:31,Esok Sekolah + Spaghetti Tualetti - s16,CustomItem,Items,1,Canceled,,,5.50000,USD,Unrated,,Out_Of_Stock,,5.50000,USD
6e0d6fcf-9f3c-447b-9348-75ed842ff9e1,2026-02-14 17:53:27,My Heart - s10,CustomItem,Items,1,Canceled,,,4.00000,USD,Unrated,,Out_Of_Stock,,4.00000,USD
4a769ea7-7834-4f71-9754-c0ce7d011b4a,2026-02-14 17:53:12,My Heart - s10,CustomItem,Items,1,Canceled,,,4.00000,USD,Unrated,,Out_Of_Stock,,4.00000,USD
e77713a5-e186-4145-a3ea-ea0ba94b6594,2026-02-14 17:50:46,My Heart - s10,CustomItem,Items,1,Completed,,,4.00000,USD,Positive,GOAT,,,4.00000,USD
d26f6a2b-3da9-49e1-acf3-23975794fef6,2026-02-14 17:50:38,My Heart - s10,CustomItem,Items,1,Canceled,,,4.00000,USD,Unrated,,Out_Of_Stock,,4.00000,USD
9fb35a80-39a9-4ada-8a62-f2889fbfa20b,2026-02-14 17:50:32,"Rebirth 12, Floor 3, Clean Account, only have ID PASSWORD, Please Read Desc
Auto Delivery",Account,Accounts,1,Completed,,,3.00000,USD,Positive,Good price,,,3.00000,USD
29f77e31-84d6-495e-8a82-ace6d3e5676b,2026-02-14 17:49:24,My Heart - s10,CustomItem,Items,1,Completed,,,4.00000,USD,Positive,Extra mile,,,4.00000,USD
5e89f7e6-4a98-40df-85de-b2c1c670e635,2026-02-14 17:48:20,Noo my Heart - s10,CustomItem,Items,1,Completed,,,4.00000,USD,Positive,Fast delivery,,,4.00000,USD
c41a2b12-9608-4612-9c69-dc7e65b6dc66,2026-02-14 17:46:25,My Heart - s10,CustomItem,Items,1,Completed,,,4.00000,USD,Positive,Good price,,,4.00000,USD
9d0bc2d5-32a5-49d8-af6c-a09207d19200,2026-02-14 17:44:27,Noo my Heart - s10,CustomItem,Items,1,Completed,,,4.00000,USD,Positive,Good price,,,4.00000,USD
5fedea26-5719-44b7-b131-7fa772244cb9,2026-02-14 17:40:00,My Heart - s10,CustomItem,Items,1,Completed,,,4.00000,USD,Positive,Very respectful and very fast,,,4.00000,USD
6280dd93-67af-4b35-a9bb-074fc4e7aee2,2026-02-14 17:38:47,My Heart - s10,CustomItem,Items,1,Completed,,,4.00000,USD,Positive,GOAT,,,4.00000,USD
ba307e1e-4aa2-417d-b72c-776db869a8d4,2026-02-14 17:36:59,Esok Sekolah,CustomItem,Items,1,Completed,,,2.50000,USD,Positive,Fast delivery,,,2.50000,USD
0f268a51-0324-4c24-a4fc-bf2ca9297e6b,2026-02-14 17:33:45,Noo my Heart - s10,CustomItem,Items,1,Completed,,,4.00000,USD,Positive,GOAT,,,4.00000,USD
a6f57ff2-7cba-47a3-9579-6f9129c66f55,2026-02-14 17:26:54,My Heart - s10,CustomItem,Items,1,Completed,,,4.00000,USD,Positive,Good communication,,,4.00000,USD
80312acb-95a1-4e8a-b562-922882ab11d9,2026-02-14 17:23:32,My Heart - s10,CustomItem,Items,1,Completed,,,4.00000,USD,Positive,GOAT,,,4.00000,USD
350977b2-9255-4729-83b2-e04a61f493cc,2026-02-14 17:23:26,My Heart - s10,CustomItem,Items,1,Completed,,,4.00000,USD,Positive,As described,,,4.00000,USD
3c40b9e7-d337-48d6-bf70-1af803d38304,2026-02-14 17:16:38,Esok Sekolah,CustomItem,Items,4,Completed,,,2.50000,USD,Positive,Good communication,,,10.00000,USD
19125657-49f8-4f75-85b4-4078e0df7bad,2026-02-14 17:12:59,My Heart - s10,CustomItem,Items,1,Completed,,,4.00000,USD,Positive,Helpful and responsive,,,4.00000,USD
4db03143-5027-4df3-84e9-950fb91df43d,2026-02-14 17:10:26,Esok Sekolah,CustomItem,Items,1,Completed,,,2.50000,USD,Positive,GGWP,,,2.50000,USD
fe3f7163-fffa-465a-8953-0d82ec172580,2026-02-14 17:09:47,My Heart - s10,CustomItem,Items,1,Completed,,,4.00000,USD,Positive,Fast delivery,,,4.00000,USD
3de66288-451e-4d22-8478-2670eececf7e,2026-02-14 17:08:33,Noo my Heart - s10,CustomItem,Items,1,Completed,,,4.00000,USD,Positive,GOAT,,,4.00000,USD
6873a4e0-0508-4e64-9baa-7307c9ca8c20,2026-02-14 17:07:11,My Heart - s10,CustomItem,Items,1,Completed,,,4.00000,USD,Positive,he was fast,,,4.00000,USD
48786e22-2749-4adc-b486-ea46c5047de9,2026-02-14 17:06:46,My Heart - s10,CustomItem,Items,1,Completed,,,4.00000,USD,Positive,,,,4.00000,USD
607237f3-5190-442f-bb7e-e17909e690eb,2026-02-14 17:05:07,My Heart - s10,CustomItem,Items,1,Completed,,,4.00000,USD,Positive,Fast delivery,,,4.00000,USD
cb6e5344-d852-48fb-b0c4-f59be3c35115,2026-02-14 17:02:29,My Heart - s10,CustomItem,Items,1,Completed,,,4.00000,USD,Negative,"Le vendeur ne pas donner mon brainrot 
Je voudrais un remboursement
",,,4.00000,USD
a390be13-4d94-4d82-b5a0-914bf5f56ad7,2026-02-14 17:00:32,Esok Sekolah,CustomItem,Items,1,Completed,,,2.50000,USD,Positive,GOAT,,,2.50000,USD
adf3f0cd-5b0a-4a8d-a71a-c27bedc7fb7b,2026-02-14 16:59:49,Ketupat Kepat 210m/s - e,CustomItem,Items,1,Completed,,,10.00000,USD,Positive,GGWP,,,10.00000,USD
d0856827-ff29-4a14-beb5-ef88d7792358,2026-02-14 16:52:56,Esok Sekolah,CustomItem,Items,1,Completed,,,2.50000,USD,Positive,quick and efficient,,,2.50000,USD
4d04e182-39a0-44d6-a947-4d90ab7ca293,2026-02-14 16:51:40,Spaghetti Tualetti + Esok Sekolah - s16,CustomItem,Items,1,Canceled,,,5.50000,USD,Unrated,,Out_Of_Stock,,5.50000,USD
6fa89aa9-7dbf-4459-b636-44f222a79a0b,2026-02-14 16:51:31,Noo my Heart - s10,CustomItem,Items,1,Completed,,,4.00000,USD,Positive,Good price,,,4.00000,USD
7cacd9c2-e4b9-425b-8cff-0d3b6ca02013,2026-02-14 16:49:28,Esok Sekolah,CustomItem,Items,1,Completed,,,2.50000,USD,Positive,Helpful and responsive,,,2.50000,USD
f6aaa264-1d0f-4a2a-aef9-a266a487a17b,2026-02-14 16:48:04,Esok Sekolah,CustomItem,Items,1,Completed,,,2.50000,USD,Positive,Good communication,,,2.50000,USD
6dd72524-b4f8-416d-97b6-63bd81ca66a2,2026-02-14 16:47:09,Noo my Heart - s10,CustomItem,Items,1,Completed,,,4.00000,USD,Positive,GGWP,,,4.00000,USD
2136a32e-4ece-43cb-ab6f-cb32383020da,2026-02-14 16:46:15,Spaghetti Tualetti + Esok Sekolah - s16,CustomItem,Items,1,Completed,,,5.50000,USD,Positive,Extra mile,,,5.50000,USD
16f2e260-d036-4c9c-b63b-cf9948e5f20d,2026-02-14 16:43:45,My Heart - s10,CustomItem,Items,1,Completed,,,4.00000,USD,Positive,GOAT,,,4.00000,USD
767226f5-43b1-4e97-b7d7-46f17e63918c,2026-02-14 16:38:13,My Heart - s10,CustomItem,Items,1,Completed,,,4.00000,USD,Positive,As described,,,4.00000,USD
49760b47-3623-4f78-9423-d732ef2b69ad,2026-02-14 16:37:39,My Heart - s10,CustomItem,Items,1,Completed,,,4.00000,USD,Positive,Fast delivery,,,4.00000,USD
5049f71f-1184-4486-9fd9-00f57383a714,2026-02-14 16:35:35,My Heart - s10,CustomItem,Items,1,Completed,,,4.00000,USD,Positive,GGWP,,,4.00000,USD
81049d40-88e4-4359-8f81-3d928f2297e5,2026-02-14 16:28:16,Ketchuru and Musturu 520.6m -y,CustomItem,Items,1,Completed,,,25.00000,USD,Positive,"If you are looking to get the Secret-rarity Ketchuru and Musturu in Steal a Brainrot, you already know it is one of the hardest and most valuable Brainrots to obtain. After my experience, I can confidently say I found the best seller ever!
Here is why this purchase was a 10/10 experience, making them the top seller for high-tier Brainrots.
✨ The Purchase Experience: Why They Are the Best
Super Fast Delivery: I received my Ketchuru and Musturu in less than 10 minutes after my purchase. ",,,25.00000,USD
9aa5cdcc-ad01-4199-83f2-e4655c50097a,2026-02-14 16:21:01,My Heart - s10,CustomItem,Items,1,Completed,,,4.00000,USD,Positive,Extra mile,,,4.00000,USD
a6cb6884-a5d1-4d94-ba7b-cf54ec1e764f,2026-02-14 16:20:09,My Heart - s10,CustomItem,Items,1,Completed,,,4.00000,USD,Positive,GOAT,,,4.00000,USD
03bb1c96-e89a-4107-8fb8-28f1b643e651,2026-02-14 16:13:19,My Heart - s10,CustomItem,Items,1,Completed,,,4.00000,USD,Positive,GOAT,,,4.00000,USD
ac998a12-2a46-4e08-889c-6978574ba068,2026-02-14 16:11:11,My Heart - s10,CustomItem,Items,1,Completed,,,4.00000,USD,Positive,GGWP,,,4.00000,USD
3b54b0aa-0ee6-4abd-a245-d3d289e450a6,2026-02-14 16:07:07,Spaghetti Tualetti + Esok Sekolah - s16,CustomItem,Items,1,Completed,,,5.50000,USD,Positive,Fast delivery,,,5.50000,USD
95bd6f62-015b-436a-8d1b-0a943adaa9f3,2026-02-14 16:06:46,Esok Sekolah,CustomItem,Items,1,Completed,,,2.50000,USD,Positive,Good price,,,2.50000,USD
a37e3581-9247-4e98-83b8-d1a110154570,2026-02-14 16:06:07,My Heart - s10,CustomItem,Items,1,Completed,,,4.00000,USD,Positive,Extra mile,,,4.00000,USD
d672c1fc-f6f1-489a-9845-37cf3236d399,2026-02-14 16:03:21,My Heart - s10,CustomItem,Items,1,Completed,,,4.00000,USD,Positive,"good seller, u can trust",,,4.00000,USD
d81fb8e4-f5dc-430f-8918-2d143238784c,2026-02-14 15:58:55,Esok Sekolah,CustomItem,Items,1,Completed,,,2.50000,USD,Positive,GGWP,,,2.50000,USD
76b88937-ff93-49fb-8e0e-16890cfcd78a,2026-02-14 15:56:40,My Heart - s10,CustomItem,Items,1,Completed,,,4.00000,USD,Positive,good,,,4.00000,USD
d84afb79-e57a-41c3-911c-52ae22f9ebfb,2026-02-14 15:46:45,My Heart - s10,CustomItem,Items,1,Completed,,,4.00000,USD,Positive,Fast delivery,,,4.00000,USD
7eb6ec86-36ab-47b6-8dfc-7e87fcd675dc,2026-02-14 15:46:24,My Heart - s10,CustomItem,Items,1,Completed,,,4.00000,USD,Positive,Helpful and responsive,,,4.00000,USD
8bb637bf-a9ff-44dc-92bd-c3a45c262200,2026-02-14 15:43:42,Noo my Heart - s10,CustomItem,Items,1,Completed,,,4.00000,USD,Positive,GGWP,,,4.00000,USD
caba2823-e8f0-4efe-9705-8fd1f2f1bb87,2026-02-14 15:42:31,My Heart - s10,CustomItem,Items,1,Completed,,,4.00000,USD,Positive,Fast delivery,,,4.00000,USD
44ac3647-a9cf-4cb9-ab3c-41cac3697fd5,2026-02-14 15:42:10,My Heart - s10,CustomItem,Items,1,Completed,,,4.00000,USD,Positive,As described,,,4.00000,USD
1f86a3f6-50ed-4ab4-9dbe-827f4d66312a,2026-02-14 15:41:50,Noo my Heart - s10,CustomItem,Items,1,Completed,,,4.00000,USD,Positive,,,,4.00000,USD
600b0208-89be-42c1-a280-72db67f486d1,2026-02-14 15:36:36,Tuff Toucan 448.5m - w,CustomItem,Items,1,Completed,,,15.00000,USD,Positive,Helpful and responsive,,,15.00000,USD
52d2b345-3838-4331-8b4e-d5a79a2e20ce,2026-02-14 15:32:27,My Heart - s10,CustomItem,Items,1,Completed,,,4.00000,USD,Positive,Helpful and responsive,,,4.00000,USD
04dbf08d-1f40-4d84-8569-e76a7441b2c5,2026-02-14 15:18:30,Nuclearo Dinossauro 150m -y,CustomItem,Items,1,Completed,,,10.00000,USD,Positive,GGWP,,,10.00000,USD
928c53a8-74c7-45b3-9238-bb8dffca4f29,2026-02-14 15:06:05,My Heart - s10,CustomItem,Items,1,Completed,,,4.00000,USD,Positive,Good communication,,,4.00000,USD
c0c9d782-16bd-4c93-ae0f-85b7023bb1dd,2026-02-14 14:45:27,"Diamond
Los 67
393.7m/s - s20",CustomItem,Items,1,Completed,,,20.00000,USD,Positive,Good communication,,,20.00000,USD
a9f83876-2656-434e-80d7-7db912f10b5d,2026-02-14 14:22:06,Spaghetti Tualetti + Esok Sekolah - s16,CustomItem,Items,1,Completed,,,5.50000,USD,Positive,Fast delivery,,,5.50000,USD
d2b775f4-d2db-4fb6-967d-98a238b8d101,2026-02-14 14:20:34,Tang Tang Keletang 502.5m -s11,CustomItem,Items,1,Canceled,,,25.00000,USD,Unrated,,Buyer_Did_Not_Respond,,25.00000,USD
d72b5431-2328-41e7-a141-de831887b760,2026-02-14 12:56:54,Noo my Heart - s10,CustomItem,Items,1,Completed,,,4.00000,USD,Positive,Extra mile,,,4.00000,USD
f888266e-d55e-4c22-a21c-f22a90768510,2026-02-14 12:54:10,Noo my Heart - s10,CustomItem,Items,1,Completed,,,4.00000,USD,Positive,Helpful and responsive,,,4.00000,USD
d1d2b975-11dd-45cf-a1c7-2ae8ba5cd8ba,2026-02-14 12:39:15,Noo my Heart - s10,CustomItem,Items,1,Completed,,,4.00000,USD,Positive,Extra mile,,,4.00000,USD
47812370-fc29-425f-8952-13c5c16edf7d,2026-02-14 12:36:00,Ketchuru 212m | s7,CustomItem,Items,1,Completed,,,10.00000,USD,Positive,GOAT,,,10.00000,USD
68bfbe9e-095e-4545-8cc5-b3bc6dcde5e7,2026-02-14 12:28:59,Noo my Heart - s10,CustomItem,Items,1,Completed,,,4.00000,USD,Positive,GOAT,,,4.00000,USD
e1187141-f4ad-4e1a-a2d0-74558c8bb4d7,2026-02-14 11:52:12,Diamond Tictac Sahur 431.2m/s - e,CustomItem,Items,1,Completed,,,20.00000,USD,Positive,Extra mile,,,20.00000,USD
42ab84d3-2dd1-417b-85dc-bba5dba665ef,2026-02-14 10:50:01,La Taco Combinasion 315m - w,CustomItem,Items,1,Completed,,,15.00000,USD,Positive,Fast delivery,,,15.00000,USD
9ac7d327-c118-47a3-9c4c-24b907eaee12,2026-02-14 10:06:10,Esok Sekolah,CustomItem,Items,1,Completed,,,2.50000,USD,Positive,GOAT,,,2.50000,USD
124051ab-6903-4453-be70-59080f083141,2026-02-14 09:49:10,La Ginger Sekolah 300m/s - s18,CustomItem,Items,1,Completed,,,10.00000,USD,Positive,As described,,,10.00000,USD
f6f42d7a-bb40-4072-8ec0-a34b69afdf30,2026-02-14 09:47:41,Spaghetti Tualetti -v,CustomItem,Items,1,Completed,,,5.00000,USD,Positive,Helpful and responsive,,,5.00000,USD
0ebce90d-9162-4bfa-ac6f-28f5d1179930,2026-02-14 08:35:22,Tictac Sahur 187.5m - w,CustomItem,Items,1,Completed,,,10.00000,USD,Positive,Extra mile,,,10.00000,USD
078140b4-474a-4b82-bd85-1c9db203af64,2026-02-14 07:59:07,Spaghetti Tualetti + Esok Sekolah - s16,CustomItem,Items,1,Completed,,,5.50000,USD,Positive,GOAT,,,5.50000,USD
1b217336-632a-4680-bd65-89fd829065bb,2026-02-14 07:58:47,Tuff Toucan 156m - s7,CustomItem,Items,1,Completed,,,8.00000,USD,Positive,Extra mile,,,8.00000,USD
29d93d77-8685-4a34-96a4-935f5e938707,2026-02-14 06:57:52,Spaghetti Tualetti + Esok Sekolah - s16,CustomItem,Items,1,Completed,,,5.50000,USD,Positive,GGWP,,,5.50000,USD
2189bd9d-1f59-45c3-bf9e-c18c4d72c353,2026-02-14 05:22:43,Noo my Heart - s10,CustomItem,Items,1,Completed,,,10.00000,USD,Positive,Good price,,,10.00000,USD
c08a0bd8-471c-4066-8294-2f12c2cda14c,2026-02-14 05:09:57,Noo my Heart - s10,CustomItem,Items,1,Completed,,,10.00000,USD,Positive,,,,10.00000,USD
f9c05b42-2c28-4af6-a7cf-6d8b3360fb78,2026-02-14 04:50:35,Ketupat Kepat 323.7m -y,CustomItem,Items,1,Completed,,,15.00000,USD,Positive,GGWP,,,15.00000,USD
77b013dd-7211-40b5-a371-46b8e1effab6,2026-02-14 03:33:52,Lavadorito Spinito 135m - w,CustomItem,Items,1,Completed,,,10.00000,USD,Positive,Fast delivery,,,10.00000,USD
fd793098-8a4f-456a-aa8c-4bd823a310b2,2026-02-14 02:56:58,Noo my Heart - s10,CustomItem,Items,1,Completed,,,10.00000,USD,Positive,Trusted trader,,,10.00000,USD
16565433-440d-454c-9b99-7174d879e12a,2026-02-13 17:28:42,Tictac Sahur 487.5m -y,CustomItem,Items,1,Completed,,,22.00000,USD,Positive,GOAT,,,22.00000,USD
c6fc5b0b-4638-49e0-bf66-f131f05b7924,2026-02-13 17:21:20,Bacuru and Egguru 264m -s11,CustomItem,Items,1,Completed,,,10.00000,USD,Positive,Good price,,,10.00000,USD
81d9ffc8-5f66-44ef-988f-5aba54fcabec,2026-02-13 15:54:29,ketupat Kepat 437.5m -y,CustomItem,Items,1,Completed,,,20.00000,USD,Positive,GOAT,,,20.00000,USD
d2c682d9-fb66-4490-8724-553b8102f218,2026-02-13 15:28:24,Esok Sekolah,CustomItem,Items,1,Completed,,,2.50000,USD,Positive,GGWP,,,2.50000,USD
46214cb5-0a77-4cb6-9550-2265a9757ab2,2026-02-13 15:27:34,Esok Sekolah,CustomItem,Items,7,Canceled,,,2.50000,USD,Unrated,,Buyer_Did_Not_Respond,,17.50000,USD
a9b7aab0-c4dd-47ce-b9f6-ddb5e389790b,2026-02-13 15:16:47,Esok Sekolah,CustomItem,Items,1,Canceled,,,2.50000,USD,Unrated,,Seller_Going_Offline,,2.50000,USD
f978e325-b72d-4661-a67d-90610a31de2c,2026-02-13 14:51:21,Tuff Toucan 156m - s7,CustomItem,Items,1,Completed,,,8.00000,USD,Positive,Good communication,,,8.00000,USD
8c647bef-b3c4-48e5-b56c-33ac2683a4f9,2026-02-13 13:49:42,Esok Sekolah,CustomItem,Items,2,Completed,,,2.50000,USD,Positive,Helpful and responsive,,,5.00000,USD
4c32fff7-4f2f-4a10-9c5c-e1611b4f4e21,2026-02-13 13:47:02,Tuff Toucan 156m - s7,CustomItem,Items,1,Canceled,,,8.00000,USD,Unrated,,Buyer_Did_Not_Respond,,8.00000,USD
3a61f2e3-130c-4883-9eaf-41acc48a316a,2026-02-13 13:27:52,Esok Sekolah,CustomItem,Items,1,Completed,,,2.50000,USD,Positive,As described,,,2.50000,USD
7a218cdb-92fe-4a08-8dec-48d6dca61a7b,2026-02-13 13:13:54,Esok Sekolah,CustomItem,Items,2,Completed,,,2.50000,USD,Positive,GOAT,,,5.00000,USD
12d907e6-9ae4-454c-b225-bc509a3bba1e,2026-02-13 13:09:49,Esok Sekolah,CustomItem,Items,1,Completed,,,2.50000,USD,Positive,Extra mile,,,2.50000,USD
5ca38481-72e1-410c-88a9-491352e0711e,2026-02-13 12:46:29,Esok Sekolah,CustomItem,Items,5,Completed,,,2.50000,USD,Positive,"Thank you so much for the very friendly and super fast delivery service.
I can only recommend you as seller. I will buy from you again.",,,12.50000,USD
56724bb8-e76d-400c-a37d-858f877b29e6,2026-02-13 12:07:49,Esok Sekolah,CustomItem,Items,1,Completed,,,2.50000,USD,Positive,Helpful and responsive,,,2.50000,USD
19961fbf-fed8-4344-b612-001de67a6d1d,2026-02-13 12:06:16,Esok Sekolah,CustomItem,Items,1,Completed,,,2.50000,USD,Positive,"He wanted his private and didn’t scam or hit me
",,,2.50000,USD
4054b097-a7c4-4e75-b580-381d6a4ca1d8,2026-02-13 11:58:45,Esok Sekolah,CustomItem,Items,1,Completed,,,2.50000,USD,Positive,Fast delivery,,,2.50000,USD
2815fc74-b36e-487c-aed2-8b413a868f8c,2026-02-13 11:46:16,Esok Sekolah,CustomItem,Items,1,Completed,,,2.50000,USD,Positive,As described,,,2.50000,USD
fc944528-8814-47d3-9d7b-4bf3ce559035,2026-02-13 11:41:12,Esok Sekolah,CustomItem,Items,1,Canceled,,,2.50000,USD,Unrated,,Buyer_Did_Not_Respond,,2.50000,USD
ab139e57-034f-487e-b27f-e91ec58ac8dd,2026-02-13 11:30:02,Esok Sekolah,CustomItem,Items,2,Completed,,,2.50000,USD,Positive,Fast delivery,,,5.00000,USD
9796a28b-8952-433b-80cb-83e1045b8a34,2026-02-13 11:27:17,Esok Sekolah,CustomItem,Items,1,Completed,,,2.50000,USD,Positive,GGWP,,,2.50000,USD
cbbd2991-c5a6-4dc6-ac88-81de96f97e9f,2026-02-13 11:25:18,Esok Sekolah,CustomItem,Items,1,Completed,,,2.50000,USD,Positive,Good price,,,2.50000,USD
8b927ba6-c309-4c71-a02d-6d9b9302f367,2026-02-13 11:13:12,Spaghetti Tualetti + Esok Sekolah - s16,CustomItem,Items,1,Completed,,,5.50000,USD,Positive,Fast delivery,,,5.50000,USD
dfcfa715-6983-4ec6-9d31-7c8a02224837,2026-02-13 11:11:45,Esok Sekolah,CustomItem,Items,1,Completed,,,2.50000,USD,Positive,As described,,,2.50000,USD
7ba296f0-668f-4daa-8a4f-0e929f9d4d76,2026-02-13 11:10:16,Ketchuru and Musturu 255m - w,CustomItem,Items,1,Completed,,,10.00000,USD,Positive,Good communication,,,10.00000,USD
2dd2780b-6063-4e17-b124-8b0f648dbf3f,2026-02-13 09:41:31,Esok Sekolah,CustomItem,Items,1,Canceled,,,2.50000,USD,Unrated,,Buyer_Did_Not_Respond,,2.50000,USD
3546fa76-de30-456d-801c-352fb3f3445f,2026-02-13 07:44:31,Esok Sekolah,CustomItem,Items,1,Completed,,,2.50000,USD,Positive,Good price,,,2.50000,USD
d810fb63-0d44-46c3-810c-9bd2bea66232,2026-02-13 06:28:49,Esok Sekolah,CustomItem,Items,1,Completed,,,2.50000,USD,Positive,Extra mile,,,2.50000,USD
421911ac-dd1f-41b7-b685-1249a639b857,2026-02-13 06:11:09,Candy Tictac Sahur 487.5m/s - e,CustomItem,Items,1,Completed,,,20.00000,USD,Positive,Fast delivery,,,20.00000,USD
a49366d1-0f55-4ec9-abbb-9b8aef30df54,2026-02-13 06:10:13,Esok Sekolah,CustomItem,Items,1,Completed,,,2.50000,USD,Positive,GOAT,,,2.50000,USD
66bd08d6-8c46-413b-a326-c789c0140526,2026-02-13 05:29:16,Swaggy Bros 220m - w24,CustomItem,Items,1,Completed,,,10.00000,USD,Positive,As described,,,10.00000,USD
b784d2e0-267d-49e5-a639-e8ea8c525d44,2026-02-13 04:19:24,Ketupat Kepat 140m - w,CustomItem,Items,1,Completed,,,10.00000,USD,Positive,Extra mile,,,10.00000,USD
6e50f8ca-3aa1-44cc-8a6a-88aaba1135e9,2026-02-12 17:52:15,"Rebirth 12, Floor 3, Please Read Desc
Auto Delivery",Account,Accounts,1,Completed,,,3.00000,USD,Positive,Good price,,,3.00000,USD
47203b75-ecfb-4aae-983d-06bdc23d26fc,2026-02-12 17:14:30,La Taco Combinasion 577.5m -y,CustomItem,Items,1,Completed,,,25.00000,USD,Positive,GGWP,,,25.00000,USD
7b70bc4c-c3f2-4283-9135-a362de6d0ea7,2026-02-12 16:18:32,Los Mobilis -snd22,CustomItem,Items,1,Completed,,,3.00000,USD,Positive,Helpful and responsive,,,3.00000,USD
a94186ab-0a12-4082-b07f-34d0d7db956b,2026-02-12 16:13:46,Tictac Sahur 262.5m/s - e,CustomItem,Items,1,Completed,,,13.00000,USD,Positive,GGWP,,,13.00000,USD
1b343b36-c74a-4686-9a2f-6c23abc54aa4,2026-02-12 16:06:46,Spaghetti Tualetti -v,CustomItem,Items,1,Completed,,,5.00000,USD,Positive,Fast delivery,,,5.00000,USD
27a2d5c7-dc99-4d8e-89f7-e3f2a4ad7eb3,2026-02-12 15:56:32,Money Money Puggy 273m - w,CustomItem,Items,1,Completed,,,10.00000,USD,Positive,GGWP,,,10.00000,USD
3d4efd78-8897-43ed-b91d-e6ca2421d070,2026-02-12 15:55:13,Spaghetti Tualetti -v,CustomItem,Items,1,Completed,,,5.00000,USD,Positive,Good communication,,,5.00000,USD
57701b73-d92e-41a1-a630-7035613a611b,2026-02-12 15:53:55,Esok Sekolah,CustomItem,Items,1,Completed,,,2.50000,USD,Positive,,,,2.50000,USD
38741ea1-0ccd-46ef-99b9-827cb111be41,2026-02-12 15:31:37,Los Candies 195m -s11,CustomItem,Items,1,Completed,,,7.00000,USD,Positive,Extra mile,,,7.00000,USD
5d0c487a-f127-48e2-98c7-9f4218f5464c,2026-02-12 15:07:20,Orcaledon 240m - w,CustomItem,Items,1,Completed,,,10.00000,USD,Positive,Good price,,,10.00000,USD
cc1aa222-e18a-4d9d-8fe3-e9c19d872376,2026-02-12 15:06:50,Spaghetti Tualetti -v,CustomItem,Items,1,Completed,,,5.00000,USD,Positive,Extra mile,,,5.00000,USD
be517f85-96aa-4a79-aea2-496313159740,2026-02-12 12:17:32,Tictac Sahur 225m/s - s3,CustomItem,Items,1,Completed,,,10.00000,USD,Positive,,,,10.00000,USD
4c401247-8e11-45dc-bebd-e1a0f0f7d567,2026-02-12 11:14:49,Spaghetti Tualetti + Esok Sekolah - s16,CustomItem,Items,1,Completed,,,5.50000,USD,Positive,"speed is her name
",,,5.50000,USD
f85c6cd8-6197-4582-82b2-aea2a40977bb,2026-02-12 10:38:38,Spaghetti Tualetti + Esok Sekolah - s16,CustomItem,Items,1,Completed,,,5.50000,USD,Positive,,,,5.50000,USD
2c829c51-2fd1-427f-9d62-4fd623e4024d,2026-02-12 09:50:04,Esok Sekolah,CustomItem,Items,1,Canceled,,,2.50000,USD,Unrated,,Buyer_Did_Not_Respond,,2.50000,USD
10f7714c-b630-4599-87aa-74791c3c2f4f,2026-02-12 09:43:42,Bacuru and Egguru 372m -s,CustomItem,Items,1,Completed,,,12.00000,USD,Positive,vouchhhh,,,12.00000,USD
e6bd74f7-e127-4e82-bccf-06c6e86253c3,2026-02-12 08:42:11,Ketupat Kepat 175m - s7,CustomItem,Items,1,Completed,,,10.00000,USD,Positive,As described,,,10.00000,USD
3d9c8038-5b93-4451-b824-407f8c7a676b,2026-02-12 03:15:11,Esok Sekolah,CustomItem,Items,1,Completed,,,2.50000,USD,Positive,As described,,,2.50000,USD
e9e5b802-a0eb-4cd8-9eb8-65c26844723b,2026-02-12 03:14:59,Lavadorito Spinito 180m - w,CustomItem,Items,1,Completed,,,10.00000,USD,Positive,As described,,,10.00000,USD
9a1999f6-dfec-400a-a57d-35344fa332ca,2026-02-11 17:36:14,Noo my Heart - s10,CustomItem,Items,1,Completed,,,10.00000,USD,Positive,Vvoouucchhg,,,10.00000,USD
d5189192-d12d-4803-8193-0d1f41b0dfe1,2026-02-11 17:35:20,Ketupat Kepat 420m -y,CustomItem,Items,1,Completed,,,20.00000,USD,Positive,GGWP,,,20.00000,USD
e02e788b-b85b-4d11-8f60-59bd5f2b719f,2026-02-11 17:02:08,Ketupat Kepat 420m -y,CustomItem,Items,1,Completed,,,20.00000,USD,Positive,Good communication,,,20.00000,USD
f7ab3c30-1675-4772-8c4a-a8dc835baf96,2026-02-11 16:09:50,Swaggy Bros 250m - s20,CustomItem,Items,1,Completed,,,10.00000,USD,Positive,Helpful and responsive,,,10.00000,USD
d1df2f7c-80dd-4f2f-962f-e77c76e314b5,2026-02-11 16:03:38,Lavadorito Spinito 135m - w,CustomItem,Items,1,Completed,,,10.00000,USD,Positive,Extra mile,,,10.00000,USD
8b17b627-8bb3-4714-97bd-dcb021a9e4da,2026-02-11 15:07:15,Noo my Heart - s10,CustomItem,Items,1,Completed,,,10.00000,USD,Positive,"great
",,,10.00000,USD
e565a70e-53b5-4c5b-bb13-dc36ed67556f,2026-02-11 13:51:06,Spaghetti Tualetti + Esok Sekolah - s16,CustomItem,Items,1,Completed,,,5.50000,USD,Positive,Extra mile,,,5.50000,USD
5cd2835e-0b7e-4b04-be83-0dfe4f8665eb,2026-02-11 13:42:09,Los Puggies 495m -y,CustomItem,Items,1,Completed,,,20.00000,USD,Positive,Helpful and responsive,,,20.00000,USD
f58e910f-4a63-4a01-8c94-13210cfdc568,2026-02-11 12:39:37,Bacuru and Egguru 336m -y,CustomItem,Items,1,Completed,,,12.00000,USD,Positive,GOAT,,,12.00000,USD
7e9f1e7b-74dc-4399-bd7b-1849983377ef,2026-02-11 12:36:12,Esok Sekolah,CustomItem,Items,1,Canceled,,,2.50000,USD,Unrated,,Buyer_Did_Not_Respond,,2.50000,USD
9c6785cb-a725-457d-9042-c2d3077cf742,2026-02-11 12:22:47,Esok Sekolah,CustomItem,Items,1,Completed,,,2.50000,USD,Positive,As described,,,2.50000,USD
cc008e31-695b-4c43-a30b-95d8baf31fa9,2026-02-11 12:16:41,Tang Tang Keletang 502.5m -s11,CustomItem,Items,1,Canceled,,,25.00000,USD,Unrated,,Buyer_Does_Not_Need_It_Anymore,,25.00000,USD
77e93a11-0799-45ca-bcaf-80fb95ce6af6,2026-02-11 11:43:48,Tictac Sahur 393.7m - w,CustomItem,Items,1,Completed,,,15.00000,USD,Positive,Good price,,,15.00000,USD
3ba6d03d-fbd7-45f2-a837-2a93fad4b249,2026-02-11 11:22:03,Lavadorito Spinito 225m - w,CustomItem,Items,1,Completed,,,10.00000,USD,Positive,GOAT,,,10.00000,USD
ff3fe7ef-208d-4914-aff9-3c96c5f3cc7b,2026-02-11 10:49:13,Eviledon 409.5m -y,CustomItem,Items,1,Completed,,,20.00000,USD,Positive,Good communication,,,20.00000,USD
9e281faf-d746-41a8-913e-d4aef0f2df5a,2026-02-11 07:07:13,Los Spooky Combinasionas 200m - w,CustomItem,Items,1,Completed,,,10.00000,USD,Positive,,,,10.00000,USD
2c629521-80f9-4eb5-83c5-ffe67f738efe,2026-02-11 04:47:00,Los Primos 418m -y,CustomItem,Items,1,Completed,,,22.00000,USD,Positive,GGWP,,,22.00000,USD
44f9ff83-7203-41ff-ac11-7fa68dedadad,2026-02-11 04:33:20,Spaghetti Tualetti -v,CustomItem,Items,1,Completed,,,5.00000,USD,Positive,"He even gave me a better version 
",,,5.00000,USD
4b772e08-676c-4f60-906e-ced131195875,2026-02-11 02:27:22,Spaghetti Tualetti -v,CustomItem,Items,1,Completed,,,5.00000,USD,Positive,GOAT,,,5.00000,USD
adb84eae-c9d3-46ff-a31a-ddc65eced26f,2026-02-11 02:16:42,Spaghetti Tualetti -v,CustomItem,Items,1,Completed,,,5.00000,USD,Positive,GGWP,,,5.00000,USD
70ffd958-9668-48ad-a6b0-e92943b93da0,2026-02-11 02:08:44,Ketchuru and Musturu 297.5m - s7,CustomItem,Items,1,Completed,,,12.00000,USD,Positive,GGWP,,,12.00000,USD
dbd59eb0-d95f-4922-984f-d403112ca006,2026-02-11 02:01:22,Spaghetti Tualetti + Esok Sekolah - s16,CustomItem,Items,2,Completed,,,5.50000,USD,Positive,Good price,,,11.00000,USD
9d6160bf-c2e9-4c42-8eec-07d7c7816f6d,2026-02-11 00:58:44,Noo my Heart - s10,CustomItem,Items,1,Completed,,,10.00000,USD,Positive,GOAT,,,10.00000,USD
f6d998f4-b1f3-45d2-8b18-11e502c9f20b,2026-02-11 00:31:34,Tictac Sahur 450m -y,CustomItem,Items,1,Completed,,,20.00000,USD,Positive,Helpful and responsive,,,20.00000,USD
b8bc1a01-e47e-48a6-984a-e35772c26add,2026-02-11 00:30:12,Spaghetti Tualetti -v,CustomItem,Items,1,Completed,,,5.00000,USD,Positive,GOAT,,,5.00000,USD
b03ed4f5-2ae8-4df9-952c-240853713cd6,2026-02-11 00:14:10,Spaghetti Tualetti -v,CustomItem,Items,1,Completed,,,5.00000,USD,Positive,Helpful and responsive,,,5.00000,USD
9a9c08a3-b298-48d3-b766-ca765780b00f,2026-02-11 00:13:23,Spaghetti Tualetti -v,CustomItem,Items,1,Completed,,,5.00000,USD,Positive,"  It might be for five dollars, but it’s true",,,5.00000,USD
37636a51-fbe9-44bd-9f74-7e91396d4f5e,2026-02-11 00:11:10,Spaghetti Tualetti -v,CustomItem,Items,1,Canceled,,,5.00000,USD,Unrated,,Buyer_Did_Not_Respond,,5.00000,USD
ae309ab0-2bef-49cd-9111-89276c40df2b,2026-02-11 00:00:24,Noo my Heart 188.5m - w,CustomItem,Items,1,Completed,,,10.00000,USD,Positive,Extra mile,,,10.00000,USD
9b21bffb-f531-4a59-b281-254db08bca20,2026-02-10 17:35:33,Spaghetti Tualetti + Esok Sekolah - s16,CustomItem,Items,1,Completed,,,6.00000,USD,Positive,Fast delivery,,,6.00000,USD
584feed3-ae1b-4e5b-80e5-cafff7403395,2026-02-10 17:25:21,Tuff Toucan 312m -y,CustomItem,Items,1,Completed,,,10.00000,USD,Positive,Extra mile,,,10.00000,USD
20e1f8d3-56ee-41b2-8a91-a902045da660,2026-02-10 17:12:56,Esok Sekolah,CustomItem,Items,1,Completed,,,2.50000,USD,Positive,Good price,,,2.50000,USD
f20d5357-cc3a-49c6-8500-3649d67aee56,2026-02-10 17:03:29,Ketchuru and Musturu 127.5m - s7,CustomItem,Items,1,Completed,,,10.00000,USD,Positive,Extra mile,,,10.00000,USD
a15fd0f9-1bfb-4a59-9529-681b5176d022,2026-02-10 16:42:20,Money Money Puggy 152.2m/s - s17,CustomItem,Items,1,Completed,,,7.00000,USD,Positive,Helpful and responsive,,,7.00000,USD
8b555a75-f61a-4a5a-b7b7-de097ef3b1db,2026-02-10 16:40:07,Nuclearo Dinossauro 180m - w,CustomItem,Items,1,Completed,,,10.00000,USD,Positive,Ty w trusted,,,10.00000,USD
b11f6fa1-b9e3-47ae-aecf-e77155522ae1,2026-02-10 16:18:20,Swaggy Bros 860m - s7,CustomItem,Items,1,Completed,,,30.00000,USD,Positive,As described,,,30.00000,USD
0fda5bd7-e2f0-4a97-90f0-e90d52b377ae,2026-02-10 14:52:30,La Extinct Grande 85m - s10,CustomItem,Items,1,Completed,,,5.00000,USD,Positive,Very trusted,,,5.00000,USD
0b484186-1249-457b-98c1-4548e559eb5f,2026-02-10 14:02:56,Esok Sekolah,CustomItem,Items,1,Completed,,,2.50000,USD,Positive,Fast delivery,,,2.50000,USD
39befa16-bf19-4a9e-9ed9-c2153703b051,2026-02-10 13:50:05,Ketupat Kepat 175m - w,CustomItem,Items,1,Completed,,,10.00000,USD,Positive,Good price,,,10.00000,USD
4094c667-955c-458a-93a7-39f43514d060,2026-02-10 10:15:56,Tang Tang Keletang 400m -y,CustomItem,Items,1,Completed,,,18.00000,USD,Positive,Realy nice w guy,,,18.00000,USD
b6117830-fd7f-4f21-b837-7f6cc00ac50e,2026-02-10 09:54:44,Ketupat Kepat 210m -s7,CustomItem,Items,1,Completed,,,10.00000,USD,Positive,,,,10.00000,USD
afc458af-8ed6-424f-8597-582d4b020356,2026-02-09 17:33:22,Spaghetti Tualetti -v,CustomItem,Items,1,Completed,,,5.00000,USD,Positive,GGWP,,,5.00000,USD
5974a8bc-72bf-4e9d-9c43-23c81d19d605,2026-02-09 17:16:09,Spaghetti Tualetti -v,CustomItem,Items,1,Completed,,,5.00000,USD,Positive,Fast delivery,,,5.00000,USD
02cdbb46-3da4-4837-8962-ea16a7dd76a1,2026-02-09 17:14:19,Spaghetti Tualetti -v,CustomItem,Items,1,Completed,,,5.00000,USD,Positive,Good price,,,5.00000,USD
8a52a7de-6396-4a40-88b2-a5481a265541,2026-02-09 17:00:46,Spaghetti Tualetti -v,CustomItem,Items,1,Completed,,,5.00000,USD,Positive,Fast delivery,,,5.00000,USD
0daabe36-d44f-47d4-a616-12dd862d00bb,2026-02-09 16:55:38,Spaghetti Tualetti -v,CustomItem,Items,1,Completed,,,5.00000,USD,Positive,Helpful and responsive,,,5.00000,USD
e752c9a7-137f-48e9-90bc-d13ce5f6c945,2026-02-09 16:53:46,Spaghetti Tualetti -v,CustomItem,Items,1,Completed,,,5.00000,USD,Positive,GGWP,,,5.00000,USD
3fd220d9-4c9f-4f05-aee5-6fec4118aca6,2026-02-09 16:30:21,Spaghetti Tualetti -v,CustomItem,Items,1,Completed,,,5.00000,USD,Positive,Helpful and responsive,,,5.00000,USD
439b0f4a-ce4c-4b36-a0dc-737a9f61650d,2026-02-09 16:29:19,Los Bros 120m - s7,CustomItem,Items,1,Completed,,,10.00000,USD,Positive,Good price,,,10.00000,USD
0dd788ce-8048-44bc-8a04-9a4f48ff1fd9,2026-02-09 16:27:11,Swaggy Bros 640m -y,CustomItem,Items,1,Completed,,,25.00000,USD,Positive,Good communication,,,25.00000,USD
f0ea16f5-b816-4676-b295-a2ca086323bf,2026-02-09 16:25:55,Nuclearo Dinossauro 150m | y,CustomItem,Items,1,Completed,,,10.00000,USD,Positive,Good communication,,,10.00000,USD
8f6a49e5-fc21-46a0-b76c-70f41f39eea6,2026-02-09 16:19:49,La Taco Combinasion 315m -y,CustomItem,Items,1,Completed,,,15.00000,USD,Positive,Fast delivery,,,15.00000,USD
d3f13647-352f-4558-b384-570239bd184c,2026-02-09 16:19:18,Ketchuru and Musturu 212.5m - w,CustomItem,Items,1,Completed,,,10.00000,USD,Positive,GGWP,,,10.00000,USD
af0eacc2-727d-4627-ad33-4790a24c9cfa,2026-02-09 16:18:23,Spaghetti Tualetti -v,CustomItem,Items,1,Completed,,,5.00000,USD,Positive,Fast delivery,,,5.00000,USD
47aa95ce-2994-4ef0-be83-4b5483dc2fe8,2026-02-09 16:04:39,Eviledon 283.5m -y,CustomItem,Items,1,Completed,,,15.00000,USD,Positive,Good price,,,15.00000,USD
1bbb71eb-b4d7-46cd-a895-a463daf34d5b,2026-02-09 15:21:13,Spaghetti Tualetti -v,CustomItem,Items,1,Completed,,,5.00000,USD,Positive,Good price,,,5.00000,USD
96b4f049-b22e-4827-a9e2-0168d1316805,2026-02-09 14:52:35,Spaghetti Tualetti -v,CustomItem,Items,1,Completed,,,5.00000,USD,Positive,As described,,,5.00000,USD
ac45375e-eb19-4222-8dfe-1dea52b9e80c,2026-02-09 14:45:26,Spaghetti Tualetti -v,CustomItem,Items,1,Canceled,,,5.00000,USD,Unrated,,Buyer_Does_Not_Need_It_Anymore,,5.00000,USD
90aadadd-ec79-40f5-a5b4-f2ad2367b1fa,2026-02-09 14:38:24,Spaghetti Tualetti -v,CustomItem,Items,1,Completed,,,5.00000,USD,Positive,Helpful and responsive,,,5.00000,USD
3b1742fe-d73e-4d7a-b84c-ce3ebf460511,2026-02-09 14:33:01,Los 67 Rainbow 225m -y,CustomItem,Items,1,Completed,,,10.00000,USD,Positive,GOAT,,,10.00000,USD
042906ce-9a62-4585-9ada-371fc551ef7a,2026-02-09 13:56:09,Spaghetti Tualetti + Esok Sekolah - s16,CustomItem,Items,1,Completed,,,5.50000,USD,Positive,,,,5.50000,USD
246fff81-f898-435f-acb9-b5ba709f90eb,2026-02-09 13:51:53,Lavadorito Spinito 270m - w,CustomItem,Items,1,Completed,,,10.00000,USD,Positive,Wwwwwww,,,10.00000,USD
1afceb5b-985c-4fe9-9b02-d4ac1ffa72c9,2026-02-09 08:54:03,Esok Sekolah,CustomItem,Items,1,Completed,,,2.50000,USD,Positive,Helpful and responsive,,,2.50000,USD
07f60016-aaf7-4981-bd92-ed573b5e3548,2026-02-09 08:35:54,Esok Sekolah,CustomItem,Items,1,Completed,,,2.50000,USD,Positive,Helpful and responsive,,,2.50000,USD
482a56bf-c311-4f3f-abb6-c1d44bb39818,2026-02-09 07:54:53,Swaggy Bros 340m -y,CustomItem,Items,1,Completed,,,15.00000,USD,Positive,As described,,,15.00000,USD
f9844a49-ad77-4cbd-93d4-f0ebb370f2da,2026-02-09 07:51:00,Esok Sekolah,CustomItem,Items,1,Completed,,,2.50000,USD,Positive,Good price,,,2.50000,USD
1d0c8bad-28b7-4886-9e09-0ff6a1b16f53,2026-02-09 07:07:50,Spaghetti Tualetti -v,CustomItem,Items,1,Completed,,,5.00000,USD,Positive,,,,5.00000,USD
fc473042-8970-4467-9c8f-94edf6462988,2026-02-09 04:34:23,Esok Sekolah,CustomItem,Items,1,Completed,,,2.50000,USD,Positive,Good communication,,,2.50000,USD
41735e28-8524-4b09-8ab2-c48c055602f3,2026-02-09 04:14:37,Esok Sekolah,CustomItem,Items,1,Completed,,,2.50000,USD,Positive,Helpful and responsive,,,2.50000,USD
d2e47455-f7d1-4b58-be18-b9ee7d10107b,2026-02-09 04:08:15,Tictac Sahur 393.7m/s - x,CustomItem,Items,1,Completed,Seller_Delivered_But_Order_Not_Received,,15.00000,USD,Positive,Good communication,,,15.00000,USD
824068de-ccfe-4699-b413-1b5a469e71fd,2026-02-09 03:58:09,Spaghetti Tualetti -v,CustomItem,Items,1,Completed,,,5.00000,USD,Positive,Helpful and responsive,,,5.00000,USD
fbe1aad1-98e8-4e14-bcf8-7487d371a432,2026-02-09 03:16:53,Swaggy Bros 880m -s,CustomItem,Items,1,Completed,,,30.00000,USD,Positive,,,,30.00000,USD
f3e79e64-526e-400a-b429-d691bd50843b,2026-02-09 02:37:07,Tictac Sahur 187.5m - w,CustomItem,Items,1,Completed,,,10.00000,USD,Negative,Did not git it,,,10.00000,USD
8011cd16-e460-4539-8132-b6fcef6a3eeb,2026-02-09 02:33:49,Ketchuru and Musturu 265.6m - w,CustomItem,Items,1,Completed,,,10.00000,USD,Positive,Good price,,,10.00000,USD
9937e2ab-bb09-495d-b542-28e5b7afff93,2026-02-09 02:05:41,Ketupat Kepat 288.7m - w,CustomItem,Items,1,Completed,,,10.00000,USD,Positive,"W SELLER ",,,10.00000,USD
1c7d5b78-9203-41a3-8126-aca01b8a10ea,2026-02-08 17:42:27,Lavadorito Spinito 135m - w,CustomItem,Items,1,Completed,,,10.00000,USD,Positive,As described,,,10.00000,USD
090fdfe8-e399-42ee-84a0-3c3c586a5628,2026-02-08 17:38:46,Tang Tang Keletang 108.8m - w,CustomItem,Items,1,Completed,,,10.00000,USD,Positive,GOAT,,,10.00000,USD
73cded20-4d97-43b7-8290-015fe9f8b884,2026-02-08 17:35:03,Tictac Sahur 487.5m - w,CustomItem,Items,1,Completed,,,20.00000,USD,Positive,Good price,,,20.00000,USD
fddb5b79-d4c3-4f81-af1d-fb21f68763c2,2026-02-08 17:21:16,Tuff Toucan 494m -s11,CustomItem,Items,1,Completed,,,15.00000,USD,Positive,Good communication,,,15.00000,USD
fbf8600f-f292-4a0a-b57e-c2153c8b62b5,2026-02-08 17:01:01,Money Money Puggy 420m | y,CustomItem,Items,1,Completed,,,17.00000,USD,Positive,Fast delivery,,,17.00000,USD
e8e5583c-d0c0-43b4-b4f8-4c6fc296d1af,2026-02-08 16:55:39,Spaghetti Tualetti -v,CustomItem,Items,1,Completed,,,5.00000,USD,Positive,Fast delivery,,,5.00000,USD
97c2e05c-087b-4b8d-b27a-3ff15d51a694,2026-02-08 16:52:05,Esok Sekolah,CustomItem,Items,1,Completed,,,2.50000,USD,Positive,As described,,,2.50000,USD
aa656b40-a104-44e2-9d2d-52c8553b709a,2026-02-08 16:51:15,Ketupat Kepat 175m -s11,CustomItem,Items,1,Completed,,,10.00000,USD,Positive,Helpful and responsive,,,10.00000,USD
fc6c996a-1071-436f-95f3-b46d9d848fef,2026-02-08 16:30:43,Esok Sekolah,CustomItem,Items,2,Completed,,,2.50000,USD,Positive,As described,,,5.00000,USD
7e53c3b7-7251-456c-858c-abf244c8d303,2026-02-08 16:24:22,Spaghetti Tualetti 360m - s7,CustomItem,Items,1,Completed,,,7.00000,USD,Positive,GOAT,,,7.00000,USD
cd3bde59-211c-48b2-89a4-0a2bbee83b65,2026-02-08 16:19:02,Ketchuru and Musturu 393.1m | y,CustomItem,Items,1,Completed,,,18.00000,USD,Positive,As described,,,18.00000,USD
c8e69d9c-51d9-44c1-a515-0f894edbec1a,2026-02-08 15:57:40,Tictac Sahur 271.8m/s - e,CustomItem,Items,1,Completed,,,13.00000,USD,Positive,GOAT,,,13.00000,USD
0dc0052d-517f-40a3-bd77-1b21edc25616,2026-02-08 15:56:18,La Taco Combinasion 332.5m - s7,CustomItem,Items,1,Completed,,,13.00000,USD,Positive,Good communication,,,13.00000,USD
4732b4be-cce6-432a-9567-df33f63e1379,2026-02-08 15:52:17,Ketupat Kepat 350m -s,CustomItem,Items,1,Completed,,,18.00000,USD,Positive,10/10,,,18.00000,USD
5f906dd7-bea4-4040-a76d-beea954f0182,2026-02-08 15:33:07,Ketchuru and Musturu 340m - s7,CustomItem,Items,1,Completed,,,15.00000,USD,Positive,GGWP,,,15.00000,USD
4c19e68a-0565-443f-b898-7aaddc0e61bc,2026-02-08 15:32:14,Tang Tang Keletang 209.3m -y,CustomItem,Items,1,Completed,,,10.00000,USD,Positive,As described,,,10.00000,USD
3ec0b1e7-ee89-4290-a4c6-206c6c640859,2026-02-08 15:16:18,Ketupat Kepat 227.5m/s - s3,CustomItem,Items,1,Completed,,,12.00000,USD,Positive,,,,12.00000,USD
fdfdf773-fc34-4103-89ec-6fa75c801d55,2026-02-08 15:10:37,Orcaledon 160m - w,CustomItem,Items,1,Completed,,,10.00000,USD,Positive,Extra mile,,,10.00000,USD
a482c953-6239-4cce-8cf6-702c14b1e959,2026-02-08 14:01:21,Spaghetti Tualetti -v,CustomItem,Items,1,Completed,,,5.00000,USD,Positive,GOAT,,,5.00000,USD
ed5fce68-001b-465d-8771-a2c7d7fa5b18,2026-02-08 13:57:21,Spaghetti Tualetti -v,CustomItem,Items,1,Completed,,,5.00000,USD,Positive,As described,,,5.00000,USD
c409d804-175e-4260-a80c-a9f4674a46bc,2026-02-08 13:52:23,Los Candies 207m -y,CustomItem,Items,1,Completed,,,7.00000,USD,Positive,Fast delivery,,,7.00000,USD
aa0ac557-c8b5-4f7c-9cfe-65f23c0b2c1a,2026-02-08 13:37:04,Chimino 280m - s10,CustomItem,Items,1,Completed,,,10.00000,USD,Positive,GGWP,,,10.00000,USD
12c40f34-5585-4534-ae89-7a9d1cae4be3,2026-02-08 13:36:40,La Taco Combinasion 420m/s- x,CustomItem,Items,1,Completed,,,20.00000,USD,Positive,Good communication,,,20.00000,USD
97d3872b-65f3-4d53-bcc4-efa716f6bc2c,2026-02-08 12:51:49,Ketchuru and Musturu 637.5 -y,CustomItem,Items,1,Completed,,,25.00000,USD,Positive,Good communication,,,25.00000,USD
3fe2e98a-a059-419a-8cf2-23f8ac628cea,2026-02-08 12:49:26,Money Money Puggy 336m -y,CustomItem,Items,1,Completed,,,15.00000,USD,Positive,Good price,,,15.00000,USD
c52552e2-b418-4428-8407-a8088ce27493,2026-02-08 12:38:32,Los Puggies 270m -s,CustomItem,Items,1,Completed,,,14.00000,USD,Positive,GGWP,,,14.00000,USD
c6623160-a277-4f01-b4e0-db4e0316fbfe,2026-02-08 12:36:36,Mieteteira Bicicleteira 234m - s10,CustomItem,Items,1,Completed,,,7.00000,USD,Positive,Extra mile,,,7.00000,USD
4b1b6c41-2fbf-4a9d-85d0-234537737caa,2026-02-08 12:23:03,Spaghetti Tualetti -v,CustomItem,Items,1,Completed,,,5.00000,USD,Positive,GGWP,,,5.00000,USD
3bbf9af6-cb66-475e-a85b-38ae7e9c5fce,2026-02-08 12:19:03,Spaghetti Tualetti -v,CustomItem,Items,1,Completed,,,5.00000,USD,Positive,good,,,5.00000,USD
b22be78e-e70f-4d5b-be97-8e3e76634d66,2026-02-08 12:03:46,Money Money Puggy 236.2m/s - s17,CustomItem,Items,1,Completed,,,11.00000,USD,Positive,Fast delivery,,,11.00000,USD
7b553c76-ea07-43dd-89a6-4343a14abf97,2026-02-08 11:42:04,Spaghetti Tualetti -v,CustomItem,Items,1,Completed,,,5.00000,USD,Positive,Good communication,,,5.00000,USD
d07dea7d-3ca0-4193-aa20-1e631ebeb8ac,2026-02-08 11:15:38,Spaghetti Tualetti -v,CustomItem,Items,1,Completed,,,5.00000,USD,Positive,Helpful and responsive,,,5.00000,USD
edc83e61-efbf-4049-9972-f1b61a3ff917,2026-02-08 11:04:53,Tang Tang Keletang 268m -y,CustomItem,Items,1,Completed,,,12.00000,USD,Positive,Helpful and responsive,,,12.00000,USD
6d90e636-a70f-4412-8cdb-5931498b762a,2026-02-08 11:03:36,Eviledon 189m - s7,CustomItem,Items,1,Completed,,,10.00000,USD,Positive,Helpful and responsive,,,10.00000,USD
ea91b0a6-39aa-404e-93d7-b7353cc6a05c,2026-02-08 11:00:48,Nuclearo Dinossauro 270m -y,CustomItem,Items,1,Completed,,,15.00000,USD,Positive,GGWP,,,15.00000,USD
c3cf68dc-2fd4-430a-a7a6-3ef9e65004bb,2026-02-08 10:48:22,Esok Sekolah,CustomItem,Items,1,Completed,,,2.50000,USD,Positive,Fast delivery,,,2.50000,USD
4dc0d103-31e5-4099-8986-3938ecfcfe30,2026-02-08 10:46:18,Spaghetti Tualetti -v,CustomItem,Items,2,Canceled,,,5.00000,USD,Unrated,,Buyer_Did_Not_Respond,,10.00000,USD
06a96222-ac00-4065-847c-0f12963d78e0,2026-02-08 10:24:59,Ketupat Kepat 245m/s - s3,CustomItem,Items,1,Completed,,,12.00000,USD,Positive,Good communication,,,12.00000,USD
3d1bc18b-23cf-4886-9263-3c936610c5da,2026-02-08 10:04:39,Los Bros 492m - w,CustomItem,Items,1,Completed,,,20.00000,USD,Positive,Extra mile,,,20.00000,USD
6a094528-853a-461b-a3f8-7e454d711b19,2026-02-08 09:42:49,Ketupat Kepat 507.5m -s,CustomItem,Items,1,Completed,,,25.00000,USD,Positive,Good communication,,,25.00000,USD
675fe5da-9a7a-46ee-9449-0c4d57daf2c6,2026-02-08 09:30:34,Tictac Sahur 459.3m -y,CustomItem,Items,1,Completed,,,20.00000,USD,Positive,Helpful and responsive,,,20.00000,USD
eb3dfd9e-630c-45fb-8e93-9d63ab2ec9e7,2026-02-08 09:26:58,Spaghetti Tualetti -v,CustomItem,Items,1,Completed,,,5.00000,USD,Positive,Fast delivery,,,5.00000,USD
749aefda-b35f-4f0d-957c-71a005613e68,2026-02-08 08:38:31,La Ginger Sekolah 225m - s7,CustomItem,Items,1,Completed,,,10.00000,USD,Positive,As described,,,10.00000,USD
f2ea6f7a-a0f4-46df-a849-b1b9ba3e5174,2026-02-08 08:28:41,Lucky Grappellino D'Oro Lv 175,CustomItem,Items,1,Completed,,,10.00000,USD,Positive,GOAT,,,10.00000,USD
4e8eff5e-255c-4fe8-9fbd-cdda70714390,2026-02-08 06:44:14,Orcaledon 120m - w,CustomItem,Items,1,Completed,,,10.00000,USD,Positive,Helpful and responsive,,,10.00000,USD
1e34c2cf-96e9-4335-942a-ede4ad047ffc,2026-02-08 06:06:21,Esok Sekolah,CustomItem,Items,1,Completed,,,2.50000,USD,Positive,As described,,,2.50000,USD
bd90543f-135e-47c8-8172-ff94c4612ae8,2026-02-08 05:25:15,Lavadorito Spinito 146.2m - s7,CustomItem,Items,1,Completed,,,10.00000,USD,Positive,As described,,,10.00000,USD
a30c16b6-97d5-4e68-8174-d1c39219d751,2026-02-08 04:43:18,Nuclearo Dinossauro 150m - w,CustomItem,Items,1,Completed,,,10.00000,USD,Positive,GOAT,,,10.00000,USD
759c7149-f291-403d-903d-13ab10eec3b6,2026-02-08 04:41:05,Orcaledon 160m - w,CustomItem,Items,1,Completed,,,10.00000,USD,Positive,Helpful and responsive,,,10.00000,USD
dea27296-b090-43d7-a6c8-2427bb37ae57,2026-02-08 04:24:18,Tictac Sahur 168.7m - w,CustomItem,Items,1,Completed,,,10.00000,USD,Positive,GGWP,,,10.00000,USD
3c30f7cd-09b8-4cb9-8a01-881964712b7f,2026-02-08 03:16:18,Esok Sekolah,CustomItem,Items,4,Completed,,,2.50000,USD,Positive,Good communication,,,10.00000,USD
0c94c266-53ea-4f9c-a59f-c3695e1562cb,2026-02-08 02:55:21,Lavadorito Spinito 270m - w,CustomItem,Items,1,Completed,,,10.00000,USD,Positive,"Fast delivery and same as description ",,,10.00000,USD
aba7c7db-90cc-42ac-bbf5-5c8dedd59147,2026-02-08 02:44:18,Bacuru and Egguru 360m - w,CustomItem,Items,1,Completed,,,10.00000,USD,Positive,Helpful and responsive,,,10.00000,USD
e80fdd97-9743-4a30-a971-daf235d0769e,2026-02-08 02:34:51,La Taco Combinasion 577.5m/s | v,CustomItem,Items,1,Completed,,,25.00000,USD,Positive,GOAT,,,25.00000,USD
e2a748d7-ac58-432c-b5f3-7e591de662fe,2026-02-08 02:34:04,Swaggy Bros 210m- s10,CustomItem,Items,1,Completed,,,10.00000,USD,Positive,Extra mile,,,10.00000,USD
0469ec84-67a3-4080-bfba-a56b3d2159fb,2026-02-08 02:12:15,La Ginger Sekolah 975m - s10,CustomItem,Items,1,Completed,,,30.00000,USD,Positive,Good communication,,,30.00000,USD
a5108933-aa67-4815-92b1-4d2ee0acaa3a,2026-02-08 01:49:06,Los Puggies 270m - w,CustomItem,Items,1,Completed,,,10.00000,USD,Positive,Helpful and responsive,,,10.00000,USD
e3969f21-7ce1-4346-a450-62d0c7fc69e2,2026-02-08 01:18:41,Mieteteira Bicicleteira 312m/s | s,CustomItem,Items,1,Completed,,,12.00000,USD,Positive,Fast delivery,,,12.00000,USD
25e999d0-6a8b-4bff-82d1-ffb9fa7628c2,2026-02-07 17:53:33,Lucky Grappellino D'Oro Max Level,CustomItem,Items,1,Completed,,,10.00000,USD,Positive,,,,10.00000,USD
2c4ab7f0-3fd2-4781-954d-5674f21b2c16,2026-02-07 17:47:02,Tictac Sahur 150m - w,CustomItem,Items,1,Completed,,,10.00000,USD,Negative,hes good and trusted,,,10.00000,USD
ca1b0b62-dd5e-4d9a-933f-a4aa0e11f99f,2026-02-07 16:57:56,Spaghetti Tualetti -v,CustomItem,Items,2,Completed,,,5.00000,USD,Positive,Helpful and responsive,,,10.00000,USD
a8bcfdd3-c393-4f68-9d09-d964d3548cdb,2026-02-07 16:55:25,La Ginger Sekolah 375m - s10,CustomItem,Items,1,Completed,,,10.00000,USD,Positive,As described,,,10.00000,USD
a807bfbf-2c5e-4542-9d02-01fcbc5ccb82,2026-02-07 16:32:26,Nuclearo Dinossauro 120m - w,CustomItem,Items,1,Completed,,,10.00000,USD,Positive,"Delivered on time nothing went wrong ",,,10.00000,USD
fab85b2c-f3dd-49d4-bd8b-adb9889a10c8,2026-02-07 16:20:46,Tang Tang Keletang 134m - w,CustomItem,Items,1,Completed,Item_Not_As_Described,,10.00000,USD,Positive,Extra mile,,,10.00000,USD
32d9d39a-60be-48a8-bb3e-c120a13e9d7d,2026-02-07 16:20:02,Lavadorito Spinito 191.2m - w,CustomItem,Items,1,Completed,,,10.00000,USD,Positive,Good communication,,,10.00000,USD
8ee9de30-5e1d-4244-9892-952ceb780061,2026-02-07 16:04:51,swaggy bros 220m- s24,CustomItem,Items,1,Completed,,,10.00000,USD,Positive,As described,,,10.00000,USD
e7dfe422-488d-45ae-a59c-4abe0a19fdb8,2026-02-07 16:03:03,Orcaledon 240m - w,CustomItem,Items,1,Completed,,,10.00000,USD,Positive,Fast delivery,,,10.00000,USD
5ca399c1-aeb5-462a-8a39-462b6005692f,2026-02-07 15:38:14,Spaghetti Tualetti -v,CustomItem,Items,1,Completed,,,5.00000,USD,Positive,Good price,,,5.00000,USD
b20fa83b-5233-46f6-aed5-782b887fd626,2026-02-07 15:20:19,Los Puggies 240m - w,CustomItem,Items,1,Completed,,,12.00000,USD,Positive,Good price,,,12.00000,USD
fe98a401-bad8-42b6-a9ff-7773a06cd3e2,2026-02-07 15:10:41,Bacuru and Egguru 240m/s - s3,CustomItem,Items,1,Completed,,,10.00000,USD,Positive,Good price,,,10.00000,USD
8bc93b71-248e-44d8-be62-2696c02fa49d,2026-02-07 15:03:15,Esok Sekolah,CustomItem,Items,1,Completed,,,2.50000,USD,Positive,GOAT,,,2.50000,USD
c4ec143e-2fbb-4236-9231-382d328e1c49,2026-02-07 14:43:33,Bacuru and Egguru 312m/s | y,CustomItem,Items,1,Completed,,,12.00000,USD,Positive,,,,12.00000,USD
0ff4e47d-7bee-48c8-b51c-b3e6aedc0dc8,2026-02-07 14:39:38,Esok Sekolah,CustomItem,Items,1,Completed,,,2.50000,USD,Positive,GOAT,,,2.50000,USD
76aa64bd-25bd-4534-bf19-e07510253dce,2026-02-07 14:39:24,Esok Sekolah,CustomItem,Items,4,Completed,,,2.50000,USD,Positive,Fast delivery,,,10.00000,USD
3954d16b-e679-4904-aa1c-0882d371ef08,2026-02-07 14:38:01,Esok Sekolah,CustomItem,Items,1,Completed,,,2.50000,USD,Positive,As described,,,2.50000,USD
a56d5755-7e38-4727-82cd-4621c721cc64,2026-02-07 14:36:16,Esok Sekolah,CustomItem,Items,1,Completed,,,2.50000,USD,Positive,"very good seller ! recomend!
",,,2.50000,USD
e38d5c3a-ccab-4cd2-8226-a3fba3083199,2026-02-07 14:34:42,Tictac Sahur 187.5m - w,CustomItem,Items,1,Completed,,,10.00000,USD,Positive,Good price,,,10.00000,USD
ae8265e2-af22-4daf-a35f-94c2bf7759b0,2026-02-07 14:29:50,Swaggy Bros 410m - w,CustomItem,Items,1,Completed,,,15.00000,USD,Positive,Good price,,,15.00000,USD
fe75dc0c-ccd0-4ce4-99ea-0ced6b15b826,2026-02-07 14:25:25,Esok Sekolah,CustomItem,Items,1,Completed,,,2.50000,USD,Positive,Extra mile,,,2.50000,USD
fa336c80-1a08-4b11-a74a-d4407d5c0583,2026-02-07 14:22:00,Ketchuru and Musturu 191.2m - w,CustomItem,Items,1,Completed,,,10.00000,USD,Positive,Good communication,,,10.00000,USD
bac38b77-8fef-483c-b1c8-38e5f06ac6de,2026-02-07 14:18:53,Esok Sekolah,CustomItem,Items,5,Completed,,,2.50000,USD,Positive,GOAT,,,12.50000,USD
af9aae62-104c-416b-8cf7-50ea34fd131a,2026-02-07 14:14:10,Esok Sekolah,CustomItem,Items,1,Completed,,,2.50000,USD,Positive,Good communication,,,2.50000,USD
8daae91e-aebd-4967-8fac-7e0a11096aa1,2026-02-07 14:05:27,Spaghetti Tualetti -v,CustomItem,Items,1,Completed,,,5.00000,USD,Positive,Helpful and responsive,,,5.00000,USD
e02e34f8-663d-4bd1-8107-0a89a1c33ed9,2026-02-07 14:02:18,Esok Sekolah,CustomItem,Items,1,Completed,,,2.50000,USD,Positive,Fast delivery,,,2.50000,USD
8f593435-4523-4101-85ab-9ecb1a8641bc,2026-02-07 13:56:12,Tang Tang Keletang 276.3m/s - e,CustomItem,Items,1,Completed,,,14.00000,USD,Positive,As described,,,14.00000,USD
5f40cf28-a5cb-4cc9-a2a8-f25a20f95a1a,2026-02-07 13:53:58,Esok Sekolah,CustomItem,Items,1,Completed,,,2.50000,USD,Positive,Good communication,,,2.50000,USD
2729949e-0243-40d0-99ac-294ffc6ada38,2026-02-07 13:51:11,Esok Sekolah,CustomItem,Items,1,Completed,,,2.50000,USD,Positive,GOAT,,,2.50000,USD
b3c91e0f-d890-442e-9f38-e0356b3ccb40,2026-02-07 13:48:50,Esok Sekolah,CustomItem,Items,4,Completed,,,2.50000,USD,Positive,As described,,,10.00000,USD
e4b18648-e36d-49a1-9b48-2b8489c5213c,2026-02-07 13:43:41,Ketupat Kepat 218.7m - w,CustomItem,Items,1,Completed,,,10.00000,USD,Positive,Extra mile,,,10.00000,USD
d9c0c5ca-d4e0-4722-b297-e6eb88a8b39c,2026-02-07 13:42:34,Esok Sekolah,CustomItem,Items,1,Completed,,,2.50000,USD,Positive,Extra mile,,,2.50000,USD
7244e571-d303-4e31-9f5b-52dc9e76b1de,2026-02-07 13:29:15,Esok Sekolah,CustomItem,Items,1,Completed,,,2.50000,USD,Positive,she’s a w I got everything I needed,,,2.50000,USD
7d034fcb-f139-4824-a8e1-ec06633cee50,2026-02-07 13:21:42,Esok Sekolah,CustomItem,Items,1,Completed,,,2.50000,USD,Positive,Good price,,,2.50000,USD
4643a679-c246-4dd0-8ab6-18c52439f5ce,2026-02-07 13:19:51,Esok Sekolah,CustomItem,Items,1,Completed,,,2.50000,USD,Positive,Helpful and responsive,,,2.50000,USD
c00019a1-68f4-4c4c-95d8-0ff038029add,2026-02-07 13:19:16,Esok Sekolah,CustomItem,Items,1,Completed,,,2.50000,USD,Positive,Fast delivery,,,2.50000,USD
fbf2b207-28fb-41de-85ae-e78569f117d4,2026-02-07 13:07:04,Nuclearo Dinossauro 120m - w,CustomItem,Items,1,Completed,,,10.00000,USD,Positive,GGWP,,,10.00000,USD
a3ea4311-1781-4896-a0af-2a92ac7c0ce3,2026-02-07 13:03:07,Esok Sekolah,CustomItem,Items,1,Completed,,,2.50000,USD,Positive,Helpful and responsive,,,2.50000,USD
4511cfc4-e1d1-4980-9bb7-dfc5a38815d7,2026-02-07 13:02:17,Mieteteira Bicicleteira 403m - s7,CustomItem,Items,1,Completed,,,15.00000,USD,Positive,Helpful and responsive,,,15.00000,USD
d5f25b8a-5b9a-4e5b-a294-69635bc1b8db,2026-02-07 13:00:59,Lucky Martino Gravitino 5.23sp/s,CustomItem,Items,1,Completed,,,10.00000,USD,Positive,As described,,,10.00000,USD
47444475-3bab-462c-b572-999f8834a9b5,2026-02-07 13:00:30,Esok Sekolah,CustomItem,Items,1,Completed,,,2.50000,USD,Positive,Good price,,,2.50000,USD
87b1ffef-bb2a-4926-98a7-9acefdb93aa6,2026-02-07 12:57:44,Spaghetti Tualetti -v,CustomItem,Items,1,Completed,,,5.00000,USD,Positive,GOAT,,,5.00000,USD
a69e5d75-b0e3-49f8-894b-e432b0cb8fc0,2026-02-07 12:57:43,Spaghetti Tualetti -v,CustomItem,Items,1,Completed,,,5.00000,USD,Positive,Helpful and responsive,,,5.00000,USD
ed40db64-7880-4b7e-a532-ecfdd9c9774f,2026-02-07 12:52:13,Esok Sekolah,CustomItem,Items,1,Completed,,,2.50000,USD,Positive,Fast delivery,,,2.50000,USD
1d13f184-e57a-44d4-9211-728469e4a525,2026-02-07 12:30:51,Esok Sekolah,CustomItem,Items,1,Canceled,,,2.50000,USD,Unrated,,Buyer_Did_Not_Respond,,2.50000,USD
242de462-ce18-4e65-894b-3dafcf001be4,2026-02-07 12:22:40,Esok Sekolah,CustomItem,Items,1,Completed,,,2.50000,USD,Positive,Good price,,,2.50000,USD
dbcef071-8337-4482-a493-24df0cd8d085,2026-02-07 12:22:12,Esok Sekolah,CustomItem,Items,1,Completed,,,2.50000,USD,Positive,GOAT,,,2.50000,USD
5e3f6d91-e8c5-48b0-b355-2085b935aada,2026-02-07 12:11:06,Lavadorito Spinito 270m - w,CustomItem,Items,1,Completed,,,10.00000,USD,Positive,GGWP,,,10.00000,USD
65687491-3b8d-4c8a-a274-a4c0ff5cf1b2,2026-02-07 12:07:34,Esok Sekolah,CustomItem,Items,1,Completed,,,2.50000,USD,Positive,Good price,,,2.50000,USD
64a53e39-368b-4b5a-9f99-3065931f2dd5,2026-02-07 12:07:29,Spaghetti Tualetti -v,CustomItem,Items,2,Completed,,,5.00000,USD,Positive,Extra mile,,,10.00000,USD
40634e9f-280c-4d90-93ae-38114a0f1d3b,2026-02-07 12:06:39,Esok Sekolah,CustomItem,Items,1,Completed,,,2.50000,USD,Positive,As described,,,2.50000,USD
8ba7931a-51e2-48fa-a900-33b982a7b5d0,2026-02-07 12:06:22,Esok Sekolah,CustomItem,Items,1,Completed,,,2.50000,USD,Positive,Good communication,,,2.50000,USD
f4f9d87c-98d9-4683-b257-dec3ce107e80,2026-02-07 11:57:49,Spaghetti Tualetti -v,CustomItem,Items,1,Completed,,,5.00000,USD,Positive,As described,,,5.00000,USD
b2371d08-915d-40fa-8ff6-279bab09023c,2026-02-07 11:44:11,Spaghetti Tualetti -v,CustomItem,Items,1,Completed,,,5.00000,USD,Positive,Good price,,,5.00000,USD
2a33faa1-3feb-4357-868e-efdea1f94c5b,2026-02-07 11:23:18,Spaghetti Tualetti -v,CustomItem,Items,1,Completed,,,5.00000,USD,Positive,GOAT,,,5.00000,USD
79474d1d-79ac-4fda-b156-95b1acf3e747,2026-02-07 11:21:28,Spaghetti Tualetti -v,CustomItem,Items,1,Completed,,,5.00000,USD,Positive,GGWP,,,5.00000,USD
d6287e7e-2933-4aac-9d93-5e4d9c1a5dc0,2026-02-07 10:55:01,Esok Sekolah,CustomItem,Items,1,Completed,,,2.50000,USD,Positive,As described,,,2.50000,USD
439a87f6-2d04-4c85-83de-d6eb46dd4fb9,2026-02-07 10:38:23,Esok Sekolah,CustomItem,Items,5,Completed,,,2.50000,USD,Positive,Good communication,,,12.50000,USD
ea3f739d-5e72-4654-924d-99260f0dce23,2026-02-07 10:32:19,Esok Sekolah,CustomItem,Items,1,Completed,,,2.50000,USD,Positive,Good price,,,2.50000,USD
880d451b-9d42-4fc5-b8a5-ba0595608316,2026-02-07 10:12:12,Ketchuru and Musturu 127.5m - w,CustomItem,Items,1,Completed,,,10.00000,USD,Positive,Fast delivery,,,10.00000,USD
cc370507-1514-4195-b09d-2e1c77dbad78,2026-02-07 09:49:10,Esok Sekolah,CustomItem,Items,2,Completed,,,2.50000,USD,Positive,,,,5.00000,USD
88086b59-79e1-4b0a-988a-e20165ec22fd,2026-02-07 09:16:48,Eviledon 189m - w,CustomItem,Items,1,Completed,,,10.00000,USD,Positive,Fast delivery,,,10.00000,USD
278b7c0b-fcfd-4ac1-b13f-5f4cbdfd0450,2026-02-07 08:52:54,Spaghetti Tualetti -v,CustomItem,Items,1,Canceled,,,5.00000,USD,Unrated,,Buyer_Does_Not_Need_It_Anymore,,5.00000,USD
8f8ff663-8997-4891-a7f7-ef834a129da9,2026-02-07 08:46:18,Spaghetti Tualetti -v,CustomItem,Items,1,Canceled,,,5.00000,USD,Unrated,,Buyer_Did_Not_Respond,,5.00000,USD
1bcab5ab-15c5-473b-80b7-a5d73599c85d,2026-02-07 08:36:39,Ketupat Kepat 210m - s7,CustomItem,Items,1,Completed,,,10.00000,USD,Positive,Fast delivery,,,10.00000,USD
bff9ea2f-cada-4d8d-841a-beecd4b71f41,2026-02-07 07:47:26,Esok Sekolah,CustomItem,Items,1,Completed,,,2.50000,USD,Positive,"Very sur and fast ",,,2.50000,USD
33d254c6-21b8-477b-a3e4-3252ded08469,2026-02-07 07:21:07,Swaggy Bros 500m/s | y,CustomItem,Items,1,Completed,,,20.00000,USD,Positive,As described,,,20.00000,USD
a6be7a5b-1272-4b5d-9a63-4c28a84ad9d3,2026-02-07 07:19:33,Tang Tang Keletang 284.7m/s - e,CustomItem,Items,1,Completed,,,14.00000,USD,Positive,Helpful and responsive,,,14.00000,USD
b91bdf0b-b998-42df-a740-e2b01d4aedde,2026-02-07 06:40:38,Esok Sekolah,CustomItem,Items,1,Canceled,,,2.50000,USD,Unrated,,Buyer_Did_Not_Respond,,2.50000,USD
bd620989-3123-4e7d-bce1-c736fe144d64,2026-02-07 06:37:45,Spaghetti Tualetti -v,CustomItem,Items,1,Completed,,,5.00000,USD,Positive,GOAT,,,5.00000,USD
0ab1f8a0-9efc-465e-8d12-24c3797b2efb,2026-02-07 06:25:59,Bacuru and Egguru 168m/s | s,CustomItem,Items,1,Completed,,,7.00000,USD,Positive,Fast delivery,,,7.00000,USD
be92da7d-0694-4a4c-98d5-3de4e87c61e1,2026-02-07 06:23:20,Spaghetti Tualetti -v,CustomItem,Items,1,Completed,,,5.00000,USD,Positive,GOAT,,,5.00000,USD
9a5867fc-6651-4e69-87bb-a45fb2debaba,2026-02-07 06:07:01,Esok Sekolah,CustomItem,Items,1,Completed,,,2.50000,USD,Positive,Good communication,,,2.50000,USD
68f62537-b490-47ab-8331-de4013d8d122,2026-02-07 06:00:37,Ketupat Kepat 210m - s7,CustomItem,Items,1,Completed,,,10.00000,USD,Positive,,,,10.00000,USD
2f87207a-ac2c-4243-b95a-4d24307bc74f,2026-02-07 05:59:31,Tang Tang Keletang 209.3m - w,CustomItem,Items,1,Completed,,,10.00000,USD,Positive,As described,,,10.00000,USD
2053345b-6fe8-4269-8ea0-20758db4df81,2026-02-07 04:30:40,Spaghetti Tualetti -v,CustomItem,Items,1,Completed,,,5.00000,USD,Positive,GGWP,,,5.00000,USD
d2771ef1-ed12-45a2-bf28-aad0f9e0a3bc,2026-02-07 04:17:01,Spaghetti Tualetti -v,CustomItem,Items,1,Completed,,,5.00000,USD,Positive,GOAT,,,5.00000,USD
93a0e8a6-6d82-48d6-8c26-32e74d95baa9,2026-02-07 01:35:01,Lucky Martino Gravitino 5.23sp/s - e,CustomItem,Items,1,Completed,,,8.00000,USD,Positive,GOAT,,,8.00000,USD
eded0f5e-bfaa-4811-ab9e-6f02110c36a9,2026-02-06 17:35:05,Tang Tang Keletang 268m/s - e,CustomItem,Items,1,Completed,,,12.00000,USD,Positive,As described,,,12.00000,USD
9430f3fc-87d8-4806-9c20-4d70708cd751,2026-02-06 17:33:54,Spaghetti Tualetti -v,CustomItem,Items,1,Completed,,,5.00000,USD,Positive,Good communication,,,5.00000,USD
19457001-d0d7-43b5-8aae-715c3d1c77b0,2026-02-06 17:31:09,Ketupat Kepat 175m - w,CustomItem,Items,1,Completed,,,10.00000,USD,Positive,GOAT,,,10.00000,USD
bf506283-714d-4e37-b431-6c09b9ac4562,2026-02-06 17:17:46,Grappellino D'Oro Hacker 3.45sp/s,CustomItem,Items,1,Completed,,,7.00000,USD,Positive,As described,,,7.00000,USD
39bda9f1-c32b-42a0-860d-dcde7fce926a,2026-02-06 17:10:13,Fragrama and Chocrama 600m - w,CustomItem,Items,1,Completed,,,25.00000,USD,Positive,Good price,,,25.00000,USD
9f302a98-0245-46fc-813b-bc9ba5e238df,2026-02-06 17:09:23,Spaghetti Tualetti -v,CustomItem,Items,1,Completed,,,5.00000,USD,Positive,Helpful and responsive,,,5.00000,USD
079194d3-f47a-4fc6-8654-3335aeba7d3d,2026-02-06 17:02:34,Lucky Martino Gravitino 5.23sp/s,CustomItem,Items,1,Completed,,,10.00000,USD,Positive,GOAT,,,10.00000,USD
834be613-432c-443b-868c-81284ac23d71,2026-02-06 16:48:58,Spaghetti Tualetti -v,CustomItem,Items,1,Completed,,,5.00000,USD,Positive,Extra mile,,,5.00000,USD
a305ee2d-d5bb-4f88-b63b-3c24d4431c4e,2026-02-06 16:41:32,Bacuru and Egguru 516m - s7,CustomItem,Items,1,Completed,,,15.00000,USD,Positive,GGWP,,,15.00000,USD
1d5a4e3a-af2b-43db-ba32-7231237e4e66,2026-02-06 16:36:30,Spaghetti Tualetti -v,CustomItem,Items,1,Completed,,,5.00000,USD,Positive,As described,,,5.00000,USD
1c950d95-a95f-4a76-aed2-b34cd487f1c5,2026-02-06 16:30:49,Money Money Puggy 187.5m - s7,CustomItem,Items,1,Completed,,,7.00000,USD,Positive,Extra mile,,,7.00000,USD
0c6fa405-10e1-42ec-b561-1927fc4458a4,2026-02-06 16:24:26,Spaghetti Tualetti -v,CustomItem,Items,1,Completed,,,5.00000,USD,Positive,Fast delivery,,,5.00000,USD
5bfca79f-a9e1-4b90-94cf-c4946eae8f14,2026-02-06 16:08:21,Esok Sekolah,CustomItem,Items,3,Completed,,,2.50000,USD,Positive,GOAT,,,7.50000,USD
dbdbb3aa-b9b0-4673-8ba3-96a31c74478d,2026-02-06 16:02:31,Swaggy Bros 250m - s7,CustomItem,Items,1,Completed,,,10.00000,USD,Positive,As described,,,10.00000,USD
ca4a28ca-933c-4205-90f3-4c25472f08d6,2026-02-06 15:57:08,Esok Sekolah,CustomItem,Items,4,Completed,,,2.50000,USD,Positive,Good communication,,,10.00000,USD
8e048aef-4227-4ae8-aa8c-cf4c50cf9e00,2026-02-06 15:53:07,Spaghetti Tualetti -v,CustomItem,Items,1,Completed,,,5.00000,USD,Negative,,,,5.00000,USD
94a6b91a-5d09-42c4-a4b0-5195f2345e04,2026-02-06 15:45:27,Esok Sekolah,CustomItem,Items,2,Completed,,,2.50000,USD,Positive,Helpful and responsive,,,5.00000,USD
41558049-ab37-4219-ab32-680d5be27074,2026-02-06 15:25:37,Esok Sekolah,CustomItem,Items,1,Completed,,,2.50000,USD,Positive,Fast delivery,,,2.50000,USD
c990d80d-22c3-42ba-aaea-0b1a990cd3d3,2026-02-06 15:11:36,Esok Sekolah,CustomItem,Items,1,Completed,,,2.50000,USD,Positive,Good price,,,2.50000,USD
bc5058d9-5b92-473d-943a-324b236219eb,2026-02-06 15:09:03,Spaghetti Tualetti -v,CustomItem,Items,1,Completed,,,5.00000,USD,Positive,TRUSTED AND SELLS FOR CHEAP!,,,5.00000,USD
44199a1c-2099-499b-94df-6f0b00aaf67a,2026-02-06 14:56:16,Esok Sekolah,CustomItem,Items,1,Completed,,,2.50000,USD,Positive,GOAT,,,2.50000,USD
83bea447-53d1-42f8-bcfb-dda75681155a,2026-02-06 14:43:06,Grappellino D'Oro Money 2.68sp/s,CustomItem,Items,1,Completed,,,6.00000,USD,Positive,GOAT,,,6.00000,USD
d052869b-4f39-4b9f-8ac0-bfc22c11b684,2026-02-06 14:37:10,Esok Sekolah,CustomItem,Items,4,Completed,,,2.50000,USD,Positive,Extra mile,,,10.00000,USD
9c9384ba-0561-436c-b1ff-a7ecc28addd8,2026-02-06 14:36:53,Swaggy Bros 360m - s7,CustomItem,Items,1,Completed,,,15.00000,USD,Positive,As described,,,15.00000,USD
e664b61c-c3e9-42c7-a258-a08285a4837b,2026-02-06 14:32:34,Tictac Sahur 450m - w,CustomItem,Items,1,Completed,,,20.00000,USD,Positive,GOAT,,,20.00000,USD
f54d07ea-ee9b-418e-a440-e8d74071411f,2026-02-06 14:26:54,Esok Sekolah,CustomItem,Items,8,Completed,,,2.50000,USD,Positive,Good communication,,,20.00000,USD
2b01c1ce-d7a6-4202-840d-2270ee01810d,2026-02-06 14:06:47,Esok Sekolah,CustomItem,Items,1,Completed,,,2.50000,USD,Positive,Extra mile,,,2.50000,USD
26ef98d8-ee9f-4aae-a15c-04e10e65e64b,2026-02-06 14:00:11,Esok Sekolah,CustomItem,Items,2,Completed,,,2.50000,USD,Positive,,,,5.00000,USD
7d6dd1a5-9163-4577-bbb0-c12fd64797d6,2026-02-06 13:45:02,Esok Sekolah,CustomItem,Items,1,Completed,,,2.50000,USD,Positive,Fast delivery,,,2.50000,USD
2ad73d53-9df9-4454-aaa9-32c9b38cf584,2026-02-06 13:35:07,Spaghetti Tualetti -v,CustomItem,Items,2,Completed,Seller_Delivered_But_Order_Not_Received,,5.00000,USD,Positive,GGWP,,,10.00000,USD
cd2355be-78ef-4df9-899f-80c2196ff452,2026-02-06 13:21:51,Spaghetti Tualetti -v,CustomItem,Items,1,Completed,,,5.00000,USD,Positive,Helpful and responsive,,,5.00000,USD
39e20c77-362c-4637-b4be-1b2e116b9a66,2026-02-06 13:20:16,Los Bros 348m/s | v,CustomItem,Items,1,Completed,,,15.00000,USD,Positive,Extra mile,,,15.00000,USD
62eeb059-82fc-4028-af53-b86293c09a50,2026-02-06 13:15:54,Spaghetti Tualetti -v,CustomItem,Items,1,Completed,,,5.00000,USD,Positive,GOAT,,,5.00000,USD
1b993604-85bd-4ac8-9881-ac952c709fd8,2026-02-06 13:10:54,Esok Sekolah,CustomItem,Items,1,Completed,,,2.50000,USD,Positive,GGWP,,,2.50000,USD
f53b5690-92d3-4e6b-a0b4-f9e3320a5383,2026-02-06 13:10:30,Chipso and Queso 525m/s | y,CustomItem,Items,1,Completed,,,23.00000,USD,Positive,Extra mile,,,23.00000,USD
6ad46b55-506c-475e-8190-60b2b3fb751c,2026-02-06 13:08:55,Esok Sekolah,CustomItem,Items,2,Completed,,,2.50000,USD,Positive,,,,5.00000,USD
cd0ab082-6694-479c-9016-91c8d2241ba2,2026-02-06 12:54:27,Esok Sekolah,CustomItem,Items,1,Completed,,,2.50000,USD,Positive,Good communication,,,2.50000,USD
a8643755-674d-4dac-9a5f-bcb4d7d51750,2026-02-06 12:51:21,La Extinct Grande 293.7m/s | v,CustomItem,Items,1,Completed,,,12.00000,USD,Positive,Amazing seller,,,12.00000,USD
67408439-8cfb-4b31-ad64-e5ff235994a7,2026-02-06 11:08:35,Esok Sekolah,CustomItem,Items,1,Completed,,,2.50000,USD,Positive,Fast delivery,,,2.50000,USD
a90c918c-c213-43c8-b251-9c0a7fcd6f18,2026-02-06 10:28:55,Grappellino D'Oro Lucky 5.52sp/s,CustomItem,Items,1,Completed,,,13.00000,USD,Positive,GOAT,,,13.00000,USD
d7565e95-96e3-4bde-a64a-7da5f72d1498,2026-02-06 10:20:38,Esok Sekolah,CustomItem,Items,1,Completed,,,2.50000,USD,Positive,Fast delivery,,,2.50000,USD
eb3a3ba9-9b29-4041-8596-9acdea5acdee,2026-02-06 09:47:31,Gold La Taco Combinasion 358/7m/s - x,CustomItem,Items,1,Completed,,,15.00000,USD,Positive,Extra mile,,,15.00000,USD
a2caa858-591b-470e-be5e-a3554d5bf6ed,2026-02-06 07:50:14,Los Candies 195.5m - s10,CustomItem,Items,1,Completed,,,7.00000,USD,Positive,Good price,,,7.00000,USD
2e36a2c5-d100-483d-9bda-598eb8467f76,2026-02-06 07:22:47,Los Candies 195.5m - s10,CustomItem,Items,1,Completed,,,7.00000,USD,Positive,GOAT,,,7.00000,USD
7bbe5d3a-dd8d-4eb7-8e45-1fb35d5d8a18,2026-02-06 06:06:23,Esok Sekolah,CustomItem,Items,1,Completed,,,2.50000,USD,Positive,Good price,,,2.50000,USD
f8715e29-06cf-4d50-bc2e-3169ced4328d,2026-02-06 06:00:58,Spaghetti Tualetti -v,CustomItem,Items,1,Completed,,,5.00000,USD,Positive,Great,,,5.00000,USD
3ae3143f-d726-4ea1-bbb1-8ef8e4308ee0,2026-02-06 05:55:16,Ketchuru and Musturu 361.2m/s - x,CustomItem,Items,1,Completed,,,15.00000,USD,Positive,GOAT,,,15.00000,USD
02aed3d6-0a60-4f79-9e59-27fa78c0965e,2026-02-06 05:28:35,Esok Sekolah,CustomItem,Items,1,Completed,,,2.50000,USD,Positive,Extra mile,,,2.50000,USD
3b795619-4da2-40a1-853e-7c45e0dad64e,2026-02-06 05:19:19,Esok Sekolah,CustomItem,Items,3,Canceled,,,2.50000,USD,Unrated,,Cancelation_Of_Reserved_Order,,7.50000,USD
8bfb3356-2abc-46e9-a5ec-fd65a361b4d1,2026-02-06 05:13:56,Esok Sekolah,CustomItem,Items,1,Completed,Seller_Delivered_But_Order_Not_Received,,2.50000,USD,Positive,Good price,,,2.50000,USD
f38348ab-07ea-4e1b-ad35-76c5570cb757,2026-02-06 04:58:27,Esok Sekolah,CustomItem,Items,1,Canceled,,,2.50000,USD,Unrated,,Buyer_Did_Not_Respond,,2.50000,USD
4ed460b5-ec46-4b67-9ad9-6b242f1e5035,2026-02-06 04:11:07,Eviledon 189m - w,CustomItem,Items,1,Completed,,,10.00000,USD,Positive,Good deal,,,10.00000,USD
a8eab3ee-877a-4ac9-957f-047adbb8e96c,2026-02-06 03:28:19,Tuff Toucan 316.5m/s | y,CustomItem,Items,1,Completed,,,12.00000,USD,Positive,Fast,,,12.00000,USD
0b8aecd3-67ab-4173-91bf-192d69493d40,2026-02-06 02:07:54,Spaghetti Tualetti -v,CustomItem,Items,1,Completed,,,5.00000,USD,Positive,Good price,,,5.00000,USD
41794aae-0a32-47cb-9ee1-4f3c84ef69e2,2026-02-06 01:14:26,Ketupat Kepat 525m - w,CustomItem,Items,1,Completed,,,20.00000,USD,Positive,Quick,,,20.00000,USD
a2fe8308-8ee5-4bcb-baf0-c5ac86180fc3,2026-02-06 01:13:15,Radioactive Chicleteira Noelteira - w,CustomItem,Items,1,Completed,,,4.00000,USD,Positive,Nice!,,,4.00000,USD
7e8124a6-5446-4b1a-801d-bba5a1fc1a8a,2026-02-06 00:35:42,Bacuru and Egguru 336m - s7,CustomItem,Items,1,Completed,,,10.00000,USD,Positive,GGWP,,,10.00000,USD
aea67394-57aa-4bf4-8d0b-606ae8e0f33e,2026-02-06 00:29:43,Lucky Martino Gravitino 5.23sp/s,CustomItem,Items,1,Completed,,,10.00000,USD,Positive,GOAT,,,10.00000,USD
5995e542-aaaf-4e85-a997-b18249b84c8e,2026-02-05 17:31:47,Tictac Sahur 243.7m - w,CustomItem,Items,1,Completed,,,10.00000,USD,Positive,GGWP,,,10.00000,USD
b8f1cac6-290d-49b8-a1e8-54eaa5243935,2026-02-05 17:16:28,Esok Sekolah,CustomItem,Items,1,Completed,,,2.50000,USD,Positive,Fast delivery,,,2.50000,USD
9aa3d374-9f80-4b20-8208-a4c33eb7df42,2026-02-05 17:15:14,Esok Sekolah,CustomItem,Items,1,Completed,,,2.50000,USD,Positive,GGWP,,,2.50000,USD
01f174b7-8c96-42dd-864e-e13ea86b5680,2026-02-05 17:12:28,Esok Sekolah,CustomItem,Items,1,Completed,,,2.50000,USD,Positive,As described,,,2.50000,USD
a7f463ee-5384-4c67-a190-537df14ff9b5,2026-02-05 17:09:04,Esok Sekolah,CustomItem,Items,1,Completed,,,2.50000,USD,Positive,As described,,,2.50000,USD
cd1677ca-b11e-469e-a1ab-f4d5195d99b0,2026-02-05 17:04:30,Esok Sekolah,CustomItem,Items,1,Completed,,,2.50000,USD,Positive,Fast delivery,,,2.50000,USD
fbd62548-08db-4578-a372-fbdd80c2b632,2026-02-05 17:04:02,La Ginger Sekolah 300m - s10,CustomItem,Items,1,Completed,,,10.00000,USD,Positive,GGWP,,,10.00000,USD
ac703c84-d9b1-4255-9e53-3e4692f894cb,2026-02-05 16:58:07,Esok Sekolah,CustomItem,Items,1,Completed,,,2.50000,USD,Positive,Good price,,,2.50000,USD
a9cf02b4-709d-4e2a-bac3-f1ce34eb77ea,2026-02-05 16:57:09,Lavadorito Spinito 157.5m - w,CustomItem,Items,1,Completed,,,10.00000,USD,Positive,GOAT,,,10.00000,USD
5f456e57-e9f1-4582-8d9a-06f4a49bf78d,2026-02-05 16:56:20,Spaghetti Tualetti -v,CustomItem,Items,1,Completed,,,5.00000,USD,Positive,GGWP,,,5.00000,USD
1abd1286-6d02-4ca8-bd27-db29275bfd24,2026-02-05 16:52:19,Tuff Toucan 344.5m - w,CustomItem,Items,1,Completed,,,10.00000,USD,Positive,As described,,,10.00000,USD
67eb4d07-0dc4-4697-b31c-35d123af42f5,2026-02-05 16:45:22,Esok Sekolah,CustomItem,Items,2,Completed,,,2.50000,USD,Positive,GGWP,,,5.00000,USD
5ff2ac38-23da-4ec0-a578-bac3e7c76ad1,2026-02-05 16:43:13,Esok Sekolah,CustomItem,Items,2,Completed,,,2.50000,USD,Positive,Extra mile,,,5.00000,USD
f35ab094-1d6a-45d0-99fa-9aa4896b6bca,2026-02-05 16:41:58,Esok Sekolah,CustomItem,Items,1,Completed,,,2.50000,USD,Positive,GGWP,,,2.50000,USD
9f7c276a-2f5d-4ac6-897d-72fc057d2f1d,2026-02-05 16:35:08,Esok Sekolah,CustomItem,Items,1,Completed,,,2.50000,USD,Positive,Good,,,2.50000,USD
0953e83c-56bf-43ff-9319-8cd46ae44332,2026-02-05 16:31:22,Esok Sekolah,CustomItem,Items,1,Completed,,,2.50000,USD,Positive,Good communication,,,2.50000,USD
130e83c1-c79d-4fc0-897a-ff9de1bc6491,2026-02-05 16:23:21,Esok Sekolah,CustomItem,Items,10,Completed,,,2.50000,USD,Positive,"fast ",,,25.00000,USD
5f54f0d9-25d2-4ef5-9481-c3b166dd3ae9,2026-02-05 16:07:50,Esok Sekolah,CustomItem,Items,1,Completed,,,2.50000,USD,Positive,As described,,,2.50000,USD
d2178f24-ac79-4d57-9b42-505f7b355a26,2026-02-05 16:07:44,Esok Sekolah,CustomItem,Items,4,Completed,,,2.50000,USD,Positive,Good communication,,,10.00000,USD
a5e1c64e-8083-401b-8fa5-bb055088d34e,2026-02-05 16:01:51,Esok Sekolah,CustomItem,Items,1,Completed,,,2.50000,USD,Positive,GGWP,,,2.50000,USD
a7d056ac-6a8e-455f-8553-e7f8e4b55c07,2026-02-05 16:00:35,Esok Sekolah,CustomItem,Items,1,Completed,,,2.50000,USD,Positive,Extra mile,,,2.50000,USD
67b2e6da-8c2d-46b5-8bf0-76171afa21d1,2026-02-05 15:46:34,Esok Sekolah,CustomItem,Items,1,Completed,,,2.50000,USD,Positive,I'ts Not scammer,,,2.50000,USD
ebb3b237-9fcd-45fe-9410-9b316a83f029,2026-02-05 15:40:26,La Jolly Grande 390m - s7,CustomItem,Items,1,Completed,,,15.00000,USD,Positive,Helpful and responsive,,,15.00000,USD
091f74b9-18ed-43ef-ab28-ff8409ace475,2026-02-05 15:35:35,Ketupat Kepat 280m - w,CustomItem,Items,1,Completed,,,12.00000,USD,Positive,As described,,,12.00000,USD
fc10dd65-12e1-4025-ad2f-fa9699c6e52d,2026-02-05 15:33:58,Esok Sekolah,CustomItem,Items,1,Completed,,,2.50000,USD,Positive,Good communication,,,2.50000,USD
fb907317-4336-48e8-9215-f6fbb326f510,2026-02-05 15:32:42,Esok Sekolah,CustomItem,Items,1,Completed,,,2.50000,USD,Positive,Fast delivery,,,2.50000,USD
1d2d4046-e590-4d94-b197-749b5fb9a86b,2026-02-05 15:27:06,Tang Tang Keletang 201m/s - x,CustomItem,Items,1,Completed,,,11.00000,USD,Positive,Fast delivery,,,11.00000,USD
686e27b3-0d51-42fe-ada7-4aed564d2f84,2026-02-05 15:20:56,Esok Sekolah,CustomItem,Items,1,Completed,,,2.50000,USD,Positive,Fast delivery,,,2.50000,USD
6d0f483e-8ceb-4d5b-b91a-9769fc6b56a5,2026-02-05 15:05:27,La Taco Combinasion 183.7m - s7,CustomItem,Items,1,Completed,,,10.00000,USD,Positive,GOAT!!,,,10.00000,USD
3bd220ff-52bd-4097-8948-6b0cd49ce63e,2026-02-05 14:59:49,Tictac Sahur 187.5m - w,CustomItem,Items,1,Completed,,,10.00000,USD,Positive,Good price,,,10.00000,USD
2ad585cd-b57c-4b97-b4ad-4675ede0fa94,2026-02-05 14:38:34,Los Puggies 180m/s | v,CustomItem,Items,1,Completed,,,12.00000,USD,Positive,Good communication,,,12.00000,USD
22b98cac-6bc8-4297-80f7-9510599f7c1c,2026-02-05 14:30:04,Esok Sekolah,CustomItem,Items,4,Completed,,,2.50000,USD,Positive,As described,,,10.00000,USD
21252070-28d4-4430-a565-f034be937715,2026-02-05 14:26:52,Esok Sekolah,CustomItem,Items,1,Completed,,,2.50000,USD,Positive,Trusted delivery,,,2.50000,USD
7ba3141b-b627-47e6-af7c-c844c9ca2479,2026-02-05 14:07:54,Esok Sekolah,CustomItem,Items,1,Completed,,,2.50000,USD,Positive,As described,,,2.50000,USD
42ab4bb7-7456-446e-8d2e-47ffe669f023,2026-02-05 13:42:23,Bacuru and Egguru 588m - w,CustomItem,Items,1,Completed,,,15.00000,USD,Positive,Fast delivery,,,15.00000,USD
52927f83-607e-4d4d-815d-3a5d0cff2762,2026-02-05 13:02:50,Esok Sekolah,CustomItem,Items,1,Completed,,,2.50000,USD,Positive,Helpful and responsive,,,2.50000,USD
e2211b3c-9481-4d7c-89ee-507b5849ef25,2026-02-05 12:34:49,La Taco Combinasion 402.5m - w,CustomItem,Items,1,Completed,,,15.00000,USD,Positive,Fast delivery,,,15.00000,USD
ee1b4a3a-4e12-4659-9705-3fe29ce3ab94,2026-02-05 07:14:03,Tang Tang Keletang 134m - w,CustomItem,Items,1,Completed,,,10.00000,USD,Positive,Helpful and responsive,,,10.00000,USD
98ebf959-4a72-43f6-809d-e80e69c7c57c,2026-02-05 03:21:43,Money Money Puggy 136.5m/s | s11,CustomItem,Items,1,Completed,,,8.00000,USD,Positive,As described,,,8.00000,USD
c5c78d96-f85a-4732-b0e5-8a65f1269e18,2026-02-05 03:07:28,Money Money Puggy 241.5m/s - s23,CustomItem,Items,1,Completed,,,12.00000,USD,Positive,As described,,,12.00000,USD
05829063-a7cb-4fbe-8e7d-87e4a0684fc8,2026-02-05 02:24:22,Esok Sekolah,CustomItem,Items,1,Completed,,,2.50000,USD,Positive,Good communication,,,2.50000,USD
dca0cd1f-8927-45f3-8d00-9a7de1a04a65,2026-02-05 02:17:11,Ketupat Kepat 218.7m/s - x,CustomItem,Items,1,Completed,,,10.00000,USD,Positive,Good communication,,,10.00000,USD
6cf20267-8dfc-4322-ab95-8c8ed74f323d,2026-02-05 01:46:27,Money Money Puggy 283.5m/s - s17,CustomItem,Items,1,Completed,,,13.00000,USD,Positive,Good price,,,13.00000,USD
3e0f7a8c-3860-4b93-8124-f1a877c72e04,2026-02-05 01:46:08,Los 67 253.1m/s - s3,CustomItem,Items,1,Completed,,,12.00000,USD,Positive,Extra mile,,,12.00000,USD
e88c009c-4724-4d93-8c94-24911364e6af,2026-02-05 01:44:20,Tang Tang Keletang 234.5m/s | s,CustomItem,Items,1,Completed,,,10.00000,USD,Positive,GOAT,,,10.00000,USD
f32bae2e-c8a7-4c1d-9900-94aacd0b9efb,2026-02-05 01:41:55,Tang Tang Keletang 293.1m/s - x,CustomItem,Items,1,Completed,,,13.00000,USD,Positive,Good price,,,13.00000,USD
6f285a46-1cde-4861-bf48-6939fdec3f3f,2026-02-05 01:21:32,Chicleteira Noelteira 202.5m/s | s11,CustomItem,Items,1,Completed,,,7.00000,USD,Positive,Good communication,,,7.00000,USD
d211cfef-6f69-42ac-abd7-43422c791863,2026-02-05 01:12:04,W or L 300m/s | v,CustomItem,Items,1,Completed,,,15.00000,USD,Positive,As described,,,15.00000,USD
9c02f056-6ab4-4648-b30e-0115ea0c1d53,2026-02-04 17:05:31,Tuff Toucan 390m/s | s,CustomItem,Items,1,Completed,,,13.00000,USD,Positive,Good price,,,13.00000,USD
2fda930a-e75c-4191-b2f8-5dd655e7df47,2026-02-04 16:57:37,Tang Tang Keletang 335m/s | s,CustomItem,Items,1,Completed,,,15.00000,USD,Positive,Great service,,,15.00000,USD
75970af9-3759-49ac-9311-d6a38963dd93,2026-02-04 16:56:59,Spaghetti Tualetti 510m - s7,CustomItem,Items,1,Completed,,,15.00000,USD,Positive,Fast delivery,,,15.00000,USD
8bbae3d0-90aa-419f-911b-6b0fca8c7c43,2026-02-04 16:26:15,W or L 240m - w,CustomItem,Items,1,Completed,,,10.00000,USD,Positive,As described,,,10.00000,USD
17e50c6f-0867-4b45-a974-3b56863e658b,2026-02-04 16:19:05,Bacuru and Egguru 600m - w,CustomItem,Items,1,Completed,,,20.00000,USD,Positive,Good price,,,20.00000,USD
c1365875-fecd-47e1-8011-10d8b09b9130,2026-02-04 16:07:52,Spaghetti Tualetti -v,CustomItem,Items,1,Completed,,,5.00000,USD,Positive,As described,,,5.00000,USD
be367a53-405c-4b1d-a20b-333ece11b81c,2026-02-04 16:06:20,Spaghetti Tualetti -v,CustomItem,Items,1,Completed,,,5.00000,USD,Positive,Good price,,,5.00000,USD
816023ba-162b-4d87-a0b5-7421aa3cd012,2026-02-04 15:59:29,Spaghetti Tualetti -v,CustomItem,Items,1,Completed,,,5.00000,USD,Positive,As described,,,5.00000,USD
d94a988f-8136-4a6e-b42a-105df1816a57,2026-02-04 15:56:52,Spaghetti Tualetti -v,CustomItem,Items,1,Completed,,,5.00000,USD,Positive,Fast delivery,,,5.00000,USD
c387085a-7909-4d4f-8a48-3d179e9d733f,2026-02-04 15:56:37,Spaghetti Tualetti -v,CustomItem,Items,1,Completed,,,5.00000,USD,Positive,Extra mile,,,5.00000,USD
f8a209b9-ceb5-42ad-b1c1-061e1b0db693,2026-02-04 15:09:58,Ketchuru and Musturu 127.5m - s7,CustomItem,Items,1,Completed,,,10.00000,USD,Positive,GGWP,,,10.00000,USD
f4d9137b-ac8e-4e5b-a839-676ed2ee8ab3,2026-02-04 15:09:15,Ketupat Kepat 210m - w,CustomItem,Items,1,Completed,,,10.00000,USD,Positive,Helpful and responsive,,,10.00000,USD
3c9e04ae-3bd0-41ed-87a2-c2814d45f66c,2026-02-04 15:03:50,Money Money Puggy 178.5m - w,CustomItem,Items,1,Completed,,,10.00000,USD,Positive,Good communication,,,10.00000,USD
511e87f5-b9c3-487f-be19-5f3065df2e46,2026-02-04 14:53:20,Los Bros 300m - w,CustomItem,Items,1,Completed,,,15.00000,USD,Positive,Good price,,,15.00000,USD
ab9e6417-da42-472f-9566-29c06e247cee,2026-02-04 14:27:26,Tictac Sahur 225m/s - x,CustomItem,Items,1,Completed,,,10.00000,USD,Positive,GGWP,,,10.00000,USD
a9fbe869-b58f-4339-86f8-1f0c33d9f951,2026-02-04 14:21:54,Spaghetti Tualetti -v,CustomItem,Items,1,Completed,,,5.00000,USD,Positive,Perfect!! Thanks for all. Very quickly!!!,,,5.00000,USD
c22abf83-7d7f-4a9a-b800-0558fc5f8feb,2026-02-04 14:19:33,Spaghetti Tualetti -v,CustomItem,Items,1,Completed,,,5.00000,USD,Positive,GOAT,,,5.00000,USD
615aefd6-f660-41aa-8ba2-687bc66249d0,2026-02-04 14:14:00,Lavadorito Spinito 270m - w,CustomItem,Items,1,Completed,,,10.00000,USD,Positive,"Trustful ",,,10.00000,USD
4ae37acd-2ac8-4300-aa96-ce6d50a0d083,2026-02-04 12:54:52,Los Puggies 255m/s | y,CustomItem,Items,1,Completed,,,13.00000,USD,Positive,Helpful and responsive,,,13.00000,USD
911558f4-1f63-40b2-bdf4-93ee7a41e19d,2026-02-04 12:02:24,Los Mobilis 165m/s | s,CustomItem,Items,1,Completed,,,6.00000,USD,Positive,Helpful and responsive,,,6.00000,USD
697e6a82-ed3e-4f49-863e-20df8db520c7,2026-02-04 11:54:35,Esok Sekolah,CustomItem,Items,1,Completed,,,2.50000,USD,Positive,Good price,,,2.50000,USD
2b247a5e-f68a-4f3d-af4b-0a9c6f4b97b6,2026-02-04 11:43:51,Eviledon 378ms | s11,CustomItem,Items,1,Completed,,,20.00000,USD,Positive,Extra mile,,,20.00000,USD
9e1e3e40-c8ae-4e7c-ae2d-ebe48face243,2026-02-04 11:05:47,Ketupat Kepat 210m - w,CustomItem,Items,1,Completed,,,10.00000,USD,Positive,Fast delivery,,,10.00000,USD
96485802-fdd3-46de-b5e2-9895521072d9,2026-02-04 10:49:52,Lucky Martino Gravitino 5.23sp/s,CustomItem,Items,1,Completed,,,13.00000,USD,Positive,Good price,,,13.00000,USD
b885442a-1dcc-42a4-a88a-86604bfc4ec1,2026-02-04 10:40:46,Spaghetti Tualetti -v,CustomItem,Items,1,Completed,,,5.00000,USD,Positive,GGWP,,,5.00000,USD
9cc6a4c7-2e40-4a99-92c1-f00ae3b2198e,2026-02-04 10:35:52,Eviledon 220.5m/s | s11,CustomItem,Items,1,Completed,,,15.00000,USD,Positive,"good seller, very fast 
",,,15.00000,USD
de0c9d7b-d547-499d-8bc6-34ed9aabed12,2026-02-04 10:29:06,Spaghetti Tualetti -v,CustomItem,Items,1,Completed,,,5.00000,USD,Positive,As described,,,5.00000,USD
b035c32d-ea5b-4213-a497-e13895f4d2a8,2026-02-04 10:24:22,Ketchuru and Musturu 255m/s | y,CustomItem,Items,1,Completed,,,13.00000,USD,Positive,Fast delivery,,,13.00000,USD
da39e9ac-4647-414b-abd2-daa0ff75e0e8,2026-02-04 09:20:59,Tictac Sahur 243.7m - s7,CustomItem,Items,1,Completed,,,10.00000,USD,Positive,GOAT,,,10.00000,USD
b468b307-0802-4139-9d94-2efa22f33ef7,2026-02-04 09:01:54,W or L 210m - w,CustomItem,Items,1,Completed,,,10.00000,USD,Positive,As described,,,10.00000,USD
3a396894-1e80-4155-8cdc-380ce516da69,2026-02-04 06:00:14,Esok Sekolah,CustomItem,Items,1,Completed,,,2.50000,USD,Positive,Good price,,,2.50000,USD
83a5abf8-06fb-4b01-a23f-0a5e7a5a6b7e,2026-02-04 05:04:16,Los 67 337.5m/s | y,CustomItem,Items,1,Completed,,,12.00000,USD,Positive,GOAT,,,12.00000,USD
c39a9192-cb9e-466c-a531-dacc9151fa1a,2026-02-04 04:47:02,Tuff Toucan 286m/s | s,CustomItem,Items,1,Completed,,,10.00000,USD,Positive,Good communication,,,10.00000,USD
2f0a1fff-0b52-4c07-b9fe-b903a7e726e3,2026-02-04 04:25:59,Ketchuru and Musturu 244.3m - w,CustomItem,Items,1,Completed,,,10.00000,USD,Positive,GGWP,,,10.00000,USD
bd9e1d6f-401a-4d29-b569-7c957c2f5faa,2026-02-04 04:01:42,Los Puggies 180m/s - s3,CustomItem,Items,1,Completed,,,12.00000,USD,Positive,Helpful and responsive,,,12.00000,USD
accbb025-96b3-44aa-8e41-18da74fe4c3e,2026-02-04 03:54:31,Tang Tang Keletang 276.3m/s - x,CustomItem,Items,1,Completed,,,13.00000,USD,Positive,Good communication,,,13.00000,USD
5f8c6893-b22c-48af-bfba-7556466655ab,2026-02-04 03:15:44,Eviledon 189m - w,CustomItem,Items,1,Completed,,,10.00000,USD,Positive,Fast delivery,,,10.00000,USD
2a7b4f83-aae1-4e9a-bf30-2040e7aa24fd,2026-02-04 02:40:20,Nuclearo Dinossauro 120m - w,CustomItem,Items,1,Completed,,,10.00000,USD,Positive,Good communication,,,10.00000,USD
e428fd40-793a-4b87-bab7-b4f10ed4b8d2,2026-02-04 02:33:27,Chillin Chili 325m/s | y,CustomItem,Items,1,Completed,,,18.00000,USD,Positive,As described,,,18.00000,USD
186fa3d4-34e0-400c-b7bc-5774a2f2be57,2026-02-04 02:32:52,Tictac Sahur 309.3m - w,CustomItem,Items,1,Completed,,,13.00000,USD,Positive,As described,,,13.00000,USD
46998365-7b44-4f6b-8bde-3fe4a3a029dc,2026-02-04 01:56:07,Money Money Puggy 252m - w,CustomItem,Items,1,Completed,,,10.00000,USD,Positive,Good price,,,10.00000,USD
fbd38789-b2ca-49e6-bc55-1a2a685c252d,2026-02-04 00:57:45,Tang Tang Keletang 301.5m/s - x,CustomItem,Items,1,Completed,,,15.00000,USD,Positive,Good price,,,15.00000,USD
f863cd11-d00f-41fc-873c-79c163c3f71e,2026-02-04 00:56:02,Swaggy Bros 200m - s7,CustomItem,Items,1,Completed,,,9.00000,USD,Positive,Amazing and very fast!,,,9.00000,USD
616e102b-6d3b-44cb-b94d-f41cb1edfe8c,2026-02-04 00:32:51,Spaghetti Tualetti -v,CustomItem,Items,1,Completed,,,5.00000,USD,Positive,As described,,,5.00000,USD
61554eea-0d1f-4840-9a54-fea89bdeeb58,2026-02-04 00:26:34,Ketchuru and Musturu 276.2m/s - e,CustomItem,Items,1,Completed,,,18.00000,USD,Positive,Extra mile,,,18.00000,USD
df201e31-5cac-4d30-bbd8-9546d9d45de6,2026-02-04 00:08:01,Los Bros 300m - s7,CustomItem,Items,1,Canceled,,,15.00000,USD,Unrated,,Buyer_Did_Not_Respond,,15.00000,USD
258be878-7c63-4781-afbf-88626891a2f8,2026-02-03 23:57:01,Bacuru and Egguru 360m - w,CustomItem,Items,1,Completed,,,10.00000,USD,Positive,he was a little slow but  Helpful and responsive,,,10.00000,USD
4a0946fa-8b69-4ac3-9e20-f7edceb05e99,2026-02-03 16:55:30,Swaggy Bros 240m - s7,CustomItem,Items,1,Completed,,,10.00000,USD,Positive,Fast delivery,,,10.00000,USD
98b35beb-cdcb-476a-b652-62d78bc139f9,2026-02-03 16:35:37,Los Puggies 330m/s | y,CustomItem,Items,1,Canceled,,,15.00000,USD,Unrated,,Out_Of_Stock,,15.00000,USD
5e37efe4-8205-472d-89be-704824c3d694,2026-02-03 16:11:31,Esok Sekolah,CustomItem,Items,1,Completed,,,2.50000,USD,Positive,Helpful and responsive,,,2.50000,USD
54589c88-1be8-4ba7-920b-5a5c5681edff,2026-02-03 15:54:41,Tang Tang Keletang 351.7m - w,CustomItem,Items,1,Completed,,,15.00000,USD,Positive,Good price,,,15.00000,USD
d240afc6-a646-4fc0-b67e-c70421bf2e8d,2026-02-03 15:22:43,Los 67 240m/s - x,CustomItem,Items,1,Completed,,,12.00000,USD,Positive,Good communication,,,12.00000,USD
17a535c2-6e72-42f2-b13b-1119e69e8784,2026-02-03 15:10:25,Eviledon 252m/s - x,CustomItem,Items,1,Completed,,,17.00000,USD,Positive,Helpful and responsive,,,17.00000,USD
95c11ec9-6b92-430f-9edf-62e79f09042a,2026-02-03 14:48:47,"Radioactive
Bacuru and egguru 204m - w",CustomItem,Items,1,Completed,,,10.00000,USD,Positive,Helpful and responsive,,,10.00000,USD
e055591e-3dcc-4166-84ec-e9a7d1bdb341,2026-02-03 14:35:55,Esok Sekolah,CustomItem,Items,6,Completed,,,2.50000,USD,Positive,Extra mile,,,15.00000,USD
36c2f19b-7feb-4c73-831d-32c773be2eca,2026-02-03 14:29:45,Ketupat Kepat 210m - w,CustomItem,Items,1,Completed,,,10.00000,USD,Positive,Helpful and responsive,,,10.00000,USD
9c556a45-2276-4c83-bd90-b63fbd22d475,2026-02-03 14:25:10,Money Money Puggy 236.2m - w,CustomItem,Items,1,Completed,,,10.00000,USD,Positive," GRATEFUL ",,,10.00000,USD
4d43cf4c-0df7-44cb-a0a5-cd1b1bf134c4,2026-02-03 13:55:07,Esok Sekolah,CustomItem,Items,1,Completed,,,2.50000,USD,Positive,"Au tope ",,,2.50000,USD
1cf78d91-99f7-45ca-b66e-34692704941d,2026-02-03 13:54:14,Spaghetti Tualetti -v,CustomItem,Items,1,Completed,,,5.00000,USD,Positive,GOAT,,,5.00000,USD
ffb5829f-9a70-4229-8170-d3a0b5c1ddbc,2026-02-03 13:50:42,Spaghetti Tualetti -v,CustomItem,Items,1,Completed,,,5.00000,USD,Positive,Helpful and responsive,,,5.00000,USD
4d459446-b0f5-48ad-aa54-595a7038ec32,2026-02-03 13:44:29,Spaghetti Tualetti -v,CustomItem,Items,1,Completed,,,5.00000,USD,Positive,Very fast,,,5.00000,USD
e7630dea-d2c0-417c-8c8c-8fdfcc895166,2026-02-03 13:29:20,Spaghetti Tualetti -v,CustomItem,Items,1,Canceled,,,5.00000,USD,Unrated,,Buyer_Did_Not_Respond,,5.00000,USD
713ca498-a3a8-4eed-9cfd-5041bcee298d,2026-02-03 13:27:55,Orcaledon 250m/s | y,CustomItem,Items,1,Completed,,,15.00000,USD,Positive,"Very fast, thanks",,,15.00000,USD
fd5a60a7-1a71-48ab-b84b-a775ea478737,2026-02-03 12:06:18,Esok Sekolah,CustomItem,Items,1,Completed,,,2.50000,USD,Positive,Extra mile,,,2.50000,USD
5769635c-e0c7-40ac-ae4f-9bdb09de622b,2026-02-03 11:33:44,Grappellino D'Oro Lucky 5.52sp/s,CustomItem,Items,1,Completed,,,17.00000,USD,Positive,"Il ma instantanément envoyé un message je le recommande a 100000000000000000000000pourcant !
",,,17.00000,USD
a80855e3-0f48-49e2-9830-615440ef610d,2026-02-03 10:14:48,Esok Sekolah,CustomItem,Items,2,Completed,,,2.50000,USD,Positive,As described,,,5.00000,USD
98dc365d-f2b8-4b3f-8f4f-157aca96d9f1,2026-02-03 09:36:27,Orcaledon 240m - w,CustomItem,Items,1,Completed,,,10.00000,USD,Positive,Extra mile,,,10.00000,USD
387c760b-834a-40ef-86c1-3d61ec92938c,2026-02-03 08:59:57,Tictac Sahur 121.8m - w,CustomItem,Items,1,Completed,,,10.00000,USD,Positive,Fast delivery,,,10.00000,USD
2cc8e31d-8870-4639-b820-f22506f6cb5c,2026-02-03 08:54:02,Money Money Puggy 336m/s | y,CustomItem,Items,1,Completed,,,13.00000,USD,Positive,"Great thank you ",,,13.00000,USD
725aa64b-2301-4a74-b246-8c830d0eb05f,2026-02-03 08:40:44,Tang Tang Keletang 142.3m - w,CustomItem,Items,1,Completed,,,10.00000,USD,Positive,GGWP,,,10.00000,USD
8ba2fec8-9068-4002-b81d-a7be064422dc,2026-02-03 08:36:50,Ketchuru and Musturu 191.2m/s - x,CustomItem,Items,1,Completed,,,13.00000,USD,Positive,very fats and simple,,,13.00000,USD
9f063836-2128-4693-915c-34b1447e7a0a,2026-02-03 08:26:07,Los Mobilis 275m/s | s11,CustomItem,Items,1,Completed,,,10.00000,USD,Positive,GOAT,,,10.00000,USD
1f9d1714-7929-4ac4-badd-d312ec59eee8,2026-02-03 08:14:06,Esok Sekolah,CustomItem,Items,1,Completed,,,2.50000,USD,Positive,Extra mile,,,2.50000,USD
fd781497-ca39-464c-84a1-2ab84471200f,2026-02-03 07:29:36,Grappellino D'Oro Lucky 5.52sp/s,CustomItem,Items,1,Completed,,,17.00000,USD,Positive,Great seller! Fast delivery!,,,17.00000,USD
f2be4150-117f-4e8f-92b4-6c5465475ef1,2026-02-03 07:09:38,Los 67 360m - w,CustomItem,Items,1,Completed,,,10.00000,USD,Positive,Extra mile,,,10.00000,USD
680879d8-f914-4ff4-b321-2ddc36da9225,2026-02-03 06:35:14,Esok Sekolah,CustomItem,Items,1,Completed,,,2.50000,USD,Positive,Good communication,,,2.50000,USD
a7ae0d32-cda8-4ca8-8913-cdbe74170bb7,2026-02-03 05:54:40,Tictac Sahur 225m/s - s3,CustomItem,Items,1,Completed,,,12.00000,USD,Positive,Extra mile,,,12.00000,USD
97dcc189-7b64-48e3-b435-dabf075e8246,2026-02-03 05:47:34,Tang Tang Keletang 435.5m/s | v,CustomItem,Items,1,Completed,,,20.00000,USD,Positive,Good price,,,20.00000,USD
2bd5bb72-36cd-46be-970f-858b28f42a3e,2026-02-03 05:27:45,Lucky Martino Gravitino 5.23sp/s,CustomItem,Items,1,Completed,,,15.00000,USD,Positive,W,,,15.00000,USD
569a073f-7cf3-4eb2-b2ae-b357404e3db5,2026-02-03 04:41:16,Eviledon 94.5m - w,CustomItem,Items,1,Completed,,,10.00000,USD,Positive,This guy is cheap and fast with orders,,,10.00000,USD
22e4f77a-0b33-4bfa-98b6-6a1a3e601231,2026-02-03 04:20:59,Esok Sekolah,CustomItem,Items,1,Completed,,,2.50000,USD,Positive,GOAT,,,2.50000,USD
65c144c4-04db-4bfa-8131-290f4d457362,2026-02-03 02:44:58,Orcaledon 160m/s - w,CustomItem,Items,1,Completed,,,10.00000,USD,Positive,Extra mile,,,10.00000,USD
79c1006d-d8f6-40c1-acd4-e00f3921b3bd,2026-02-03 02:11:22,Los Spooky Combinasionas 260m/s | y,CustomItem,Items,1,Completed,,,12.00000,USD,Positive,Helpful and responsive,,,12.00000,USD
3c686fe6-3777-41a6-bd0e-6383a89ab520,2026-02-03 02:11:16,W or L 180m - w,CustomItem,Items,1,Completed,,,10.00000,USD,Positive,GOAT,,,10.00000,USD
e0bda653-14f3-4959-937b-5fd560e0b026,2026-02-03 01:18:10,Nuclearo Dinossauro 150m/s | y,CustomItem,Items,1,Completed,,,12.00000,USD,Positive,Helpful and responsive,,,12.00000,USD
888b0712-f786-4a8c-9436-92b2a7811bc9,2026-02-03 00:58:23,Ketchuru and Musturu 308.1m/s - e,CustomItem,Items,1,Completed,,,16.00000,USD,Positive,GOAT,,,16.00000,USD
2172f554-1710-4e20-aaa1-ef3007fca511,2026-02-03 00:50:23,Spaghetti Tualetti -v,CustomItem,Items,1,Completed,,,5.00000,USD,Positive,Extra mile,,,5.00000,USD
d916bcf4-3bdf-4141-b896-8c79d3070804,2026-02-02 17:17:38,Esok Sekolah,CustomItem,Items,1,Completed,,,2.50000,USD,Positive,Helpful and responsive,,,2.50000,USD
55c1cfe0-774c-49ed-a048-134e31149454,2026-02-02 17:06:47,Ketupat Kepat 105m - w,CustomItem,Items,1,Completed,,,10.00000,USD,Positive,Helpful and responsive,,,10.00000,USD
bdd39227-a4b3-40d5-8bc1-de550341b4af,2026-02-02 17:05:23,Esok Sekolah,CustomItem,Items,1,Canceled,,,2.50000,USD,Unrated,,Buyer_Did_Not_Respond,,2.50000,USD
826a957e-324d-4f45-ac8a-d1a9caeb4ad7,2026-02-02 17:02:40,Money Money Puggy 257.2m/s - s18,CustomItem,Items,1,Completed,,,12.00000,USD,Positive,As described,,,12.00000,USD
6695fc37-5bc6-41ef-a3b1-a5fec5da92dd,2026-02-02 17:00:29,Esok Sekolah,CustomItem,Items,1,Completed,,,2.50000,USD,Positive,As described,,,2.50000,USD
8ca91bba-82e5-44fc-b21b-96628ca22bd0,2026-02-02 16:57:24,Esok Sekolah,CustomItem,Items,1,Completed,,,2.50000,USD,Positive,As described,,,2.50000,USD
3cc53ff9-fde9-44a5-9468-8e4d1c414ef9,2026-02-02 16:56:19,Esok Sekolah,CustomItem,Items,1,Completed,,,2.50000,USD,Positive,As described,,,2.50000,USD
44190456-d3dc-44e2-ae07-2ad00d1ed442,2026-02-02 16:52:59,Esok Sekolah,CustomItem,Items,1,Completed,,,2.50000,USD,Positive,Good communication,,,2.50000,USD
a2c6f4fa-2ca1-494f-b61d-4362d10fa205,2026-02-02 16:48:37,Esok Sekolah,CustomItem,Items,1,Completed,,,2.50000,USD,Positive,Extra mile,,,2.50000,USD
fc8ce6e5-9194-4b21-a746-0a4de59adea0,2026-02-02 16:36:33,Esok Sekolah,CustomItem,Items,1,Completed,,,2.50000,USD,Positive,Helpful and responsive,,,2.50000,USD
6f84547a-4f16-4096-beb6-a4c26b8eac3c,2026-02-02 16:30:23,Lucky Martino Gravitino 5.23sp/s,CustomItem,Items,1,Completed,,,15.00000,USD,Positive,GGWP,,,15.00000,USD
1159a255-b066-401a-bdd6-92ce9526da62,2026-02-02 16:27:32,Esok Sekolah,CustomItem,Items,1,Completed,,,2.50000,USD,Positive,Good price,,,2.50000,USD
ab9fe6c8-169d-4c04-afee-4cf2663fa13a,2026-02-02 16:20:35,Esok Sekolah,CustomItem,Items,1,Completed,,,2.50000,USD,Positive,Good price,,,2.50000,USD
2c62dc3d-c222-4270-b0ea-945c276aa945,2026-02-02 16:15:50,Esok Sekolah,CustomItem,Items,1,Completed,,,2.50000,USD,Positive,Good price,,,2.50000,USD
d450b6a0-6511-442a-b166-7b2b3df9d0e4,2026-02-02 16:15:12,Esok Sekolah,CustomItem,Items,1,Completed,,,2.50000,USD,Positive,GGWP,,,2.50000,USD
6f3b17e0-f986-43c7-be3f-6f69c02279b7,2026-02-02 16:06:05,Esok Sekolah,CustomItem,Items,1,Completed,,,2.50000,USD,Positive,Very good,,,2.50000,USD
af0e16ac-54ab-4352-bbf4-5c24695d3ffb,2026-02-02 15:59:46,Esok Sekolah,CustomItem,Items,1,Canceled,,,2.50000,USD,Unrated,,Buyer_Did_Not_Respond,,2.50000,USD
af51fbdd-cee5-4846-a0f4-49b8a6e369c4,2026-02-02 15:51:05,Esok Sekolah,CustomItem,Items,1,Completed,,,2.50000,USD,Positive,GOAT,,,2.50000,USD
7c451add-5ee9-49fa-9008-fcdaab509cd9,2026-02-02 15:48:16,Esok Sekolah,CustomItem,Items,2,Completed,,,2.50000,USD,Positive,Extra mile,,,5.00000,USD
a19e7b49-815d-4dc9-9cee-7ff0d986af73,2026-02-02 15:45:27,Ketchuru and Musturu 425m/s - s3,CustomItem,Items,1,Completed,,,21.00000,USD,Positive,GOAT,,,21.00000,USD
62026dd4-475c-4980-bedf-3ef859683341,2026-02-02 15:43:53,Orcaledon 240m - s7,CustomItem,Items,1,Completed,,,10.00000,USD,Positive,GGWP,,,10.00000,USD
7f71cc0c-f4ac-4fdd-a932-6e7ec877da5c,2026-02-02 15:41:39,Esok Sekolah,CustomItem,Items,1,Completed,,,2.50000,USD,Positive,Trusted,,,2.50000,USD
7e886063-bfd4-4636-bacb-a4ff8b6d3600,2026-02-02 15:35:10,Esok Sekolah,CustomItem,Items,1,Completed,,,2.50000,USD,Positive,GGWP,,,2.50000,USD
1080ff82-4e7d-42f9-afa6-f814d6b3f3d9,2026-02-02 15:34:55,Esok Sekolah,CustomItem,Items,1,Completed,,,2.50000,USD,Positive,Helpful and responsive,,,2.50000,USD
b225caa1-691e-45f5-b10e-fa59eb15d8b0,2026-02-02 15:33:01,Esok Sekolah,CustomItem,Items,1,Completed,,,2.50000,USD,Positive,good and fast,,,2.50000,USD
4c8a536e-596f-4aad-a60e-656097e09ed0,2026-02-02 15:27:59,Esok Sekolah,CustomItem,Items,1,Completed,,,2.50000,USD,Positive,GGWP,,,2.50000,USD
775f4c70-a756-4de3-a85f-5e02a0f9b40a,2026-02-02 15:20:09,Esok Sekolah,CustomItem,Items,3,Completed,,,2.50000,USD,Positive,Helpful and responsive,,,7.50000,USD
617fdb76-b6f5-45b4-816b-813bca70131f,2026-02-02 15:13:25,Nuclearo Dinossauro 150m - w,CustomItem,Items,1,Completed,,,10.00000,USD,Positive,Good price,,,10.00000,USD
fbbbc9a2-f06c-4ef6-91bb-699f865c1a8d,2026-02-02 15:05:32,Tuff Toucan 338m/s | y,CustomItem,Items,1,Completed,,,12.00000,USD,Positive,Good price,,,12.00000,USD
8d6dd401-e64a-439f-9fbe-a6fcdb45bb85,2026-02-02 15:03:15,Tictac Sahur 375m - w,CustomItem,Items,1,Completed,,,15.00000,USD,Positive,Good price,,,15.00000,USD
38b028fa-1946-4ba9-972f-7175794938a8,2026-02-02 15:02:32,Esok Sekolah,CustomItem,Items,4,Completed,,,2.50000,USD,Positive,GOAT,,,10.00000,USD
3403f60c-085e-4a93-9912-a4a27211870e,2026-02-02 14:52:33,Esok Sekolah,CustomItem,Items,1,Completed,,,2.50000,USD,Positive,Helpful and responsive,,,2.50000,USD
7ff219a2-871f-4374-8a03-129eab7c7b4a,2026-02-02 14:44:44,Esok Sekolah,CustomItem,Items,2,Completed,,,2.50000,USD,Positive,Very fast,,,5.00000,USD
1e3a97ed-8e1e-4c9a-bc04-8b0e7f786516,2026-02-02 14:26:28,Esok Sekolah,CustomItem,Items,1,Completed,,,2.50000,USD,Positive,Extra mile,,,2.50000,USD
8545456a-4742-4769-9b47-6432f06f3e9e,2026-02-02 14:26:17,Gold Lavadorito Spinito 146.2m - w,CustomItem,Items,1,Completed,,,10.00000,USD,Positive,GOAT,,,10.00000,USD
924ccf18-29c0-4327-acaf-0d2b13a373d1,2026-02-02 14:01:03,Esok Sekolah,CustomItem,Items,1,Completed,,,2.50000,USD,Positive,Good communication,,,2.50000,USD
bde416e9-abe7-4e93-a2d7-8616749da3d4,2026-02-02 13:59:34,Esok Sekolah,CustomItem,Items,1,Completed,,,2.50000,USD,Positive,Good price,,,2.50000,USD
f010b798-64a1-41a1-9cea-8349f8d3a536,2026-02-02 13:58:33,Esok Sekolah,CustomItem,Items,1,Completed,,,2.50000,USD,Positive,"Fast delivery very nice ",,,2.50000,USD
939bb30a-1695-4864-b18f-dc2c90b4c4bd,2026-02-02 13:47:20,Esok Sekolah,CustomItem,Items,1,Completed,,,2.50000,USD,Positive,"W trusted ",,,2.50000,USD
6beb4fee-73fb-4a96-95cb-22dd67bd5aff,2026-02-02 13:00:56,UFO Martino Gravitino 2.28sp/s,CustomItem,Items,1,Completed,,,5.00000,USD,Positive,GGWP,,,5.00000,USD
092e0b06-fceb-4250-b86a-2648b25c081e,2026-02-02 12:11:50,Lucky Martino Gravitino 5.23sp/s,CustomItem,Items,1,Completed,,,15.00000,USD,Positive,Helpful and responsive,,,15.00000,USD
35387e31-1138-43d9-bd14-780a9b142e2f,2026-02-02 11:15:38,Nuclearo Dinossauro 60m/s | y,CustomItem,Items,1,Completed,,,7.00000,USD,Positive,Extra mile,,,7.00000,USD
7e3df53d-f3a5-47cb-aadd-95f84987a327,2026-02-02 11:09:36,Spaghetti Tualetti -v,CustomItem,Items,1,Completed,,,5.00000,USD,Positive,As described,,,5.00000,USD
94fefe02-ff5c-44c9-a5e9-544ca6b8365d,2026-02-02 11:05:37,Spaghetti Tualetti -v,CustomItem,Items,1,Completed,,,5.00000,USD,Positive,GGWP,,,5.00000,USD
b18904f6-e902-468c-8251-4b06d73233f6,2026-02-02 11:03:43,Lucky Martino Gravitino 5.23sp/s,CustomItem,Items,1,Completed,,,15.00000,USD,Positive,Good communication,,,15.00000,USD
6741ffeb-f400-43f8-8d34-193f43c7bd15,2026-02-02 10:52:21,La Ginger Sekolah 468.7ms,CustomItem,Items,1,Completed,,,20.00000,USD,Positive,Good communication,,,20.00000,USD
08c60253-bd53-424b-ab97-48119fb81c31,2026-02-02 10:11:25,Grappellino D'Oro Lucky 5.52sp/s,CustomItem,Items,2,Completed,,,17.00000,USD,Positive,Helpful and responsive,,,34.00000,USD
1c3c8bc3-10e8-4e28-9d18-0aacd3499abc,2026-02-02 10:07:08,Spaghetti Tualetti -v,CustomItem,Items,1,Completed,,,5.00000,USD,Positive,GGWP!,,,5.00000,USD
808cd5b0-acf4-4993-bf8c-77a95863a52a,2026-02-02 09:39:10,Nuclearo Dinossauro 90m - s7,CustomItem,Items,1,Completed,,,6.00000,USD,Positive,GGWP,,,6.00000,USD
8a845b33-c992-4c62-a640-49f2042daca3,2026-02-02 08:42:42,Lucky Martino Gravitino 5.23sp/s,CustomItem,Items,1,Completed,,,15.00000,USD,Positive,very good and cheap tks,,,15.00000,USD
dad0ca20-54f0-4661-b956-fc315465262e,2026-02-02 08:37:33,Lucky Martino Gravitino 5.23sp/s,CustomItem,Items,1,Completed,,,15.00000,USD,Positive,GGWP!,,,15.00000,USD
5a7673d4-0284-44c3-a55f-48ffc3d57da1,2026-02-02 07:28:57,Spaghetti Tualetti -v,CustomItem,Items,1,Completed,,,5.00000,USD,Positive,u da goat,,,5.00000,USD
11c7429c-f318-4ba5-8125-151b0533426b,2026-02-02 07:25:49,Spaghetti Tualetti -v,CustomItem,Items,1,Completed,,,5.00000,USD,Positive,he has a lot of costumer but he give in 5 min,,,5.00000,USD
dceeec29-f4bf-4e08-bbe5-1c44f682fc1b,2026-02-02 07:23:47,Gold W or L 277.5m - s7,CustomItem,Items,1,Completed,,,15.00000,USD,Positive,GGWP,,,15.00000,USD
d33a38c9-d356-43e7-b9d8-b812778b9fea,2026-02-02 07:23:02,Lucky Martino Gravitino 5.23sp/s,CustomItem,Items,1,Completed,,,15.00000,USD,Positive,Good communication,,,15.00000,USD
800ab771-34b2-4c9d-b2a8-413555eb5556,2026-02-02 07:23:02,Mieteteira Bicicleteira 299m/s | s30,CustomItem,Items,1,Completed,,,10.00000,USD,Positive,As described,,,10.00000,USD
1db47721-eced-42ce-b2c3-8a91e4c30a25,2026-02-02 07:22:44,Los Puggies 270m/s - s3,CustomItem,Items,1,Completed,,,13.00000,USD,Positive,GOAT,,,13.00000,USD
253a3b95-997a-446e-b05e-b93c94ca04d1,2026-02-02 06:32:08,Lava Nuclearo Dinossau 195m - w,CustomItem,Items,1,Completed,,,10.00000,USD,Positive,Fast delivery,,,10.00000,USD
697fa310-e4ec-42b7-9f44-fed90d1b4e46,2026-02-02 06:24:47,Gold La Taco Combinasion 201.2m - s7,CustomItem,Items,1,Completed,,,10.00000,USD,Positive,Helpful and responsive,,,10.00000,USD
d16fe008-d56b-4d67-91b1-66c93756f633,2026-02-02 05:37:22,Orcaledon 160m - w,CustomItem,Items,1,Canceled,,,10.00000,USD,Unrated,,Buyer_Did_Not_Respond,,10.00000,USD
4cd56f48-b6f6-41fb-b9b0-67e908123e78,2026-02-02 05:35:18,Spaghetti Tualetti -v,CustomItem,Items,1,Completed,,,5.00000,USD,Positive,Good price,,,5.00000,USD
74ae31d0-0e75-4245-ba1d-2ebbcc03b014,2026-02-02 04:58:21,Eviledon 94.5m - w,CustomItem,Items,1,Canceled,,,10.00000,USD,Unrated,,Buyer_Does_Not_Need_It_Anymore,,10.00000,USD
c306d884-9cf3-4f27-a224-81e9805bb866,2026-02-02 04:43:23,Spaghetti Tualetti -v,CustomItem,Items,1,Completed,,,5.00000,USD,Positive,Good price,,,5.00000,USD
4fedf52f-de2e-4341-9fcd-fc59fd8ab37a,2026-02-02 03:40:04,Spaghetti Tualetti -v,CustomItem,Items,1,Completed,,,5.00000,USD,Positive,Extra mile,,,5.00000,USD
2900c98a-4641-47ea-963e-66deaa66808e,2026-02-02 02:36:05,Nuclearo Dinossauro 157.5m - w,CustomItem,Items,1,Completed,,,10.00000,USD,Positive,amazing,,,10.00000,USD
3a601082-9102-4831-87cf-3efffb8eb476,2026-02-02 02:35:57,Spaghetti Tualetti -v,CustomItem,Items,1,Completed,,,5.00000,USD,Positive,As described,,,5.00000,USD
d6ec3c10-cef9-4860-bdf8-4ddbf3a5102d,2026-02-02 02:25:18,Tictac Sahur 225m - w,CustomItem,Items,1,Completed,,,10.00000,USD,Positive,Helpful and responsive,,,10.00000,USD
235e812d-9ab9-4de7-8eb0-bc668c3d10ae,2026-02-02 02:24:38,Los 67 213.7m/s - e,CustomItem,Items,1,Completed,,,10.00000,USD,Positive,GOAT,,,10.00000,USD
b48aa287-f699-4781-9488-13d6f79159a4,2026-02-02 02:22:19,Esok Sekolah,CustomItem,Items,1,Completed,,,2.50000,USD,Positive,"Pretty good so far he didn’t care which ones I picked ",,,2.50000,USD
0e026a5e-40a3-4abc-8d5e-723314d36912,2026-02-02 02:19:07,Spaghetti Tualetti -v,CustomItem,Items,1,Completed,,,5.00000,USD,Positive,GOAT,,,5.00000,USD
b5937318-7ca8-4dac-88c8-6a3fbc331fc9,2026-02-02 01:57:07,Spaghetti Tualetti -v,CustomItem,Items,1,Completed,,,5.00000,USD,Positive,Good communication,,,5.00000,USD
56d81ec3-5772-46ad-be8c-9deaca308ea7,2026-02-02 01:56:38,Spaghetti Tualetti -v,CustomItem,Items,1,Completed,,,5.00000,USD,Positive,Helpful and responsive,,,5.00000,USD
56cb5754-b111-47f7-9b6c-77e43acf61e4,2026-02-02 01:29:12,Los Puggies 180m/s | y,CustomItem,Items,1,Completed,,,12.00000,USD,Positive,Extra mile,,,12.00000,USD
c8608f30-4032-4e66-a317-b77e00b8d46f,2026-02-01 17:45:54,Spaghetti Tualetti -v,CustomItem,Items,1,Canceled,,,5.00000,USD,Unrated,,Out_Of_Stock,,5.00000,USD
f206cac8-0755-44a9-9eef-a03a84db3234,2026-02-01 17:37:16,Esok Sekolah,CustomItem,Items,1,Canceled,Seller_Delivered_But_Order_Not_Received,,2.50000,USD,Unrated,,Out_Of_Stock,,2.50000,USD
f43227ae-d710-4efd-b898-e98af385b7df,2026-02-01 17:36:59,Esok Sekolah,CustomItem,Items,1,Completed,,,2.50000,USD,Positive,Good price,,,2.50000,USD
3a222403-8ee0-4d11-a3e8-2f9f77168adf,2026-02-01 17:36:36,Spaghetti Tualetti -v,CustomItem,Items,1,Completed,,,5.00000,USD,Positive,Very quick response 👍,,,5.00000,USD
c48a1211-f4e9-4497-a7e5-34ca5cbc00a2,2026-02-01 17:36:18,Bacuru and Egguru 324m/s - e,CustomItem,Items,1,Completed,,,13.00000,USD,Positive,Fast delivery,,,13.00000,USD
8c4f0479-8113-4dc7-9fcb-f165e8f4ad54,2026-02-01 17:31:03,Esok Sekolah,CustomItem,Items,1,Completed,Item_Not_Delivered_Within_Delivery_Time,,2.50000,USD,Positive,Extra mile,,,2.50000,USD
840258ed-193a-4738-92d0-28941f5136be,2026-02-01 17:11:57,Esok Sekolah,CustomItem,Items,1,Completed,,,2.50000,USD,Positive,"It was fast and easy ",,,2.50000,USD
7b5c1af8-711f-4064-8a6b-985052f52e9f,2026-02-01 17:04:01,Eviledon 252m/s - x,CustomItem,Items,1,Completed,,,16.00000,USD,Positive,Good price,,,16.00000,USD
6648b70c-87a5-4886-a1f3-50c6a4206d2b,2026-02-01 17:02:06,Gold La Taco Combinasion 187.3m - w,CustomItem,Items,1,Completed,,,10.00000,USD,Positive,Good price,,,10.00000,USD
8cdc30ca-8842-416f-9f95-63696a2ba4c8,2026-02-01 17:01:13,Bacuru and Egguru 216m/s | y,CustomItem,Items,1,Completed,,,10.00000,USD,Positive,Good communication,,,10.00000,USD
7badfd8e-3ea8-4dfc-a182-4a578268d888,2026-02-01 16:55:34,Esok Sekolah,CustomItem,Items,1,Completed,,,2.50000,USD,Positive,Good price,,,2.50000,USD
bee0020d-64d5-4c98-a56f-6a86e23fc42e,2026-02-01 16:49:20,Esok Sekolah,CustomItem,Items,1,Completed,,,2.50000,USD,Positive,GOAT,,,2.50000,USD
e122dbcb-23a1-4d87-bc5a-39b077fb32ad,2026-02-01 16:48:38,Lucky Martino Gravitino 5.23sp/s,CustomItem,Items,1,Completed,,,15.00000,USD,Positive,GGWP,,,15.00000,USD
23f88463-11fb-4576-87dd-e8645d6b97f7,2026-02-01 16:45:16,Ketchuru and Musturu 425m/s - x,CustomItem,Items,1,Completed,,,20.00000,USD,Positive,Good communication,,,20.00000,USD
cdfd21f1-14ba-4e97-9471-dd7ede23a4eb,2026-02-01 16:43:43,Orcaledon 440m - w,CustomItem,Items,1,Completed,,,20.00000,USD,Positive,Good communication,,,20.00000,USD
9580ce34-df4e-4d0f-8e3b-82498b6d6ece,2026-02-01 16:26:16,Gold Tuff Toucan 318.5m - w,CustomItem,Items,1,Completed,,,10.00000,USD,Positive,GGWP,,,10.00000,USD
c174ad17-fb1f-48fc-8cf2-3384afc94c2f,2026-02-01 16:13:49,"Radioactive Los Candies
287.5m/s - way",CustomItem,Items,1,Completed,,,12.00000,USD,Positive,Good communication,,,12.00000,USD
1293a714-8227-4449-93ff-a89e79a06490,2026-02-01 16:08:35,Tang Tang Keletang 268m/s - e,CustomItem,Items,1,Completed,,,13.00000,USD,Positive,Good price,,,13.00000,USD
58d90397-55b2-471a-accc-6c062eefe9ee,2026-02-01 15:45:00,Swaggy Bros 600m/s | y,CustomItem,Items,1,Completed,,,25.00000,USD,Positive,GGWP!,,,25.00000,USD
0fd859ee-24d2-442f-bd9b-8f4371a83f97,2026-02-01 15:19:18,La Taco Combinasion 210m - w,CustomItem,Items,1,Completed,,,10.00000,USD,Positive,Good price,,,10.00000,USD
a77d8f50-36fd-4f17-affa-3a8577bd18fa,2026-02-01 15:14:50,Spaghetti Tualetti -v,CustomItem,Items,1,Canceled,,,5.00000,USD,Unrated,,Buyer_Did_Not_Respond,,5.00000,USD
b4b351a9-6f24-4ce1-9413-a11ce39d3e86,2026-02-01 15:02:11,Los Candies 195.5m/s | y,CustomItem,Items,1,Completed,,,7.00000,USD,Positive,Je recommande,,,7.00000,USD
5eda4b6c-bc71-4dc3-bfe7-97ad422ca37c,2026-02-01 14:59:24,Esok Sekolah,CustomItem,Items,1,Completed,,,2.50000,USD,Positive,Helpful and responsive,,,2.50000,USD
71e1e9b9-ea98-4ab7-b83c-0e7a4c0e3055,2026-02-01 14:45:50,Lucky Martino Gravitino 5.23sp/s,CustomItem,Items,1,Completed,,,15.00000,USD,Positive,Ty,,,15.00000,USD
9ae06c1d-1763-4063-bc43-cdf84b6c385e,2026-02-01 14:33:33,Ketchuru and Musturu 233.7m/s | y,CustomItem,Items,1,Completed,,,14.00000,USD,Positive,fast and good guy,,,14.00000,USD
7bf31f7c-6397-4873-aa08-922ca69f63ef,2026-02-01 14:28:34,Lucky Martino Gravitino 5.23sp/s,CustomItem,Items,1,Completed,,,15.00000,USD,Positive,GGWP!,,,15.00000,USD
670ecb09-864a-4088-bf67-c3a712e599f1,2026-02-01 14:21:10,Lucky Martino Gravitino 5.23sp/s,CustomItem,Items,1,Completed,,,15.00000,USD,Positive,Good price,,,15.00000,USD
1588838e-e84a-4122-be5d-4b18f7e25040,2026-02-01 14:20:17,Lucky Martino Gravitino 5.23sp/s,CustomItem,Items,1,Completed,,,15.00000,USD,Positive,Helpful and responsive,,,15.00000,USD
1a3a27e2-e15e-4210-94e5-639fff142c73,2026-02-01 14:11:13,Ketupat Kepat 210m - w,CustomItem,Items,1,Completed,,,10.00000,USD,Positive,GGWP!,,,10.00000,USD
b67311e4-59cc-4e14-9887-211696213b2a,2026-02-01 14:03:50,Gold W or L 142.5m - w,CustomItem,Items,1,Completed,,,10.00000,USD,Positive,"Nice work and delivery is fast ",,,10.00000,USD
4422ecc1-2d3a-46ae-8075-b121ef313b83,2026-02-01 13:44:26,Esok Sekolah,CustomItem,Items,1,Completed,,,2.50000,USD,Positive,GGWP!,,,2.50000,USD
4a6ca98c-f414-462f-bbf0-690d69378571,2026-02-01 13:10:15,Swaggy Bros 240m - s12,CustomItem,Items,1,Completed,,,10.00000,USD,Positive,Extra mile,,,10.00000,USD
7f384e08-7f19-4ef2-9882-e3cc7954602c,2026-02-01 13:07:16,Tictac Sahur 234.3m/s | y,CustomItem,Items,1,Completed,,,13.00000,USD,Positive,"legit ",,,13.00000,USD
927d3f0e-a062-4a80-8616-14ee6111f8b9,2026-02-01 12:57:20,Diamond Nuclearo Dinossauro 112.5m - s7,CustomItem,Items,1,Completed,,,10.00000,USD,Positive,Good price,,,10.00000,USD
a7e412f7-cbf9-457a-985e-aa37f4a9bebd,2026-02-01 12:53:12,Eviledon 315m - w,CustomItem,Items,1,Completed,,,15.00000,USD,Positive,GGWP,,,15.00000,USD
67463d7d-1e4b-462b-ad8f-29307ebfa36b,2026-02-01 12:46:30,"Diamond
Lavadorito Spinito
202.5m/s - s12",CustomItem,Items,1,Completed,,,15.00000,USD,Positive,As described,,,15.00000,USD
b19ad9dd-b7e9-41fe-aa32-cd1d7ad32005,2026-02-01 12:43:35,Tang Tang Keletang 201m/s - e,CustomItem,Items,1,Completed,,,13.00000,USD,Positive,"Bravo... Is good! ",,,13.00000,USD
34cb7123-f6f0-4f3d-bb92-b8109485e79e,2026-02-01 12:37:41,Lucky Martino Gravitino 5.23sp/s,CustomItem,Items,1,Completed,,,15.00000,USD,Positive,Good communication,,,15.00000,USD
12653594-7447-41de-9459-3371e91dce18,2026-02-01 12:30:55,Ketupat Kepat 245m/s - s3,CustomItem,Items,1,Completed,,,14.00000,USD,Positive,Good communication,,,14.00000,USD
dfad13af-70bf-4cc2-ab1d-ed10164dc22f,2026-02-01 12:22:55,Eviledon 189m - w,CustomItem,Items,1,Completed,,,10.00000,USD,Positive,GGWP!,,,10.00000,USD
6793dc8a-6b0a-4305-ae12-ac3247f16f59,2026-02-01 11:52:20,Esok Sekolah,CustomItem,Items,1,Completed,,,2.50000,USD,Positive,Helpful and responsive,,,2.50000,USD
0758abbe-2d75-4348-9c2a-075ebc8a1947,2026-02-01 10:42:24,Ketupat Kepat 245m/s | y,CustomItem,Items,1,Completed,,,14.00000,USD,Positive,As described,,,14.00000,USD
a11b7d3c-f42f-461e-9bbd-fd40630be7b6,2026-02-01 10:31:55,Lucky Martino Gravitino 5.23sp/s,CustomItem,Items,1,Completed,,,15.00000,USD,Positive,Ty,,,15.00000,USD
c56df3d0-bd93-4c19-970e-a4168829830c,2026-02-01 10:30:53,W or L 370m/s - e,CustomItem,Items,1,Completed,,,17.00000,USD,Positive,As described,,,17.00000,USD
dead7fcc-a499-4714-b9d7-a038890b0db1,2026-02-01 10:19:46,Spinny Hammy 153m/s | y,CustomItem,Items,1,Completed,,,5.00000,USD,Positive,Helpful and responsive,,,5.00000,USD
a6e289d4-b75c-4c32-9ad8-6f7c3dc3b212,2026-02-01 10:09:06,Lucky Martino Gravitino 5.23sp/s,CustomItem,Items,1,Completed,,,15.00000,USD,Positive,"Quick delivery ",,,15.00000,USD
0b023bd4-7fcb-491d-86d1-352015e1a647,2026-02-01 10:08:51,Lucky Martino Gravitino 5.23sp/s,CustomItem,Items,1,Completed,,,15.00000,USD,Positive,Fast delivery,,,15.00000,USD
162a9ec4-9ad2-4f52-93cb-a10670196da0,2026-02-01 09:46:47,Lucky Martino Gravitino 5.23sp/s,CustomItem,Items,1,Completed,,,15.00000,USD,Positive,GOAT,,,15.00000,USD
d100d34b-cd29-4dbc-ab59-8047bad0a41b,2026-02-01 09:17:33,Tictac Sahur 234.3m/s - e,CustomItem,Items,1,Completed,,,13.00000,USD,Positive,Fast delivery,,,13.00000,USD
cadb3df0-f79d-4792-99b7-a887c512000d,2026-02-01 09:15:57,Bacuru and Egguru 300m/s | y,CustomItem,Items,1,Completed,,,12.00000,USD,Positive,Extra mile,,,12.00000,USD
a9fe48f8-1e2c-409b-9f04-b394c030dd68,2026-02-01 09:03:32,Lucky Martino Gravitino 5.23sp/s,CustomItem,Items,1,Completed,,,15.00000,USD,Positive,GGWP!,,,15.00000,USD
160171b7-710a-46fe-9e98-56cef7af72c3,2026-02-01 08:52:50,Spaghetti Tualetti -v,CustomItem,Items,1,Completed,,,5.00000,USD,Positive,Helpful and responsive,,,5.00000,USD
0f4bf021-f3a7-4c16-a18e-6cedb90c4688,2026-02-01 08:48:21,Lucky Martino Gravitino 5.23sp/s,CustomItem,Items,1,Completed,,,15.00000,USD,Positive,Good price,,,15.00000,USD
a636d283-3c2a-4369-bd79-577da7664b4f,2026-02-01 08:34:25,Nuclearo Dinossauro 165m/s | y,CustomItem,Items,1,Completed,,,10.00000,USD,Positive,Good price,,,10.00000,USD
567310c6-3167-4d70-9525-c0ce140b840f,2026-02-01 08:24:29,Ketchuru and Musturu 212.5m/s | y,CustomItem,Items,1,Completed,,,12.00000,USD,Positive,GOAT,,,12.00000,USD
414ef6cf-29d6-479d-a2e7-ccc3da9fb021,2026-02-01 08:00:27,Eviledon 189m - w,CustomItem,Items,1,Completed,Seller_Delivered_But_Order_Not_Received,,10.00000,USD,Positive,Good price,,,10.00000,USD
4da551f4-2e74-41c7-b3a5-160977f818a3,2026-02-01 07:53:20,Los Bros 96m - w,CustomItem,Items,1,Completed,,,10.00000,USD,Positive,GGWP!,,,10.00000,USD
b8c52d0d-702f-44fc-beec-5f868ac473dc,2026-02-01 07:50:50,Los Candies 230m/s | y,CustomItem,Items,1,Completed,,,10.00000,USD,Positive,Extra mile,,,10.00000,USD
91fd413c-375f-4650-9c74-b4fd86e1aec6,2026-02-01 07:47:52,Gold Tang Tang Keletang 108.8m - w,CustomItem,Items,1,Completed,,,10.00000,USD,Positive,GGWP,,,10.00000,USD
6c419e30-bc03-4e19-9ccc-12fcc8495f15,2026-02-01 07:44:48,Gold W or L 277.5m - s7,CustomItem,Items,1,Completed,,,13.00000,USD,Positive,GOAT,,,13.00000,USD
0c60de37-5560-4c5d-aae1-85941bfce6e5,2026-02-01 07:29:12,Spaghetti Tualetti -v,CustomItem,Items,1,Completed,,,5.00000,USD,Positive,Fast delivery,,,5.00000,USD
75428138-175c-40f5-b8ef-cde11aaef8ca,2026-02-01 06:57:35,La Secret Combinasion 437.5m/s | y,CustomItem,Items,1,Completed,,,20.00000,USD,Positive,Extra mile,,,20.00000,USD
6fff8e4b-e310-4814-a60a-e1379799ede1,2026-02-01 06:34:48,Bacuru and Egguru 240m/s | y,CustomItem,Items,1,Completed,,,10.00000,USD,Positive,GGWP,,,10.00000,USD
3443be94-3654-4116-90d5-34429ad4628e,2026-02-01 05:44:34,Tictac Sahur 234.3m/s | y,CustomItem,Items,1,Completed,,,13.00000,USD,Positive,Good communication,,,13.00000,USD
baa8926d-b7c2-48f4-99bc-ee6ff84f29ee,2026-02-01 05:25:33,Lucky Martino Gravitino 5.23sp/s,CustomItem,Items,1,Completed,,,15.00000,USD,Positive,Good price,,,15.00000,USD
35e5e6bf-b8a6-41f0-88c9-a7553c632d11,2026-02-01 04:54:55,Spaghetti Tualetti -v,CustomItem,Items,2,Completed,,,5.00000,USD,Positive,He gave me a taco one and normal,,,10.00000,USD
3406c5ba-d89a-4605-9126-d11056842c94,2026-02-01 03:41:00,Ketchuru and Musturu 223.1m/s | y,CustomItem,Items,1,Completed,,,13.00000,USD,Positive,Helpful and responsive,,,13.00000,USD
e8f18b93-8996-4f0a-9534-ab0bbd5b722f,2026-02-01 03:18:14,Ketchuru and Musturu 265.5m/s - x,CustomItem,Items,1,Completed,,,16.00000,USD,Positive,Helpful and responsive,,,16.00000,USD
bb74253c-c1ce-492c-a898-69941b8786da,2026-02-01 03:02:30,Los Puggies 180m/s - x,CustomItem,Items,1,Completed,,,10.00000,USD,Positive,Good communication,,,10.00000,USD
2e91ad03-77cc-4108-bfc3-82563560801d,2026-02-01 01:54:38,"Gold
Swaggy Bros
610m/s - s12",CustomItem,Items,1,Completed,,,35.00000,USD,Positive,Extra mile,,,35.00000,USD
9b4dbbff-4bdc-4f28-8a67-8ffa22b6c8fe,2026-02-01 01:44:54,Tictac Sahur 150m - w,CustomItem,Items,1,Completed,,,10.00000,USD,Positive,Good price,,,10.00000,USD
1c463a14-89b7-4303-8317-41874866a02d,2026-02-01 01:42:49,Rainbow Tuff Toucan 546m - s7,CustomItem,Items,1,Completed,,,20.00000,USD,Positive,Good price,,,20.00000,USD
f6049812-70bc-4961-9c7c-07ba01f5377e,2026-02-01 01:25:15,Rainbow Esok Sekolah - w,CustomItem,Items,1,Completed,,,10.00000,USD,Positive,GGWP,,,10.00000,USD
1439d139-7d6e-4868-a843-be8faeea179e,2026-02-01 01:15:09,Lucky Martino Gravitino 1.16x/s,CustomItem,Items,1,Completed,,,15.00000,USD,Positive,GOAT,,,15.00000,USD
03d0a99f-30ae-477e-94e2-c57997f2e3e7,2026-02-01 01:07:26,Cursed Spinny Hammy 238m - w,CustomItem,Items,1,Completed,,,10.00000,USD,Positive,Extra mile,,,10.00000,USD
5221002c-ebfd-4940-abe0-9c47531ab6ea,2026-02-01 00:35:31,Money Money Puggy 194.2m/s - s16,CustomItem,Items,1,Completed,,,10.00000,USD,Positive,Fast delivery,,,10.00000,USD
