Order Id,Order Date,Title,Offer Type,Description,Purchase Quantity,Order State,Dispute Reason,Dispute Message,Price Per Unit Amount,Price Per Unit Currency,Feedback Rating,Review Message,Cancelation Reason,Cancelation Message,Total Order Amount,Total Price Currency
6a86be41-2a23-4aab-a874-bdcd2fbaf7d8,2026-01-31 17:42:49,Ketupat Kepat 227.5m/s - s3,CustomItem,Items,1,Completed,,,13.00000,USD,Positive,Helpful and responsive,,,13.00000,USD
91c6306d-ea62-4f83-b788-1f1fdc2242e8,2026-01-31 17:30:32,Money Money Puggy 483m/s | y,CustomItem,Items,1,Completed,,,20.00000,USD,Positive,GGWP,,,20.00000,USD
3d3651d1-59eb-48fd-9085-2df3564855a8,2026-01-31 17:30:26,W or L 300m/s | y,CustomItem,Items,1,Completed,,,15.00000,USD,Positive,"Legit 
",,,15.00000,USD
5da87b1c-e290-4636-b6db-d1f55b31a7cd,2026-01-31 17:26:02,Tictac Sahur 225m/s - x,CustomItem,Items,1,Completed,,,12.00000,USD,Positive,Extra mile,,,12.00000,USD
6f9956ed-3f88-4039-a50a-add0aad93bca,2026-01-31 17:13:52,Los 67 382.5m/s - e,CustomItem,Items,1,Completed,,,18.00000,USD,Positive,Good price,,,18.00000,USD
47e0d51b-ba97-4aa0-a1ba-cc2a8dc65b89,2026-01-31 16:39:43,Tang Tang Keletang 268m/s - x,CustomItem,Items,1,Completed,,,13.00000,USD,Positive,As described,,,13.00000,USD
2eeb83d1-0f53-4325-9daa-c0f805a0af7a,2026-01-31 16:31:54,La Ginger Sekolah 468.7ms,CustomItem,Items,1,Completed,,,20.00000,USD,Positive,Fast delivery,,,20.00000,USD
2a0dbfb7-da82-440d-bba9-9c4a03e2df1d,2026-01-31 16:30:09,Cursed Bacuru and egguru 216m - w,CustomItem,Items,1,Completed,,,10.00000,USD,Positive,Extra mile,,,10.00000,USD
8dd65728-4d49-48ee-93e0-0cf8613d4cf8,2026-01-31 16:28:26,Chicleteira Noelteira 202.5m/s -s20,CustomItem,Items,1,Completed,,,10.00000,USD,Positive,GGWP!,,,10.00000,USD
12457442-4663-4138-b18e-c67c17bbca62,2026-01-31 16:17:18,Ketupat Kepat 245m/s - s3,CustomItem,Items,1,Completed,,,14.00000,USD,Positive,"+rapide est vendeur gentil bonne reception ",,,14.00000,USD
f3bd5c32-a3d6-4570-b272-a183ec678b4c,2026-01-31 16:04:08,Ketchuru and Musturu 510m/s - e,CustomItem,Items,1,Completed,,,25.00000,USD,Positive,Good communication,,,25.00000,USD
5b1caa05-c983-4ff3-bc03-158f0a4c6e5b,2026-01-31 16:03:58,Lavadorito Spinito 360m - w,CustomItem,Items,1,Completed,,,15.00000,USD,Positive,Extra mile,,,15.00000,USD
dcd9b349-ceb0-45dc-9ecc-92d79aef734b,2026-01-31 15:58:54,Spaghetti Tualetti 435m/s - way,CustomItem,Items,1,Completed,,,10.00000,USD,Positive,GOAT,,,10.00000,USD
68289ee1-9161-4cde-a58d-d35a0b29588f,2026-01-31 15:50:33,Spinny Hammy 102m/s | y,CustomItem,Items,1,Completed,,,4.00000,USD,Positive,Super good trusted!,,,4.00000,USD
54576ad4-6532-4a46-9cb9-81335e8faeff,2026-01-31 15:28:33,La Taco Combinasion 332.5m/s - x,CustomItem,Items,1,Completed,,,15.00000,USD,Positive,Extra mile,,,15.00000,USD
38174aed-2cfa-40af-bbc1-a72eec3966e2,2026-01-31 14:48:14,Esok Sekolah,CustomItem,Items,1,Completed,,,2.50000,USD,Positive,GOAT,,,2.50000,USD
6ffa7e4d-fb20-4a33-91e0-1f5c6ebc4ebb,2026-01-31 14:41:16,Esok Sekolah,CustomItem,Items,1,Completed,,,2.50000,USD,Positive,Good price,,,2.50000,USD
9516c176-5c8b-49bc-b385-a9d56eab0561,2026-01-31 14:35:21,Esok Sekolah,CustomItem,Items,1,Completed,,,2.50000,USD,Positive,As described,,,2.50000,USD
da42762e-efd0-43ac-a321-4533560b135e,2026-01-31 14:28:23,Esok Sekolah,CustomItem,Items,1,Completed,,,2.50000,USD,Positive,Vere trusted,,,2.50000,USD
49ede626-8ddd-4e61-ad69-71b0aac60527,2026-01-31 14:23:44,Esok Sekolah,CustomItem,Items,1,Completed,,,2.50000,USD,Positive,GGWP,,,2.50000,USD
fd8b65df-d4d7-485a-b932-5e9a1adafad3,2026-01-31 14:14:53,Esok Sekolah,CustomItem,Items,1,Canceled,,,2.50000,USD,Unrated,,Buyer_Did_Not_Respond,,2.50000,USD
12533286-2862-4c88-b64d-2edd34f7a37f,2026-01-31 14:06:22,Esok Sekolah,CustomItem,Items,3,Completed,,,2.50000,USD,Positive,Good price,,,7.50000,USD
fbd6661f-226b-41cf-a604-b5c05417d9a2,2026-01-31 14:02:59,Esok Sekolah,CustomItem,Items,2,Canceled,,,2.50000,USD,Unrated,,Buyer_Did_Not_Respond,,5.00000,USD
e113fab8-91d3-4820-af4d-f70d899449a7,2026-01-31 13:54:01,Esok Sekolah,CustomItem,Items,1,Canceled,,,2.50000,USD,Unrated,,Buyer_Did_Not_Respond,,2.50000,USD
100e8122-ea92-43bd-92fa-83178df455ca,2026-01-31 13:52:24,Esok Sekolah,CustomItem,Items,1,Completed,,,2.50000,USD,Positive,Good communication,,,2.50000,USD
3514bd65-2340-468e-bc10-613827f0d50d,2026-01-31 13:52:16,Esok Sekolah,CustomItem,Items,3,Completed,,,2.50000,USD,Positive,Good communication,,,7.50000,USD
744c887e-71e7-46af-81f0-1b141b1c9ccf,2026-01-31 13:50:41,Esok Sekolah,CustomItem,Items,1,Completed,,,2.50000,USD,Positive,Fast delivery,,,2.50000,USD
02532919-11b7-4d61-ac67-c655cac29127,2026-01-31 13:48:35,Esok Sekolah,CustomItem,Items,1,Completed,,,2.50000,USD,Positive,GGWP!,,,2.50000,USD
d5a73c45-9b6c-48a7-90ec-9838221dff0f,2026-01-31 13:37:50,Nuclearo Dinossauro 243.7m/s | y,CustomItem,Items,1,Completed,,,15.00000,USD,Positive,Good price,,,15.00000,USD
8c520fef-508f-4efb-889c-8b2881303033,2026-01-31 13:19:52,La Taco Combinasion 350m - w,CustomItem,Items,1,Completed,,,15.00000,USD,Positive,Helpful and responsive,,,15.00000,USD
22c711e9-9224-49b9-a557-953449122ff8,2026-01-31 13:15:15,Los Puggies 180m/s - e,CustomItem,Items,1,Completed,,,10.00000,USD,Positive,Good price,,,10.00000,USD
cf1a4f92-23d1-45a4-85b6-0e1e71d0a84c,2026-01-31 13:13:59,"Diamond
La Ginger Sekolah 637.5m/s - s7",CustomItem,Items,1,Completed,,,30.00000,USD,Positive,GGWP,,,30.00000,USD
635cbe6e-3961-45d1-a04b-dcab96fad72b,2026-01-31 13:13:37,Esok Sekolah,CustomItem,Items,7,Completed,,,2.50000,USD,Positive,GGWP!,,,17.50000,USD
8bae952d-2bb0-473e-95bb-5f618b3f754e,2026-01-31 13:13:09,Esok Sekolah,CustomItem,Items,1,Completed,,,2.50000,USD,Positive,Good price,,,2.50000,USD
f62bf2bf-1d7b-4a80-aff7-c686165c5833,2026-01-31 13:04:55,"Radioactive Los Candies
287.5m/s - way",CustomItem,Items,1,Completed,,,12.00000,USD,Positive,GOAT,,,12.00000,USD
f1d1df82-0ba1-44b9-a447-3cfbd559c9c1,2026-01-31 13:01:43,Esok Sekolah,CustomItem,Items,1,Completed,,,2.50000,USD,Positive,Good communication,,,2.50000,USD
60e4e777-7b11-429c-8c0c-fb73b46f1f2a,2026-01-31 12:57:51,Los 67 202.5m/s - x,CustomItem,Items,1,Completed,,,10.00000,USD,Positive,Fast and good👍,,,10.00000,USD
97aeb48c-97e0-45f1-b061-014da3649b01,2026-01-31 12:56:03,Esok Sekolah,CustomItem,Items,1,Completed,,,2.50000,USD,Positive,Helpful and responsive,,,2.50000,USD
538ee501-cb77-4361-9887-bcde1351edda,2026-01-31 12:55:13,Los Hotspotsitos 190m - w,CustomItem,Items,1,Completed,,,15.00000,USD,Positive,Extra mile,,,15.00000,USD
83986821-48d0-4eee-95db-4a8a820dfa34,2026-01-31 12:39:30,"Radioactive
Chimino
175m/s - s21",CustomItem,Items,1,Completed,,,8.00000,USD,Positive,Helpful and responsive,,,8.00000,USD
14630176-50b6-427d-8e7d-38542a4c30a8,2026-01-31 12:34:59,W or L 300m/s | y,CustomItem,Items,1,Completed,,,15.00000,USD,Positive,Extra mile,,,15.00000,USD
437dd620-bacb-4862-bdce-d59b012f4bc3,2026-01-31 12:26:22,Esok Sekolah,CustomItem,Items,1,Completed,,,2.50000,USD,Positive,Good price,,,2.50000,USD
80d9a54c-0f3a-4c96-9d27-12733dfbb917,2026-01-31 12:25:27,Esok Sekolah,CustomItem,Items,1,Canceled,,,2.50000,USD,Unrated,,Buyer_Did_Not_Respond,,2.50000,USD
62afe923-a797-4228-b398-2d462c71da92,2026-01-31 12:22:43,Esok Sekolah,CustomItem,Items,1,Completed,,,2.50000,USD,Positive,Good communication,,,2.50000,USD
06edb6b4-369c-4846-af5b-0253cf88c069,2026-01-31 12:20:55,Ketupat Kepat 175m/s - s3,CustomItem,Items,1,Completed,,,12.00000,USD,Positive,GOAT,,,12.00000,USD
fee7a639-02bb-4eff-94b9-e9c1123170c1,2026-01-31 12:14:30,Esok Sekolah,CustomItem,Items,1,Completed,,,2.50000,USD,Positive,GOAT,,,2.50000,USD
5f57df8e-32e3-4267-b06f-29db5a8517f7,2026-01-31 11:52:07,Tictac Sahur 187.5m/s - x,CustomItem,Items,1,Completed,,,11.00000,USD,Positive,"the bed seller very fat
",,,11.00000,USD
6ff10cce-1593-4701-8374-685ab0240607,2026-01-31 11:46:27,Lucky Martino Gravitino 1.16x/s,CustomItem,Items,1,Completed,,,15.00000,USD,Positive,GOAT,,,15.00000,USD
8ca6ceaa-34d4-4501-bdfa-34de8c51c22a,2026-01-31 11:11:18,Esok Sekolah,CustomItem,Items,1,Completed,,,2.50000,USD,Positive,Helpful and responsive,,,2.50000,USD
282d8c9f-a1be-44ef-a088-f04f4a1f1897,2026-01-31 11:08:51,Esok Sekolah,CustomItem,Items,1,Completed,,,2.50000,USD,Positive,Good communication,,,2.50000,USD
b4de73b4-3a4f-4f53-8e0e-34a7283fd59b,2026-01-31 11:05:50,Esok Sekolah,CustomItem,Items,1,Completed,,,2.50000,USD,Positive,Extra mile,,,2.50000,USD
e93ce6b3-05a0-483b-9782-aab9514fb6eb,2026-01-31 10:35:38,Esok Sekolah,CustomItem,Items,1,Completed,,,2.50000,USD,Positive,Helpful and responsive,,,2.50000,USD
90440f3b-effb-4bdb-bd25-b8073a28a5e9,2026-01-31 10:27:12,Swaggy Bros 440m/s | y,CustomItem,Items,1,Completed,,,20.00000,USD,Positive,Fast delivery,,,20.00000,USD
48cda67a-9d06-4180-a80b-38ffe584783e,2026-01-31 10:16:36,Esok Sekolah,CustomItem,Items,1,Completed,,,2.50000,USD,Positive,GGWP,,,2.50000,USD
29dc04e8-64b3-43ff-865d-7530b4fb594f,2026-01-31 10:04:51,Esok Sekolah,CustomItem,Items,1,Completed,,,2.50000,USD,Positive,GGWP!,,,2.50000,USD
8eec1130-17df-4d27-ad5e-08b28f0b9b36,2026-01-31 10:01:05,Esok Sekolah,CustomItem,Items,1,Completed,,,2.50000,USD,Positive,Good communication,,,2.50000,USD
39657d6c-3830-4cc5-8a12-903a2eb04528,2026-01-31 09:44:26,Esok Sekolah,CustomItem,Items,1,Completed,,,2.50000,USD,Positive,Helpful and responsive,,,2.50000,USD
4ce98acc-35e3-43bb-90b1-8eb319921129,2026-01-31 09:43:00,Esok Sekolah,CustomItem,Items,1,Completed,,,2.50000,USD,Positive,Good communication,,,2.50000,USD
89906ccc-e45c-47aa-abd0-b919b9df632d,2026-01-31 09:39:57,Tang Tang Keletang 201m/s - x,CustomItem,Items,1,Completed,,,12.00000,USD,Positive,As described,,,12.00000,USD
c9f9965d-666a-45de-bd5c-089ec72c8f58,2026-01-31 09:22:27,Esok Sekolah,CustomItem,Items,1,Completed,,,2.50000,USD,Positive,Telio,,,2.50000,USD
6178021c-3231-4d28-aa88-8422a5aa281b,2026-01-31 09:02:40,Esok Sekolah,CustomItem,Items,8,Completed,,,2.50000,USD,Positive,Extra mile,,,20.00000,USD
20089563-c581-4fde-9ef4-02213d2f01fd,2026-01-31 09:02:35,Esok Sekolah,CustomItem,Items,1,Completed,,,2.50000,USD,Positive,Extra mile,,,2.50000,USD
b21687e9-c085-48af-865d-c2b485c4b637,2026-01-31 08:47:50,Esok Sekolah,CustomItem,Items,4,Completed,,,2.50000,USD,Positive,Really fast and he aded some mutation and traits on the brainrots,,,10.00000,USD
3c7dee29-b9de-4318-aa2e-f83b74bd77b9,2026-01-31 08:39:18,Esok Sekolah,CustomItem,Items,1,Completed,,,2.50000,USD,Positive,Good price,,,2.50000,USD
b535d3bf-e5ba-4797-aca9-2deb56996f89,2026-01-31 08:38:46,Swaggy Bros 240m/s - x,CustomItem,Items,1,Completed,,,10.00000,USD,Positive,As described,,,10.00000,USD
7f20cf77-5f6d-4367-af70-0cb706da8c80,2026-01-31 08:37:52,Esok Sekolah,CustomItem,Items,1,Completed,,,2.50000,USD,Positive,Extra mile,,,2.50000,USD
fa33dc67-5296-491b-8368-fbf8a09129a6,2026-01-31 08:34:25,Esok Sekolah,CustomItem,Items,1,Completed,,,2.50000,USD,Positive,Helpful and responsive,,,2.50000,USD
7175f76b-f770-43bd-8143-bbb5d49cc937,2026-01-31 08:25:26,Esok Sekolah,CustomItem,Items,1,Completed,,,2.50000,USD,Positive,"Parfait ",,,2.50000,USD
070bbe3e-8166-40e3-a575-e4bb5335829c,2026-01-31 08:22:06,Esok Sekolah,CustomItem,Items,1,Completed,,,2.50000,USD,Positive,Helpful and responsive,,,2.50000,USD
45fa060c-6de6-4548-abb7-3bb2d6acf5ea,2026-01-31 08:11:51,Los 67 247.5m/s - e,CustomItem,Items,1,Completed,,,12.00000,USD,Positive,It was really fast,,,12.00000,USD
3de44f08-549d-4d74-b845-fd85815a39f9,2026-01-31 08:04:43,Tictac Sahur 337.5m/s - e,CustomItem,Items,1,Canceled,,,15.00000,USD,Unrated,,Out_Of_Stock,,15.00000,USD
105f9281-af7b-4e49-91bf-184b806afc10,2026-01-31 07:47:41,Esok Sekolah,CustomItem,Items,1,Completed,,,2.50000,USD,Positive,Extra mile,,,2.50000,USD
ec3285e6-27de-47c9-a012-753eb35265dd,2026-01-31 07:38:04,Esok Sekolah,CustomItem,Items,2,Completed,,,2.50000,USD,Positive,GGWP!,,,5.00000,USD
f6d0cfec-fc6d-4a5f-9c8f-8cc0ac583d6c,2026-01-31 07:25:36,Esok Sekolah,CustomItem,Items,2,Completed,,,2.50000,USD,Positive,Ty good,,,5.00000,USD
deefdee8-4e47-4ba1-b913-66b334068d2c,2026-01-31 07:14:06,Esok Sekolah,CustomItem,Items,1,Completed,,,2.50000,USD,Positive,Fast delivery,,,2.50000,USD
dd141a4b-0e2b-4076-bbfd-a121db75a57f,2026-01-31 06:39:30,Esok Sekolah,CustomItem,Items,1,Completed,,,2.50000,USD,Positive,GOAT,,,2.50000,USD
ff78f3cd-067c-4927-8190-8bfe6cac50b1,2026-01-31 06:35:18,Esok Sekolah,CustomItem,Items,1,Completed,,,2.50000,USD,Positive,Fast delivery,,,2.50000,USD
89ec7cbe-c956-4f8e-977a-1703482517b2,2026-01-31 06:27:12,Money Money Puggy 152.2m/s - s3,CustomItem,Items,1,Completed,,,7.00000,USD,Positive,Helpful and responsive,,,7.00000,USD
dbf73b8f-fd1e-403b-aa88-5577026ee28e,2026-01-31 06:24:34,Esok Sekolah,CustomItem,Items,1,Completed,,,2.50000,USD,Positive,GGWP!,,,2.50000,USD
470d63b0-d288-410f-b339-a648045ec90e,2026-01-31 06:20:32,Esok Sekolah,CustomItem,Items,1,Completed,,,2.50000,USD,Positive,GOAT,,,2.50000,USD
58277641-a72c-49dc-85bd-484db410927c,2026-01-31 06:20:09,Esok Sekolah,CustomItem,Items,2,Completed,,,2.50000,USD,Positive,Fast delivery,,,5.00000,USD
66b2ca14-9b2b-4ca4-a6e1-e8d0491a17c7,2026-01-31 06:17:54,Ketchuru and Musturu 212.5m - s7,CustomItem,Items,1,Completed,,,10.00000,USD,Positive,Fast delivery,,,10.00000,USD
5b3b5c86-522c-442f-8245-434d39d8975f,2026-01-31 06:11:41,Esok Sekolah,CustomItem,Items,4,Completed,,,2.50000,USD,Positive,As described,,,10.00000,USD
cff4bba6-024e-4daa-8ba0-1035dbcdc428,2026-01-31 06:05:08,Gold Los Combinasionas 168.7m - w,CustomItem,Items,1,Completed,,,5.00000,USD,Positive,GGWP,,,5.00000,USD
9aabce37-c353-4b4c-a8c8-311a4ab90aad,2026-01-31 05:49:08,Esok Sekolah,CustomItem,Items,1,Completed,,,2.50000,USD,Positive,Fast delivery,,,2.50000,USD
a94fa1ee-3cd4-4402-aeeb-ebc54b715ad2,2026-01-31 04:42:46,Esok Sekolah,CustomItem,Items,1,Completed,,,2.50000,USD,Positive,Fast delivery,,,2.50000,USD
f6563845-3b72-45c2-920e-75c4341d4304,2026-01-31 04:21:24,Esok Sekolah,CustomItem,Items,1,Completed,,,2.50000,USD,Positive,GOAT,,,2.50000,USD
c5b77074-e7cd-425c-b20a-6ee6191f389e,2026-01-31 03:58:39,Los 67 225m/s - e,CustomItem,Items,1,Completed,,,11.00000,USD,Positive,Extra mile,,,11.00000,USD
6fc05905-3dbb-4ae5-97cf-3e36095b8b0f,2026-01-31 03:54:10,Lavadorito Spinito 472.5m/s | y,CustomItem,Items,1,Completed,,,20.00000,USD,Positive,As described,,,20.00000,USD
95ca268a-6606-461b-98ce-92bb2ae2c1db,2026-01-31 03:03:41,Nuclearo Dinossauro 243.7m/s | y,CustomItem,Items,1,Canceled,,,15.00000,USD,Unrated,,Buyer_Did_Not_Respond,,15.00000,USD
15808a68-a946-47af-9e36-69a0c995e1fe,2026-01-31 03:03:40,Orcaledon 560m/s - way,CustomItem,Items,1,Completed,,,25.00000,USD,Positive,Good price,,,25.00000,USD
cd1228a4-35b7-461d-8303-f507d35d2765,2026-01-31 02:32:27,Chicleteira Noelteira 270m/s | s30,CustomItem,Items,1,Completed,,,10.00000,USD,Positive,GGWP!,,,10.00000,USD
0e345ee7-13bb-4ecd-a5f7-259350266328,2026-01-31 02:24:41,W or L 360m - s7,CustomItem,Items,1,Completed,,,15.00000,USD,Positive,He’s trusted,,,15.00000,USD
08818e26-b494-48e3-a836-a09598338327,2026-01-31 01:45:40,Tictac Sahur 187.5m - s7,CustomItem,Items,1,Completed,,,10.00000,USD,Positive,Extra mile,,,10.00000,USD
8bae5f60-d034-4922-9edb-9c647c5ad745,2026-01-31 01:34:12,Esok Sekolah,CustomItem,Items,1,Completed,,,2.50000,USD,Positive,Good communication,,,2.50000,USD
243d8038-75ff-42f5-9a26-d61b93af2dd2,2026-01-31 00:24:12,Esok Sekolah,CustomItem,Items,1,Completed,,,2.50000,USD,Positive,GOAT,,,2.50000,USD
c1236d5c-478f-4ea0-a3ed-79953ae2791c,2026-01-31 00:16:56,Tictac Sahur 375m/s - x,CustomItem,Items,1,Completed,,,17.00000,USD,Positive,No scam actually trader trust 100%,,,17.00000,USD
d9f9b595-99a9-453b-8ded-d008cac7bc92,2026-01-30 16:49:16,Esok Sekolah,CustomItem,Items,1,Completed,,,2.50000,USD,Positive,As described,,,2.50000,USD
054f18a2-af97-4713-8e1a-93028345a796,2026-01-30 16:36:37,Spaghetti Tualetti | v,CustomItem,Items,1,Completed,,,5.00000,USD,Positive,Good price,,,5.00000,USD
5e9cb3f6-ba90-43b5-bae5-45b69a0aa4a1,2026-01-30 16:31:09,Bacuru and Egguru 120m - s7,CustomItem,Items,1,Completed,,,6.00000,USD,Positive,GGWP,,,6.00000,USD
28153792-15ad-40e5-bc83-ffdc2ee12649,2026-01-30 16:24:01,Esok Sekolah,CustomItem,Items,1,Completed,,,2.50000,USD,Positive,GGWP!,,,2.50000,USD
6204a523-24cf-4061-9aff-0687bf9467b6,2026-01-30 16:09:00,Esok Sekolah,CustomItem,Items,2,Completed,,,2.50000,USD,Positive,As described,,,5.00000,USD
e745b5ff-2a79-404f-984b-507c04b0f896,2026-01-30 16:08:57,Esok Sekolah,CustomItem,Items,1,Completed,,,2.50000,USD,Positive,GGWP!,,,2.50000,USD
f3132962-5826-4f22-abc3-f02667e7556e,2026-01-30 16:02:43,Eviledon 204.7m/s - x,CustomItem,Items,1,Completed,,,15.00000,USD,Positive,As described,,,15.00000,USD
fc0d828e-70f5-461b-ac63-350a459dac46,2026-01-30 15:57:03,"Diamond
Los 67
191.2m/s - way",CustomItem,Items,1,Completed,,,8.00000,USD,Positive,GOAT,,,8.00000,USD
35dbc261-1691-473d-9199-ebf1c477438f,2026-01-30 15:53:13,Mieteteira Bicicleteira 461.5m/s - e,CustomItem,Items,1,Completed,,,13.00000,USD,Positive,Extra mile,,,13.00000,USD
ff4b9980-e862-415c-af7b-548d75a0f1c3,2026-01-30 15:38:32,Esok Sekolah,CustomItem,Items,2,Completed,,,2.50000,USD,Positive,As described,,,5.00000,USD
9fe56558-50be-40b5-9fb6-ff1a8694bd64,2026-01-30 15:32:52,Swaggy Bros 340m/s | y,CustomItem,Items,1,Completed,Item_Not_As_Described,It is 260 m he said 340m,15.00000,USD,Positive,W,,,15.00000,USD
ff72e6d5-6522-422b-9349-1a82ea57a80b,2026-01-30 15:30:36,Esok Sekolah,CustomItem,Items,1,Completed,,,2.50000,USD,Positive,As described,,,2.50000,USD
da31082e-ac89-46d0-9fdd-d5ed073eb050,2026-01-30 15:27:10,Esok Sekolah,CustomItem,Items,2,Completed,,,2.50000,USD,Positive,Fast delivery,,,5.00000,USD
9e1dc884-71ba-45d3-9e91-73d4545f254f,2026-01-30 15:25:20,Esok Sekolah,CustomItem,Items,1,Completed,,,2.50000,USD,Positive,Good communication,,,2.50000,USD
8fcd5d16-7d69-4586-805c-e242dd662a9f,2026-01-30 15:19:50,La Ginger Sekolah 468.7ms,CustomItem,Items,1,Completed,,,20.00000,USD,Positive,Fast delivery,,,20.00000,USD
a30c713e-7a26-4ea1-b7d5-e52506bbc688,2026-01-30 15:14:13,Esok Sekolah,CustomItem,Items,1,Completed,,,2.50000,USD,Positive,GOAT,,,2.50000,USD
cd2e7936-94b4-42ae-95a7-269a96767a0d,2026-01-30 15:05:02,Esok Sekolah,CustomItem,Items,1,Completed,,,2.50000,USD,Positive,Fast delivery,,,2.50000,USD
2541216f-6236-46b6-a237-97f7fd8f48ac,2026-01-30 15:01:34,Esok Sekolah,CustomItem,Items,3,Completed,,,2.50000,USD,Positive,Extra mile,,,7.50000,USD
dfa8358c-b29c-4c78-a570-7469df91ab26,2026-01-30 14:56:32,Esok Sekolah,CustomItem,Items,1,Canceled,,,2.50000,USD,Unrated,,Buyer_Did_Not_Respond,,2.50000,USD
2cb7344f-2265-439e-b8e2-a06e823373da,2026-01-30 14:53:46,Tictac Sahur 225m/s - e,CustomItem,Items,1,Completed,Seller_Delivered_But_Order_Not_Received,,12.00000,USD,Positive,Good communication,,,12.00000,USD
b0987bd6-55da-42ad-97fc-cf6711578b50,2026-01-30 14:51:31,Esok Sekolah,CustomItem,Items,1,Completed,,,2.50000,USD,Positive,fast and very good communication,,,2.50000,USD
89a27751-9c72-4f0e-a056-7be29dd730a9,2026-01-30 14:50:49,Esok Sekolah,CustomItem,Items,1,Completed,,,2.50000,USD,Positive,GGWP,,,2.50000,USD
89ae9593-d7c3-4628-9397-5b272ca21379,2026-01-30 14:49:27,Esok Sekolah,CustomItem,Items,1,Completed,,,2.50000,USD,Positive,Extra mile,,,2.50000,USD
3d16ac92-1db2-403b-a8ca-7cf230c232ca,2026-01-30 14:38:37,Esok Sekolah,CustomItem,Items,3,Completed,,,2.50000,USD,Positive,Helpful and responsive,,,7.50000,USD
a750e161-fd83-441f-afc4-cdac0d6afcbe,2026-01-30 14:35:58,Esok Sekolah,CustomItem,Items,1,Canceled,,,2.50000,USD,Unrated,,Buyer_Provided_Incorrect_Account_Information,,2.50000,USD
725d6bc3-ecf3-469d-b7dc-1700783cd3fc,2026-01-30 14:31:48,Esok Sekolah,CustomItem,Items,2,Completed,,,2.50000,USD,Positive,They were quick and got to the point. 5 stars.,,,5.00000,USD
e4a08b0b-1ee7-4267-b04f-3a586f26865b,2026-01-30 14:18:38,Gold Ketupat Kepat 113.7m - s7,CustomItem,Items,1,Completed,,,10.00000,USD,Positive,Good communication,,,10.00000,USD
6755f5ff-0ca8-4316-a86b-111cd746e317,2026-01-30 14:17:00,Esok Sekolah,CustomItem,Items,1,Completed,,,2.50000,USD,Positive,Fast delivery,,,2.50000,USD
cc5e10e1-8d68-43d8-a1a9-7487a7713374,2026-01-30 14:16:16,Esok Sekolah,CustomItem,Items,1,Canceled,Seller_Delivered_But_Order_Not_Received,,2.50000,USD,Unrated,,Other,Buyer aggresicve,2.50000,USD
04f3c533-be71-478e-af7b-21e98a055322,2026-01-30 14:13:02,Esok Sekolah,CustomItem,Items,1,Completed,,,2.50000,USD,Positive,Good communication,,,2.50000,USD
21e42fae-8cfe-48ef-aa40-85d9e0fe579e,2026-01-30 14:05:54,Esok Sekolah,CustomItem,Items,1,Completed,,,2.50000,USD,Positive,GGWP!,,,2.50000,USD
c209432c-ed68-433f-b732-c413ec7dd9fc,2026-01-30 13:58:24,Esok Sekolah,CustomItem,Items,1,Completed,,,2.50000,USD,Positive,As described,,,2.50000,USD
190f8564-b953-4630-a1c7-43284566120c,2026-01-30 13:24:56,Esok Sekolah,CustomItem,Items,1,Completed,,,2.50000,USD,Positive,GOAT,,,2.50000,USD
fda1ae02-d2ad-4ae5-99dc-0be450dccb24,2026-01-30 13:24:21,Bacuru and Egguru 396m - w,CustomItem,Items,1,Completed,,,15.00000,USD,Positive,Actually did it very recommended 🥳,,,15.00000,USD
4be1337f-99b0-45ed-9932-3a6fe9146e77,2026-01-30 13:19:20,Esok Sekolah,CustomItem,Items,1,Completed,,,2.50000,USD,Positive,Extra mile,,,2.50000,USD
cdbc4bb9-aeff-44eb-88ad-f3e51ac9e0e8,2026-01-30 13:17:49,Esok Sekolah,CustomItem,Items,1,Completed,,,2.50000,USD,Positive,Good price,,,2.50000,USD
600d94a3-482a-4502-a3d2-70f9a5726eee,2026-01-30 12:52:26,Esok Sekolah,CustomItem,Items,1,Completed,,,2.50000,USD,Positive,Helpful and responsive,,,2.50000,USD
f19359f3-259f-4b03-a1a7-60f52a48648f,2026-01-30 12:50:21,Esok Sekolah,CustomItem,Items,1,Completed,,,2.50000,USD,Positive,GGWP!,,,2.50000,USD
fc303a90-0f37-4fa5-935c-34722ed165e9,2026-01-30 12:29:15,Esok Sekolah,CustomItem,Items,1,Completed,,,2.50000,USD,Positive,Good price,,,2.50000,USD
b109bcc1-fbbe-4726-962c-3809a25f2e80,2026-01-30 12:22:16,Esok Sekolah,CustomItem,Items,3,Completed,,,2.50000,USD,Positive,Good price,,,7.50000,USD
4eed91ac-d241-4544-b9bf-21a1e4ea31a4,2026-01-30 12:12:10,Esok Sekolah,CustomItem,Items,1,Completed,,,2.50000,USD,Positive,"Trustworthy, would buy again",,,2.50000,USD
05c4f75c-e362-4e11-ae4d-1aee4a516d9d,2026-01-30 12:00:44,Eviledon 189m/s - x,CustomItem,Items,1,Completed,,,15.00000,USD,Positive,GGWP,,,15.00000,USD
1c7bf232-1f2c-4384-a747-cb0ac52d5a04,2026-01-30 11:51:38,Esok Sekolah,CustomItem,Items,1,Completed,,,2.50000,USD,Positive,Good communication,,,2.50000,USD
9650748f-81ac-4c33-bfca-d3bdc268b885,2026-01-30 11:49:43,Esok Sekolah,CustomItem,Items,1,Canceled,,,2.50000,USD,Unrated,,Buyer_Did_Not_Respond,,2.50000,USD
2605b585-697e-4212-8a34-ff75c7b36dc6,2026-01-30 11:42:10,Orcaledon 240m - s7,CustomItem,Items,1,Completed,,,10.00000,USD,Positive,Good communication,,,10.00000,USD
53cf2524-5e8d-4147-a42e-b15eaabf6798,2026-01-30 11:03:59,Esok Sekolah,CustomItem,Items,1,Completed,,,2.50000,USD,Positive,As described,,,2.50000,USD
7e7ad634-b483-4d38-bcda-b2fbdd9ae122,2026-01-30 11:03:31,Esok Sekolah,CustomItem,Items,1,Completed,,,2.50000,USD,Positive,Good communication,,,2.50000,USD
e9ef6110-44dd-4955-a45f-abc1e721fbf7,2026-01-30 11:00:27,Rainbow La Grande Combinasion 170m - w,CustomItem,Items,1,Completed,,,10.00000,USD,Positive,GGWP,,,10.00000,USD
89b057f0-7c8a-459f-beb6-9524bb826709,2026-01-30 10:58:20,Spaghetti Tualetti | v,CustomItem,Items,1,Completed,,,5.00000,USD,Positive,Good communication,,,5.00000,USD
3243c6d9-3ae5-462d-b071-6a77014970b0,2026-01-30 10:55:53,Esok Sekolah,CustomItem,Items,1,Completed,,,2.50000,USD,Positive,GGWP,,,2.50000,USD
895c3a56-0a2f-4c56-91d4-9f822d34db74,2026-01-30 10:18:48,Esok Sekolah,CustomItem,Items,1,Completed,,,2.50000,USD,Positive,Helpful and responsive,,,2.50000,USD
3e73c46c-5d71-4125-a187-79e214181ed7,2026-01-30 10:10:01,W or L 120m - s7,CustomItem,Items,1,Completed,,,10.00000,USD,Positive,Good communication,,,10.00000,USD
5030bafa-0d4b-469d-8d1e-8f2d00a6fe83,2026-01-30 10:00:16,Chipso and Queso 525m/s | y,CustomItem,Items,1,Completed,,,25.00000,USD,Positive,GGWP!,,,25.00000,USD
7f53f19e-3fc9-4f57-b236-863838837673,2026-01-30 09:54:46,Candy Los 67 315m/s - e,CustomItem,Items,1,Completed,,,13.00000,USD,Positive,GOAT,,,13.00000,USD
af626080-4906-4923-8122-b114831e858b,2026-01-30 08:27:15,Esok Sekolah,CustomItem,Items,1,Completed,,,2.50000,USD,Positive,GOAT,,,2.50000,USD
d5cea0ff-87f4-4c6f-9c4a-24ebf8f88e25,2026-01-30 05:28:51,Money Money Puggy 257.2m/s - s3,CustomItem,Items,1,Completed,,,12.00000,USD,Positive,Very fast seller trustworthy guy.,,,12.00000,USD
4f84b80f-4034-41be-b0cb-ab01dc2db7ec,2026-01-30 05:07:49,Gold Tang Tang Keletang - s7,CustomItem,Items,1,Completed,,,7.50000,USD,Positive,Good communication,,,7.50000,USD
4b7d71ce-62a1-43b3-ac74-21bc7c58ae4e,2026-01-30 04:11:52,Tictac Sahur 150m - s7,CustomItem,Items,1,Completed,,,10.00000,USD,Positive,The guy was really nice I asked if it could be in my server and said yes,,,10.00000,USD
3835eadc-20e5-4ec7-80f8-f2ec01229f31,2026-01-30 03:41:46,Tictac Sahur 225m - s7,CustomItem,Items,1,Completed,,,10.00000,USD,Positive,GOAT,,,10.00000,USD
e5184c89-9932-4c76-8a83-674b5107f1ca,2026-01-30 03:01:20,Ketchuru and Musturu 276.2m/s - e,CustomItem,Items,1,Completed,,,18.00000,USD,Positive,As described,,,18.00000,USD
52c97096-1770-4876-915e-934451709c1e,2026-01-30 02:54:14,Tang Tang Keletang 201m/s - x,CustomItem,Items,1,Completed,,,12.00000,USD,Positive,Extra mile,,,12.00000,USD
9bf35cb5-a6c4-4c24-807f-fdb6e2a0476f,2026-01-30 02:34:33,Ketchuru and Musturu 127.5m - w,CustomItem,Items,1,Completed,,,10.00000,USD,Positive,Good communication,,,10.00000,USD
f76f9ec5-6ef9-44e4-befd-ebe81c1a669e,2026-01-30 02:31:16,La Secret Combinasion 562.5m/s | y,CustomItem,Items,1,Completed,,,25.00000,USD,Positive,GOAT,,,25.00000,USD
33c657ed-4908-47bf-8fb4-e9b26439e69e,2026-01-30 02:12:51,Ketupat Kepat 218.7m/s - x,CustomItem,Items,1,Completed,,,12.00000,USD,Positive,Helpful and responsive,,,12.00000,USD
afda4438-926b-4087-a644-ec047c31ea26,2026-01-30 01:58:18,Ketupat Kepat 288.7m/s | y,CustomItem,Items,1,Completed,,,15.00000,USD,Positive,Good communication,,,15.00000,USD
56085304-fc71-40d6-9770-5f1fbbf4e5cf,2026-01-29 18:09:03,W or L 180m/s - x,CustomItem,Items,1,Completed,,,10.00000,USD,Positive,GOAT,,,10.00000,USD
564a6c73-5c69-4662-b474-11e18f4bc662,2026-01-29 17:47:00,Spaghetti Tualetti | v,CustomItem,Items,1,Completed,,,5.00000,USD,Positive,As described,,,5.00000,USD
bae64902-6d94-4157-af89-94d085c58a1f,2026-01-29 16:56:53,Spaghetti Tualetti | v,CustomItem,Items,1,Completed,,,5.00000,USD,Positive,Good price,,,5.00000,USD
db2a8626-c790-457e-b86c-91d50ee525b2,2026-01-29 16:53:52,Spaghetti Tualetti | v,CustomItem,Items,1,Completed,,,5.00000,USD,Positive,Extra mile,,,5.00000,USD
af12e84f-1c47-4608-8ac5-8b526342e369,2026-01-29 16:15:38,Ketupat Kepat 420m/s | v,CustomItem,Items,1,Completed,,,20.00000,USD,Positive,Fast delivery,,,20.00000,USD
cb6edbbe-722c-46ef-8b1d-45d11a81782e,2026-01-29 15:38:28,Bacuru and Egguru 120m - w,CustomItem,Items,1,Canceled,,,6.00000,USD,Unrated,,Buyer_Did_Not_Respond,,6.00000,USD
88a6bd03-e875-4750-aa48-0d6e481c8f92,2026-01-29 15:06:33,Spaghetti Tualetti | v,CustomItem,Items,1,Completed,,,5.00000,USD,Positive,Good price,,,5.00000,USD
c32181ca-dc3a-4b10-b252-71a72a179474,2026-01-29 15:03:00,Bacuru and Egguru 216m/s - e,CustomItem,Items,1,Completed,,,10.00000,USD,Positive,Helpful and responsive,,,10.00000,USD
99ae39f1-4810-4477-8e36-8ae5076a3126,2026-01-29 14:45:32,Esok Sekolah,CustomItem,Items,4,Completed,,,2.50000,USD,Positive,"very fast delivery ",,,10.00000,USD
9982f998-1f14-4a9a-829a-4329218aae91,2026-01-29 14:45:27,Los 67 292.5m/s - x,CustomItem,Items,1,Completed,,,14.00000,USD,Positive,"nice and quike ",,,14.00000,USD
ce15f7f8-7034-462a-a9ae-af3c4ac76cf4,2026-01-29 12:57:48,Mieteteira Bicicleteira 156m/s | s30,CustomItem,Items,1,Completed,,,6.00000,USD,Positive,GGWP,,,6.00000,USD
220591f4-fba4-4975-80ae-04d791fdd12b,2026-01-29 12:54:02,Ketchuru and Musturu 350.6m/s | y,CustomItem,Items,1,Completed,,,18.00000,USD,Positive,Helpful and responsive,,,18.00000,USD
994a7962-7be5-45de-b007-97df853de62d,2026-01-29 12:48:47,Swaggy Bros 200m/s | y,CustomItem,Items,1,Completed,,,10.00000,USD,Positive,Helpful and responsive,,,10.00000,USD
0765d561-c3e9-43d0-ba1f-a30e574f46d5,2026-01-29 11:36:34,Tictac Sahur 225m/s | y,CustomItem,Items,1,Completed,,,12.00000,USD,Positive,Good price,,,12.00000,USD
50f6b833-e83f-4104-b99c-8c5d93b85396,2026-01-29 10:35:52,Ketupat Kepat 218.7m/s - x,CustomItem,Items,1,Canceled,,,12.00000,USD,Unrated,,Buyer_Did_Not_Respond,,12.00000,USD
3e84ece7-77d7-4270-a7ad-ef677bf56740,2026-01-29 09:51:37,W or L 240m - w,CustomItem,Items,1,Completed,,,12.00000,USD,Positive,"Kind , respect ",,,12.00000,USD
d9169c07-a3a0-4fcf-b1c7-acd36df3e43b,2026-01-29 09:03:15,Esok Sekolah,CustomItem,Items,1,Completed,,,2.50000,USD,Positive,Fast delivery and great item. Thanks very much!!,,,2.50000,USD
1c55825e-e51b-4c83-8a3b-cbf452b88b61,2026-01-29 07:30:49,Tang Tang Keletang 477.3m/s | s13,CustomItem,Items,1,Completed,,,20.00000,USD,Positive,As described,,,20.00000,USD
4cfb44d6-c716-4856-9891-35df07dde8c0,2026-01-29 07:16:24,Esok Sekolah,CustomItem,Items,2,Completed,,,2.50000,USD,Positive,Helpful and responsive,,,5.00000,USD
daca3f83-4217-4884-993e-9805c3d8d295,2026-01-29 04:18:53,La Ginger Sekolah 393.3m/s - s22,CustomItem,Items,1,Completed,,,13.00000,USD,Positive,GGWP,,,13.00000,USD
6e69ccee-81d1-4afc-9a0c-a60e3bd46cbe,2026-01-29 03:50:46,Lavadorito Spinito 495m/s | y,CustomItem,Items,1,Completed,,,20.00000,USD,Positive,GGWP!,,,20.00000,USD
e61bd803-1754-4b2c-ba01-9c3d55bbe75e,2026-01-29 03:36:10,Spaghetti Tualetti | v,CustomItem,Items,1,Completed,,,5.00000,USD,Positive,Good communication,,,5.00000,USD
ba799722-b9be-41bd-a237-d2aa7763b264,2026-01-29 03:05:34,Bacuru and Egguru 216m/s - x,CustomItem,Items,1,Completed,,,10.00000,USD,Positive,GGWP,,,10.00000,USD
9547b7c3-c284-4ccf-90ee-0cc3bcaf9aa0,2026-01-29 01:59:45,Esok Sekolah,CustomItem,Items,1,Completed,,,2.50000,USD,Positive,Helpful and responsive,,,2.50000,USD
c2337665-118d-4d7e-b0a9-81ea2aec8083,2026-01-29 01:54:30,Esok Sekolah,CustomItem,Items,1,Completed,,,2.50000,USD,Positive,Fast delivery,,,2.50000,USD
116baa09-cf91-4a97-8562-e268b16acd5e,2026-01-29 01:43:10,Candy Los Combinasionas 150m - s7,CustomItem,Items,1,Completed,,,5.00000,USD,Positive,Good communication,,,5.00000,USD
9969db81-36ed-4a74-989d-21c1a852332d,2026-01-29 01:40:41,Tang Tang Keletang 201m/s - x,CustomItem,Items,1,Completed,,,11.00000,USD,Positive,GGWP,,,11.00000,USD
b97b6405-e5c2-4872-ae19-7ceeaca4c122,2026-01-29 01:27:26,Lavadorito Spinito 450m/s | y,CustomItem,Items,1,Completed,,,20.00000,USD,Positive,"W man ",,,20.00000,USD
8181751b-5f7b-4a98-8894-a7a3e6e2f057,2026-01-29 01:13:37,Esok Sekolah,CustomItem,Items,1,Completed,,,2.50000,USD,Positive,Helpful and responsive,,,2.50000,USD
780566ae-d5d0-439a-9f48-3b5745c42d28,2026-01-29 00:46:44,Ketchuru and Musturu 212.5m/s - x,CustomItem,Items,1,Completed,,,12.00000,USD,Positive,Fast delivery,,,12.00000,USD
ee2540cc-bad3-414b-ba4a-4a424a694e89,2026-01-29 00:38:07,Esok Sekolah,CustomItem,Items,2,Completed,,,2.50000,USD,Positive,Extra mile,,,5.00000,USD
61c1110b-d5cb-4b4e-8c9e-d73a515ac730,2026-01-29 00:29:27,Esok Sekolah,CustomItem,Items,1,Completed,,,2.50000,USD,Positive,GOAT,,,2.50000,USD
29c498ae-bf6f-4343-b520-c98f4d0c9977,2026-01-28 23:59:37,Esok Sekolah,CustomItem,Items,1,Completed,,,2.50000,USD,Positive,GGWP,,,2.50000,USD
b870bb34-57cc-4a9b-baf6-b5fe799a910c,2026-01-28 23:55:49,Esok Sekolah,CustomItem,Items,1,Completed,,,2.50000,USD,Positive,GGWP,,,2.50000,USD
39a86504-1a8a-4d6b-ab0c-e0037defb711,2026-01-28 23:35:07,La Taco Combinasion 533.7m/s - e,CustomItem,Items,1,Completed,,,22.00000,USD,Positive,As described,,,22.00000,USD
2df0828a-a6b6-4cdb-8a20-d5abdd3ee3b4,2026-01-28 18:01:36,Tang Tang Keletang - x,CustomItem,Items,1,Completed,,,5.00000,USD,Positive,Good,,,5.00000,USD
b03b68d1-1633-49a4-9f54-24b0eec4eaf2,2026-01-28 17:33:39,Mieteteira Bicicleteira 351m/s | s30,CustomItem,Items,1,Completed,,,13.00000,USD,Positive,Extra mile,,,13.00000,USD
b8d195a1-ec20-4157-8696-700c445da701,2026-01-28 17:25:31,Esok Sekolah,CustomItem,Items,1,Completed,,,2.50000,USD,Positive,Good price,,,2.50000,USD
164e171c-ec72-4986-8045-787e7ec612a0,2026-01-28 17:17:54,Spaghetti Tualetti | v,CustomItem,Items,1,Completed,,,5.00000,USD,Positive,As described,,,5.00000,USD
e7c85a1d-2e9f-4cd5-9427-de78c2b72a75,2026-01-28 17:04:05,Swaggy Bros Gold | y,CustomItem,Items,1,Completed,,,7.00000,USD,Positive,GGWP,,,7.00000,USD
2aa2c083-13f1-41ae-9a5e-adf139f6aabf,2026-01-28 16:45:54,Ketchuru and Musturu 382.5m/s - e,CustomItem,Items,1,Completed,,,20.00000,USD,Positive,Www,,,20.00000,USD
3bb71c39-9a85-4840-83a6-7e914ecc0a8b,2026-01-28 16:38:38,Los 67 247.5m/s - x,CustomItem,Items,1,Completed,,,12.00000,USD,Positive,Helpful and responsive,,,12.00000,USD
f08fa08b-a2e7-4df4-9539-29ea9c4f1f9e,2026-01-28 16:26:44,Spaghetti Tualetti | v,CustomItem,Items,1,Completed,,,5.00000,USD,Positive,Good communication,,,5.00000,USD
2bee0197-928e-433e-9147-2375defe5d05,2026-01-28 16:18:25,Tictac Sahur 300m/s - x,CustomItem,Items,1,Completed,,,16.00000,USD,Positive,W,,,16.00000,USD
122bd094-ee8a-4095-8cd9-809ffbb5ad06,2026-01-28 16:01:26,Spaghetti Tualetti | v,CustomItem,Items,1,Completed,,,5.00000,USD,Positive,Extra mile,,,5.00000,USD
13bf1f85-9270-43f4-adea-95309b00066f,2026-01-28 15:25:48,Esok Sekolah,CustomItem,Items,4,Completed,,,2.50000,USD,Positive,Helpful and responsive,,,10.00000,USD
414e07eb-c165-491e-be0f-0956586f3526,2026-01-28 15:20:18,Esok Sekolah,CustomItem,Items,1,Completed,,,2.50000,USD,Positive,Good communication,,,2.50000,USD
7b688fe0-79cd-401f-9914-aa6dc4df428d,2026-01-28 15:19:09,Esok Sekolah,CustomItem,Items,1,Completed,,,2.50000,USD,Positive,W,,,2.50000,USD
6b6dbdae-626b-461a-a401-c019e60d442b,2026-01-28 14:57:02,Esok Sekolah,CustomItem,Items,3,Completed,,,2.50000,USD,Positive,Good communication,,,7.50000,USD
4da44207-a6d8-4f88-b543-6aaa8c4f7221,2026-01-28 14:32:07,Los Mobilis 220m - w,CustomItem,Items,1,Completed,,,8.00000,USD,Positive,Extra mile,,,8.00000,USD
f4c88147-1e88-430b-b253-3af130b4c32d,2026-01-28 13:49:59,Ketupat Kepat 175m/s - x,CustomItem,Items,1,Completed,,,10.00000,USD,Positive,As described,,,10.00000,USD
a7335345-6350-49b0-a38d-00c75759816b,2026-01-28 13:41:23,Ketchuru and Musturu 255m - w,CustomItem,Items,1,Completed,,,15.00000,USD,Positive,Helpful and responsive,,,15.00000,USD
0d84f819-3519-4048-ad36-08c1b2199982,2026-01-28 13:29:11,Tang Tang Keletang - x,CustomItem,Items,1,Canceled,,,5.00000,USD,Unrated,,Buyer_Did_Not_Respond,,5.00000,USD
2c04caf7-10f1-4ab2-a431-f6f2ed013c58,2026-01-28 13:23:17,Esok Sekolah,CustomItem,Items,1,Canceled,,,2.50000,USD,Unrated,,Buyer_Did_Not_Respond,,2.50000,USD
a1243089-ec74-4fb0-ae61-95e2c37ece78,2026-01-28 13:01:25,Spaghetti Tualetti | v,CustomItem,Items,4,Completed,,,5.00000,USD,Positive,Extra mile,,,20.00000,USD
5fe50668-05b6-449a-b414-ca9e5e67e594,2026-01-28 12:17:56,Los 67 337.5m/s - e,CustomItem,Items,1,Completed,,,14.00000,USD,Positive,GGWP,,,14.00000,USD
0aefef81-7feb-4df4-b072-346e5e1e7c8b,2026-01-28 12:14:10,Esok Sekolah,CustomItem,Items,1,Completed,,,2.50000,USD,Positive,As described,,,2.50000,USD
08d93738-abc9-4f28-892c-292ddfe48771,2026-01-28 12:04:23,Gold W or L 307.5m/s - way,CustomItem,Items,1,Completed,,,15.00000,USD,Positive,Good communication,,,15.00000,USD
b93ef611-a4ba-47a7-bf94-d95c4e1e9db9,2026-01-28 11:37:10,Esok Sekolah,CustomItem,Items,1,Completed,,,2.50000,USD,Positive,Good price,,,2.50000,USD
1abc9e5d-554f-4704-ac67-fa7685993ad4,2026-01-28 10:59:48,Esok Sekolah,CustomItem,Items,1,Completed,,,2.50000,USD,Positive,Extra mile,,,2.50000,USD
fd26fe01-3b97-4c2c-8633-422c18a9593e,2026-01-28 10:17:06,Ketupat Kepat 210m/s - x,CustomItem,Items,1,Completed,,,10.00000,USD,Positive,GGWP,,,10.00000,USD
ad0b95d0-6c54-4501-89e7-52d8b9631763,2026-01-28 09:59:20,Tang Tang Keletang 234.5m/s - x,CustomItem,Items,1,Completed,,,11.00000,USD,Positive,Trusted,,,11.00000,USD
6ebf035f-4cce-42e7-84fb-6f04b8b013ba,2026-01-28 09:45:10,Eviledon 220m/s | v,CustomItem,Items,1,Completed,,,15.00000,USD,Positive,Good communication,,,15.00000,USD
2913bb02-cb53-4335-a29e-c351a43d8bae,2026-01-28 09:24:38,Spaghetti Tualetti | y,CustomItem,Items,2,Completed,,,5.00000,USD,Positive,Good price,,,10.00000,USD
2ca6f9fd-2584-4b41-802c-0b8fb3a8dff5,2026-01-28 08:07:15,Spaghetti Tualetti | y,CustomItem,Items,1,Completed,,,5.00000,USD,Positive,Fast delivery,,,5.00000,USD
ee5f733e-4799-4417-a9b4-40f5f844e951,2026-01-28 07:51:28,La Spooky Grande 300m/s | y,CustomItem,Items,1,Completed,,,15.00000,USD,Positive,Thanks,,,15.00000,USD
01b5c281-7d30-434f-9b84-6059910db355,2026-01-28 07:47:18,Spaghetti Tualetti | y,CustomItem,Items,1,Completed,,,5.00000,USD,Positive,Good communication,,,5.00000,USD
8011edcb-576b-4c02-8fbd-1430d0c27dce,2026-01-28 07:28:44,Los 67 191.2m/s | y,CustomItem,Items,1,Completed,,,7.00000,USD,Positive,Fast delivery,,,7.00000,USD
9357f606-db2a-45b0-9072-06a05f4447e1,2026-01-28 06:35:42,Esok Sekolah,CustomItem,Items,2,Completed,,,2.50000,USD,Positive,Good price,,,5.00000,USD
9627197a-5173-447b-82af-b2aac0977b9c,2026-01-28 03:54:13,Esok Sekolah,CustomItem,Items,1,Completed,,,2.50000,USD,Positive,As described,,,2.50000,USD
bc933a0a-5187-4de3-a20e-b605aa26623b,2026-01-28 03:42:52,Esok Sekolah,CustomItem,Items,1,Canceled,,,2.50000,USD,Unrated,,Buyer_Did_Not_Respond,,2.50000,USD
b2227da4-b8f1-445b-9f16-331da4670b70,2026-01-28 03:28:03,Esok Sekolah,CustomItem,Items,1,Completed,,,2.50000,USD,Positive,GGWP,,,2.50000,USD
7394adfa-4076-471e-91f4-4fb1b38369e2,2026-01-28 03:27:50,Esok Sekolah,CustomItem,Items,1,Completed,,,2.50000,USD,Positive,Good communication,,,2.50000,USD
8791624e-06b5-4700-b869-7ce7f8713d5f,2026-01-28 03:13:58,Rainbow Money Money Puggy - s7,CustomItem,Items,1,Completed,Seller_Delivered_But_Order_Not_Received,He did not give me it,10.00000,USD,Positive,GGWP,,,10.00000,USD
3518f2f0-e0c5-4365-8daa-cf35d16efdeb,2026-01-28 03:02:53,Esok Sekolah,CustomItem,Items,1,Completed,,,2.50000,USD,Positive,As described,,,2.50000,USD
4e1baf9e-90fc-4ffb-b4cc-8adee365402b,2026-01-28 02:27:36,Esok Sekolah,CustomItem,Items,1,Completed,,,2.50000,USD,Positive,Helpful and responsive,,,2.50000,USD
e198e5da-b408-4762-af2d-974603439931,2026-01-28 02:12:50,Esok Sekolah,CustomItem,Items,1,Completed,,,2.50000,USD,Positive,GGWP,,,2.50000,USD
6b830949-10e8-4023-9347-339b6e593a17,2026-01-28 02:09:30,Tang Tang Keletang 142.3m/s - x,CustomItem,Items,1,Completed,,,10.00000,USD,Positive,As described,,,10.00000,USD
6eb5a5e2-d972-4de5-b7f8-6eba5759e8c7,2026-01-28 02:09:09,Bacuru and Egguru 216m - s7,CustomItem,Items,1,Completed,,,8.00000,USD,Positive,GOAT,,,8.00000,USD
3858e810-c874-420f-a7ee-94257c885c67,2026-01-28 02:06:40,Esok Sekolah,CustomItem,Items,1,Completed,,,2.50000,USD,Positive,GOAT,,,2.50000,USD
5a6a1f27-f077-45c6-b859-399c5a1c049e,2026-01-28 01:59:01,Esok Sekolah,CustomItem,Items,1,Completed,,,2.50000,USD,Positive,Helpful and responsive,,,2.50000,USD
549d5647-a4f2-4284-b9d3-5c5cbd810ae5,2026-01-28 01:54:55,Los 67 191.2m/s | y,CustomItem,Items,1,Completed,,,7.00000,USD,Positive,GGWP,,,7.00000,USD
03a28ca1-cf7d-4017-9569-2bacc16b8f49,2026-01-28 01:53:45,Esok Sekolah,CustomItem,Items,1,Completed,,,2.50000,USD,Positive,Fast delivery,,,2.50000,USD
9c0e8b36-bf14-4ec0-aa66-008bf04177e9,2026-01-28 01:50:06,Esok Sekolah,CustomItem,Items,1,Completed,,,2.50000,USD,Positive,GOAT,,,2.50000,USD
caf08dc2-64e5-4f4f-9e7b-fb3e00f5a9be,2026-01-28 01:05:16,Spaghetti Tualetti | y,CustomItem,Items,1,Completed,,,5.00000,USD,Positive,GOAT,,,5.00000,USD
adc30191-9d18-4126-969f-dc64267df2a1,2026-01-27 17:46:14,Esok Sekolah,CustomItem,Items,1,Completed,,,2.50000,USD,Positive,GOAT,,,2.50000,USD
2fd8adc3-e63f-4716-b3d2-41509f830a84,2026-01-27 17:24:55,Esok Sekolah,CustomItem,Items,1,Completed,,,2.50000,USD,Positive,Good communication,,,2.50000,USD
acd8c2a9-ef88-4846-a847-d1ea39f1b17b,2026-01-27 17:13:24,Spaghetti Tualetti 480m/s | y,CustomItem,Items,1,Canceled,,,15.00000,USD,Unrated,,Buyer_Did_Not_Respond,,15.00000,USD
009b8c12-02b2-4531-ad30-94872d2dc045,2026-01-27 17:05:06,Tictac Sahur 225m/s - e,CustomItem,Items,1,Completed,,,12.00000,USD,Positive,Helpful and responsive,,,12.00000,USD
d13b289f-f743-4796-b812-576d7711802e,2026-01-27 17:04:23,Los 67 247.5m/s - x,CustomItem,Items,1,Completed,,,12.00000,USD,Positive,As described,,,12.00000,USD
465da29d-e94b-4ea8-9724-d2ead2ed88ea,2026-01-27 16:47:55,Bacuru and Egguru 336m/s | y,CustomItem,Items,1,Completed,,,12.00000,USD,Positive,"Very fast delivery ",,,12.00000,USD
c5a69d57-37e9-40ed-b503-0e0efbd60c97,2026-01-27 16:44:44,Esok Sekolah,CustomItem,Items,1,Completed,,,2.50000,USD,Positive,Extra mile,,,2.50000,USD
b39fc55d-aadf-42cb-9107-49adfca81d87,2026-01-27 16:44:28,Esok Sekolah,CustomItem,Items,1,Completed,,,2.50000,USD,Positive,Helpful and responsive,,,2.50000,USD
c040fe68-ce2c-4976-b075-37b08d1aa686,2026-01-27 16:41:46,Tang Tang Keletang 201m/s - e,CustomItem,Items,1,Completed,,,12.00000,USD,Positive,Good price,,,12.00000,USD
56dc27fe-4e8b-4d61-9225-ccac8478bb75,2026-01-27 16:11:41,Esok Sekolah,CustomItem,Items,1,Completed,,,2.50000,USD,Positive,GGWP,,,2.50000,USD
6eb7f245-e04a-4cd5-89e5-f2639ed72be8,2026-01-27 15:53:43,Esok Sekolah,CustomItem,Items,1,Completed,,,2.50000,USD,Positive,Fast delivery,,,2.50000,USD
aba9942a-f862-497f-a167-402ff8120557,2026-01-27 15:34:34,Esok Sekolah,CustomItem,Items,1,Completed,,,2.50000,USD,Positive,Fast delivery,,,2.50000,USD
b843495f-d12f-466a-acb5-697d3a3d56cc,2026-01-27 15:30:03,Bacuru and Egguru 144m/s | y,CustomItem,Items,1,Completed,,,7.00000,USD,Positive,"Fast ",,,7.00000,USD
ec26ff9a-9939-41ff-b5fc-82a8d0ef9ef8,2026-01-27 12:53:11,Spaghetti Tualetti | y,CustomItem,Items,1,Completed,,,5.00000,USD,Positive,"Is so fasr ",,,5.00000,USD
10113e24-52ef-4ee6-a1cb-647551844fad,2026-01-27 12:52:10,Money Money Puggy 131.2m/s | s,CustomItem,Items,1,Completed,,,7.00000,USD,Positive,GGWP,,,7.00000,USD
010f42d8-d772-4c75-a0bc-945ecf6c0c23,2026-01-27 12:36:28,Esok Sekolah,CustomItem,Items,2,Completed,,,2.50000,USD,Positive,GGWP,,,5.00000,USD
152df221-2589-40e1-b608-7bd7e422dbcb,2026-01-27 12:24:15,Spaghetti Tualetti | y,CustomItem,Items,1,Completed,,,5.00000,USD,Positive,GGWP!,,,5.00000,USD
8f45b9e4-a9c0-4c92-88ed-3d22b2491dca,2026-01-27 12:02:35,Spaghetti Tualetti | y,CustomItem,Items,1,Completed,,,5.00000,USD,Positive,Helpful and responsive,,,5.00000,USD
cc32dd96-2099-4d9a-ac40-9addb7d7a30b,2026-01-27 11:56:56,W or L 255m/s - x,CustomItem,Items,1,Completed,,,12.00000,USD,Positive,GOAT,,,12.00000,USD
717619ba-7969-490f-bfc0-f71477ac2627,2026-01-27 11:52:22,Spaghetti Tualetti | y,CustomItem,Items,1,Completed,,,5.00000,USD,Positive,Good communication,,,5.00000,USD
0140a4e6-23f5-4cdd-a6f8-58843e788bd0,2026-01-27 11:38:25,Spaghetti Tualetti | y,CustomItem,Items,3,Completed,,,5.00000,USD,Positive,Good communication,,,15.00000,USD
27376ed2-273f-4608-bd6a-7f5431af7709,2026-01-27 11:01:42,Spaghetti Tualetti | y,CustomItem,Items,1,Completed,,,5.00000,USD,Positive,Helpful and responsive,,,5.00000,USD
6853b8f8-fb1f-4da8-a856-0383921c4d4b,2026-01-27 10:48:40,Spaghetti Tualetti | y,CustomItem,Items,1,Completed,,,5.00000,USD,Positive,Very good,,,5.00000,USD
1bbbce25-943f-45cd-9017-7bc9cb591f3d,2026-01-27 10:31:17,Los 67 281.2m/s - e,CustomItem,Items,1,Completed,,,13.00000,USD,Positive,GGWP!,,,13.00000,USD
410130f6-acf5-4915-a45d-81c9e37628a6,2026-01-27 10:30:01,Esok Sekolah,CustomItem,Items,1,Completed,,,2.50000,USD,Positive,Good price,,,2.50000,USD
00726b3b-f310-4b50-9e2b-17114b3caf2a,2026-01-27 10:26:14,Esok Sekolah,CustomItem,Items,1,Canceled,,,2.50000,USD,Unrated,,Buyer_Did_Not_Respond,,2.50000,USD
ce2b60ce-9eaa-44e1-890c-29da9201fe6a,2026-01-27 10:01:16,Esok Sekolah,CustomItem,Items,1,Completed,,,2.50000,USD,Positive,GOAT,,,2.50000,USD
c9cbcee2-6091-4312-9ac0-e89ebfe31090,2026-01-27 09:41:34,Esok Sekolah,CustomItem,Items,1,Completed,,,2.50000,USD,Positive,"Este foarte tare și nu m-am luat țeapă ",,,2.50000,USD
da15168f-6ecc-48d5-ae5a-cea54eb915dc,2026-01-27 09:39:03,Cursed Money Money Puggy - w,CustomItem,Items,1,Completed,,,10.00000,USD,Positive,GGWP!,,,10.00000,USD
7f019eae-b41a-4dee-8e4a-74f52c2829ed,2026-01-27 08:51:46,Esok Sekolah,CustomItem,Items,2,Completed,,,2.50000,USD,Positive,Extra mile,,,5.00000,USD
8aeb2867-2bf3-4e49-9ad7-e7c8aa916f23,2026-01-27 08:47:48,Esok Sekolah,CustomItem,Items,1,Completed,,,2.50000,USD,Positive,Extra mile,,,2.50000,USD
21d470ca-30d6-4996-93f7-631bc52a0412,2026-01-27 08:00:12,Los 67 292.5m/s - e,CustomItem,Items,1,Completed,,,13.00000,USD,Positive,As described,,,13.00000,USD
c3c8189e-6653-4f55-ae80-70366a83cb6b,2026-01-27 04:58:10,La Ginger Sekolah 450m/s - s16,CustomItem,Items,1,Completed,,,20.00000,USD,Positive,Such a great and fast experience!,,,20.00000,USD
accd6f0b-40fc-42a1-b40d-d5edb6c421ff,2026-01-27 04:49:13,Esok Sekolah,CustomItem,Items,2,Completed,,,2.50000,USD,Positive,Legit,,,5.00000,USD
1d5508aa-4d54-4fc9-8b00-6f7d65609e29,2026-01-27 04:38:32,Diamond Los Mobilis 242m - w,CustomItem,Items,1,Completed,,,8.00000,USD,Positive,Extra mile,,,8.00000,USD
bca8fa34-dbfd-49a0-93d8-027130fe710a,2026-01-27 03:06:16,Esok Sekolah,CustomItem,Items,1,Completed,,,2.50000,USD,Positive,Extra mile,,,2.50000,USD
3666caaa-123d-488a-bd35-6b2b16606f30,2026-01-27 02:52:33,Esok Sekolah,CustomItem,Items,1,Completed,,,2.50000,USD,Positive,GGWP,,,2.50000,USD
34efabf3-3422-4b3f-af06-c56eb1e53da9,2026-01-27 02:05:44,Eviledon 330.7m/s - e,CustomItem,Items,1,Completed,,,18.00000,USD,Positive,Fast delivery,,,18.00000,USD
cb2b3e47-b2bf-42ad-8a3b-d25261f2fb63,2026-01-27 01:55:46,Galaxy Los 67 - s7,CustomItem,Items,1,Completed,,,5.00000,USD,Positive,Helpful and responsive,,,5.00000,USD
59c6d84b-99ec-48d3-ad76-02f635616292,2026-01-26 16:31:50,Tang Tang Keletang 201m/s - e,CustomItem,Items,1,Completed,,,11.00000,USD,Positive,Good price,,,11.00000,USD
277e11db-2012-4e89-be0c-6a776d02dc7f,2026-01-26 16:16:13,Esok Sekolah,CustomItem,Items,1,Completed,,,2.50000,USD,Positive,Fast delivery,,,2.50000,USD
abe5f3dd-31dc-415c-9c57-49bd6649a6d7,2026-01-26 16:05:15,W or L 397.5m/s | y,CustomItem,Items,1,Completed,,,20.00000,USD,Positive,"No scam amazing
",,,20.00000,USD
5c5add90-d94b-4093-9972-5fc096698792,2026-01-26 16:02:43,Los 67 225m/s - x,CustomItem,Items,1,Completed,,,11.00000,USD,Positive,Good communication,,,11.00000,USD
72eaa7de-138b-461d-b991-80d2abee98f1,2026-01-26 15:58:18,Esok Sekolah,CustomItem,Items,1,Completed,,,2.50000,USD,Positive,Good price,,,2.50000,USD
9af69444-fdee-4f11-8267-7c0c1d774011,2026-01-26 15:51:33,Eviledon 189m/s - x,CustomItem,Items,1,Completed,,,15.00000,USD,Positive,Good communication,,,15.00000,USD
9c5fc3fc-5a6c-409e-92d8-9d274695fc44,2026-01-26 15:50:08,Esok Sekolah,CustomItem,Items,1,Completed,,,2.50000,USD,Positive,Helpful and responsive,,,2.50000,USD
e2108532-674c-4501-8f15-1bb1f10e50ea,2026-01-26 15:26:59,Esok Sekolah,CustomItem,Items,1,Completed,,,2.50000,USD,Positive,Extra mile,,,2.50000,USD
32b58c36-ec6c-457a-8d4b-5bb5ca37d35b,2026-01-26 15:20:13,Esok Sekolah,CustomItem,Items,1,Completed,,,2.50000,USD,Positive,Good communication,,,2.50000,USD
2b82829b-b440-43f3-bd83-f5229984a7d1,2026-01-26 15:16:33,Chicleteira Noelteira 210m/s | s,CustomItem,Items,1,Completed,Seller_Delivered_But_Order_Not_Received,"I stayed and he took all my stuff ",7.00000,USD,Positive,Good communication,,,7.00000,USD
9e08251e-a924-460a-bd9c-84d83a749e91,2026-01-26 15:15:46,Esok Sekolah,CustomItem,Items,1,Completed,,,2.50000,USD,Positive,GGWP,,,2.50000,USD
d0b3da73-75dd-4715-b957-9e4dd3fb3d85,2026-01-26 13:53:07,Los 67 180m/s - e,CustomItem,Items,1,Completed,,,9.00000,USD,Positive,GOAT,,,9.00000,USD
cb660bc6-a823-41e5-90b4-bb14d427d99b,2026-01-26 13:32:29,W or L 180m/s - way,CustomItem,Items,1,Completed,,,10.00000,USD,Positive,Good price,,,10.00000,USD
9d03d92d-6bdc-4591-822c-03563d7f7a9a,2026-01-26 13:10:08,Yin-Yang Bacuru And Egguru 180m - w,CustomItem,Items,1,Completed,,,9.00000,USD,Positive,gg wwwww,,,9.00000,USD
57ec64ca-b72a-4b1c-895d-a55516ceba15,2026-01-26 13:09:30,Esok Sekolah,CustomItem,Items,2,Completed,,,2.50000,USD,Positive,Good price,,,5.00000,USD
2aa24539-c486-4692-baba-81094ddf45a9,2026-01-26 13:04:09,Esok Sekolah,CustomItem,Items,1,Completed,,,2.50000,USD,Positive,Good price,,,2.50000,USD
d0415bb1-3a59-4feb-817e-0bea455439e3,2026-01-26 12:56:57,Esok Sekolah,CustomItem,Items,3,Completed,,,2.50000,USD,Positive,ggwp,,,7.50000,USD
fcf834bd-57c7-40c1-a147-243a151e14d6,2026-01-26 12:54:22,Esok Sekolah,CustomItem,Items,1,Canceled,Other,"I don’t want it no ",2.50000,USD,Unrated,,Buyer_Does_Not_Need_It_Anymore,,2.50000,USD
c38280a8-afa0-415d-be17-be505096b265,2026-01-26 12:15:27,Esok Sekolah,CustomItem,Items,1,Canceled,,,2.50000,USD,Unrated,,Buyer_Did_Not_Respond,,2.50000,USD
5545692e-f73c-46b3-bdbe-4ee396e0bf4e,2026-01-26 12:13:57,Bacuru and Egguru 216m/s | y,CustomItem,Items,1,Completed,,,10.00000,USD,Positive,GGWP!,,,10.00000,USD
fe05737a-9b54-4e1e-aa97-d41b6e39638b,2026-01-26 12:09:25,Esok Sekolah,CustomItem,Items,1,Completed,,,2.50000,USD,Positive,GGWP,,,2.50000,USD
41dab555-1a5a-49a4-8cfd-16ab87c0cb73,2026-01-26 12:08:34,Esok Sekolah,CustomItem,Items,1,Completed,,,2.50000,USD,Positive,Extra mile,,,2.50000,USD
34b25930-aece-4247-ac20-fbf406303c11,2026-01-26 12:08:09,Esok Sekolah,CustomItem,Items,1,Completed,,,2.50000,USD,Positive,GOAT,,,2.50000,USD
e5526b23-1be9-41b7-94f7-1ccbe14c3cb9,2026-01-26 12:01:21,Esok Sekolah,CustomItem,Items,1,Completed,,,2.50000,USD,Positive,Fast delivery,,,2.50000,USD
3ed7abcb-492b-41ba-8c96-ff66498c40f4,2026-01-26 11:53:32,Esok Sekolah,CustomItem,Items,1,Completed,,,2.50000,USD,Positive,Good communication,,,2.50000,USD
300a1b65-9020-492f-9e16-cd1714b6150d,2026-01-26 11:47:42,Esok Sekolah,CustomItem,Items,1,Canceled,,,2.50000,USD,Unrated,,Buyer_Did_Not_Respond,,2.50000,USD
e6d2c9a6-0754-49bf-97c3-eb56bf554ed4,2026-01-26 11:36:43,Esok Sekolah,CustomItem,Items,1,Completed,,,2.50000,USD,Positive,,,,2.50000,USD
552eb272-1d2b-47d6-b299-016619b21b18,2026-01-26 11:27:34,Esok Sekolah,CustomItem,Items,1,Completed,,,2.50000,USD,Positive,"Merci t’es la meilleure
",,,2.50000,USD
42b54832-59f2-489b-ab93-267d1c4921bf,2026-01-26 10:24:37,Ketchuru and Musturu 637.5m/s | v,CustomItem,Items,1,Completed,,,30.00000,USD,Positive,GGWP,,,30.00000,USD
6e3a42af-ab61-4fa0-901a-6902fbce2278,2026-01-26 08:24:37,Bacuru and Egguru 216m/s | v,CustomItem,Items,1,Completed,,,10.00000,USD,Positive,GOAT,,,10.00000,USD
21d3da80-39e5-480a-9835-f81dceafb8d9,2026-01-26 07:58:35,Los Candies 195.5m/s - s16,CustomItem,Items,1,Completed,,,9.00000,USD,Positive,Good price,,,9.00000,USD
d89ce782-41d0-4a87-8ff0-a38c6a68aa15,2026-01-26 06:40:25,Eviledon 189m/s - e,CustomItem,Items,1,Completed,,,15.00000,USD,Positive,Good communication,,,15.00000,USD
6aeecd44-9fb2-4905-9bc3-bfbd6f3b91e9,2026-01-26 06:40:18,Tictac Sahur 600m/s | y,CustomItem,Items,1,Completed,,,25.00000,USD,Positive,GOAT,,,25.00000,USD
8ad2d534-0cbc-401c-bf27-e162c9f5e969,2026-01-26 06:35:11,Los Puggies 285m/s | y,CustomItem,Items,1,Completed,,,15.00000,USD,Positive,Good price,,,15.00000,USD
d189cd5a-a5eb-42bc-acd2-67e614bb02f5,2026-01-26 05:06:16,Ketchuru and Musturu 425m/s | y,CustomItem,Items,1,Completed,,,23.00000,USD,Positive,GGWP!,,,23.00000,USD
62b6dd40-8cd4-420c-b14b-371056a64af3,2026-01-26 04:51:18,Esok Sekolah,CustomItem,Items,1,Completed,,,2.50000,USD,Positive,GOAT,,,2.50000,USD
ce3b4400-312a-4a88-8687-5b889ec8982b,2026-01-26 04:44:05,Esok Sekolah,CustomItem,Items,1,Completed,,,2.50000,USD,Positive,GGWP!,,,2.50000,USD
8d28956b-81b7-489a-9cc0-205a226a1423,2026-01-26 04:25:16,Chicleteira Noelteira 165m - s7,CustomItem,Items,1,Completed,,,6.00000,USD,Positive,Fast delivery,,,6.00000,USD
a7e388fb-b177-41ad-90d3-ea1e1606e26b,2026-01-26 04:19:09,Esok Sekolah,CustomItem,Items,1,Completed,,,2.50000,USD,Positive,Good communication,,,2.50000,USD
bd871527-fc72-40d2-a24d-f5aceefb58e1,2026-01-26 03:46:33,Esok Sekolah,CustomItem,Items,2,Completed,,,2.50000,USD,Positive,Great service,,,5.00000,USD
7256a8f6-0167-4ebe-a0e0-e35603595950,2026-01-26 03:43:46,Esok Sekolah,CustomItem,Items,1,Completed,,,2.50000,USD,Positive,Good price,,,2.50000,USD
720dc6a0-afd5-4695-8e1e-2c37930592ba,2026-01-26 03:31:27,Esok Sekolah,CustomItem,Items,1,Completed,,,2.50000,USD,Positive,Extra mile,,,2.50000,USD
8b2145a9-0150-401e-9b75-ccc1eaad3768,2026-01-26 03:25:57,Esok Sekolah,CustomItem,Items,1,Completed,,,2.50000,USD,Positive,Good price,,,2.50000,USD
846bb61d-7fea-4ca1-bab8-302c63aede26,2026-01-26 03:09:45,Esok Sekolah,CustomItem,Items,1,Completed,,,2.50000,USD,Positive,GGWP!,,,2.50000,USD
ea4525f8-7cd1-4516-bf91-63ee68ac1834,2026-01-26 03:06:03,Esok Sekolah,CustomItem,Items,1,Completed,,,2.50000,USD,Positive,GGWP!,,,2.50000,USD
0c1c40c9-e3ad-45d7-9479-af1fdee6cfb7,2026-01-26 02:57:19,Esok Sekolah,CustomItem,Items,1,Completed,,,2.50000,USD,Positive,Fast delivery,,,2.50000,USD
ba57895b-0665-41e4-ac1b-aa7676212fd3,2026-01-26 02:50:16,Esok Sekolah,CustomItem,Items,1,Completed,,,2.50000,USD,Positive,As described,,,2.50000,USD
66974fa9-5e2b-462b-9389-5205d097406c,2026-01-26 02:46:06,Money Money Puggy 357m/s | v,CustomItem,Items,1,Completed,,,15.00000,USD,Positive,As described,,,15.00000,USD
59e7ce63-067f-4b0d-86ab-f7fcffc2c193,2026-01-25 17:11:13,Tictac Sahur 243.7m/s | y,CustomItem,Items,1,Completed,,,13.00000,USD,Positive,GGWP,,,13.00000,USD
7b3a9a1a-5880-46e7-bef9-1172fc22ef0c,2026-01-25 17:02:05,Tang Tang Keletang 201m/s - e,CustomItem,Items,1,Completed,,,10.00000,USD,Positive,Fast delivery,,,10.00000,USD
ab11616f-8581-4308-9ac1-5f1189144b3c,2026-01-25 17:01:30,Swaggy Bros 360m/s - e,CustomItem,Items,1,Completed,,,15.00000,USD,Positive,GGWP,,,15.00000,USD
f5e8e2db-6df0-41c2-845b-be622d5d0521,2026-01-25 16:43:13,Esok Sekolah,CustomItem,Items,1,Completed,,,2.50000,USD,Positive,Helpful and responsive,,,2.50000,USD
767db914-468b-43e2-b04e-f7a07571e298,2026-01-25 16:34:11,Radioactive Bacuru and egguru 324m - w,CustomItem,Items,1,Completed,,,15.00000,USD,Positive,Fast delivery,,,15.00000,USD
c5a36558-cd29-4d3f-9c0f-ed1013063c6b,2026-01-25 16:27:20,Tuff Toucan 156m - w,CustomItem,Items,1,Completed,,,7.00000,USD,Positive,Good communication,,,7.00000,USD
04d90de2-6181-4f1f-ba3c-74bae9fe77a5,2026-01-25 16:00:32,Esok Sekolah,CustomItem,Items,1,Completed,,,2.50000,USD,Positive,GGWP!,,,2.50000,USD
7c093bd9-f8f8-472b-a288-02e4d1354295,2026-01-25 15:41:38,Esok Sekolah,CustomItem,Items,2,Completed,,,2.50000,USD,Positive,Helpful and responsive,,,5.00000,USD
9677dc19-4c5e-4ea7-a21b-8c7b88af754b,2026-01-25 14:53:34,Cursed Los Combinasionas 210m - w24,CustomItem,Items,1,Completed,,,7.00000,USD,Positive,As described,,,7.00000,USD
57388a63-37fc-4cab-8289-5d1f38bb882e,2026-01-25 14:50:46,Bacuru and Egguru 264m/s | y,CustomItem,Items,1,Completed,,,11.00000,USD,Positive,Helpful and responsive,,,11.00000,USD
55d5d8ed-9c37-45a6-92ce-fa5734680812,2026-01-25 14:43:18,Nuclearo Dinossauro 120m - s7,CustomItem,Items,1,Completed,Seller_Delivered_But_Order_Not_Received,,10.00000,USD,Positive,As described,,,10.00000,USD
6235c920-bd9f-478b-a327-35bef5560c1d,2026-01-25 14:32:59,Esok Sekolah,CustomItem,Items,1,Completed,,,2.50000,USD,Positive,Good price,,,2.50000,USD
86e9fb48-ad98-43ac-b302-d1d847fd72f0,2026-01-25 14:29:05,Spaghetti Tualetti 360m/s | y,CustomItem,Items,1,Completed,,,13.00000,USD,Positive,As described,,,13.00000,USD
b525dd98-2a40-43f6-a82e-e033c22b90ae,2026-01-25 14:02:15,Tang Tang Keletang 351.7m/s - e,CustomItem,Items,1,Completed,,,17.00000,USD,Positive,GGWP,,,17.00000,USD
baf518c5-f244-4053-a615-7a30be8b1e86,2026-01-25 13:56:57,Mieteteira Bicicleteira 117m/s - w,CustomItem,Items,1,Canceled,,,4.00000,USD,Unrated,,Out_Of_Stock,,4.00000,USD
9f5b33b9-0056-4b2e-8c66-ecfb27eba86b,2026-01-25 12:51:41,Esok Sekolah,CustomItem,Items,1,Canceled,,,2.50000,USD,Unrated,,Buyer_Did_Not_Respond,,2.50000,USD
674c7332-9d15-4173-aad1-c405f7f6c3a3,2026-01-25 12:39:06,Bacuru and Egguru 216m/s | y,CustomItem,Items,1,Completed,,,10.00000,USD,Positive,GGWP!,,,10.00000,USD
f704019a-e9fa-4a2c-82c0-d2388c66255d,2026-01-25 12:22:20,Los Bros 264m - w,CustomItem,Items,1,Completed,,,12.00000,USD,Positive,Fast deliveri,,,12.00000,USD
59f196b5-934f-4d81-8dce-e5fe996c82e8,2026-01-25 11:56:15,Los Mobilis 198m - w,CustomItem,Items,1,Completed,,,7.00000,USD,Positive,Helpful and responsive,,,7.00000,USD
40f7d3d2-fd7c-4c19-b223-d1c5e2d00758,2026-01-25 11:50:50,Tuff Toucan 286m - w,CustomItem,Items,1,Completed,,,13.00000,USD,Positive,GGWP!,,,13.00000,USD
8adf70ff-d79d-4062-a1a7-67f35c8cf955,2026-01-25 11:45:26,Esok Sekolah,CustomItem,Items,1,Completed,,,2.50000,USD,Positive,Good price,,,2.50000,USD
085a9c72-da0a-4e05-b4c9-57a5fc8a5a24,2026-01-25 11:40:17,Spaghetti Tualetti 510m/s - e,CustomItem,Items,1,Completed,,,17.00000,USD,Positive,Helpful and responsive,,,17.00000,USD
7aadac12-6f6b-4606-8f90-ff38750980e3,2026-01-25 10:49:02,Tang Tang Keletang 251.2m/s - e,CustomItem,Items,1,Completed,,,12.00000,USD,Positive,Extra mile,,,12.00000,USD
e310302c-e059-432d-a286-11c487419489,2026-01-25 10:43:44,Bacuru and Egguru 120m/s | y,CustomItem,Items,2,Completed,,,6.00000,USD,Positive,Fast 🚚 and legit 💪🏽,,,12.00000,USD
2b8f06aa-4f40-4d5b-8cde-307f8ee1331e,2026-01-25 10:42:49,Money Money Puggy 173.2m/s,CustomItem,Items,1,Completed,,,9.00000,USD,Positive,Extra mile,,,9.00000,USD
d317725b-393f-45b3-9fa4-8d7eb8c27304,2026-01-25 10:40:04,Money Money Puggy 173.2m/s,CustomItem,Items,1,Completed,,,9.00000,USD,Positive,Good price,,,9.00000,USD
9b700fcd-a01f-44ee-ab76-74f11be16d36,2026-01-25 10:32:15,W or L 390m - w,CustomItem,Items,1,Completed,,,20.00000,USD,Positive,Extra mile,,,20.00000,USD
8147fecd-0a33-407d-afec-acfcf7935d9c,2026-01-25 10:27:49,Los Candies 195.5m/s - s16,CustomItem,Items,1,Completed,,,9.00000,USD,Positive,As described,,,9.00000,USD
0b6c9945-1971-4579-b6ff-0fb011162d70,2026-01-25 10:02:32,Bacuru and egguru 144m - w,CustomItem,Items,1,Completed,,,7.00000,USD,Positive,Very fast delivery 👍🏻,,,7.00000,USD
f9c23343-1b23-44b8-9f0f-69449eb9da72,2026-01-25 09:48:23,Tang Tang Keletang 150.7m/s - e,CustomItem,Items,1,Completed,,,10.00000,USD,Positive,Good communication,,,10.00000,USD
c6c3770d-4a05-4078-a257-90b94af49a4f,2026-01-25 09:12:35,Los Combinasionas 270m/s | s30,CustomItem,Items,1,Completed,,,10.00000,USD,Positive,Extra mile,,,10.00000,USD
be826c42-fda6-4603-b068-31736ad2b759,2026-01-25 09:09:07,Lava Los Candies - s7,CustomItem,Items,1,Completed,,,5.00000,USD,Positive,Good communication,,,5.00000,USD
912f57f7-9032-47fe-8e1c-4ec2f3a26573,2026-01-25 08:04:56,Money Money Puggy 315m/s | v,CustomItem,Items,1,Completed,,,13.00000,USD,Positive,GGWP,,,13.00000,USD
b7abec9b-3d76-4b33-a78c-b99d82e13a53,2026-01-25 06:37:30,Mieteteira Bicicleteira 117m/s - w,CustomItem,Items,1,Canceled,,,4.00000,USD,Unrated,,Cancelation_Of_Reserved_Order,,4.00000,USD
eb64f20a-64f7-4c42-96fa-a0978f536656,2026-01-25 04:24:51,"Esok Sekolah
30m/s - s8",CustomItem,Items,1,Completed,,,4.00000,USD,Positive,As described,,,4.00000,USD
f89a802d-2df4-47cb-a839-0c9c04750472,2026-01-25 03:59:49,Bacuru and Egguru 216m - w,CustomItem,Items,1,Completed,,,10.00000,USD,Positive,"legit ",,,10.00000,USD
3cb80cb5-eab4-4401-b6b4-2ad7ef5b519b,2026-01-25 03:01:15,Yin-Yang Spinny Hammy 127.5m - w,CustomItem,Items,1,Completed,,,5.00000,USD,Positive,Great trust would buy again,,,5.00000,USD
4533fa29-dad4-477a-8323-cec3042cc4c0,2026-01-25 02:49:18,Ketchuru and Musturu 265.6m/s - s3,CustomItem,Items,1,Completed,,,17.00000,USD,Positive,GGWP,,,17.00000,USD
32a52f9b-75dc-44f9-a318-f4ccde84ad47,2026-01-25 01:56:14,Cursed Spinny Hammy 153m - w,CustomItem,Items,1,Completed,,,7.00000,USD,Positive,"ww
",,,7.00000,USD
da1dd084-d5f9-4647-8dbc-81e358cecf48,2026-01-25 01:49:24,Ketchuru and Musturu 308.1m/s - x,CustomItem,Items,1,Completed,,,20.00000,USD,Positive,Good communication,,,20.00000,USD
af63852f-fc5f-43fa-bda0-2363a2e27380,2026-01-25 01:30:03,Los 67 191.2m/s - s16,CustomItem,Items,1,Completed,,,9.00000,USD,Positive,"Fast
",,,9.00000,USD
6b7a6c08-3eec-4989-a82f-ba5120184f6d,2026-01-25 00:49:14,Los Candies 195m/s | s30,CustomItem,Items,1,Completed,,,7.00000,USD,Positive,Helpful and responsive,,,7.00000,USD
5f150a6e-db35-4ad4-ace2-19c6f4f20d4a,2026-01-25 00:43:28,Los Candies 195m/s | s30,CustomItem,Items,1,Completed,,,7.00000,USD,Positive,Good communication,,,7.00000,USD
e527d714-0a0a-42e1-91c1-60fb7d75dbc4,2026-01-25 00:39:16,Los Candies 195m/s | s30,CustomItem,Items,1,Completed,,,7.00000,USD,Positive,GGWP,,,7.00000,USD
88571f74-4341-42b3-8237-2a38ea90ac7b,2026-01-25 00:26:43,Los Candies 195m/s | s30,CustomItem,Items,1,Completed,,,7.00000,USD,Positive,GOAT,,,7.00000,USD
88fa8c3e-b70b-4c0e-a6a6-d46a8c5a5f89,2026-01-25 00:25:51,Los Candies 195m/s | s30,CustomItem,Items,1,Completed,,,7.00000,USD,Positive,As described,,,7.00000,USD
dfe21d97-cc63-4e51-9629-9136bfbbe604,2026-01-25 00:12:48,Money Money Puggy 462m/s | s11,CustomItem,Items,1,Completed,,,20.00000,USD,Positive,GOAT,,,20.00000,USD
9d84f0f1-7a49-4f17-80ea-72effeec9cc4,2026-01-24 23:46:33,Bacuru and Egguru 240m - w,CustomItem,Items,1,Completed,,,10.00000,USD,Positive,cheap and fast W seller,,,10.00000,USD
23b434bb-57bf-4666-ac55-ed2802663dd9,2026-01-24 16:45:52,Ketchuru and Musturu 318.7m/s - x,CustomItem,Items,1,Completed,,,20.00000,USD,Positive,Good communication,,,20.00000,USD
54c17ec7-d53b-47d7-b2c5-40e6200d35b6,2026-01-24 16:20:43,Los Candies 195m/s | s13,CustomItem,Items,1,Completed,,,7.00000,USD,Positive,As described,,,7.00000,USD
69671fa5-d937-44da-a53e-0dfe45e2cda3,2026-01-24 15:59:43,Tang Tang Keletang 167.5m - w,CustomItem,Items,1,Completed,,,10.00000,USD,Positive,Good i love it,,,10.00000,USD
7ff58a4a-0518-481a-a9dd-07fb48cc1132,2026-01-24 15:53:17,Mieteteira Bicicleteira 117m/s - w,CustomItem,Items,1,Completed,,,4.00000,USD,Positive,GOAT,,,4.00000,USD
92044786-c4b6-4255-b3b0-3f525fac1428,2026-01-24 15:51:18,Los Combinasionas 315m/s | s30,CustomItem,Items,1,Completed,,,12.00000,USD,Positive,GGWP,,,12.00000,USD
f766c5fc-7a1c-4624-a42d-856a68e10386,2026-01-24 15:45:50,Chicleteira Bicicleteira 202.5m/s - s25,CustomItem,Items,1,Completed,,,10.00000,USD,Positive,As described,,,10.00000,USD
0fa2aff9-ac5b-4212-afbe-49a43d8075c7,2026-01-24 15:32:15,Los 67 348.7m/s | y,CustomItem,Items,1,Completed,,,13.00000,USD,Positive,Good communication,,,13.00000,USD
e8ee015e-68de-4476-adff-4025ee690cf3,2026-01-24 15:27:32,Gold La Taco Combinasion 428.7m - w,CustomItem,Items,1,Completed,,,20.00000,USD,Positive,Good communication,,,20.00000,USD
0f8f69b5-2c53-44dc-91a8-e38ebe267fcc,2026-01-24 15:25:39,Swaggy Bros 460m/s - s16,CustomItem,Items,1,Completed,,,17.00000,USD,Positive,Extra mile,,,17.00000,USD
69719b26-69d9-43f2-98ff-d92b41b250c9,2026-01-24 14:52:37,Ketchuru and Musturu 265.6m/s - x,CustomItem,Items,1,Completed,,,17.00000,USD,Positive,Extra mile,,,17.00000,USD
16b15ac0-f196-43d5-9cfa-436bde920d45,2026-01-24 14:43:40,La Ginger Sekolah 468.7m/s | y,CustomItem,Items,1,Completed,,,15.00000,USD,Positive,GGWP!,,,15.00000,USD
ea673a54-d247-4e7c-8666-898a8351ea46,2026-01-24 14:34:19,Tuff Toucan 208m - w,CustomItem,Items,1,Completed,,,10.00000,USD,Positive,Good price,,,10.00000,USD
17b2625f-4478-425e-ac3f-810adaed1554,2026-01-24 14:22:16,Money Money Puggy 273m - w,CustomItem,Items,1,Completed,,,10.00000,USD,Positive,As described,,,10.00000,USD
32620d44-4799-49cb-b547-59af14e60453,2026-01-24 14:15:05,Los Puggies 180m/s - s16,CustomItem,Items,1,Completed,,,11.00000,USD,Positive,Helpful and responsive,,,11.00000,USD
e2643f68-e601-49fa-9f0d-75df7c56783b,2026-01-24 13:58:00,Mieteteira Bicicleteira 260m/s | s,CustomItem,Items,1,Completed,,,10.00000,USD,Positive,Extra mile,,,10.00000,USD
ea0f3150-a5a1-476d-8526-1c40359b4479,2026-01-24 12:47:26,Tang Tang Keletang 201m - w,CustomItem,Items,1,Completed,,,10.00000,USD,Positive,Very fast and reliable,,,10.00000,USD
c8fa83c5-39ed-4b7e-b786-5ebde964464e,2026-01-24 12:04:49,Esok Sekolah 255m/s | y,CustomItem,Items,1,Completed,,,10.00000,USD,Positive,GOAT,,,10.00000,USD
805af482-8496-4e5b-85ac-14e2b004d556,2026-01-24 12:04:16,Los Mobilis 165m/s | s30,CustomItem,Items,1,Completed,,,6.00000,USD,Positive,GGWP!,,,6.00000,USD
e8c252d4-c978-4f2a-8b68-c6611220597e,2026-01-24 11:58:19,Diamond Ketupat Kepat 157.5m - w,CustomItem,Items,1,Completed,,,10.00000,USD,Positive,"eficasse

",,,10.00000,USD
b80d92da-0b19-4e76-be01-b4af2c868ad9,2026-01-24 10:35:18,La Ginger Sekolah 450m/s - x,CustomItem,Items,1,Completed,,,20.00000,USD,Positive,Good price,,,20.00000,USD
caa1cded-3f1e-4d1b-939a-ae083eb58935,2026-01-24 10:27:55,W or L 180m - w,CustomItem,Items,1,Completed,,,10.00000,USD,Positive,Helpful and responsive,,,10.00000,USD
e52080c5-8d95-48af-a4c7-56673f1c0546,2026-01-24 10:16:23,Money Money Puggy 126m - s29,CustomItem,Items,1,Completed,,,5.00000,USD,Positive,Helpful and responsive,,,5.00000,USD
bd97485c-c63e-447c-a170-e19c1e5afa38,2026-01-24 10:14:43,Rainbow Los Combinasionas 225m - w,CustomItem,Items,1,Completed,,,8.00000,USD,Positive,As described,,,8.00000,USD
1b352cc7-b7a4-424d-b3f4-c49d03edeee2,2026-01-24 09:27:41,"Radioactive
Los Candies
195.5m/s - s7",CustomItem,Items,1,Completed,,,6.00000,USD,Positive,Good price,,,6.00000,USD
67df4077-4f9a-4fc2-a541-2c1bc3d3ad5c,2026-01-24 08:57:00,Esok Sekolah 405m/s | v,CustomItem,Items,1,Completed,,,15.00000,USD,Positive,Fast delivery,,,15.00000,USD
6a24c63f-ada6-485c-b7ed-8e21e18c49c4,2026-01-24 08:05:09,Swaggy Bros 340m/s - s23,CustomItem,Items,1,Completed,,,15.00000,USD,Positive,GGWP!,,,15.00000,USD
c397aed1-1c33-4e8a-b4d9-78cab22805bb,2026-01-24 08:01:03,Tang Tang Keletang 134m - w,CustomItem,Items,1,Completed,,,10.00000,USD,Positive,Fast delivery,,,10.00000,USD
ae124f38-1dc5-4ac3-8509-8614c20ac6c5,2026-01-24 05:03:15,Swaggy Bros 270m/s - s18,CustomItem,Items,1,Completed,,,10.00000,USD,Positive,GOAT,,,10.00000,USD
fe1ed9a8-d2e4-4daf-88f3-c146d450b43a,2026-01-24 03:51:15,"Gold
Los Candies
212.7m/s - s21",CustomItem,Items,1,Completed,,,10.00000,USD,Positive,Helpful and responsive,,,10.00000,USD
fe9d3f42-9393-4620-b63f-ed3d91718cd9,2026-01-24 03:37:45,Gold La Taco Combinasion 323.7 - w,CustomItem,Items,1,Completed,,,15.00000,USD,Positive,GGWP,,,15.00000,USD
4d85dd45-794c-4fe2-a0bd-8de3f069bdaf,2026-01-24 02:09:52,Money Money Puggy 231m/s - s17,CustomItem,Items,1,Completed,,,11.00000,USD,Positive,GGWP!,,,11.00000,USD
0ca96d8e-e456-4f44-ae1e-f37ec8c6f034,2026-01-23 16:58:52,Esok Sekolah,CustomItem,Items,1,Completed,,,2.50000,USD,Positive,GOAT,,,2.50000,USD
a427ad60-936d-4ba5-a160-1b6ad9275d1e,2026-01-23 16:54:55,"Radioactive
Los 25 175m/s - s24",CustomItem,Items,1,Canceled,,,8.00000,USD,Unrated,,Out_Of_Stock,,8.00000,USD
952a779e-7a55-42ae-b297-cf0ea4f6a03e,2026-01-23 16:49:44,Esok Sekolah,CustomItem,Items,1,Completed,,,2.50000,USD,Positive,GGWP,,,2.50000,USD
78ffb78f-d958-489e-a221-42185b9f1ffe,2026-01-23 16:49:33,Esok Sekolah,CustomItem,Items,1,Completed,,,2.50000,USD,Positive,Good price,,,2.50000,USD
0f2ce6c2-98fc-439b-9e54-442c1f9a9dc4,2026-01-23 16:47:35,Esok Sekolah,CustomItem,Items,1,Completed,,,2.50000,USD,Positive,Extra mile,,,2.50000,USD
578f90c8-66f5-4b05-b8cf-c3db039d4b71,2026-01-23 16:47:29,Esok Sekolah,CustomItem,Items,1,Completed,,,2.50000,USD,Positive,GGWP,,,2.50000,USD
d1ef2ba6-5ac0-4574-bc84-5f3f35aaecbf,2026-01-23 16:46:56,Esok Sekolah,CustomItem,Items,1,Completed,,,2.50000,USD,Positive,Fast delivery,,,2.50000,USD
b8d90308-6a80-4db6-8e79-7e1fc36d6253,2026-01-23 16:41:27,Esok Sekolah,CustomItem,Items,2,Completed,,,2.50000,USD,Positive,Fast delivery,,,5.00000,USD
c5c46027-45f7-4883-af31-4373aa54572b,2026-01-23 16:41:02,Esok Sekolah,CustomItem,Items,1,Completed,,,2.50000,USD,Positive,W very nice person helpful,,,2.50000,USD
26fb89a3-e80c-40d8-9b11-60c08adacef6,2026-01-23 16:40:14,Esok Sekolah,CustomItem,Items,1,Completed,,,2.50000,USD,Positive,Extra mile,,,2.50000,USD
2bc0ede6-6622-48eb-9e99-97085c84c051,2026-01-23 16:37:28,Esok Sekolah,CustomItem,Items,1,Canceled,,,2.50000,USD,Unrated,,Buyer_Did_Not_Respond,,2.50000,USD
d5a1c31a-807f-4b21-bad9-b5d2ff28519d,2026-01-23 16:31:26,Esok Sekolah,CustomItem,Items,1,Completed,,,2.50000,USD,Positive,GOAT,,,2.50000,USD
2bf4c89e-0305-4192-92c9-533673d1266c,2026-01-23 16:30:56,Esok Sekolah,CustomItem,Items,1,Completed,,,2.50000,USD,Positive,GOAT,,,2.50000,USD
88b551e5-85ec-4059-a2f5-cc25de10ee1b,2026-01-23 16:28:57,Esok Sekolah,CustomItem,Items,1,Completed,,,2.50000,USD,Positive,Good price,,,2.50000,USD
8e05ab9b-3f9c-44fd-9e87-68f51dcad364,2026-01-23 16:23:41,Esok Sekolah,CustomItem,Items,1,Completed,,,2.50000,USD,Positive,Good communication,,,2.50000,USD
4ef391a7-0f12-4f7f-aa4c-2d2c7d622d9b,2026-01-23 16:15:52,Spaghetti Tualetti 240m - w,CustomItem,Items,1,Completed,,,10.00000,USD,Positive,Good communication,,,10.00000,USD
7e3739dd-8b44-4fef-a3fd-8f608d1cc4f2,2026-01-23 16:15:44,Esok Sekolah,CustomItem,Items,3,Completed,Item_Not_As_Described,"They gave the wrong thing ",2.50000,USD,Positive,GGWP!,,,7.50000,USD
1018a63f-ccd7-4d41-9c2a-319a824b240d,2026-01-23 16:13:53,Esok Sekolah,CustomItem,Items,1,Completed,,,2.50000,USD,Positive,Fast delivery,,,2.50000,USD
5657e097-dd66-4530-bda0-6bad983826d2,2026-01-23 16:09:52,Esok Sekolah,CustomItem,Items,1,Completed,,,2.50000,USD,Positive,Extra mile,,,2.50000,USD
2f55491f-807d-4e9e-8a5e-aa9fad61f3fd,2026-01-23 16:08:38,Mieteteira Bicicleteira 234m - w,CustomItem,Items,1,Completed,,,8.00000,USD,Positive,Helpful and responsive,,,8.00000,USD
2e227a6e-08b9-4893-848e-aebd8daf378b,2026-01-23 16:06:40,Esok Sekolah,CustomItem,Items,1,Completed,,,2.50000,USD,Positive,Extra mile,,,2.50000,USD
267561ff-3a96-461a-a768-6822c50141fe,2026-01-23 16:03:01,Esok Sekolah,CustomItem,Items,1,Canceled,,,2.50000,USD,Unrated,,Buyer_Did_Not_Respond,,2.50000,USD
d4fbdd2d-ce92-4f72-af2f-af08da7a3359,2026-01-23 16:02:08,Esok Sekolah,CustomItem,Items,1,Completed,,,2.50000,USD,Positive,GGWP!,,,2.50000,USD
a1334eb6-1de6-4918-8c3a-488920bd9b65,2026-01-23 16:00:44,Los 67 270m/s - s18,CustomItem,Items,1,Completed,,,13.00000,USD,Positive,GOAT,,,13.00000,USD
48ae571a-324b-4674-b5cf-1022b7b3430f,2026-01-23 15:58:18,Esok Sekolah,CustomItem,Items,2,Completed,,,2.50000,USD,Positive,Good communication,,,5.00000,USD
611b78f6-18cf-4ace-9922-8439b8a17960,2026-01-23 15:41:20,Gold Tang Tang Keletang 175.8m - w,CustomItem,Items,1,Completed,,,10.00000,USD,Positive,GOAT,,,10.00000,USD
8987261b-2184-49ff-9cb3-95f20b8292a7,2026-01-23 15:34:41,Swaggy Bros 350m/s - s22,CustomItem,Items,1,Completed,,,15.00000,USD,Positive,OOF,,,15.00000,USD
44c9cf47-0277-4343-aa90-dc4d77f530aa,2026-01-23 15:26:44,Esok Sekolah,CustomItem,Items,1,Completed,,,2.50000,USD,Positive,As described,,,2.50000,USD
8c47b1e9-8b7f-4b6f-9345-e7d73b392795,2026-01-23 15:21:58,Esok Sekolah,CustomItem,Items,2,Completed,,,2.50000,USD,Positive,As described,,,5.00000,USD
91c83adb-9d5a-41de-9876-4cb39d9ab82e,2026-01-23 15:14:47,Esok Sekolah,CustomItem,Items,1,Completed,,,2.50000,USD,Positive,Good communication,,,2.50000,USD
cd538762-e79f-4795-be94-2d44482cf3cc,2026-01-23 15:12:27,Esok Sekolah,CustomItem,Items,1,Completed,,,2.50000,USD,Positive,Extra mile,,,2.50000,USD
4a5f7910-8114-44f0-9807-32ed62ce17f6,2026-01-23 15:09:50,Esok Sekolah,CustomItem,Items,1,Completed,,,2.50000,USD,Positive,As described,,,2.50000,USD
1d4070ec-5a0a-4223-ab7f-da4b2f50bc84,2026-01-23 14:38:20,Esok Sekolah,CustomItem,Items,1,Completed,,,2.50000,USD,Positive,Fast delivery,,,2.50000,USD
c1dbe87b-1508-4320-bac6-6b1405e8c5e5,2026-01-23 14:37:03,Esok Sekolah,CustomItem,Items,1,Completed,,,2.50000,USD,Positive,Good price,,,2.50000,USD
e5d7e551-503c-45dc-bc9c-893c9b42dcd3,2026-01-23 14:25:52,Esok Sekolah,CustomItem,Items,1,Canceled,,,2.50000,USD,Unrated,,Buyer_Did_Not_Respond,,2.50000,USD
46de62f0-40cd-4de2-beb4-a4022a85b21f,2026-01-23 14:25:27,Esok Sekolah,CustomItem,Items,1,Completed,,,2.50000,USD,Positive,Helpful and responsive,,,2.50000,USD
cd42c3c3-cd9f-4c00-8e44-5af4d62330c1,2026-01-23 14:25:12,La Taco Combinasion 323.7m/s - s22,CustomItem,Items,1,Completed,,,17.00000,USD,Positive,"Very great sevrvis
",,,17.00000,USD
55a6ad99-6939-407f-a7fe-2b9a72160f80,2026-01-23 14:23:59,Esok Sekolah,CustomItem,Items,1,Completed,,,2.50000,USD,Positive,Helpful and responsive,,,2.50000,USD
d1a0c6f8-5678-4039-89a1-72d50d981c5f,2026-01-23 14:21:57,Esok Sekolah,CustomItem,Items,1,Completed,,,2.50000,USD,Positive,Helpful and responsive,,,2.50000,USD
a178b1bc-b7d3-4011-b733-a87ab2efb233,2026-01-23 14:13:15,Esok Sekolah,CustomItem,Items,1,Completed,,,2.50000,USD,Positive,GGWP!,,,2.50000,USD
f2ee4959-6957-4fb0-824c-901061f1f664,2026-01-23 14:13:02,Esok Sekolah,CustomItem,Items,1,Completed,,,2.50000,USD,Positive,GOAT,,,2.50000,USD
05c0d121-581e-435d-8976-1c6d76d4fe2a,2026-01-23 14:11:37,Eviledon 252m/s - s22,CustomItem,Items,1,Completed,,,17.00000,USD,Positive,As described,,,17.00000,USD
555803a7-831b-4232-b036-4c90c99e50bf,2026-01-23 14:11:18,Money Money Puggy 210m/s - s22,CustomItem,Items,1,Completed,,,10.00000,USD,Positive,Fast delivery,,,10.00000,USD
d5c5d3ce-5bf4-44e7-a7b2-42f82ec45e98,2026-01-23 14:07:13,Esok Sekolah,CustomItem,Items,1,Canceled,,,2.50000,USD,Unrated,,Buyer_Did_Not_Respond,,2.50000,USD
fe2e1b3e-875b-44d2-a676-ee11276c844c,2026-01-23 14:03:59,Esok Sekolah,CustomItem,Items,1,Completed,,,2.50000,USD,Positive,He was amazing it took just 1 min to add me and is was super easy too get 💪👌,,,2.50000,USD
1f4b09d1-b876-49d4-9edd-aee5eceeefa5,2026-01-23 13:46:06,Esok Sekolah,CustomItem,Items,1,Completed,,,2.50000,USD,Positive,Helpful and responsive,,,2.50000,USD
74400dfb-9b82-4ce1-b2b8-943962e483a9,2026-01-23 13:43:49,Esok Sekolah,CustomItem,Items,1,Completed,,,2.50000,USD,Positive,GGWP!,,,2.50000,USD
25df85ce-f9c6-48aa-9363-39993dd5ecae,2026-01-23 13:36:34,Esok Sekolah,CustomItem,Items,1,Completed,,,2.50000,USD,Positive,As described,,,2.50000,USD
f710290b-fc03-4031-8ddf-cc68f480cd7d,2026-01-23 13:29:15,Esok Sekolah,CustomItem,Items,1,Canceled,,,2.50000,USD,Unrated,,Buyer_Did_Not_Respond,,2.50000,USD
5535833a-354f-4de5-9abe-6c0d8a5f3f53,2026-01-23 13:27:05,Esok Sekolah,CustomItem,Items,1,Completed,,,2.50000,USD,Positive,GGWP!,,,2.50000,USD
e47728db-6fd5-4448-94ce-2ddd1cc3048a,2026-01-23 13:19:28,Esok Sekolah,CustomItem,Items,1,Completed,,,2.50000,USD,Positive,Good price,,,2.50000,USD
dba97c1e-b953-4f4c-9df6-86a3ad13b890,2026-01-23 13:19:02,Esok Sekolah,CustomItem,Items,2,Completed,,,2.50000,USD,Positive,Good price,,,5.00000,USD
fa7b6350-b8b5-4786-a5d1-a51dd2ffcdd5,2026-01-23 13:17:19,Esok Sekolah,CustomItem,Items,1,Completed,,,2.50000,USD,Positive,Helpful and responsive,,,2.50000,USD
0887a550-3417-4324-ad62-993536a507f2,2026-01-23 12:13:24,Swaggy Bros 340m/s - s22,CustomItem,Items,1,Completed,,,13.00000,USD,Positive,GOAT,,,13.00000,USD
97044d28-1977-4c77-a777-cbcf2cefb634,2026-01-23 12:04:57,Tang Tang Keletang 544.3m/s - x,CustomItem,Items,1,Completed,,,25.00000,USD,Positive,GGWP!,,,25.00000,USD
e46cc96e-d268-4804-b1a4-0488d396b928,2026-01-23 11:49:38,Esok Sekolah,CustomItem,Items,1,Completed,,,2.50000,USD,Positive,Good price,,,2.50000,USD
0ddbab12-ce3e-4ab0-b023-52b0bd7f07f9,2026-01-23 11:41:54,Ketchuru and Musturu 127.5m - w,CustomItem,Items,1,Completed,,,10.00000,USD,Positive,Fast,,,10.00000,USD
1ad76851-23c0-4d26-8cb5-1c5e3c7f94b0,2026-01-23 10:46:18,Spaghetti Tualetti | y,CustomItem,Items,1,Completed,,,4.50000,USD,Positive,Fast delivery,,,4.50000,USD
7d159655-46f4-4aaa-8837-a11deeb934ce,2026-01-23 10:35:57,Spaghetti Tualetti | y,CustomItem,Items,1,Completed,,,4.50000,USD,Positive,Helpful and responsive,,,4.50000,USD
eef2b415-85b4-4e80-9038-6dc26874d7e8,2026-01-23 10:17:55,Los Puggies 225m/s | s13,CustomItem,Items,1,Completed,,,14.00000,USD,Positive,As described,,,14.00000,USD
402ebec1-e2d4-4dbd-b0a0-d9cf4582bfa1,2026-01-23 09:50:40,Spaghetti Tualetti | y,CustomItem,Items,1,Completed,,,4.50000,USD,Positive,Helpful and responsive,,,4.50000,USD
79114a06-c11d-4134-9bc5-849625e4db15,2026-01-23 09:42:23,Los Candies 310.5m/s - x,CustomItem,Items,1,Completed,,,12.00000,USD,Positive,Good price,,,12.00000,USD
8e30211f-f4e0-4b9e-b4f4-c83ce1aefe92,2026-01-23 09:13:02,Gold Ketchuru and Musturu 478.1m,CustomItem,Items,1,Completed,,,25.00000,USD,Positive,As described,,,25.00000,USD
1d69686c-5061-4acf-8f1e-0fdc20b39051,2026-01-23 08:55:26,Spaghetti Tualetti | y,CustomItem,Items,1,Completed,,,4.50000,USD,Positive,Extra mile,,,4.50000,USD
c2c39455-67c7-423a-9bde-43236645819c,2026-01-23 08:48:48,Spaghetti Tualetti | y,CustomItem,Items,1,Completed,,,4.50000,USD,Positive,Good communication,,,4.50000,USD
70f8ac0f-2b87-4148-94b4-b5f9cc2353df,2026-01-23 08:17:39,Spaghetti Tualetti | y,CustomItem,Items,1,Completed,,,4.50000,USD,Positive,Good communication,,,4.50000,USD
228714ff-8db2-4c9f-a43d-78146382f300,2026-01-23 06:54:16,La Taco Combinasion 358.7m/s - s25,CustomItem,Items,1,Completed,,,17.00000,USD,Positive,"Very happy thank you ",,,17.00000,USD
cf4445a9-bf26-48c0-803f-724aaef87018,2026-01-23 06:51:02,Esok Sekolah,CustomItem,Items,1,Completed,,,2.50000,USD,Positive,Good price,,,2.50000,USD
91585837-f337-4d58-9e15-a0c6e96810b4,2026-01-23 06:45:14,Spaghetti Tualetti | y,CustomItem,Items,1,Completed,,,4.50000,USD,Positive,As described,,,4.50000,USD
9103bff3-7291-4ee2-b775-a78d169a945b,2026-01-23 06:23:14,Los 67 337.5m - w,CustomItem,Items,1,Completed,,,10.00000,USD,Positive,Fast delivery,,,10.00000,USD
d2060102-2eab-4011-87a8-fc639a699e02,2026-01-23 05:35:47,Esok Sekolah,CustomItem,Items,1,Completed,,,2.50000,USD,Positive,As described,,,2.50000,USD
f7af0a30-2733-4bfc-9a85-e2794bac6f1d,2026-01-23 05:30:45,Esok Sekolah,CustomItem,Items,1,Completed,,,2.50000,USD,Positive,Did not take that long,,,2.50000,USD
97f2aa4d-abf1-4e80-a30c-d0d64e11fe2e,2026-01-23 05:11:19,Esok Sekolah,CustomItem,Items,1,Completed,,,2.50000,USD,Positive,Great deliverance,,,2.50000,USD
e2e88f52-8e68-4670-99f8-6653558b6d63,2026-01-23 05:02:28,Los Mobilis 220m/s - w,CustomItem,Items,1,Completed,,,8.00000,USD,Positive,W,,,8.00000,USD
00ab649a-05a1-4e19-9a2f-2a8e5c248fdb,2026-01-23 04:30:54,Money Money Puggy 152.2m/s - x,CustomItem,Items,1,Completed,,,7.00000,USD,Positive,Fast delivery,,,7.00000,USD
12593303-1663-4b04-bff9-61e857046072,2026-01-23 04:22:09,Esok Sekolah,CustomItem,Items,1,Completed,,,2.50000,USD,Positive,Extra mile,,,2.50000,USD
99d75c81-07b5-41c5-93a2-d58c863fe2da,2026-01-23 04:17:14,Esok Sekolah,CustomItem,Items,1,Completed,,,2.50000,USD,Positive,GOAT,,,2.50000,USD
feb4a84a-cc68-4236-b202-c8a7d4897fab,2026-01-23 04:11:55,Esok Sekolah,CustomItem,Items,1,Completed,,,2.50000,USD,Positive,As described,,,2.50000,USD
c6e60eac-5ef4-4fd5-8f7c-a014d21f7ef3,2026-01-23 04:11:15,Spaghetti Tualetti 255m/s - s25,CustomItem,Items,1,Completed,,,10.00000,USD,Positive,Extra mile,,,10.00000,USD
e1463f07-b09f-4a44-8bd5-76ff199bddc2,2026-01-23 04:09:40,Esok Sekolah,CustomItem,Items,3,Completed,,,2.50000,USD,Positive,Helpful and responsive,,,7.50000,USD
b8ae7311-a130-4d71-9bf9-30e4ba58227a,2026-01-23 03:32:37,Esok Sekolah,CustomItem,Items,1,Canceled,Cannot_Claim_Purchase_Due_To_InGame_Issues,,2.50000,USD,Unrated,,Buyer_Does_Not_Need_It_Anymore,,2.50000,USD
afade032-c020-4858-babf-292f5052f99c,2026-01-23 03:24:29,Chicleteira Noelteira 315m/s | s,CustomItem,Items,1,Completed,,,12.00000,USD,Positive,GOAT,,,12.00000,USD
e5ce2b0e-517e-4c3b-b7b9-02f7760e7524,2026-01-23 03:12:42,Esok Sekolah,CustomItem,Items,1,Completed,,,2.50000,USD,Positive,Helpful and responsive,,,2.50000,USD
8c0f7142-3ffa-41be-9edb-2807e679f62c,2026-01-23 02:55:17,Esok Sekolah,CustomItem,Items,1,Completed,,,2.50000,USD,Positive,Good price,,,2.50000,USD
6149eaa3-af9a-4e56-9ab1-7ba28d587150,2026-01-23 02:55:10,Esok Sekolah,CustomItem,Items,1,Completed,,,2.50000,USD,Positive,W trusted,,,2.50000,USD
1277a716-f0ef-473e-852e-4792c7a6e513,2026-01-23 02:45:24,Esok Sekolah,CustomItem,Items,3,Completed,,,2.50000,USD,Positive,GOAT,,,7.50000,USD
824368b1-c7e3-46c8-8e0f-9318bdcaf6d9,2026-01-23 02:44:26,Esok Sekolah,CustomItem,Items,1,Completed,,,2.50000,USD,Positive,they listed 30-99m and i got 97 m ty,,,2.50000,USD
64ebc477-ebab-4644-8333-ba9779057db2,2026-01-23 02:37:27,Esok Sekolah,CustomItem,Items,1,Completed,,,2.50000,USD,Positive,Fast delivery,,,2.50000,USD
6d9b92d3-917e-440a-909c-72ec51f5e877,2026-01-23 02:36:27,Esok Sekolah,CustomItem,Items,1,Completed,,,2.50000,USD,Positive,Good price,,,2.50000,USD
1009d733-fab9-4229-96f0-8b1aac81292d,2026-01-23 02:22:07,Esok Sekolah,CustomItem,Items,1,Completed,,,2.50000,USD,Positive,Legit,,,2.50000,USD
1a1cae99-bae3-4cbc-8e23-e0cc9f12af86,2026-01-23 02:20:35,Esok Sekolah,CustomItem,Items,1,Completed,,,2.50000,USD,Positive,Good communication,,,2.50000,USD
e55ec6ca-c6ca-4244-8a3d-ca989698ddaf,2026-01-23 02:01:02,Esok Sekolah,CustomItem,Items,4,Completed,,,2.50000,USD,Positive,Good communication,,,10.00000,USD
341873d8-b8b0-4fab-8fa4-294eddbf65c2,2026-01-23 01:57:50,Esok Sekolah,CustomItem,Items,1,Completed,,,2.50000,USD,Positive,GGWP!,,,2.50000,USD
d988d4d3-af1f-41c5-ac9c-d26f3d845e3e,2026-01-23 01:57:21,Esok Sekolah,CustomItem,Items,1,Completed,,,2.50000,USD,Positive,Fast delivery,,,2.50000,USD
f163f54c-7e33-4ca4-b521-9fb747b91985,2026-01-23 01:30:58,Money Money Puggy 178.5m/s - x,CustomItem,Items,1,Completed,,,9.00000,USD,Positive,Good communication,,,9.00000,USD
168dde6d-7625-4fbb-b668-2c6e31dcee68,2026-01-23 01:24:35,Los Candies 207m/s - s25,CustomItem,Items,1,Completed,,,10.00000,USD,Positive,Helpful and responsive,,,10.00000,USD
6522082e-ecc0-4298-8aba-367e7ecf8851,2026-01-23 00:42:55,Swaggy Bros 340m/s,CustomItem,Items,1,Completed,,,15.00000,USD,Positive,Helpful and responsive,,,15.00000,USD
0935a4bb-d843-4c1c-aa40-97db5407025f,2026-01-22 17:00:16,Money Money Puggy 178.5m/s,CustomItem,Items,1,Completed,,,10.00000,USD,Positive,The best!,,,10.00000,USD
c6d3d5ba-2ef2-4439-8deb-d136d70e22d2,2026-01-22 15:23:06,Esok Sekolah,CustomItem,Items,1,Canceled,,,2.50000,USD,Unrated,,Buyer_Did_Not_Respond,,2.50000,USD
2cb1ac0d-0a0f-4e5d-8d17-85d02aeabeb4,2026-01-22 14:35:10,Esok Sekolah,CustomItem,Items,1,Completed,,,2.50000,USD,Positive,Extra mile,,,2.50000,USD
b641c2f7-e440-4718-a64a-bd4f7854d6ee,2026-01-22 14:01:12,Swaggy Bros 700m/s,CustomItem,Items,1,Completed,,,30.00000,USD,Positive,Fast delivery,,,30.00000,USD
b38788e8-d88b-4532-bb77-3a19019da541,2026-01-22 13:52:14,Esok Sekolah,CustomItem,Items,1,Completed,,,2.50000,USD,Positive,GGWP,,,2.50000,USD
9640a189-9a64-4fcd-8eaf-a54fb6e0eb6a,2026-01-22 13:47:08,Esok Sekolah,CustomItem,Items,3,Completed,,,2.50000,USD,Positive,Helpful and responsive,,,7.50000,USD
8e2056b8-0706-4911-87ae-c617d9c13953,2026-01-22 13:40:37,Esok Sekolah,CustomItem,Items,2,Completed,,,2.50000,USD,Positive,Extra mile,,,5.00000,USD
0839e2a1-dddb-4177-ac90-4820a7593ebd,2026-01-22 13:20:05,Esok Sekolah,CustomItem,Items,1,Completed,,,2.50000,USD,Positive,You fast,,,2.50000,USD
e88d9055-f781-48e2-8f90-dfd51bd72346,2026-01-22 13:17:00,Esok Sekolah,CustomItem,Items,1,Completed,,,2.50000,USD,Positive,GGWP!,,,2.50000,USD
7aed7442-5ebd-4a44-8a00-086a6f62849b,2026-01-22 13:16:19,Esok Sekolah,CustomItem,Items,1,Completed,,,2.50000,USD,Positive,"quick recommend this seller
",,,2.50000,USD
9451e77c-33ab-4e79-8ee3-5cab3ebb9ad7,2026-01-22 13:16:08,Esok Sekolah,CustomItem,Items,1,Completed,,,2.50000,USD,Positive,Good price,,,2.50000,USD
228a4590-ca39-4e69-a104-ce5d8016c2ec,2026-01-22 12:56:13,Esok Sekolah,CustomItem,Items,1,Completed,,,2.50000,USD,Positive,Fast delivery,,,2.50000,USD
7d3695c1-99eb-4b0c-9c55-5c457a749a2c,2026-01-22 12:53:07,Tang Tang Keletang 376.8m/s,CustomItem,Items,1,Completed,,,18.00000,USD,Positive,Good price,,,18.00000,USD
ae5e849b-019a-48ad-8b9e-dc5d92d43563,2026-01-22 12:23:07,Chicleteira Noelteira 322.5m/s,CustomItem,Items,1,Completed,,,12.00000,USD,Positive,Fast delivery,,,12.00000,USD
2f3073e1-fa67-4d4d-acc3-c01f645f9935,2026-01-22 12:14:57,Esok Sekolah,CustomItem,Items,1,Completed,,,2.50000,USD,Positive,As described,,,2.50000,USD
a348aab7-c2ed-4c8e-ae4e-4ee059123d2f,2026-01-22 11:59:35,Esok Sekolah,CustomItem,Items,2,Completed,,,2.50000,USD,Positive,very quick recommend this seller,,,5.00000,USD
6e9940d7-b47e-4a6d-803e-7247fccb7538,2026-01-22 11:47:53,Esok Sekolah,CustomItem,Items,1,Canceled,,,2.50000,USD,Unrated,,Buyer_Did_Not_Respond,,2.50000,USD
cbda3d92-c5bb-4d6d-bb29-8a786ef9c5d1,2026-01-22 11:25:01,Esok Sekolah,CustomItem,Items,1,Completed,,,2.50000,USD,Positive,Helpful and responsive,,,2.50000,USD
95ea03a9-e6ef-423b-8054-261890b87770,2026-01-22 11:17:34,Esok Sekolah,CustomItem,Items,1,Completed,,,2.50000,USD,Positive,Good communication,,,2.50000,USD
9cc3cd7e-9a11-411a-add0-93dc18d1d2b4,2026-01-22 11:15:29,Esok Sekolah,CustomItem,Items,1,Canceled,,,2.50000,USD,Unrated,,Buyer_Does_Not_Need_It_Anymore,,2.50000,USD
ca9d9614-7601-4dfb-8d31-83f31e21b310,2026-01-22 11:13:34,Esok Sekolah,CustomItem,Items,1,Completed,,,2.50000,USD,Positive,Good communication,,,2.50000,USD
13626647-a02f-4135-9a92-76c78b99048f,2026-01-22 11:05:54,Esok Sekolah,CustomItem,Items,1,Canceled,,,2.50000,USD,Unrated,,Buyer_Does_Not_Need_It_Anymore,,2.50000,USD
24ac7098-cfec-45a4-9ff0-69e15d0fcd01,2026-01-22 10:51:04,Esok Sekolah,CustomItem,Items,1,Completed,,,2.50000,USD,Positive,GGWP,,,2.50000,USD
d991a6f3-8153-476c-9d48-0a4f9faaa280,2026-01-22 10:34:56,Chicleteira Noelteira 315m/s,CustomItem,Items,1,Completed,,,12.00000,USD,Positive,Good price,,,12.00000,USD
690464bb-3b7a-45cb-9218-4c34ce439a2e,2026-01-22 10:18:59,Esok Sekolah,CustomItem,Items,1,Completed,,,2.50000,USD,Positive,Good communication,,,2.50000,USD
589deab8-c5ce-4f26-b23b-7c7129f70d41,2026-01-22 10:07:41,Los Combinasionas 165m/s | s13,CustomItem,Items,1,Completed,,,7.00000,USD,Positive,Good price,,,7.00000,USD
dd8ce3aa-d649-4c03-9738-6fc9fd698ebd,2026-01-22 10:05:42,Esok Sekolah,CustomItem,Items,1,Completed,,,2.50000,USD,Positive,Good price,,,2.50000,USD
61266794-214e-48f5-96dc-f92a2d9af6ba,2026-01-22 09:56:01,Esok Sekolah,CustomItem,Items,1,Completed,,,2.50000,USD,Positive,Extra mile,,,2.50000,USD
2bfef6b3-0d62-4a8d-a4e3-afa40544181a,2026-01-22 04:08:17,Esok Sekolah,CustomItem,Items,1,Completed,,,2.50000,USD,Positive,Loved this experience,,,2.50000,USD
2d505408-559a-4412-896b-4866bae39e85,2026-01-22 03:25:31,Esok Sekolah,CustomItem,Items,1,Completed,,,2.50000,USD,Positive,Fast delivery,,,2.50000,USD
141a2d92-af4a-4278-b1ae-903817a9db54,2026-01-22 03:10:06,Esok Sekolah,CustomItem,Items,2,Completed,,,2.50000,USD,Positive,Good price,,,5.00000,USD
a0b7fd18-ec6d-4387-a489-f52cc12f53ae,2026-01-22 00:46:19,"Diamond Swaggy Bros
260m/s - s7",CustomItem,Items,1,Completed,,,13.00000,USD,Positive,Helpful and responsive,,,13.00000,USD
6c065405-6c6d-47f5-8b3f-0d75a3d04794,2026-01-22 00:45:42,"Gold
Swaggy Bros
390m/s - s12",CustomItem,Items,1,Completed,,,20.00000,USD,Positive,Helpful and responsive,,,20.00000,USD
f3a8e5bf-e6bd-4d15-baa0-5b8bede42005,2026-01-21 17:00:39,Galaxy Los Candies 161m - w24,CustomItem,Items,1,Completed,,,6.00000,USD,Positive,Good communication,,,6.00000,USD
7f502bb6-66cc-4103-8461-eb16dd1cac1f,2026-01-21 16:40:17,Esok Sekolah,CustomItem,Items,1,Completed,,,2.50000,USD,Positive,Very good,,,2.50000,USD
5d4086ce-ed4e-4d83-bb7d-6761e924c997,2026-01-21 15:29:01,La Ginger Sekolah 337.5m/s | v,CustomItem,Items,1,Completed,,,15.00000,USD,Negative,OOF,,,15.00000,USD
d0a1c333-0a55-471c-95b8-eae258501734,2026-01-21 14:37:44,Money Money Puggy 241.5m - w,CustomItem,Items,1,Completed,,,10.00000,USD,Positive,Helpful and responsive,,,10.00000,USD
f31ecd65-f16c-43bd-9f3e-98a4b7c0671a,2026-01-21 13:43:16,Candy Los Candies 207m/s - s3,CustomItem,Items,1,Completed,,,9.00000,USD,Positive,Good price,,,9.00000,USD
1ca543da-c7a6-474b-9bd6-f9e810eb8dc6,2026-01-21 13:10:01,Orcaledon 160m/s - w,CustomItem,Items,1,Completed,,,10.00000,USD,Positive,Good communication,,,10.00000,USD
5cd23e3d-5a8d-45f8-84ed-a7e77efbc7d2,2026-01-21 12:18:53,Gold Spaghetti Tualetti 375m - way,CustomItem,Items,1,Completed,,,10.00000,USD,Positive,As described,,,10.00000,USD
474c3652-4caa-4519-8b46-a9b3e1594810,2026-01-21 12:16:43,"Radioactive
Chimino
189m/s - s7",CustomItem,Items,1,Completed,,,7.00000,USD,Positive,Good price,,,7.00000,USD
41481b70-7fb4-45db-980d-17a5592d36ed,2026-01-21 11:01:35,Esok Sekolah,CustomItem,Items,1,Canceled,,,2.50000,USD,Unrated,,Buyer_Did_Not_Respond,,2.50000,USD
11591b03-de56-43cb-b32d-a3077877bb7b,2026-01-21 10:35:40,Lava Los Candies 138m/s - s25,CustomItem,Items,1,Completed,,,7.00000,USD,Positive,great service came in a mater of seconds and really nice guy or girl,,,7.00000,USD
862c3114-9e56-4635-acef-a071a78a2ae9,2026-01-21 10:21:39,Esok Sekolah,CustomItem,Items,1,Completed,,,2.50000,USD,Positive,It was so good and kind he don't scam me.,,,2.50000,USD
de1a00d3-1219-43a2-807f-b7e55feb951a,2026-01-21 10:06:42,Esok Sekolah,CustomItem,Items,2,Completed,,,2.50000,USD,Positive,As described,,,5.00000,USD
1f24e809-8965-47cb-83f2-7f7c2e77e376,2026-01-21 10:02:06,Esok Sekolah,CustomItem,Items,1,Completed,,,2.50000,USD,Positive,As described,,,2.50000,USD
0cc105b7-8ad9-4cfd-b04b-8759f887792f,2026-01-21 07:20:55,Los 25 Radioactive 145m/s | s13,CustomItem,Items,1,Completed,,,6.00000,USD,Positive,GGWP,,,6.00000,USD
9fbb46b0-b7a7-4779-8295-0d4f3b76020c,2026-01-21 07:03:03,Los 67 Yin Yang 483.7m/s | s,CustomItem,Items,1,Completed,,,20.00000,USD,Positive,Good price,,,20.00000,USD
19dfee90-c392-4e43-a44d-781bcb654f0c,2026-01-21 05:32:31,Esok Sekolah,CustomItem,Items,1,Completed,,,2.50000,USD,Positive,GGWP!,,,2.50000,USD
56634073-f172-4246-9164-2f084ab0024a,2026-01-21 04:37:13,Los Puggies 225m/s | s13,CustomItem,Items,1,Canceled,Other,I don’t really need it,14.00000,USD,Unrated,,Buyer_Does_Not_Need_It_Anymore,,14.00000,USD
ebab495c-7c1a-434f-a06c-31cc036d22d0,2026-01-21 02:24:18,Esok Sekolah,CustomItem,Items,1,Completed,,,2.50000,USD,Positive,GOAT,,,2.50000,USD
20511557-048b-4799-8bff-b0d17879b1f4,2026-01-21 01:53:36,Money Money Puggy 241.5m/s | s13,CustomItem,Items,1,Completed,,,12.00000,USD,Positive,was very kind and didnt scam,,,12.00000,USD
c118c7ef-cff4-461b-94ab-176b6e506010,2026-01-19 15:54:07,Eviledon 157m/s | s13,CustomItem,Items,1,Completed,,,10.00000,USD,Positive,GOAT,,,10.00000,USD
17ddb0db-7944-4019-a6c9-0472afcf6a0b,2026-01-19 15:50:08,Chimino Radioactive 245m/s | y,CustomItem,Items,1,Completed,,,8.00000,USD,Positive,GGWP,,,8.00000,USD
5ce744a4-baa4-4592-bfdf-64447367185d,2026-01-19 15:39:38,Radioactive Los 25 175m - w24,CustomItem,Items,1,Completed,,,6.00000,USD,Positive,"Great contact, super fast delivery! I recommend this seller!",,,6.00000,USD
daecdfac-114e-4d01-b7e0-83d1093f7a16,2026-01-19 15:31:49,Swaggy Bros 250m/s - s29,CustomItem,Items,1,Canceled,Item_Not_Delivered_Within_Delivery_Time,,15.00000,USD,Unrated,,Seller_Claims_Goods_Delivered_Order_Not_Received,,15.00000,USD
41eb60d8-25d7-48dc-9eb9-e11985b846ea,2026-01-19 15:23:28,Los Candies 310.5m/s | s13,CustomItem,Items,1,Completed,,,12.00000,USD,Positive,Good price,,,12.00000,USD
3476c107-cafa-43e4-806e-2dd481967a40,2026-01-19 14:33:25,Money Money Puggy 315m/s | y,CustomItem,Items,1,Completed,,,15.00000,USD,Positive,Helpful and responsive,,,15.00000,USD
094c01a9-a6c9-4f9a-a619-c15af0051617,2026-01-19 09:47:06,Tang Tang Keletang 611.3m/s | y,CustomItem,Items,1,Completed,,,28.00000,USD,Positive,GOAT,,,28.00000,USD
87e367b7-e3ac-4aad-b92e-07c23b7f6823,2026-01-19 06:16:09,Esok Sekolah,CustomItem,Items,1,Completed,,,2.50000,USD,Positive,GGWP,,,2.50000,USD
0ddabff2-3954-4d3f-867f-2c7cb6189d80,2026-01-19 06:14:10,Esok Sekolah,CustomItem,Items,2,Canceled,Seller_Delivered_But_Order_Not_Received,,2.50000,USD,Unrated,,Not_Delivered_Within_Guaranteed_Delivery_Time,,5.00000,USD
b05ac3e4-620b-4a8c-8675-213c9c01cb4e,2026-01-19 06:06:14,Esok Sekolah,CustomItem,Items,1,Completed,,,2.50000,USD,Positive,GGWP,,,2.50000,USD
2cc86a32-78a9-4d6b-8f22-19d76b1f9e22,2026-01-19 06:02:20,Esok Sekolah,CustomItem,Items,1,Completed,,,2.50000,USD,Positive,Good price,,,2.50000,USD
0ecd011d-ccbf-4a45-855a-a95e72bc85ec,2026-01-19 06:01:53,Esok Sekolah,CustomItem,Items,9,Completed,,,2.50000,USD,Positive,GGWP,,,22.50000,USD
e323b5ca-80a0-4a9b-bd62-f23060570652,2026-01-19 06:01:26,Los Combinasionas 123.7m/s - s29,CustomItem,Items,1,Completed,,,4.00000,USD,Positive,GGWP!,,,4.00000,USD
ddf8e3a8-9d2d-443a-8341-3e75775c6aca,2026-01-19 05:55:26,Lavadorito Spinito 371.2m/s | s,CustomItem,Items,1,Completed,,,20.00000,USD,Positive,GGWP,,,20.00000,USD
fc0411e3-1a93-4b33-b3f5-3b57902408fd,2026-01-19 05:47:38,Esok Sekolah,CustomItem,Items,1,Completed,,,2.50000,USD,Positive,Good price,,,2.50000,USD
58d8af0a-fc9e-4dbb-8972-061b6418a986,2026-01-19 05:37:02,Esok Sekolah,CustomItem,Items,1,Completed,,,2.50000,USD,Positive,Good price,,,2.50000,USD
4b6dc411-d6ac-4cef-be79-5c912256f7a4,2026-01-19 04:01:24,La Taco Combinasion 420m/s - way,CustomItem,Items,1,Completed,,,20.00000,USD,Positive,GGWP!,,,20.00000,USD
f44fe7df-73e1-4623-b473-c741174a7f21,2026-01-19 03:50:44,Los Candies 138m/s - s25,CustomItem,Items,1,Completed,,,7.00000,USD,Positive,Fast delivery,,,7.00000,USD
85c23e4a-cd2f-4b48-a9ac-3709af1d1928,2026-01-19 02:56:01,Ketchuru and Musturu 308.1m/s - s29,CustomItem,Items,1,Completed,,,20.00000,USD,Positive,Good communication,,,20.00000,USD
14fc3fb8-2093-4f2d-b1b4-8884a72a9c63,2026-01-18 16:18:31,"Rainbow
Los Combinasionas 150m - w",CustomItem,Items,1,Completed,,,5.00000,USD,Positive,Fast delivery,,,5.00000,USD
43764e07-c2aa-4690-98c7-f1bd03e2fe00,2026-01-18 16:16:02,Money Money Puggy 210m/s | y,CustomItem,Items,1,Completed,,,12.00000,USD,Positive,Good communication,,,12.00000,USD
59c54ef8-3f38-4ee3-b6da-da411bca09c2,2026-01-18 15:54:41,Candy Los Mobilis 198m/s - w,CustomItem,Items,1,Completed,,,7.00000,USD,Positive,GGWP!,,,7.00000,USD
570de6e8-4553-4d33-ab12-300cf814663f,2026-01-18 14:25:47,Esok Sekolah,CustomItem,Items,1,Canceled,,,2.50000,USD,Unrated,,Seller_Going_Offline,,2.50000,USD
498c9556-24b2-4c3f-afb3-dd7843b18308,2026-01-18 14:05:32,Esok Sekolah,CustomItem,Items,1,Completed,,,2.50000,USD,Positive,As described,,,2.50000,USD
f37428dd-dab5-40b9-b663-11f471358b13,2026-01-18 14:02:47,Esok Sekolah,CustomItem,Items,3,Completed,,,2.50000,USD,Positive,Extra mile,,,7.50000,USD
f302e613-5eb3-4c53-9015-0e5dfcbcfb12,2026-01-18 14:02:17,Esok Sekolah,CustomItem,Items,1,Completed,,,2.50000,USD,Positive,GGWP,,,2.50000,USD
adfb46ac-6272-4d86-87ad-1a3c2c636595,2026-01-18 13:59:00,Esok Sekolah,CustomItem,Items,1,Completed,,,2.50000,USD,Positive,GGWP!,,,2.50000,USD
fbddf309-c700-4408-b27c-e0d4442b1371,2026-01-18 13:53:21,Esok Sekolah,CustomItem,Items,1,Completed,,,2.50000,USD,Positive,GGWP!,,,2.50000,USD
3663c31d-5d0b-491f-b585-2ca8c656d8b9,2026-01-18 13:49:42,Esok Sekolah,CustomItem,Items,1,Completed,,,2.50000,USD,Positive,GGWP,,,2.50000,USD
f181f226-a0e4-41bf-ae7c-2c04caa61670,2026-01-18 13:43:25,Esok Sekolah,CustomItem,Items,1,Completed,,,2.50000,USD,Positive,Helpful and responsive,,,2.50000,USD
ce088233-768a-46bf-940d-e5a6ba7700d9,2026-01-18 13:41:35,Esok Sekolah,CustomItem,Items,1,Completed,,,2.50000,USD,Positive,Good price,,,2.50000,USD
5f970c36-2350-4327-8a5d-f4097a3911b2,2026-01-18 13:39:14,Esok Sekolah,CustomItem,Items,1,Completed,,,2.50000,USD,Positive,As described,,,2.50000,USD
5a953f6d-2bb4-403c-8228-8f41c091d5e0,2026-01-18 13:33:09,Esok Sekolah,CustomItem,Items,1,Completed,,,2.50000,USD,Positive,"tres fiable ",,,2.50000,USD
bf4c9107-1c45-4e6a-8886-19b4920e289b,2026-01-18 13:31:29,Esok Sekolah,CustomItem,Items,1,Canceled,Item_Not_As_Described,,2.50000,USD,Unrated,,Not_Delivered_Within_Guaranteed_Delivery_Time,,2.50000,USD
855be9cf-cbbd-45f3-b87a-236f50e43c0d,2026-01-18 13:25:20,"Bloodrot
Los 67 157.5m - w24",CustomItem,Items,1,Completed,,,5.00000,USD,Positive,GGWP,,,5.00000,USD
909d22c2-d5a1-414a-80b9-c079e5d9fc37,2026-01-18 13:22:56,Esok Sekolah,CustomItem,Items,1,Completed,,,2.50000,USD,Positive,As described,,,2.50000,USD
18d442fe-d6b4-4508-bb90-17e9beb89a27,2026-01-18 13:20:32,Esok Sekolah,CustomItem,Items,1,Completed,,,2.50000,USD,Positive,GOAT,,,2.50000,USD
48991aed-df7a-41dd-9093-548c26e51afb,2026-01-18 13:11:08,Esok Sekolah,CustomItem,Items,1,Completed,,,2.50000,USD,Positive,As described,,,2.50000,USD
60aa19b4-9a57-45d6-9da0-6d10c4774998,2026-01-18 13:06:45,Esok Sekolah,CustomItem,Items,1,Completed,,,2.50000,USD,Positive,GGWP,,,2.50000,USD
a56b9967-15b4-4274-9af5-ed726b0facf8,2026-01-18 13:06:35,Esok Sekolah,CustomItem,Items,2,Completed,,,2.50000,USD,Positive,Helpful and responsive,,,5.00000,USD
d5e4f56b-be16-45be-8921-63db53e7dc75,2026-01-18 13:01:57,Esok Sekolah,CustomItem,Items,1,Completed,,,2.50000,USD,Positive,Extra mile,,,2.50000,USD
3be22118-50b8-416a-95a7-64dbeb6da210,2026-01-18 13:00:33,Esok Sekolah,CustomItem,Items,1,Completed,,,2.50000,USD,Positive,GGWP,,,2.50000,USD
90a0bef4-dce2-4375-a20e-7068b94395ae,2026-01-18 12:56:27,Esok Sekolah,CustomItem,Items,1,Completed,Seller_Delivered_But_Order_Not_Received,,2.50000,USD,Positive,Trusted,,,2.50000,USD
13816fe7-96bf-4dc5-82fe-670bc5654fa8,2026-01-18 12:47:40,Esok Sekolah,CustomItem,Items,1,Completed,,,2.50000,USD,Positive,greattt,,,2.50000,USD
e0fe9620-8ba0-4ebb-84bb-deb620d4943d,2026-01-18 12:38:33,Esok Sekolah,CustomItem,Items,2,Completed,,,2.50000,USD,Positive,Ggg,,,5.00000,USD
ba8a2e06-3701-4a53-9bf2-2eaf83b9a870,2026-01-18 12:24:53,Esok Sekolah,CustomItem,Items,1,Completed,,,2.50000,USD,Positive,Helpful and responsive,,,2.50000,USD
7e6fa3db-0277-48d8-bc22-e0abf8611396,2026-01-18 12:12:52,La Secret Combinasion 437.5m/s - w,CustomItem,Items,1,Completed,,,15.00000,USD,Positive,Good price,,,15.00000,USD
39b27163-a913-4a13-bf0e-6e6045a4d303,2026-01-18 12:03:15,Los Combinasionas 146.2m/s - s29,CustomItem,Items,1,Completed,,,5.00000,USD,Positive,As described,,,5.00000,USD
ccd983f6-2598-4a4c-97a6-404be1f7769a,2026-01-18 11:59:38,Esok Sekolah,CustomItem,Items,1,Completed,,,2.50000,USD,Positive,GGWP,,,2.50000,USD
8d782103-db9b-44e9-adc6-33244283b5b9,2026-01-18 11:54:41,Esok Sekolah,CustomItem,Items,1,Completed,,,2.50000,USD,Positive,"THANK ",,,2.50000,USD
9031d360-9844-4601-b72e-b976623623b6,2026-01-18 11:49:45,Esok Sekolah,CustomItem,Items,1,Completed,,,2.50000,USD,Positive,So fast,,,2.50000,USD
1379115b-e183-4549-a22a-04864e5acd1c,2026-01-18 11:49:09,Esok Sekolah,CustomItem,Items,1,Completed,,,2.50000,USD,Positive,Fast delivery,,,2.50000,USD
55b082af-458d-4f94-a98c-f7fa7e549cf2,2026-01-18 11:27:01,Los Mobilis 104.5m/s - s29,CustomItem,Items,1,Completed,,,5.00000,USD,Positive,Super fast and kind 👍,,,5.00000,USD
c8c945ac-d45c-49bf-b811-dbf070f75e23,2026-01-18 11:16:34,Yin-Yang Spaghetti Tualetti - w24,CustomItem,Items,1,Completed,,,15.00000,USD,Positive,As described,,,15.00000,USD
d4a20600-5581-4306-b784-f25931f9a61e,2026-01-18 10:32:22,Lavadorito Spinito 292.5m/s | y,CustomItem,Items,1,Completed,,,15.00000,USD,Positive,GOAT,,,15.00000,USD
1202f3d3-06fa-48a9-a2b0-d328764a8dab,2026-01-18 10:27:11,Cursed La Grande Combinasion 150m - w,CustomItem,Items,1,Completed,,,5.00000,USD,Positive,Extra mile,,,5.00000,USD
81c776bf-462b-4c39-9b44-a73adff91fe1,2026-01-18 09:25:49,Los Candies 207m/s | s,CustomItem,Items,1,Completed,,,8.00000,USD,Positive,Extra mile,,,8.00000,USD
ca4af72b-8dc6-4768-b482-378739ce48de,2026-01-18 08:59:39,Los Combinasionas 198.7m/s - w,CustomItem,Items,1,Completed,,,5.00000,USD,Positive,Awesome seller and came legit with awesome communication!,,,5.00000,USD
3e7838e9-0560-4bfb-9276-b1c3c8d54e71,2026-01-18 08:24:08,Spaghetti Tualetti 510m/s | s13,CustomItem,Items,1,Completed,,,20.00000,USD,Positive,GOAT,,,20.00000,USD
b429e835-2fbd-4896-a4e9-ec7291bbf12c,2026-01-18 07:59:57,La Taco Combinasion 490m/s | s,CustomItem,Items,1,Completed,,,20.00000,USD,Positive,GGWP,,,20.00000,USD
6d4c84bd-2e97-4ae3-aec2-189e91394357,2026-01-18 07:40:08,Tuff Toucan 396.5m/s - s29,CustomItem,Items,1,Completed,,,20.00000,USD,Positive,GGWP!,,,20.00000,USD
95067559-2967-4bc5-967f-20bc8e404889,2026-01-18 07:01:57,Los Combinasionas 153.7m - w,CustomItem,Items,1,Completed,,,5.00000,USD,Positive,GOAT,,,5.00000,USD
60a664fb-d8bd-434c-9aaf-3167c983a52c,2026-01-18 06:30:35,Yin-Yang Los Mobilis - w,CustomItem,Items,1,Completed,,,6.00000,USD,Positive,Extra mile,,,6.00000,USD
648b0003-36a1-4dfb-858c-5a5e6738480a,2026-01-18 06:16:43,Swaggy Bros 210m.s - s29,CustomItem,Items,1,Completed,,,10.00000,USD,Positive,Good communication,,,10.00000,USD
b37a3d75-cea0-40e2-80ba-f6c44f0af0c1,2026-01-18 05:26:02,Nuclearo Dinossauro 168.7m/s | s,CustomItem,Items,1,Completed,,,13.00000,USD,Positive,As described,,,13.00000,USD
bb36a535-0490-4283-998c-1c963e496fd1,2026-01-18 05:24:22,,RequestedBoosting,Custom Request,1,Completed,,,30.00000,USD,Positive,Helpful and responsive,,,30.00000,USD
c7c2c93e-f694-4c97-84af-5eacb1690d60,2026-01-18 05:05:10,Mieteteira Bicicleteira 130m/s - w,CustomItem,Items,1,Completed,,,4.00000,USD,Positive,"He real
",,,4.00000,USD
4f9cc5d1-b2db-401c-ae17-ef03a616e312,2026-01-18 04:11:47,Los 67 168.7m/s - w,CustomItem,Items,1,Completed,,,5.00000,USD,Positive,Good price,,,5.00000,USD
dda8b28d-69a6-4fff-b1c3-bbc82f75cb15,2026-01-17 16:43:27,Lavadorito Spinito 315m/s - s21,CustomItem,Items,1,Completed,,,20.00000,USD,Positive,GGWP!,,,20.00000,USD
7a673616-52fa-48cb-a149-3dde4cbd1bed,2026-01-17 14:04:29,Los Candies 207m/s | s13,CustomItem,Items,1,Completed,,,8.00000,USD,Positive,GGWP,,,8.00000,USD
680d266a-0af8-4c96-92a0-0b314520836a,2026-01-17 09:59:57,Esok Sekolah,CustomItem,Items,1,Completed,,,3.00000,USD,Positive,GOAT,,,3.00000,USD
9d5406c5-f0ca-4d33-a837-0d60737ac338,2026-01-17 09:02:47,W or L 120m/s - way,CustomItem,Items,1,Completed,,,10.00000,USD,Positive,Fast delivery,,,10.00000,USD
5bd102ab-e6fc-4c55-83b0-9529640ccc46,2026-01-17 08:43:14,Los Candies 414m/s | s30,CustomItem,Items,1,Completed,,,15.00000,USD,Positive,GGWP,,,15.00000,USD
0adb0ad2-93cd-41eb-9515-dd82d0c925ed,2026-01-17 08:19:08,Esok Sekolah,CustomItem,Items,1,Completed,,,3.00000,USD,Positive,Helpful and responsive,,,3.00000,USD
185cbf0e-dbfe-4f22-8b88-74ed929ed64f,2026-01-17 08:08:59,Esok Sekolah,CustomItem,Items,1,Completed,,,3.00000,USD,Positive,Helpful and responsive,,,3.00000,USD
4bf0a270-a155-422a-91d7-5e9fec41e60f,2026-01-17 02:43:01,La Ginger Sekolah 450m/s | s11,CustomItem,Items,1,Completed,,,20.00000,USD,Positive,W really fast as well,,,20.00000,USD
57b5c322-9a87-4ca0-86bb-2ba0618f83a3,2026-01-17 02:13:49,Radioactive Chimino 189m/s | v,CustomItem,Items,1,Completed,,,7.00000,USD,Positive,Good price,,,7.00000,USD
a1733151-7708-4fe8-9ada-f569753acc36,2026-01-16 16:23:54,Esok Sekolah,CustomItem,Items,1,Completed,,,3.00000,USD,Positive,GOAT,,,3.00000,USD
003f2f18-9da8-41da-8e25-d8c339189307,2026-01-16 16:06:32,Esok Sekolah,CustomItem,Items,1,Completed,,,3.00000,USD,Positive,"the best ",,,3.00000,USD
e5025340-0607-4e51-b40c-0745e73ed25b,2026-01-16 13:32:03,Esok Sekolah,CustomItem,Items,1,Completed,,,3.00000,USD,Positive,GGWP!,,,3.00000,USD
972bc504-35b8-4067-80f5-a162e92c9ca6,2026-01-16 12:17:38,"Diamond
Chimino
133m/s - s20",CustomItem,Items,1,Completed,,,6.00000,USD,Positive,Good price,,,6.00000,USD
f32b0fc8-9bf6-4bdc-872e-9b833e53f969,2026-01-16 12:03:08,Esok Sekolah,CustomItem,Items,1,Completed,,,3.00000,USD,Positive,Extra mile,,,3.00000,USD
24727ed5-e3d8-4d8f-ba14-98748de3705c,2026-01-16 08:37:54,Gold Los Puggies 187.5m/s - e,CustomItem,Items,1,Completed,,,10.00000,USD,Positive,GGWP,,,10.00000,USD
5b2bae52-c116-4bf7-a862-c33a8451515c,2026-01-16 04:52:34,Eviledon 189m/s - e,CustomItem,Items,1,Completed,,,15.00000,USD,Positive,Extra mile,,,15.00000,USD
ed1c5b91-4ad2-4fc5-a30f-dbed01b9c591,2026-01-16 04:18:25,Diamond Los 67 236.2m/s - e,CustomItem,Items,1,Completed,,,11.00000,USD,Positive,Good communication,,,11.00000,USD
634db2da-0c42-4aa0-b0a5-665dd26b5571,2026-01-16 01:09:50,"Chicleteira Noelteira
225m/s - s7",CustomItem,Items,1,Completed,,,8.00000,USD,Positive,Good price,,,8.00000,USD
579763a7-5f98-43fd-9558-97c60cbc4efa,2026-01-15 14:18:04,Los Puggies 180m/s - e,CustomItem,Items,1,Completed,,,10.00000,USD,Positive,Very amazing and stunning,,,10.00000,USD
23cdc078-32ea-4041-8405-5baf80dcddf2,2026-01-15 13:17:50,W or L 420m/s - way,CustomItem,Items,1,Completed,,,20.00000,USD,Positive,As described,,,20.00000,USD
a3af5ce7-d879-473d-8b6d-9bc79c77d674,2026-01-15 12:25:10,Esok Sekolah,CustomItem,Items,1,Completed,,,3.00000,USD,Positive,GGWP!,,,3.00000,USD
637d46ab-b9dd-43b0-80f3-10798c1bde51,2026-01-15 11:07:25,Cursed Los 67 202.5m/s - e,CustomItem,Items,1,Completed,,,10.00000,USD,Positive,Helpful and responsive,,,10.00000,USD
e99a412b-52b2-4c7b-a2f6-2c4539edcf62,2026-01-15 09:40:23,Esok Sekolah,CustomItem,Items,1,Completed,,,3.00000,USD,Positive,Fast delivery,,,3.00000,USD
d49fb3d4-f6bb-4c6a-9dc3-9e92aa743d31,2026-01-15 08:47:26,Esok Sekolah,CustomItem,Items,1,Completed,,,3.00000,USD,Positive,GGWP,,,3.00000,USD
72f0ed24-b0e7-46eb-9206-ad79526c6fe2,2026-01-15 06:04:27,"Radioactive Los 25
170m/s - s20",CustomItem,Items,1,Completed,,,8.00000,USD,Positive,Good communication,,,8.00000,USD
b23d9fcb-2946-4084-be00-55473f38d40d,2026-01-15 03:25:15,Esok Sekolah,CustomItem,Items,1,Completed,,,3.00000,USD,Positive,As described,,,3.00000,USD
01c597a2-3105-481a-a138-943771d300b5,2026-01-15 03:22:52,Esok Sekolah,CustomItem,Items,1,Completed,,,3.00000,USD,Positive,Good communication,,,3.00000,USD
c7262c0f-cf15-465b-bb07-04f385e7270c,2026-01-15 03:22:27,Esok Sekolah,CustomItem,Items,1,Completed,,,3.00000,USD,Positive,Fast delivery,,,3.00000,USD
e6b22237-204e-4961-a904-b7f7bc2a67e9,2026-01-15 03:06:55,Esok Sekolah,CustomItem,Items,1,Completed,,,3.00000,USD,Positive,GOAT,,,3.00000,USD
f5f3ac65-f47a-4d2f-a088-30aff896a22e,2026-01-15 03:03:39,Esok Sekolah,CustomItem,Items,1,Completed,,,3.00000,USD,Positive,Helpful and responsive,,,3.00000,USD
d54ecf33-9868-4bd8-ba8d-8c99e481f5f7,2026-01-15 02:54:39,Esok Sekolah,CustomItem,Items,1,Completed,,,3.00000,USD,Positive,Good price,,,3.00000,USD
b0896976-b63f-464d-8cf7-20e05d2fe6db,2026-01-15 02:47:40,Los Candies 345m/s | s30,CustomItem,Items,1,Completed,,,13.00000,USD,Positive,Helpful and responsive,,,13.00000,USD
8af9cda5-0201-46b2-8463-ebfa9b3d8277,2026-01-15 02:41:21,Esok Sekolah,CustomItem,Items,1,Completed,,,3.00000,USD,Positive,As described,,,3.00000,USD
e571673e-a965-4f19-9520-944db09c57c4,2026-01-15 02:38:46,Los Candies 345m/s | s30,CustomItem,Items,1,Completed,,,13.00000,USD,Positive,"Very kind and fast
",,,13.00000,USD
964c4091-bce5-4085-8c80-37d7e5f6b88a,2026-01-15 01:09:26,Galaxy Los 67 247.5m/s - e,CustomItem,Items,1,Completed,,,11.00000,USD,Positive,GGWP,,,11.00000,USD
4ef0f141-0864-4ce8-aa22-22e4eabb7e24,2026-01-15 00:24:47,Los Candies 414m/s - s29,CustomItem,Items,1,Completed,,,10.00000,USD,Positive,Fast delivery,,,10.00000,USD
4f90be31-6bb0-4148-a392-f94ff1267ce1,2026-01-14 16:57:07,Esok Sekolah,CustomItem,Items,1,Completed,,,3.00000,USD,Positive,Helpful and responsive,,,3.00000,USD
eca5a6e3-3f26-4def-aeb4-020698d942ac,2026-01-14 16:36:05,Esok Sekolah,CustomItem,Items,1,Completed,,,3.00000,USD,Positive,As described,,,3.00000,USD
0cb57d17-a338-47ec-83ba-88cf101b961a,2026-01-14 16:33:23,Esok Sekolah,CustomItem,Items,1,Completed,,,3.00000,USD,Positive,GGWP!,,,3.00000,USD
5ccfbc45-ab76-4fb1-8cd0-0b8b13de3016,2026-01-14 15:13:46,Los Combinasionas 120m/s - way,CustomItem,Items,1,Completed,,,5.00000,USD,Positive,Helpful and responsive,,,5.00000,USD
9a3c33aa-dfdd-4cbc-80e8-ecd8528c2fdd,2026-01-14 14:16:50,Los Mobilis 132m/s - way,CustomItem,Items,1,Completed,,,5.00000,USD,Positive,Extra mile,,,5.00000,USD
7263768a-3f21-4241-80a7-5ace8326ddaf,2026-01-14 13:43:12,Esok Sekolah,CustomItem,Items,1,Completed,,,3.00000,USD,Positive,Helpful and responsive,,,3.00000,USD
f908c07d-d5d2-4fcb-9401-5e9cdc6acd4e,2026-01-14 13:38:42,Esok Sekolah,CustomItem,Items,1,Completed,,,3.00000,USD,Positive,Fast delivery,,,3.00000,USD
9e35ac7f-73e4-449f-8d97-07bb2c5c7059,2026-01-14 13:09:14,Esok Sekolah,CustomItem,Items,1,Completed,,,3.00000,USD,Positive,Good communication,,,3.00000,USD
8974d0d3-3557-4fba-97bc-64fc9ecdfe21,2026-01-14 13:06:04,Esok Sekolah,CustomItem,Items,1,Completed,,,3.00000,USD,Positive,Good communication,,,3.00000,USD
b1a33ff9-7619-4fcf-a0f2-d88a9eaa299c,2026-01-14 12:36:45,Esok Sekolah,CustomItem,Items,1,Completed,,,3.00000,USD,Positive,Fast delivery,,,3.00000,USD
8da33c3b-d4ce-414e-8c5d-b4f218ccd48f,2026-01-14 11:58:42,Esok Sekolah,CustomItem,Items,3,Completed,,,3.00000,USD,Positive,GGWP!,,,9.00000,USD
20d3d4c2-f2e3-4b6a-8229-c7a3fb1533a9,2026-01-14 09:52:54,Esok Sekolah,CustomItem,Items,1,Completed,,,3.00000,USD,Positive,As described,,,3.00000,USD
e1c01e26-ce3d-4eb0-a1cd-f4fdecdc70ca,2026-01-14 09:51:30,Los Combinasionas 165m/s - way,CustomItem,Items,1,Completed,,,7.00000,USD,Positive,Extra mile,,,7.00000,USD
d793198c-9f22-4508-a0d0-df5279cc3cff,2026-01-14 09:46:18,Esok Sekolah,CustomItem,Items,1,Completed,,,3.00000,USD,Positive,Good communication,,,3.00000,USD
b64d4d7b-f510-4cba-8f22-15e8b45267af,2026-01-14 09:35:29,Esok Sekolah,CustomItem,Items,2,Completed,,,3.00000,USD,Positive,GOAT,,,6.00000,USD
1a6ca929-b7ab-4a6c-b16b-293557b0c14e,2026-01-14 09:27:11,Esok Sekolah,CustomItem,Items,3,Completed,,,3.00000,USD,Positive,GGWP,,,9.00000,USD
b7c2b986-bd0e-4d24-9fd3-0332d52fc6fb,2026-01-14 08:39:35,Los 67 202.5m/s - e,CustomItem,Items,1,Completed,,,10.00000,USD,Positive,GGWP!,,,10.00000,USD
914b3527-f2c0-4d4c-8bfd-96027a30cb1b,2026-01-14 08:27:31,Esok Sekolah,CustomItem,Items,1,Completed,,,3.00000,USD,Positive,GGWP!,,,3.00000,USD
d7e7f343-8c61-4e21-bea9-18904086ecaa,2026-01-14 08:25:59,Esok Sekolah,CustomItem,Items,1,Completed,,,3.00000,USD,Positive,As described,,,3.00000,USD
2eedb4a5-8b6c-432f-97d3-331940871df4,2026-01-14 04:35:20,Cursed Los 67 371.2m/s - e,CustomItem,Items,1,Completed,,,15.00000,USD,Positive,Good price,,,15.00000,USD
0a1f4ac9-0b91-44a4-8e10-a759a0bb2a9c,2026-01-14 03:11:30,Gold Money Money Puggy 404.2m/s | v,CustomItem,Items,1,Completed,,,20.00000,USD,Positive,GOAT,,,20.00000,USD
d8ac9c0f-cda4-400d-976b-56639655e5a0,2026-01-14 02:05:32,Los 67 360m/s - e,CustomItem,Items,1,Completed,,,15.00000,USD,Positive,Helpful and responsive,,,15.00000,USD
cc24e645-3aeb-4a83-a2b2-8e91d12ede7b,2026-01-13 16:50:44,"Rainbow Chimino
224m/s - way",CustomItem,Items,1,Completed,,,10.00000,USD,Positive,Good communication,,,10.00000,USD
c2b31f14-1d42-4ada-b245-264d6060cbec,2026-01-13 16:18:04,Esok Sekolah,CustomItem,Items,1,Completed,,,3.00000,USD,Positive,GGWP!,,,3.00000,USD
2e30c5fc-958b-491d-bdd5-c3665d8d835e,2026-01-13 15:28:41,"Radioactive
Los Spooky Combinasionas
210m/s - way",CustomItem,Items,1,Completed,,,9.00000,USD,Positive,Very good and fast,,,9.00000,USD
19c47e1a-4b39-4897-abdb-0e9afe0a9d49,2026-01-13 15:23:51,"Swaggy Bros
240m/s - s21",CustomItem,Items,1,Completed,,,15.00000,USD,Positive,Helpful and responsive,,,15.00000,USD
288f15b0-55df-4f25-ad5c-d20b739cb68a,2026-01-13 14:05:45,Esok Sekolah,CustomItem,Items,1,Completed,,,3.00000,USD,Positive,GOAT,,,3.00000,USD
a0e22b8c-12bb-4b53-8c25-8474741cbe2b,2026-01-13 14:01:50,Esok Sekolah,CustomItem,Items,1,Canceled,Item_Not_As_Described,Gaa,3.00000,USD,Unrated,,Buyer_Does_Not_Need_It_Anymore,,3.00000,USD
b3e17920-b744-482f-b0c7-7c8b7b2545c3,2026-01-13 13:58:01,Esok Sekolah,CustomItem,Items,1,Completed,,,3.00000,USD,Positive,Good communication,,,3.00000,USD
5a670146-64f1-4ac7-a3f5-3e424f07a499,2026-01-13 13:35:56,Esok Sekolah,CustomItem,Items,1,Completed,,,3.00000,USD,Positive,good,,,3.00000,USD
51cb0324-e78e-40da-b5c5-8a7458497b78,2026-01-13 13:33:46,Los Candies 322m/s | s30,CustomItem,Items,1,Completed,,,13.00000,USD,Positive,Good price,,,13.00000,USD
e81189fb-342b-4665-b373-0a8de2f6415d,2026-01-13 13:10:12,Esok Sekolah,CustomItem,Items,1,Completed,,,3.00000,USD,Positive,Fast delivery,,,3.00000,USD
3987ef79-1e23-4e0b-8c8f-d797c763a15f,2026-01-13 13:03:33,Esok Sekolah,CustomItem,Items,1,Completed,,,3.00000,USD,Positive,GOAT,,,3.00000,USD
961d8c46-1c46-4769-ae4d-7f717b7e70f6,2026-01-13 12:58:54,Esok Sekolah,CustomItem,Items,4,Completed,,,3.00000,USD,Positive,Good communication,,,12.00000,USD
77ee45c3-1e70-4000-91ca-f2f350d68257,2026-01-13 12:56:22,Esok Sekolah,CustomItem,Items,1,Completed,,,3.00000,USD,Positive,GGWP!,,,3.00000,USD
b998ac13-2c4d-4266-80de-4bb0d626f26a,2026-01-13 12:48:43,Esok Sekolah,CustomItem,Items,1,Completed,,,3.00000,USD,Positive,Fast delivery,,,3.00000,USD
d7a698b4-24e0-4590-b36b-c5a8b551e558,2026-01-13 12:42:34,Esok Sekolah,CustomItem,Items,1,Completed,,,3.00000,USD,Positive,Fast delivery,,,3.00000,USD
9b3d948c-39b3-4868-9934-1c52c44d6c66,2026-01-13 12:30:29,Esok Sekolah,CustomItem,Items,1,Canceled,,,3.00000,USD,Unrated,,Buyer_Did_Not_Respond,,3.00000,USD
20eec468-bce9-4af9-91f8-1e259539a410,2026-01-13 12:18:36,Esok Sekolah,CustomItem,Items,1,Completed,,,3.00000,USD,Positive,Extra mile,,,3.00000,USD
9d9a0412-5f13-4eb3-b0a7-8a0147d36bc5,2026-01-13 12:09:46,Esok Sekolah,CustomItem,Items,1,Completed,,,3.00000,USD,Positive,As described,,,3.00000,USD
4be19c20-d937-43f0-b50d-b9c41c107102,2026-01-13 12:08:23,Esok Sekolah,CustomItem,Items,3,Completed,,,3.00000,USD,Positive,GOAT,,,9.00000,USD
f210b609-04af-43b4-a0d9-779735f248c5,2026-01-13 12:07:59,Esok Sekolah,CustomItem,Items,1,Completed,,,3.00000,USD,Positive,Good price,,,3.00000,USD
8589142f-8be8-420a-af02-c3b12475ab6b,2026-01-13 11:51:10,Esok Sekolah,CustomItem,Items,1,Completed,,,3.00000,USD,Positive,As described,,,3.00000,USD
14b11738-5550-4545-869e-dabb0d6c0914,2026-01-13 11:02:53,Cursed Los 67 258.7m/s | s13,CustomItem,Items,1,Completed,,,12.00000,USD,Positive,Good communication,,,12.00000,USD
0de5a1d9-8e7b-4bce-8f2f-99a729c44c68,2026-01-13 10:23:15,Esok Sekolah,CustomItem,Items,2,Completed,,,3.00000,USD,Positive,GGWP!,,,6.00000,USD
6f127fe5-b0d9-46b3-8ae4-84a567b2e387,2026-01-13 09:55:39,Esok Sekolah,CustomItem,Items,3,Completed,,,3.00000,USD,Positive,Fast delivery,,,9.00000,USD
169f0955-1267-44ef-8f73-0b71eacd5dd4,2026-01-13 08:13:51,Esok Sekolah,CustomItem,Items,1,Completed,,,3.00000,USD,Positive,"good and fast thanks bro wil be back ",,,3.00000,USD
30112345-a8e9-474e-b58d-4409d122d540,2026-01-13 07:28:33,Gold Tang Tang Keletang 209.3m/s - x,CustomItem,Items,1,Completed,,,18.00000,USD,Positive,Helpful and responsive,,,18.00000,USD
556b2e83-742e-4e06-b195-692b08f5077f,2026-01-13 07:00:54,Rainbow Tang Tang Keletang 569.5m/s | s11,CustomItem,Items,1,Completed,,,28.00000,USD,Positive,Extra mile,,,28.00000,USD
e23e70bd-7b93-415a-8c8a-03b9d0c65217,2026-01-13 05:04:24,Yin Yang Los 67 236.2m/s - e,CustomItem,Items,1,Completed,,,12.00000,USD,Positive,GGWP,,,12.00000,USD
fadba38f-6e8c-4911-a6e2-1e6e0392eb56,2026-01-13 05:02:29,Esok Sekolah - s8,CustomItem,Items,1,Completed,,,3.00000,USD,Positive,Good price,,,3.00000,USD
d7f4654c-18a2-4465-88ea-c9041b2c84f6,2026-01-13 04:52:19,Esok Sekolah - s8,CustomItem,Items,1,Completed,,,3.00000,USD,Positive,Helpful and responsive,,,3.00000,USD
6af4dd83-b244-4c3c-b206-e49efcc2d5d1,2026-01-13 04:50:03,Esok Sekolah - s8,CustomItem,Items,1,Completed,,,3.00000,USD,Positive,Good communication,,,3.00000,USD
45ec6929-39f2-4b93-ade4-84367e447cbd,2026-01-13 04:44:43,Esok Sekolah - s8,CustomItem,Items,1,Completed,,,3.00000,USD,Positive,Good communication,,,3.00000,USD
ff9d1516-df30-4ce3-a0dd-cd65440c9ba5,2026-01-13 04:41:33,Esok Sekolah - s8,CustomItem,Items,1,Completed,,,3.00000,USD,Positive,Good communication,,,3.00000,USD
799b4b3e-9134-44fe-93f2-9a33e4d51531,2026-01-13 04:30:59,Esok Sekolah - s8,CustomItem,Items,1,Completed,,,3.00000,USD,Positive,Extra mile,,,3.00000,USD
e4df71d8-0671-40ec-959a-9d0924b72011,2026-01-13 04:24:01,Lavadorito Spinito 225m/s - s21,CustomItem,Items,1,Completed,,,20.00000,USD,Positive,Good price,,,20.00000,USD
597dbc34-9207-44ed-99e3-d91506550f5f,2026-01-13 03:17:58,"Swaggy Bros
320m/s - s24",CustomItem,Items,1,Completed,,,20.00000,USD,Positive,Helpful and responsive,,,20.00000,USD
46589a2a-8701-44f3-ac01-3b64d4dd3975,2026-01-13 02:27:57,Esok Sekolah 90m/s - s8,CustomItem,Items,2,Completed,,,3.50000,USD,Positive,GG,,,7.00000,USD
836a0f6e-c8cd-4e07-9b4d-d2f8f4efc983,2026-01-13 02:23:46,Esok Sekolah 90m/s - s8,CustomItem,Items,1,Canceled,Other,I bought the wrong thing and I wanna get my money back,3.50000,USD,Unrated,,Buyer_Does_Not_Need_It_Anymore,,3.50000,USD
5ce20f84-51cc-4551-8aba-c75d00adc392,2026-01-13 02:19:52,Gold Ketchuru and Musturu 265.6m/s | y,CustomItem,Items,1,Completed,,,18.00000,USD,Positive,Good communication,,,18.00000,USD
4a6c7d88-1acc-47bf-b46a-1c3469f618a5,2026-01-13 02:08:33,Esok Sekolah 90m/s - s8,CustomItem,Items,1,Completed,,,3.50000,USD,Positive,GOAT,,,3.50000,USD
fb8f0e83-8245-4868-9529-688513caf08d,2026-01-13 00:46:11,Esok Sekolah - s8,CustomItem,Items,1,Completed,,,3.00000,USD,Positive,GGWP!,,,3.00000,USD
fc8d2ab4-5541-4539-9c90-51a13f91e97a,2026-01-13 00:36:03,Esok Sekolah - s8,CustomItem,Items,1,Completed,,,3.00000,USD,Positive,GOAT,,,3.00000,USD
850d3016-0a61-4e66-9ea5-a20b810537d7,2026-01-13 00:34:04,Esok Sekolah - s8,CustomItem,Items,1,Completed,,,3.00000,USD,Positive,Extra mile,,,3.00000,USD
6a322471-9dbf-4b22-b5ee-9f1e0bc53a45,2026-01-13 00:25:24,Esok Sekolah - s8,CustomItem,Items,1,Completed,,,3.00000,USD,Positive,Was fast and quick,,,3.00000,USD
a34d4cab-9310-467a-9e1c-2f9eef3919ba,2026-01-13 00:12:04,Esok Sekolah - s8,CustomItem,Items,1,Completed,,,3.00000,USD,Positive,Fast delivery,,,3.00000,USD
ed1f9284-ae66-468a-bc7f-e560af91fca0,2026-01-13 00:10:02,Esok Sekolah - s8,CustomItem,Items,1,Completed,,,3.00000,USD,Positive,Helpful and responsive,,,3.00000,USD
d3552d98-6adf-4dfe-9c68-8221438074b4,2026-01-13 00:02:52,Esok Sekolah - s8,CustomItem,Items,1,Completed,,,3.00000,USD,Positive,GOAT,,,3.00000,USD
a2f79f2d-28f4-4160-ae61-95ff8d67c8c1,2026-01-13 00:01:58,Rainbow Money Money Puggy 210m/s - s3,CustomItem,Items,1,Completed,,,12.00000,USD,Positive,Helpful and responsive,,,12.00000,USD
382df55d-d1bc-482a-aa24-542b885c2e7f,2026-01-13 00:01:54,Esok Sekolah - s8,CustomItem,Items,1,Completed,,,3.00000,USD,Positive,As described,,,3.00000,USD
f3987379-0267-4816-8399-6ab90e57f1ee,2026-01-13 00:00:42,Esok Sekolah - s8,CustomItem,Items,1,Completed,Cannot_Claim_Purchase_Due_To_InGame_Issues,,3.00000,USD,Positive,Good communication,,,3.00000,USD
5e1070e5-5a41-4eea-8767-a59c34601a1f,2026-01-12 23:52:42,Esok Sekolah - s8,CustomItem,Items,1,Completed,,,3.00000,USD,Positive,GGWP!,,,3.00000,USD
a6f32845-cd39-4b83-b7c7-028c845542bf,2026-01-12 23:52:38,Esok Sekolah - s8,CustomItem,Items,1,Completed,,,3.00000,USD,Positive,Fast delivery,,,3.00000,USD
adfaecff-1712-4cd6-9d64-1324eb4488a6,2026-01-12 23:50:44,Esok Sekolah - s8,CustomItem,Items,1,Completed,,,3.00000,USD,Positive,I bought an esok from him he’s very trusted pls buy from him!!,,,3.00000,USD
0d4a9236-040c-4103-a1c6-182f27937256,2026-01-12 23:48:10,Esok Sekolah - s8,CustomItem,Items,1,Completed,,,3.00000,USD,Positive,GGWP!,,,3.00000,USD
76f5fd9c-41b3-4b7b-8886-37f9f1c35588,2026-01-12 23:45:03,Esok Sekolah - s8,CustomItem,Items,1,Completed,,,3.00000,USD,Positive,Good price,,,3.00000,USD
cd063148-68d8-48ce-860f-54aa20237fce,2026-01-12 23:27:15,Esok Sekolah - s8,CustomItem,Items,1,Completed,,,3.00000,USD,Positive,Good communication,,,3.00000,USD
f96eb992-8b32-427c-a1df-4f59fe57f6f2,2026-01-12 23:26:38,Esok Sekolah - s8,CustomItem,Items,1,Completed,,,3.00000,USD,Positive,GGWP,,,3.00000,USD
4bf08b37-d022-4aea-a75f-8211d91dd627,2026-01-12 23:22:29,Esok Sekolah - s8,CustomItem,Items,1,Completed,,,3.00000,USD,Positive,GGWP!,,,3.00000,USD
5122497c-731d-4485-813a-4d5eaf69aff4,2026-01-12 17:28:55,Esok Sekolah,CustomItem,Items,1,Completed,,,3.00000,USD,Positive,Good price,,,3.00000,USD
411d1417-8c6d-4928-8cf5-a2b33107bcd2,2026-01-12 16:35:50,Los Candies 138m/s - s21,CustomItem,Items,1,Completed,,,7.00000,USD,Positive,As described,,,7.00000,USD
b4fdac89-48d0-47ea-94c6-189a22096474,2026-01-12 16:27:36,Esok Sekolah,CustomItem,Items,1,Completed,,,3.00000,USD,Positive,Fast delivery,,,3.00000,USD
0c8d9191-d220-4326-9eaf-cc347dcc4004,2026-01-12 16:19:45,Esok Sekolah,CustomItem,Items,1,Completed,,,3.00000,USD,Positive,Good communication,,,3.00000,USD
b4ec2f6e-866e-4277-bb0f-5f758986af34,2026-01-12 16:03:02,Esok Sekolah,CustomItem,Items,1,Completed,Seller_Delivered_But_Order_Not_Received,pls refund,3.00000,USD,Positive,"best  seller i got my order
",,,3.00000,USD
9ad00a9e-41d8-4336-9abf-40d4e1c568f0,2026-01-12 15:27:10,Los Candies 299m/s | s13,CustomItem,Items,1,Completed,,,13.00000,USD,Positive,Fast delivery,,,13.00000,USD
8ec15435-aa5f-45ce-b747-aac11608114d,2026-01-12 15:19:37,Los 67 Gold 298.1m/s | s30,CustomItem,Items,1,Completed,,,13.00000,USD,Positive,GGWP!,,,13.00000,USD
74f5d5c1-3767-4753-8654-f7f6f12458a1,2026-01-12 14:30:56,Esok Sekolah,CustomItem,Items,1,Completed,,,3.00000,USD,Positive,GOAT,,,3.00000,USD
0b35dac2-2e72-4217-91ed-617a05036d1f,2026-01-12 13:46:01,Esok Sekolah,CustomItem,Items,1,Completed,,,3.00000,USD,Positive,Extra mile,,,3.00000,USD
d51b1623-6a48-43c7-8e3f-1d45e17dc351,2026-01-12 13:45:32,"Eviledon
283.5m/s - s12",CustomItem,Items,1,Completed,,,20.00000,USD,Positive,Helpful and responsive,,,20.00000,USD
d8277b3a-2773-4a4f-827a-f307fef57243,2026-01-12 13:43:32,Esok Sekolah,CustomItem,Items,1,Completed,,,3.00000,USD,Positive,GOAT,,,3.00000,USD
87087a36-767a-400a-95fa-163112cd9e6c,2026-01-12 13:43:00,Esok Sekolah,CustomItem,Items,1,Completed,,,3.00000,USD,Positive,As described,,,3.00000,USD
d0175857-9fe5-447d-82b2-cc70be2ee4b0,2026-01-12 13:26:53,Esok Sekolah,CustomItem,Items,1,Completed,,,3.00000,USD,Positive,GOAT,,,3.00000,USD
5d0733bd-673e-4bc7-adf8-2630bf121607,2026-01-12 13:26:20,Esok Sekolah,CustomItem,Items,1,Completed,,,3.00000,USD,Positive,Good communication,,,3.00000,USD
4d97cd24-071d-4f97-ad31-b595dca0b838,2026-01-12 13:08:28,Esok Sekolah,CustomItem,Items,1,Completed,,,3.00000,USD,Positive,GGWP!,,,3.00000,USD
c9441cae-e3ba-4bd7-8c6c-601aaf83a174,2026-01-12 12:52:07,Esok Sekolah,CustomItem,Items,1,Completed,,,3.00000,USD,Positive,Fast delivery,,,3.00000,USD
cb6ddb66-59de-4723-baa7-f0fd10a7f2a4,2026-01-12 12:44:58,Esok Sekolah,CustomItem,Items,1,Completed,,,3.00000,USD,Positive,Fast delivery,,,3.00000,USD
8ce8e004-af44-49f2-9a00-c30a70ee3b39,2026-01-12 12:36:10,Ketchuru and Musturu 382.5m/s - s20,CustomItem,Items,1,Completed,,,25.00000,USD,Positive,"I had bad internet but he was patient and tried to help me and very wuick delivery time ",,,25.00000,USD
5d7b75cf-b9c7-4a69-bd8d-7a5680947596,2026-01-12 12:24:58,Esok Sekolah,CustomItem,Items,1,Completed,,,3.00000,USD,Positive,GGWP!,,,3.00000,USD
962e6da8-3747-4feb-a61b-bc6df336902e,2026-01-12 12:15:19,Esok Sekolah,CustomItem,Items,1,Completed,,,3.00000,USD,Positive,GGWP!,,,3.00000,USD
8e219010-2763-428d-ba0b-d36722c3ae31,2026-01-12 12:12:59,"Diamond
Chimino
175m/s - way",CustomItem,Items,1,Completed,,,7.00000,USD,Positive,Extra mile,,,7.00000,USD
3ec16718-30dd-45fd-b6b4-5299bcde535d,2026-01-12 12:09:34,Esok Sekolah,CustomItem,Items,1,Completed,,,3.00000,USD,Positive,"good person ",,,3.00000,USD
e64d1762-29ce-4ac1-8c30-7bfb6c60df2b,2026-01-12 11:31:34,"Los Candies
138m/s - 29",CustomItem,Items,1,Completed,,,4.00000,USD,Positive,"Great thx ",,,4.00000,USD
92504bd4-1be1-4f16-b741-646c207af942,2026-01-12 11:01:46,"Los Candies
138m/s - 29",CustomItem,Items,1,Completed,,,4.00000,USD,Positive,Good price,,,4.00000,USD
51b1f15c-b9cd-419b-bdb2-65d03b19be6c,2026-01-12 10:58:42,Esok Sekolah,CustomItem,Items,1,Completed,,,3.00000,USD,Positive,Helpful and responsive,,,3.00000,USD
c93395e4-d8e1-47f7-954a-0cb8e65eb6a0,2026-01-12 10:45:33,Esok Sekolah,CustomItem,Items,1,Completed,,,3.00000,USD,Positive,Legit trader,,,3.00000,USD
1286e819-3f01-4802-9a56-e6fb4a9a2c80,2026-01-12 05:05:24,"Rainbow
Chimino
182m/s - s12",CustomItem,Items,1,Completed,,,9.00000,USD,Positive,GGWP,,,9.00000,USD
35b99950-e408-4bac-a7ec-0af9789518f9,2026-01-12 03:22:52,Ketchuru and Musturu 297.5m/s - s21,CustomItem,Items,1,Completed,,,20.00000,USD,Positive,GGWP!,,,20.00000,USD
0e8751e2-ce90-43c0-a5e5-ea871ebe1661,2026-01-12 02:52:58,Swaggy Bros 240m/s - s18,CustomItem,Items,1,Completed,,,20.00000,USD,Positive,GOAT,,,20.00000,USD
03f93815-de8e-4932-885f-b74da5182327,2026-01-12 02:20:42,Esok Sekolah - s8,CustomItem,Items,1,Completed,,,3.00000,USD,Positive,GGWP!,,,3.00000,USD
daa7477c-bd54-49f4-859e-0122d429619d,2026-01-12 01:47:05,Rainbow Chimino 238m/s | s,CustomItem,Items,1,Completed,,,10.00000,USD,Positive,Good communication,,,10.00000,USD
ebb293b5-b3a5-4338-b486-f214219d82ac,2026-01-12 01:28:44,Lava Los Candies 138m/s -s12,CustomItem,Items,1,Completed,,,7.00000,USD,Positive,GGWP,,,7.00000,USD
6648399b-035e-4a8c-9ece-efda3d4feede,2026-01-12 01:10:53,Chicleteira Noelteira 210m/s -s20,CustomItem,Items,1,Completed,,,10.00000,USD,Positive,Good communication,,,10.00000,USD
5527fe45-10fc-4097-a4b6-bc7243ab0449,2026-01-12 00:38:07,Cursed Los 67 202.5m/s - s20,CustomItem,Items,1,Completed,,,10.00000,USD,Positive,Fast delivery,,,10.00000,USD
76498e67-c2cf-40fd-984e-5db6a2ec7f59,2026-01-11 17:13:29,"Los Candies
253m/s - s7",CustomItem,Items,1,Completed,,,10.00000,USD,Positive,very fast and legitimate,,,10.00000,USD
e7539835-cf29-4907-9f0a-b8f6a4c3c44e,2026-01-11 17:12:05,Esok Sekolah - s8,CustomItem,Items,1,Completed,,,3.00000,USD,Positive,Good price,,,3.00000,USD
2538e123-3350-4ee8-a9fe-a96d685dfed7,2026-01-11 17:08:25,Esok Sekolah - s8,CustomItem,Items,1,Completed,,,3.00000,USD,Positive,GGWP,,,3.00000,USD
c44a410a-6e93-499a-9418-1f4705afccb3,2026-01-11 17:03:29,Esok Sekolah - s8,CustomItem,Items,2,Completed,,,3.00000,USD,Positive,GGWP,,,6.00000,USD
5dd1d2bf-70ef-4f4d-83ef-9624ffeea1f2,2026-01-11 16:51:59,Esok Sekolah - s8,CustomItem,Items,1,Completed,,,3.00000,USD,Positive,Good communication,,,3.00000,USD
820366f4-9433-43f4-b297-59bea4a10085,2026-01-11 16:35:13,Tictac Sahur 346.8m/s | s11,CustomItem,Items,1,Completed,,,18.00000,USD,Positive,Fast delivery,,,18.00000,USD
44d5f19f-f0de-4a0f-9857-4f87194a4d9b,2026-01-11 16:33:35,Eviledon 283.5m/s - s29,CustomItem,Items,1,Completed,,,20.00000,USD,Positive,GGWP!,,,20.00000,USD
bf5f4c59-acf2-4ea6-8097-95f97c558b71,2026-01-11 16:32:48,Lava Tang Tang Keletang 368.5m/s | v,CustomItem,Items,1,Completed,,,18.00000,USD,Positive,He's real,,,18.00000,USD
ae226a54-8b06-4e46-b308-ccfee86d8c3e,2026-01-11 16:32:45,Esok Sekolah - s8,CustomItem,Items,2,Completed,,,3.00000,USD,Positive,Good communication,,,6.00000,USD
4e06fea1-b8c1-4598-8293-2528bcfcddfe,2026-01-11 16:16:02,Esok Sekolah - s8,CustomItem,Items,1,Completed,,,3.00000,USD,Positive,Fast delivery,,,3.00000,USD
c2728101-d449-4b44-9026-d9358556097b,2026-01-11 16:12:15,Esok Sekolah - s8,CustomItem,Items,1,Completed,,,3.00000,USD,Positive,Good price,,,3.00000,USD
815d22a2-5584-44d1-8e73-906003be092a,2026-01-11 16:06:54,Esok Sekolah - s8,CustomItem,Items,1,Completed,,,3.00000,USD,Positive,As described,,,3.00000,USD
4a43e902-34d3-40a1-85b8-75feeb26a61b,2026-01-11 15:56:19,Ketchuru and Musturu Lava 850m/s,CustomItem,Items,1,Completed,,,40.00000,USD,Positive,Was a a really cool experience,,,40.00000,USD
3682f7f5-2954-4936-9346-35ae5f20b336,2026-01-11 15:50:31,Swaggy Bros 360m/s - s23,CustomItem,Items,1,Completed,,,20.00000,USD,Positive,GGWP,,,20.00000,USD
60459a3e-80db-4b23-bb9e-9e65a5b0e0d1,2026-01-11 15:45:58,Esok Sekolah - s8,CustomItem,Items,1,Completed,,,3.00000,USD,Positive,Good price,,,3.00000,USD
fecf15c8-ab71-4c0a-a1e6-b5f5e64d8e0e,2026-01-11 15:25:22,Esok Sekolah - s8,CustomItem,Items,1,Completed,,,3.00000,USD,Positive,Helpful and responsive,,,3.00000,USD
480eacea-ca31-4b7b-a94d-c1ffa452ad15,2026-01-11 15:17:16,Esok Sekolah - s8,CustomItem,Items,1,Completed,,,3.00000,USD,Positive,Helpful and responsive,,,3.00000,USD
c6b6c323-e67f-4b59-9f85-e2b09f2b624c,2026-01-11 15:13:53,"Radioactive Los Combinasionas
187.5m/s - way",CustomItem,Items,1,Completed,,,7.00000,USD,Positive,Helpful and responsive,,,7.00000,USD
a318e216-723a-46f7-a127-c0292eaf4aea,2026-01-11 15:06:22,"cursed Los 67
247.5m/s - s21",CustomItem,Items,1,Completed,,,12.00000,USD,Positive,Extra mile,,,12.00000,USD
32998fe8-855d-4c64-90f7-3ea74fdc4e10,2026-01-11 14:44:11,Esok Sekolah - s8,CustomItem,Items,1,Completed,,,3.00000,USD,Positive,Good price,,,3.00000,USD
531ea111-960d-4c02-84ee-4805035fbf18,2026-01-11 13:22:53,Chicleteira Bicicleteira 210m/s - s24,CustomItem,Items,1,Completed,,,10.00000,USD,Positive,GGWP,,,10.00000,USD
7b8b344c-8aa4-45d5-8f62-8ba652c3b217,2026-01-11 13:11:14,"Galaxy Los 67
292.5m/s - s7",CustomItem,Items,1,Completed,,,12.50000,USD,Positive,Extra mile,,,12.50000,USD
a0fdb68c-a3e7-4735-b823-2f8deecfb066,2026-01-11 13:10:09,"Esok Sekolah
30m/s - s8",CustomItem,Items,1,Completed,,,3.00000,USD,Positive,GOAT,,,3.00000,USD
86c5b49c-5ca2-41f2-8081-262f4d94e8db,2026-01-11 12:57:35,Garama and Madundung 750m/s - way,CustomItem,Items,1,Completed,,,45.00000,USD,Positive,Extra mile,,,45.00000,USD
8fa8421a-af2b-4c5b-b822-17e500be3d1a,2026-01-11 12:56:46,"Esok Sekolah
30m/s - s8",CustomItem,Items,1,Completed,,,3.00000,USD,Positive,Good communication,,,3.00000,USD
d4e0e711-4024-474e-b2b0-e71fa1718967,2026-01-11 12:45:57,"Esok Sekolah
30m/s - s8",CustomItem,Items,1,Completed,,,3.00000,USD,Positive,Good communication,,,3.00000,USD
d918f1d9-f02d-4989-8aa8-deab3c098211,2026-01-11 12:43:48,Gold La Taco Combinasion 288.7m/s - s17,CustomItem,Items,1,Completed,,,19.00000,USD,Positive,Good communication,,,19.00000,USD
357a6065-6bac-4481-9fff-37aed17a85eb,2026-01-11 12:30:30,"Esok Sekolah
30m/s - s8",CustomItem,Items,2,Completed,,,3.00000,USD,Positive,Good communication,,,6.00000,USD
d5dafd1f-ffc5-4e4d-b9ad-23db64d64276,2026-01-11 12:27:09,"Esok Sekolah
30m/s - s8",CustomItem,Items,1,Completed,,,3.00000,USD,Positive,Fast delivery,,,3.00000,USD
e2b6a581-a8fb-4f96-8bf4-7ef6904c1012,2026-01-11 12:22:25,"Esok Sekolah
30m/s - s8",CustomItem,Items,1,Completed,,,3.00000,USD,Positive,"fast ",,,3.00000,USD
12918e80-6d09-40b7-b623-24ab425c3a10,2026-01-11 12:08:35,"Esok Sekolah
30m/s - s8",CustomItem,Items,1,Completed,,,3.00000,USD,Positive,GGWP!,,,3.00000,USD
1fe392a3-b092-477d-a505-6f584ce13b30,2026-01-11 12:07:49,Rainbow La Taco Combinasion 665m/s | y,CustomItem,Items,1,Completed,,,30.00000,USD,Positive,GGWP!,,,30.00000,USD
aa690312-b4af-42ae-bb58-2c9651dd423b,2026-01-11 11:50:13,"Esok Sekolah
30m/s - s8",CustomItem,Items,1,Completed,,,3.00000,USD,Positive,GGWP,,,3.00000,USD
3210c7af-f0e7-4efb-a88d-d888ffaf71ee,2026-01-11 11:48:42,"Esok Sekolah
30m/s - s8",CustomItem,Items,1,Completed,,,3.00000,USD,Positive,W,,,3.00000,USD
8889f450-80c7-4021-a7fe-2731a04f5c2b,2026-01-11 11:45:54,"Esok Sekolah
30m/s - s8",CustomItem,Items,1,Completed,,,3.00000,USD,Positive,GGWP,,,3.00000,USD
47a44043-fd7d-489e-8e91-6ac8f839a613,2026-01-11 11:30:56,"Lava
Los Mobilis
132m/s - s29",CustomItem,Items,1,Completed,,,4.00000,USD,Positive,"Pas de scam ",,,4.00000,USD
23c7d5a3-d5f0-4679-b5f6-77f08e481f1a,2026-01-11 11:29:30,"Esok Sekolah
30m/s - s8",CustomItem,Items,1,Completed,,,3.00000,USD,Positive,"It was good ",,,3.00000,USD
ea98034d-bd04-427e-a491-b8fc7182d88a,2026-01-11 10:32:16,Tictac Sahur 187.5m/s - s29,CustomItem,Items,1,Completed,,,15.00000,USD,Positive,GGWP,,,15.00000,USD
78e1170f-d596-40a4-bed9-4b187b66c2e1,2026-01-11 09:50:15,"Esok Sekolah
30m/s - s8",CustomItem,Items,1,Completed,,,3.00000,USD,Positive,Fast delivery,,,3.00000,USD
a83692a9-f96b-404f-8c6c-a567d8dcd1d6,2026-01-11 09:37:59,"Esok Sekolah
30m/s - s8",CustomItem,Items,1,Completed,,,3.00000,USD,Positive,As described,,,3.00000,USD
a506fc1e-a49d-4f8b-b858-335f228fad0d,2026-01-11 09:07:12,Cursed Los 67 258.7m/s - s3,CustomItem,Items,1,Completed,,,12.00000,USD,Positive,Good communication,,,12.00000,USD
2592a7aa-d248-4994-b7eb-dfc0ea70af4a,2026-01-11 07:45:50,"Esok Sekolah
30m/s - s8",CustomItem,Items,1,Completed,,,3.50000,USD,Positive,Fast delivery,,,3.50000,USD
27e55c7f-3138-47ce-ae43-d4d05472adaf,2026-01-11 04:19:28,Tang Tang Keletang 184.2m/s - s25,CustomItem,Items,1,Completed,,,15.00000,USD,Positive,Good price,,,15.00000,USD
8d2bbd77-7680-4d87-a629-7221e96ca766,2026-01-11 03:04:15,"Rainbow
Los Combinasionas
225m/s - s12",CustomItem,Items,1,Completed,,,11.00000,USD,Positive,Good communication,,,11.00000,USD
0b897cd3-8a74-404c-95a0-a6d02d5a112a,2026-01-11 01:18:22,Radioactive La Grande Combinasion 145m/s - e,CustomItem,Items,1,Completed,,,7.00000,USD,Positive,GGWP,,,7.00000,USD
39505680-2a4e-4749-9f07-24672e3a80f6,2026-01-11 01:18:16,Ketchuru and Musturu 382.5m/s - s20,CustomItem,Items,1,Completed,,,25.00000,USD,Positive,GGWP!,,,25.00000,USD
4b77cc6e-d5b4-4992-8ecf-240e2c26411c,2026-01-11 01:13:57,Eviledon 157.5m/s | s11,CustomItem,Items,1,Completed,,,10.00000,USD,Positive,GGWP!,,,10.00000,USD
d409e0b3-aae1-4e13-b55d-2b77d9efcdce,2026-01-11 01:04:04,Esok Sekolah 150m/s - s8,CustomItem,Items,1,Completed,,,7.00000,USD,Positive,"Absolutely Amazing, First time orders and not the last!",,,7.00000,USD
fa942d33-0bce-49c5-b183-c03c0787e56e,2026-01-11 00:52:55,"Gold
Los 67
208.1m/s - way",CustomItem,Items,1,Completed,,,9.00000,USD,Positive,Good communication,,,9.00000,USD
47b05b6f-7f89-4cd2-ad30-cf56451822d3,2026-01-11 00:18:55,"Diamond
Chimino
189m/s - s10",CustomItem,Items,1,Completed,,,7.00000,USD,Positive,Helpful and responsive,,,7.00000,USD
f7afa728-d179-4785-9478-d56aecee5b02,2026-01-10 17:34:10,Gold Money Money Puggy 131.2m/s - x,CustomItem,Items,1,Completed,,,11.00000,USD,Positive,Legit !!!!,,,11.00000,USD
171d5746-4a36-4c21-aaa9-5ec87c8c0b6b,2026-01-10 17:28:58,"Eviledon
267.7m/s - s12",CustomItem,Items,1,Completed,,,15.00000,USD,Positive,Fast delivery,,,15.00000,USD
4d3cdc2f-9908-469f-a220-e6ed5b2abcc7,2026-01-10 17:25:18,Mieteteira Bicicleteira 260m/s - s10,CustomItem,Items,1,Completed,,,11.00000,USD,Positive,As described,,,11.00000,USD
66c46fd1-6c2b-4d8e-bca5-4e89e9fb444a,2026-01-10 16:59:27,Tang Tang Keletang 376.8m/s -s12,CustomItem,Items,1,Completed,,,25.00000,USD,Positive,Legit !,,,25.00000,USD
37cd60da-9983-4a9c-8166-ba9707ff51b6,2026-01-10 16:38:03,Tictac Sahur 300m/s - s29,CustomItem,Items,1,Completed,,,25.00000,USD,Positive,Good communication,,,25.00000,USD
a4c5f6bb-39c5-4544-8e26-18c9200cd743,2026-01-10 16:35:53,"Galaxy
Chicleteira Noelteira
255m/s - s21",CustomItem,Items,1,Completed,,,12.00000,USD,Positive,GGWP,,,12.00000,USD
dfaf2ed8-7995-4144-bb48-f03e4950eeec,2026-01-10 16:28:38,Rainbow Chimnino 140m/s - e,CustomItem,Items,1,Completed,,,8.00000,USD,Positive,GGWP,,,8.00000,USD
0384ad04-abd0-48f5-8498-82d2bd341142,2026-01-10 16:27:37,"Esok Sekolah
30m/s - s8",CustomItem,Items,1,Completed,,,3.50000,USD,Positive,Thanks for not scamming,,,3.50000,USD
97e62444-3d8f-4867-850d-d6c47bbc2dd6,2026-01-10 15:59:21,Diamond Ketupat Kepat 367.5m/s | y,CustomItem,Items,1,Completed,,,20.00000,USD,Positive,Good communication,,,20.00000,USD
c29e4c29-e901-493c-a3eb-4afd10ede10b,2026-01-10 15:24:06,Rainbow La Grande Combinasion 120m/s | v,CustomItem,Items,1,Completed,,,8.00000,USD,Positive,GGWP,,,8.00000,USD
83f02617-0c08-400f-bea5-ccdce7be97dc,2026-01-10 14:16:58,Los 67 Galaxy 157.5m/s | y,CustomItem,Items,1,Completed,,,6.00000,USD,Positive,GGWP,,,6.00000,USD
ffe54d79-3db5-4db5-8dcb-74f0706bd2bc,2026-01-10 14:12:19,Cursed Los 67 202.5m/s - x,CustomItem,Items,1,Completed,,,10.00000,USD,Positive,Helpful and responsive,,,10.00000,USD
1e63af37-b925-489c-91c2-7b2a8f8ee800,2026-01-10 14:10:56,"Yin-Yang Chimino
105m/s - s7",CustomItem,Items,1,Completed,,,3.00000,USD,Positive,Good communication,,,3.00000,USD
11c8f299-848b-4aa5-937b-0f5227fd3034,2026-01-10 13:26:37,"Cursed Los 67
315m/s - s29",CustomItem,Items,1,Completed,,,15.00000,USD,Positive,GOAT,,,15.00000,USD
d9f565e1-b034-48db-996f-c0f5dfeee169,2026-01-10 13:11:37,Los Puggies Yin Yang 225m/s | s13,CustomItem,Items,1,Completed,,,14.00000,USD,Positive,Extra mile,,,14.00000,USD
96e8ab90-1b3d-4eac-ba1a-fe01ca555ca2,2026-01-10 13:00:16,Los 25 Radioactive 245m/s | y,CustomItem,Items,1,Completed,,,10.00000,USD,Positive,GOAT,,,10.00000,USD
215ca2e3-b98d-48ed-96f6-1d9466c55687,2026-01-10 11:35:07,Eviledon 283.5m/s -s20,CustomItem,Items,1,Completed,,,20.00000,USD,Positive,Good communication,,,20.00000,USD
8a097bb4-667a-48e5-90d0-38c46cfdc69d,2026-01-10 11:15:03,Mieteteira Bicicleteira 156m/s | y,CustomItem,Items,1,Completed,,,7.00000,USD,Positive,As described,,,7.00000,USD
0e7e9be3-0f4c-48fa-baad-b7a0671f0b7e,2026-01-10 11:00:15,Rainbow Ketupat Kepat 560m/s | v,CustomItem,Items,1,Completed,Seller_Delivered_But_Order_Not_Received,,30.00000,USD,Positive,GOAT,,,30.00000,USD
c27157ae-7761-4625-b59b-114dbb7e6942,2026-01-10 10:59:53,Cursed Los 67 382.5m/s - e,CustomItem,Items,1,Completed,,,17.00000,USD,Positive,GOAT,,,17.00000,USD
72d8325c-4d02-4865-a0dd-391727909129,2026-01-10 10:28:53,"Chicleteira Noelteira
195m/s - s7",CustomItem,Items,1,Completed,,,7.50000,USD,Positive,Extra mile,,,7.50000,USD
5bf83dca-49db-46a4-816b-64efcf023945,2026-01-10 10:10:18,Los 25 Radioactive 205m/s | y,CustomItem,Items,1,Completed,,,7.00000,USD,Positive,Fast delivery,,,7.00000,USD
461ff4c9-60cb-4875-8321-e4f2009d867f,2026-01-10 09:44:21,Candy Money Money Puggy 336m/s | y,CustomItem,Items,1,Completed,,,17.00000,USD,Positive,Toll,,,17.00000,USD
7eeda344-0c4b-43d8-9df5-c1714ef683be,2026-01-10 09:43:28,Los 25 Radioactive 205m/s | y,CustomItem,Items,1,Completed,,,7.00000,USD,Positive,Fast delivery,,,7.00000,USD
2e9c6094-1d5d-4f17-8335-609abb6bf42b,2026-01-10 04:25:03,Esok Sekolah 150m/s - s8,CustomItem,Items,1,Completed,,,7.00000,USD,Positive,As described,,,7.00000,USD
44ac22fd-203c-4392-b4b8-3db442cfeef3,2026-01-10 04:20:48,Gold Swaggy Bros 410m/s - x,CustomItem,Items,1,Completed,,,22.00000,USD,Positive,"Good thing I’m happy join in 1 minute not a scammer ",,,22.00000,USD
a7f1c3b7-51de-49f8-b1fd-c0fbae441bba,2026-01-10 04:05:00,Swaggy Bros 240m/s - s24,CustomItem,Items,1,Completed,,,15.00000,USD,Positive,Good communication,,,15.00000,USD
f99bae83-c1ab-419b-990d-10e9b860cab3,2026-01-10 03:30:52,Los 25 Diamond 205m/s -s21,CustomItem,Items,1,Completed,,,10.00000,USD,Positive,Great!,,,10.00000,USD
4729ca03-7165-4672-9276-3d37a3372a83,2026-01-10 03:07:36,Diamond Nuclearo Dinossauro 240m/s - x,CustomItem,Items,1,Completed,,,15.00000,USD,Positive,Fast delivery,,,15.00000,USD
05235d12-cb6f-46ee-bb7d-f3b8b32e7978,2026-01-10 02:58:26,"Candy Los Mobilis
88m/s - s7",CustomItem,Items,1,Completed,,,2.50000,USD,Positive,GGWP!,,,2.50000,USD
a8645d6f-7d4a-40a8-87e7-1cd0430ca271,2026-01-10 02:49:48,"Money Money Puggy
189m/s - s7",CustomItem,Items,1,Completed,,,10.00000,USD,Positive,GOAT,,,10.00000,USD
1fc01133-a041-41dc-abbb-31ac832eab29,2026-01-10 01:10:53,Galaxy Los 67 495m/s - e,CustomItem,Items,1,Completed,,,20.00000,USD,Positive,Good no scammer but slow so he insultes me,,,20.00000,USD
a43e14ce-d196-476f-9347-010c7d60f62c,2026-01-09 15:11:17,"Diamond
Chimino 189m/s - s7",CustomItem,Items,1,Completed,,,7.00000,USD,Positive,Good price,,,7.00000,USD
0e275e75-49b9-4fe0-8b11-384cd9df944b,2026-01-09 14:21:42,Money Money Puggy 178.5m/s -s21,CustomItem,Items,1,Completed,,,10.00000,USD,Positive,Good communication,,,10.00000,USD
61631761-66e3-479a-816f-8fec91d9b01e,2026-01-09 13:38:52,Cursed Los 67 360m/s - x,CustomItem,Items,1,Completed,,,18.00000,USD,Positive,GGWP,,,18.00000,USD
23b17cee-604d-4f1b-96b9-65b614140cea,2026-01-09 12:57:04,Esok Sekolah 30m/s - s8,CustomItem,Items,1,Completed,,,3.50000,USD,Positive,"very fast everything good ",,,3.50000,USD
7954e323-2a04-4a0b-8334-56ecc6ab38cb,2026-01-09 11:38:38,Esok Sekolah 30m/s - s8,CustomItem,Items,1,Completed,,,3.50000,USD,Positive,GGWP,,,3.50000,USD
6f40dd93-05d6-47a1-accb-e85634408e12,2026-01-09 10:29:41,Esok Sekolah 30m/s - s8,CustomItem,Items,1,Completed,,,3.50000,USD,Positive,GOAT,,,3.50000,USD
dd0821b6-c878-4f11-9eea-c935e1bd331d,2026-01-09 10:11:41,Money Money Puggy 283.5m/s | v,CustomItem,Items,1,Completed,,,15.00000,USD,Positive,Quick Delivery,,,15.00000,USD
deac253c-eeb0-4da5-a88e-da575b5af2bc,2026-01-09 09:39:59,La Ginger Sekolah  225m/s -s10,CustomItem,Items,1,Completed,,,10.00000,USD,Positive,Good communication,,,10.00000,USD
cf2875f8-8e93-492a-8258-9d3136886e44,2026-01-09 07:19:35,Nuclearo Dinossauro 135m/s - s12,CustomItem,Items,1,Completed,,,15.00000,USD,Positive,"Excellent ",,,15.00000,USD
613a99d9-d3c1-4ac3-98db-c756998d3887,2026-01-09 04:30:17,Los Candies 253m/s -s24,CustomItem,Items,1,Completed,,,12.00000,USD,Positive,"Very easy to work with ",,,12.00000,USD
69efdf53-305f-4fd8-840b-85c567eb5632,2026-01-09 04:24:35,Los Candies 253m/s -s24,CustomItem,Items,1,Completed,,,12.00000,USD,Positive,Extra mile,,,12.00000,USD
e0818e7e-c718-451a-8b0c-6931151a848c,2026-01-09 01:25:44,Ketchuru and Musturu 212.5m/s - e,CustomItem,Items,1,Completed,,,15.00000,USD,Positive,Extra mile,,,15.00000,USD
c5ca692c-99ef-49ad-806d-3bd79ad17bbf,2026-01-09 00:25:21,Nuclearo Dinossauro 195m/s | v,CustomItem,Items,1,Completed,,,17.00000,USD,Positive,Fast delivery,,,17.00000,USD
0c906761-d457-415d-b52f-5cc406c80001,2026-01-08 16:15:29,Rainbow La Grande Combinasion 130m/s - e,CustomItem,Items,1,Completed,,,6.00000,USD,Positive,Good communication,,,6.00000,USD
a85f7cb2-474d-4311-9d95-ef4113f7ca4c,2026-01-08 15:29:22,Money Money Puggy 168m/s - s17,CustomItem,Items,1,Completed,,,14.00000,USD,Positive,Good price,,,14.00000,USD
1138aad3-ce4a-45b7-9e90-aaedf7353179,2026-01-08 15:20:57,Los Combinasionas 322.5m/s | s30,CustomItem,Items,1,Completed,,,13.00000,USD,Positive,Extra mile,,,13.00000,USD
0f468a8a-b660-4e49-92cf-6eaf55a2bbef,2026-01-08 13:55:17,Money Money Reindeer 200m/s - s7,CustomItem,Items,1,Completed,,,10.00000,USD,Positive,GGWP,,,10.00000,USD
5cff7c46-e2db-427d-aa72-f398459cd064,2026-01-08 13:15:07,"Swaggy Bros
440m/s - way",CustomItem,Items,1,Completed,,,20.00000,USD,Positive,GOAT,,,20.00000,USD
f4ca881a-b50d-4f48-ada7-b0ed5677e6f7,2026-01-08 12:45:52,"Swaggy Bros
440m/s - way",CustomItem,Items,1,Completed,,,20.00000,USD,Positive,Extra mile,,,20.00000,USD
02b518ec-ae9b-4d14-ba12-91e3158f22b2,2026-01-08 11:56:51,"Gold Los 25
152.5m/s - s20",CustomItem,Items,1,Completed,,,7.00000,USD,Positive,GGWP,,,7.00000,USD
117692cc-ecf0-4acf-b7a9-f189f7d4ec4b,2026-01-08 11:08:27,Esok Sekolah 30m/s - s8,CustomItem,Items,1,Completed,,,3.50000,USD,Positive,Fast delivery,,,3.50000,USD
9ad2a70c-12fe-4e98-a1ce-9a88adcd314d,2026-01-08 11:02:18,Esok Sekolah 30m/s - s8,CustomItem,Items,1,Completed,,,3.50000,USD,Positive,Recommended seller,,,3.50000,USD
1196d692-9cfd-4f5f-95ec-70f739c5c441,2026-01-08 07:23:24,Esok Sekolah 30m/s - s8,CustomItem,Items,1,Completed,,,3.50000,USD,Positive,"Amazing and really quick to! Couldn’t join by link sadly but added and joined and took straight away, good price too!",,,3.50000,USD
6046b997-fe94-478e-aab8-f8a626edd93e,2026-01-08 07:21:30,Esok Sekolah 30m/s - s8,CustomItem,Items,1,Completed,,,3.50000,USD,Positive,GGWP,,,3.50000,USD
a7ccd70e-1ea1-4239-8361-1bbc58df905a,2026-01-08 04:50:30,Money Money Puggy 241.5m/s | y,CustomItem,Items,1,Completed,,,13.00000,USD,Positive,Good price,,,13.00000,USD
44fbd037-deef-4dc9-bbab-7fba37f67d7c,2026-01-08 04:25:24,"Eviledon
189m/s - s29",CustomItem,Items,1,Completed,,,15.00000,USD,Positive,Quick easy polite,,,15.00000,USD
6ed15c7e-75b2-44ad-8e6c-4a5a31c7c37a,2026-01-08 04:24:09,Diamond Chimnino 217m/s - s24,CustomItem,Items,1,Completed,,,10.00000,USD,Positive,You don’t know how happy I am I got scammed for my last chimnino and I’m so happy rn,,,10.00000,USD
f2b70d92-f83e-497a-8684-0948fd090fcb,2026-01-08 03:47:33,Esok Sekolah 30m/s - s8,CustomItem,Items,1,Completed,,,3.50000,USD,Positive,GOAT,,,3.50000,USD
5d15dff6-5d64-4c11-8952-3ef8c7c9cf27,2026-01-08 03:36:54,"Galaxy
Nuclearo Dinossauro
165m/s - way",CustomItem,Items,1,Completed,,,10.00000,USD,Positive,Extra mile,,,10.00000,USD
46972dbf-47a4-4678-8640-254c6d675925,2026-01-08 02:45:48,Cursed Los 67 315m/s - x,CustomItem,Items,1,Completed,,,15.00000,USD,Positive,GGWP,,,15.00000,USD
86dad9ae-6f59-4d8b-babd-fd1464fca0fc,2026-01-08 02:30:49,tuff toucan 201.5m/s - s29,CustomItem,Items,1,Completed,,,15.00000,USD,Positive,Helpful and responsive,,,15.00000,USD
5faad19c-b312-4a26-8df2-61aa946f477c,2026-01-08 01:55:51,"Candy
Los Mobilis 198m/s - way",CustomItem,Items,1,Completed,,,8.00000,USD,Positive,As described,,,8.00000,USD
e315d6fc-85e7-4920-8b68-183d1cb9061d,2026-01-08 00:39:18,Los Candies 253m/s -s12,CustomItem,Items,1,Completed,,,12.00000,USD,Positive,GGWP!,,,12.00000,USD
87cb2fc7-6c56-4899-805d-ec0a0934ebec,2026-01-07 16:56:33,Tang Tang Keletang 201m/s - x,CustomItem,Items,1,Completed,,,18.00000,USD,Positive,Good price,,,18.00000,USD
7268dd67-4f3b-4c52-8d33-c22ba9a89aaf,2026-01-07 16:37:00,Money Money Puggy 131.2m/s | v,CustomItem,Items,1,Completed,,,7.00000,USD,Positive,Good price,,,7.00000,USD
cd148736-d337-44ed-be1d-941eea61bcc4,2026-01-07 15:54:41,"Los Combinasionas
157.5m/s - way",CustomItem,Items,1,Completed,,,7.00000,USD,Positive,Fast delivery,,,7.00000,USD
f8ef3779-9156-425d-9b08-6190531b89a0,2026-01-07 15:10:26,Gold La Taco Combinasion 358.7m/s - s3,CustomItem,Items,1,Completed,,,20.00000,USD,Positive,Good communication,,,20.00000,USD
3b714bc0-2460-4769-9bd5-b812ffdbf260,2026-01-07 14:41:22,Tang Tang Keletang 402m/s | y,CustomItem,Items,1,Completed,,,20.00000,USD,Positive,Fast delivery,,,20.00000,USD
c16491c1-c256-427e-bba4-276a86332aa1,2026-01-07 13:07:45,Los 67 382.5m/s | snd,CustomItem,Items,1,Completed,,,17.00000,USD,Positive,Good price,,,17.00000,USD
a9c779d0-2bc6-41ab-a7d4-39e0d605be80,2026-01-07 12:34:01,"Spaghetti Tualetti
300m/s - s10",CustomItem,Items,1,Completed,,,12.00000,USD,Positive,"merci
",,,12.00000,USD
705a82ea-9df9-4cd2-b8be-fc6193c3ab85,2026-01-07 10:33:23,Dolhinita Pisang,CustomItem,Items,1,Canceled,,,0.50000,USD,Unrated,,Out_Of_Stock,,0.50000,USD
d5eaca76-5644-47c9-b34a-c6f01fe4a430,2026-01-07 10:08:43,Esok Sekolah 150m/s - s8,CustomItem,Items,1,Completed,,,7.00000,USD,Positive,Helpful and responsive,,,7.00000,USD
69e01387-87ad-40fb-a665-d011548a2ef7,2026-01-07 09:13:30,Mieteteira Bicicleteira 429m/s - e,CustomItem,Items,1,Completed,,,10.00000,USD,Positive,Fast delivery,,,10.00000,USD
9ab15a27-4f07-4415-a3ba-36c03a4b1ab6,2026-01-07 08:32:56,"Chimino
168m/s - s7",CustomItem,Items,1,Completed,,,8.00000,USD,Positive,Good price,,,8.00000,USD
29c5f8a0-5ecd-4d04-833f-f970d5c610d3,2026-01-07 06:44:36,Los Candies 207m/s - s3,CustomItem,Items,1,Completed,,,10.00000,USD,Positive,GGWP!,,,10.00000,USD
90ea74cb-9093-4f12-b941-cc81b295f65d,2026-01-07 04:23:48,Dolhinita Pisang,CustomItem,Items,1,Completed,,,0.50000,USD,Positive,"Fast, recommended !!! ",,,0.50000,USD
9a03e2e7-30a4-4099-a410-4b761b79e7db,2026-01-07 03:54:44,Los 67 247.5m/s - e,CustomItem,Items,1,Completed,,,13.00000,USD,Positive,"Quick polite and good price 10/10 totally recommend ",,,13.00000,USD
1c64f2cf-d593-495d-b042-92b9edb84536,2026-01-07 03:49:44,Esok Sekolah 150m/s - s8,CustomItem,Items,1,Canceled,,,7.00000,USD,Unrated,,Other,buyer being rude and dont want the brainrot,7.00000,USD
3367b004-45cd-4610-8c47-12feb5a1df71,2026-01-07 02:53:40,Cursed Chimino 196m/s | s30,CustomItem,Items,1,Completed,,,7.00000,USD,Positive,GGWP!,,,7.00000,USD
8a4c9ae6-cdda-470b-823e-52b047951dec,2026-01-07 01:50:39,La Ginger Sekolah 375m/s -way,CustomItem,Items,1,Completed,,,18.00000,USD,Positive,Extra mile,,,18.00000,USD
df3c2542-8bb4-422b-b421-f143828f767d,2026-01-07 00:38:38,Money Money Puggy 215.2m/s | v,CustomItem,Items,1,Completed,,,13.00000,USD,Positive,GOAT,,,13.00000,USD
04d1d10f-d14d-4e8e-938c-3119ad9ea25a,2026-01-06 23:34:12,"Candy
Los 67
157.5m/s - s10",CustomItem,Items,1,Completed,,,5.00000,USD,Positive,very fast,,,5.00000,USD
beb16926-6ca0-403a-8c0b-d7055601319d,2026-01-06 16:47:56,Chicleteira Noelteira 165m/s -s10,CustomItem,Items,1,Completed,,,6.00000,USD,Positive,GGWP!,,,6.00000,USD
e2ef5a28-416f-466b-983c-3b74760280c1,2026-01-06 16:23:23,"Gold
Chimino
241.5m/s - way",CustomItem,Items,1,Completed,,,10.00000,USD,Positive,Good communication,,,10.00000,USD
a2179e1c-1367-4d04-a8e9-2daac4914c3e,2026-01-06 16:16:59,Esok Sekolah 390m/s | s13,CustomItem,Items,1,Completed,,,17.00000,USD,Positive,GGWP,,,17.00000,USD
73c795b7-135d-4f92-8e97-21a5a392949c,2026-01-06 15:45:43,La Taco Combinasion 428.7m/s | s11,CustomItem,Items,1,Completed,,,20.00000,USD,Positive,Fast delivery,,,20.00000,USD
868d9931-4957-43cd-af40-de4381425bd5,2026-01-06 13:37:14,Los Candies 138m/s -s21,CustomItem,Items,1,Completed,,,7.00000,USD,Positive,GGWP,,,7.00000,USD
36529ddd-37e9-4c52-83bc-452277e65c34,2026-01-06 13:27:57,Mieteteira Bicicleteira 260m/s - s24,CustomItem,Items,1,Completed,,,13.00000,USD,Positive,GGWP!,,,13.00000,USD
71292905-f47b-48a6-97d6-adee9f4e4679,2026-01-06 12:33:01,Los 25 Gold 152.5m/s | snd,CustomItem,Items,1,Completed,,,7.00000,USD,Positive,As described,,,7.00000,USD
65df4659-d847-4674-8b36-4ac1826c8df1,2026-01-06 12:15:26,tuff toucan 156m/s - s20,CustomItem,Items,1,Completed,,,10.00000,USD,Positive,"Super quick only took like 4 mins ",,,10.00000,USD
d933524c-71b1-48d5-b330-3854b3ac072c,2026-01-06 12:04:12,Eviledon 283.5m/s - e,CustomItem,Items,1,Completed,,,20.00000,USD,Positive,Helpful and responsive,,,20.00000,USD
469accaa-de1a-41b1-830f-8299937a25c0,2026-01-06 11:59:26,"Los 67
180m/s - way",CustomItem,Items,1,Completed,,,7.00000,USD,Positive,GOAT,,,7.00000,USD
df64873e-be14-4d43-a819-1f4ed130c145,2026-01-06 11:51:25,"Los Candies
253m/s - s7",CustomItem,Items,1,Completed,,,10.00000,USD,Positive,"Quick and easy ",,,10.00000,USD
4089f15c-4b45-40f7-b1cc-148aa00f07f0,2026-01-06 11:51:09,Lava Chicleteira Noelteira 420m/s | s11,CustomItem,Items,1,Completed,,,15.00000,USD,Positive,GGWP!,,,15.00000,USD
d71725d5-fbe9-456e-a361-3220fe6d0407,2026-01-06 10:44:22,Swaggy Bros 200m/s - s24,CustomItem,Items,1,Completed,,,15.00000,USD,Positive,GGWP,,,15.00000,USD
353f586e-4685-487d-9176-cbef2b543aa9,2026-01-06 10:42:15,Los 67 270m/s - s10,CustomItem,Items,1,Completed,,,11.00000,USD,Positive,Good price,,,11.00000,USD
5f66af2a-cf15-45c6-b2d0-6956455353e0,2026-01-06 09:26:49,"La Ginger Sekolah
750m/s - s7",CustomItem,Items,1,Completed,,,35.00000,USD,Positive,GOAT,,,35.00000,USD
7236ea4e-73e7-4828-a286-2e67d95026a5,2026-01-06 09:14:40,tuff toucan 234m/s - s21,CustomItem,Items,1,Completed,,,15.00000,USD,Positive,GOAT,,,15.00000,USD
507865ab-4bd1-4322-9c02-d8a56e706d41,2026-01-06 07:56:20,Lavadorito Spinito 315m/s - s21,CustomItem,Items,1,Completed,,,25.00000,USD,Positive,GGWP!,,,25.00000,USD
315f6156-d07f-4e22-b481-7c46863328e0,2026-01-06 07:43:35,Money Money Puggy 173.2m/s | s11,CustomItem,Items,1,Completed,,,10.00000,USD,Positive,Fast delivery,,,10.00000,USD
71725500-83e3-4ec5-a468-299abca9191b,2026-01-06 06:04:41,"Yin-Yang
Los Mobilis 165m/s - s7",CustomItem,Items,1,Completed,,,6.00000,USD,Positive,GOAT,,,6.00000,USD
1a09d9a8-73e3-4ae3-8dab-0d2fac27095f,2026-01-06 05:10:59,Los Candies 207m/s - s7,CustomItem,Items,1,Completed,,,8.00000,USD,Positive,Extra mile,,,8.00000,USD
c2c07f51-3ed4-4992-9022-f3c7f134a845,2026-01-06 04:46:18,Candy Los Puggies 375m/s - s25,CustomItem,Items,1,Completed,,,20.00000,USD,Positive,As described,,,20.00000,USD
527f4811-ddbd-47e5-a53b-b7f7d6230cd1,2026-01-06 04:33:21,Ketupat Kepat 175m/s - s29,CustomItem,Items,1,Completed,,,15.00000,USD,Positive,Good communication,,,15.00000,USD
28828aee-f8ae-48ad-bceb-684e1340cffe,2026-01-06 04:00:32,Gold Nuclearo Dinossauro 123.7m/s | v,CustomItem,Items,1,Completed,,,12.00000,USD,Positive,Helpful and responsive,,,12.00000,USD
c1dc2c46-363e-41f2-96a3-8bd515d4a28c,2026-01-06 03:18:18,"La Taco Combinasion
280m/s - s21",CustomItem,Items,1,Completed,,,15.00000,USD,Positive,GOAT,,,15.00000,USD
4c7ad6d3-ca65-4b7e-ade5-695068891b3a,2026-01-06 03:14:45,Rainbow La Spooky Grande 367.5m/s | y,CustomItem,Items,1,Completed,,,20.00000,USD,Positive,fast n trusted,,,20.00000,USD
43bfa0de-27ac-4b0a-b439-99f92950e0fc,2026-01-06 02:39:03,"Gold
La Taco Combinasion 113.7m/s - s29",CustomItem,Items,1,Completed,,,10.00000,USD,Positive,"the best highly recommended ",,,10.00000,USD
f2a14a47-cb3d-413c-9a16-f6d793776f61,2026-01-06 02:24:39,"Candy
W or L
120m/s - s12",CustomItem,Items,1,Completed,,,15.00000,USD,Positive,Extra mile,,,15.00000,USD
fba320d3-4d01-484f-aec9-8cd4fab5934a,2026-01-06 01:24:40,tuff toucan 286m/s - s21,CustomItem,Items,1,Completed,,,15.00000,USD,Positive,GOAT,,,15.00000,USD
379b378a-704e-4d1f-bfcc-9062403f1edb,2026-01-06 01:21:25,tuff toucan 286m/s - s21,CustomItem,Items,1,Completed,,,15.00000,USD,Positive,GGWP,,,15.00000,USD
7d37175b-a80b-4831-a368-045a0f433436,2026-01-06 01:05:46,tuff toucan 286m/s - s21,CustomItem,Items,1,Completed,,,15.00000,USD,Positive,Fast delivery,,,15.00000,USD
c6464cc7-9fd6-45ed-8f26-10345ea43192,2026-01-06 01:05:03,Noobini Gold,CustomItem,Items,1,Completed,,,0.50000,USD,Positive,FAST,,,0.50000,USD
52ee558d-fc0c-45b0-a0b0-419056b9fdd1,2026-01-05 17:47:36,Eviledon 189m/s - e,CustomItem,Items,1,Completed,,,15.00000,USD,Positive,Good price,,,15.00000,USD
3d5cb666-967c-4f81-b821-73916c6df4f7,2026-01-05 17:46:02,Esok Sekolah 150m/s - s8,CustomItem,Items,1,Completed,,,7.00000,USD,Positive,GOAT,,,7.00000,USD
95b3212e-babf-40c9-8ace-4be2ce6edd3c,2026-01-05 17:22:28,Chimino 238m/s | s30,CustomItem,Items,1,Completed,,,10.00000,USD,Positive,Good price,,,10.00000,USD
b5bcd728-68be-4147-942f-c64352fcaa09,2026-01-05 17:07:43,Los Mobilis Yin Yang 275m/s -way,CustomItem,Items,1,Completed,,,13.00000,USD,Positive,GGWP!,,,13.00000,USD
12d15320-7e10-4bcf-8ab3-c256ce4f853d,2026-01-05 16:23:24,La Jolly Grande Diamond 465m/s | s11,CustomItem,Items,1,Completed,,,22.00000,USD,Positive,GOAT,,,22.00000,USD
42869475-0372-4a66-a3fc-a2f4e31540f7,2026-01-05 15:51:50,Tictac Sahur 112.5m/s - s29,CustomItem,Items,1,Completed,,,10.00000,USD,Positive,Good price,,,10.00000,USD
f69f6b43-3e89-4b78-b181-a5103edc2cfd,2026-01-05 15:50:38,La Taco Combinasion 210m/s - s29,CustomItem,Items,1,Completed,,,15.00000,USD,Positive,Good communication,,,15.00000,USD
a289f3bc-dbe3-437b-af57-801dee864a08,2026-01-05 15:46:45,Gold Money Money Puggy 236.2m/s - s22,CustomItem,Items,1,Completed,,,17.00000,USD,Positive,Helpful and responsive,,,17.00000,USD
32bf6700-3844-4536-9df1-f93817aad8e3,2026-01-05 15:32:57,Lava Money money Puggy 231m/s | v,CustomItem,Items,1,Completed,,,13.00000,USD,Positive,Extra mile,,,13.00000,USD
fb9330f2-1a34-4a5f-b374-9037937dfa50,2026-01-05 15:15:50,Ketchuru and Musturu 340m/s - s29,CustomItem,Items,1,Completed,,,25.00000,USD,Positive,Extra mile,,,25.00000,USD
675ceabb-dc07-4e12-a416-041ebc4d55b7,2026-01-05 15:11:58,"Los Combinasionas
105m/s - s7",CustomItem,Items,1,Completed,,,5.00000,USD,Positive,GG,,,5.00000,USD
72ea59c9-1463-4cdf-a642-0304b91c9497,2026-01-05 14:43:22,Los Puggies 180m/s - s3,CustomItem,Items,1,Completed,,,13.00000,USD,Positive,GOAT,,,13.00000,USD
7749b033-8c05-42f5-8961-a27f06f14fae,2026-01-05 13:54:45,Los Mobilis YY 165m/s | s30,CustomItem,Items,1,Completed,,,8.00000,USD,Positive,Helpful and responsive,,,8.00000,USD
d939194c-b74e-4b1d-a05d-79264f4bce0f,2026-01-05 12:41:58,"Swaggy Bros
360m/s - s29",CustomItem,Items,1,Completed,,,20.00000,USD,Positive,Amazing.,,,20.00000,USD
832923f7-e6bb-4833-aa5a-135efe1e7b1f,2026-01-05 12:40:41,Tric Trac 2k,CustomItem,Items,1,Completed,,,0.50000,USD,Positive,"THE BEST SELLER EVER, SO FAST 😎😎",,,0.50000,USD
2710f6ca-c204-4834-a892-96eaef61c3e1,2026-01-05 04:51:49,"Esok Sekolah
120m/s - s8",CustomItem,Items,1,Completed,,,6.00000,USD,Positive,GOAT,,,6.00000,USD
92eb5955-49cf-4b3e-801b-f11f2dd726d5,2026-01-05 04:48:10,"Esok Sekolah
120m/s - s8",CustomItem,Items,1,Completed,,,6.00000,USD,Positive,"Great seller
",,,6.00000,USD
1bbd552a-cd14-4040-8fd7-ded51b4bdc98,2026-01-05 04:39:47,Los 67 225m/s - e,CustomItem,Items,1,Completed,,,11.00000,USD,Positive,GOAT,,,11.00000,USD
a9145991-d6d6-4b3d-bba3-c26486748e6f,2026-01-05 04:36:00,Cursed Los burritos 212.5m/s - s7,CustomItem,Items,1,Completed,,,10.00000,USD,Positive,As described,,,10.00000,USD
08da3ec2-cb56-4836-878c-dc6cb5dd4479,2026-01-05 04:28:13,"Esok Sekolah
120m/s - s8",CustomItem,Items,1,Completed,,,6.00000,USD,Positive,"Amazing super nice and fast
",,,6.00000,USD
98ffec59-5477-42f3-b940-7bd8034dea67,2026-01-05 04:27:56,"Esok Sekolah
120m/s - s8",CustomItem,Items,1,Completed,,,6.00000,USD,Positive,Extra mile,,,6.00000,USD
00014bc5-7a10-4a62-9818-2e8bfb5313a5,2026-01-05 04:11:30,Los Mobilis Yin Yang 275m/s | v,CustomItem,Items,1,Completed,,,12.00000,USD,Positive,Good communication,,,12.00000,USD
252b28fe-2a2a-4cbd-9266-e7239df142bc,2026-01-05 03:52:08,"Gold
Tang Tang Keletang 14.2m/s - s21",CustomItem,Items,1,Completed,,,10.00000,USD,Positive,"GGWP!
",,,10.00000,USD
646bbab3-640a-4987-84d7-e089f48aeb2c,2026-01-05 03:32:43,Money Money Puggy 210m/s | s11,CustomItem,Items,1,Completed,,,13.00000,USD,Positive,GGWP!,,,13.00000,USD
1e9d417d-2891-41ae-bf4a-e8c67ed451bc,2026-01-05 03:25:00,Los Candies 253m/s - s7,CustomItem,Items,1,Completed,,,12.00000,USD,Positive,"Good ",,,12.00000,USD
c4361b92-363c-4f6b-a585-79cc71c5aa7d,2026-01-05 03:17:06,Eviledon 315m/s | y,CustomItem,Items,1,Completed,,,21.00000,USD,Positive,As described,,,21.00000,USD
54f5b1a8-b396-4e60-a5d6-ef4ffb79239c,2026-01-05 02:56:06,Cursed Los Burritos 175.5m/s - s7,CustomItem,Items,1,Completed,,,8.00000,USD,Positive,GGWP!,,,8.00000,USD
a3c0340e-e32d-474f-8cc5-45ed5540a82b,2026-01-05 02:54:45,Los Candies 253m/s - s7,CustomItem,Items,1,Completed,,,12.00000,USD,Positive,Helpful and responsive,,,12.00000,USD
0d163a65-aa80-45bd-b367-59f818313e40,2026-01-05 02:32:29,Gold Nuclearo Dinossauro 108.7m/s - e,CustomItem,Items,1,Completed,,,11.00000,USD,Positive,Amazing took one minute legit and nice,,,11.00000,USD
24a760ac-62b6-4eff-9b18-db75e62d668d,2026-01-05 02:21:40,Esok Sekolah 30m/s - s8,CustomItem,Items,1,Completed,,,3.50000,USD,Positive,Easy and fast,,,3.50000,USD
7ee15ca2-027d-4974-984a-ae0b65fc6016,2026-01-05 01:55:34,Cursed La Grande Combinasion 80m/s | snd,CustomItem,Items,1,Completed,,,7.00000,USD,Positive,Good price,,,7.00000,USD
2a02ea85-3ca6-4866-be5f-ac4fbfde60eb,2026-01-05 01:42:23,Swaggy Bros 440m/s | s13,CustomItem,Items,1,Completed,,,20.00000,USD,Positive,Good communication,,,20.00000,USD
ef942e97-69c8-47f8-bf2e-239ef8e6e0fb,2026-01-05 01:41:22,Ketupat Kepat 192.5m/s - e,CustomItem,Items,1,Completed,,,17.00000,USD,Positive,As described,,,17.00000,USD
9be20f70-b5bb-4c90-900c-b8dcb45805c4,2026-01-05 01:11:13,La Taco Combinasion 350m/s - x,CustomItem,Items,1,Completed,,,20.00000,USD,Positive,"good service very fast delivery ",,,20.00000,USD
dbadb80c-9c2b-40bd-9b26-cb0f8a82747a,2026-01-05 00:59:59,"Garama and Madundung
300m/s - way",CustomItem,Items,1,Completed,,,35.00000,USD,Positive,GGWP,,,35.00000,USD
49ae8d53-a4a6-459f-928f-3ba54a9dd793,2026-01-05 00:44:53,Cursed Los Burritos 204m/s - s21,CustomItem,Items,1,Completed,,,10.00000,USD,Positive,"Great experience with the seller I would recommend him to everyone ",,,10.00000,USD
9b44a70b-0002-4977-8186-c1efe7751410,2026-01-05 00:20:08,Chimino Rainbow 210m/s | v,CustomItem,Items,1,Completed,,,10.00000,USD,Positive,GOAT,,,10.00000,USD
b69f2d99-5ef1-4250-bd7f-e83ca319aff4,2026-01-04 23:59:25,Cursed Los 67 202.5m/s - e,CustomItem,Items,1,Completed,,,10.00000,USD,Positive,Good communication,,,10.00000,USD
0a3c2703-5325-4430-a147-3aa5422706ce,2026-01-04 16:58:53,"Eviledon
189m/s - way",CustomItem,Items,1,Completed,,,15.00000,USD,Positive,GGWP,,,15.00000,USD
e55e55b4-478c-41c7-9c4e-99bde51f5dca,2026-01-04 16:57:11,Tuff toucan 383.5m/s - s12,CustomItem,Items,1,Completed,,,20.00000,USD,Positive,Very trusted,,,20.00000,USD
5660f87d-c144-46bf-a780-5b3bddc22cc4,2026-01-04 16:51:00,Ketchuru and Musturu 510m/s | y,CustomItem,Items,1,Completed,,,30.00000,USD,Positive,Good price,,,30.00000,USD
429f91a7-b292-4c4c-abbc-67b6a3f52c59,2026-01-04 16:42:50,Los Combinasionas Galaxy 270m/s | s30,CustomItem,Items,1,Completed,,,13.00000,USD,Positive,GGWP,,,13.00000,USD
7181323e-bcc5-487d-8808-478a5eac9dda,2026-01-04 16:37:22,Tuff Toucan 377m/s - s12,CustomItem,Items,1,Completed,,,20.00000,USD,Positive,As described,,,20.00000,USD
1f2a3b2d-67be-4035-b6f9-e29d1d744827,2026-01-04 16:05:37,La Ginger Sekolah 562.5m/s | s11,CustomItem,Items,1,Completed,,,25.00000,USD,Positive,As described,,,25.00000,USD
07e5c07d-b7c4-455e-baf4-35736613b0d0,2026-01-04 15:58:20,"Lava
Los Mobilis
242m/s - s21",CustomItem,Items,1,Completed,,,12.00000,USD,Positive,Extra mile,,,12.00000,USD
66f8cdd2-4237-4101-a532-9258c7be53e7,2026-01-04 15:54:35,Lavadorito Spinito 270m/s | y,CustomItem,Items,1,Completed,,,18.00000,USD,Positive,"This is very trusted ",,,18.00000,USD
5b44d712-276c-4b51-b61c-1a83fc91cdad,2026-01-04 15:50:49,Galaxy Los 25 150m/s - s24,CustomItem,Items,1,Completed,,,7.00000,USD,Positive,Good communication,,,7.00000,USD
e7a720d1-23fd-45bc-ba37-3aa7b548ba2e,2026-01-04 15:45:33,Chimino Gold 153.5m/s | v,CustomItem,Items,1,Completed,,,7.00000,USD,Positive,"Fast delivery ",,,7.00000,USD
d2afb14d-e9db-418b-b79b-2ac75e6a2cdc,2026-01-04 15:45:14,Los Puggies 240m/s - x,CustomItem,Items,1,Completed,,,16.00000,USD,Positive,Extra mile,,,16.00000,USD
8e6eb0cd-b14d-4e7c-9a3b-b888adea974d,2026-01-04 15:36:44,Eviledon 94.5m/s - s12,CustomItem,Items,1,Completed,,,10.00000,USD,Positive,Fast delivery,,,10.00000,USD
8ff1b78e-5596-42ed-9681-d0856ebf4062,2026-01-04 14:29:39,"Rainbow
Chimino
196m/s - s10",CustomItem,Items,1,Completed,,,9.00000,USD,Positive,W TRADE,,,9.00000,USD
185816a5-7194-44da-bc18-2849f3f48ab6,2026-01-04 14:23:51,Cursed Los Combinasionas 210m/s - s7,CustomItem,Items,1,Completed,,,10.00000,USD,Positive,As described,,,10.00000,USD
88da8fb4-7b28-466c-8838-9434141ebb2a,2026-01-04 14:21:23,"Lava
Los 67
135m/s - s21",CustomItem,Items,1,Completed,,,6.00000,USD,Positive,Good communication,,,6.00000,USD
09a66916-7148-43fb-b4f3-abeb6678e399,2026-01-04 14:13:49,Esok Sekolah 90m/s - s8,CustomItem,Items,5,Completed,,,4.00000,USD,Positive,Good price,,,20.00000,USD
d2c969ab-fd02-4160-99a2-9bc1c8f9960c,2026-01-04 14:08:25,La Taco Combinasion 577.5m/s - x,CustomItem,Items,1,Completed,,,35.00000,USD,Positive,Fast delivery,,,35.00000,USD
90ff80e1-ccb7-4754-87c9-7a7d51b95bb3,2026-01-04 13:54:18,"Candy
Los Combinasionas 285m/s - s10",CustomItem,Items,1,Completed,Item_Not_As_Described,,14.00000,USD,Negative,OOF,,,14.00000,USD
dd84b708-f864-4874-a005-bfe02a4cf302,2026-01-04 13:33:28,"Diamond
Tictac Sahur
243.7m/s - s20",CustomItem,Items,1,Completed,,,20.00000,USD,Positive,Fast delivery,,,20.00000,USD
867c153f-1e06-4898-89d4-754a28fcc567,2026-01-04 13:00:14,La Grande Combinasion 195m/s | s13,CustomItem,Items,1,Completed,,,12.00000,USD,Positive,GGWP!,,,12.00000,USD
b6cf5817-29e4-4d3f-8bc4-31725216637d,2026-01-04 12:53:57,Eviledon 189m/s - s12,CustomItem,Items,1,Completed,,,15.00000,USD,Positive,Helpful and responsive,,,15.00000,USD
61f12fb0-07d5-4fe0-ab97-27b294572831,2026-01-04 12:40:05,Esok Sekolah 90m/s - s8,CustomItem,Items,1,Completed,,,4.00000,USD,Negative,Scammer,,,4.00000,USD
ef66fabb-88b0-459d-ba3e-48376c4c85d0,2026-01-04 12:34:29,Los Candies 253m/s - s3,CustomItem,Items,1,Completed,,,12.00000,USD,Positive,GGWP!,,,12.00000,USD
a9813b92-3e56-42b6-bb40-ae7ab974de0e,2026-01-04 12:10:38,Money Money Puggy 220.5m/s - x,CustomItem,Items,1,Completed,,,15.00000,USD,Positive,Extra mile,,,15.00000,USD
7e11e489-1d63-44dc-adb6-c40be367aac9,2026-01-04 12:08:38,Los 67 270m/s - e,CustomItem,Items,1,Completed,,,15.00000,USD,Positive,Good communication,,,15.00000,USD
f9e388fa-4c30-483b-8eab-255c303b1d09,2026-01-04 11:43:24,Ketupat Kepat 105m/s | y,CustomItem,Items,1,Completed,,,13.00000,USD,Positive,Extra mile,,,13.00000,USD
33efbdc3-abac-43fe-a26b-2255c37de003,2026-01-04 11:31:56,Radioactive Los 67 303.7m/s - 20,CustomItem,Items,1,Completed,,,15.00000,USD,Positive,GOAT,,,15.00000,USD
0d73409b-f387-4c96-bd21-6be3428992ff,2026-01-04 11:26:36,Tuff Toucan 221m/s | y,CustomItem,Items,1,Completed,,,13.00000,USD,Positive,responds quickly and gives in less than 3 minutes,,,13.00000,USD
5c8e079d-7cff-445d-8fef-da76ca85e90c,2026-01-04 11:20:01,Swaggy Bros 240m/s - s24,CustomItem,Items,1,Completed,,,15.00000,USD,Positive,GGWP,,,15.00000,USD
a10f1529-3565-4253-97cd-a7cd0452d562,2026-01-04 11:12:09,La Ginger Sekolah 225m/s - e,CustomItem,Items,1,Completed,,,15.00000,USD,Positive,As described,,,15.00000,USD
78db68c3-7963-43f7-8f40-1ad363605698,2026-01-04 11:11:39,La Taco Combinasion 210m/s | y,CustomItem,Items,1,Completed,,,15.00000,USD,Positive,Extra mile,,,15.00000,USD
d0f62191-cc93-4add-89d5-692606d37467,2026-01-04 10:48:01,Chimino Lava 154m/s -way,CustomItem,Items,1,Completed,,,7.00000,USD,Positive,Extra mile,,,7.00000,USD
51d09005-7352-400c-b67c-5633f6e7e52b,2026-01-04 10:12:36,Los Candies 322m/s -s7,CustomItem,Items,1,Completed,,,16.00000,USD,Positive,Extra mile,,,16.00000,USD
acb7e515-794d-4b0e-9066-ab84b3efd2e9,2026-01-04 08:56:03,Chimino 154m/s | snd,CustomItem,Items,1,Completed,,,7.00000,USD,Positive,Fast delivery,,,7.00000,USD
4c7a83dd-c503-4649-b946-4576b33f12dd,2026-01-04 08:49:30,Los Candies 322m/s | s11,CustomItem,Items,1,Completed,,,15.00000,USD,Positive,Fast and easy,,,15.00000,USD
f5e51468-2cdd-4fbe-9e76-e7331a3fe041,2026-01-04 08:40:12,Money Money Puggy 189m/s - s17,CustomItem,Items,1,Completed,,,15.00000,USD,Positive,Extra mile,,,15.00000,USD
639d1924-caae-49f2-a0a3-b9f9e6d85785,2026-01-04 08:24:56,Tictac Sahur 225m/s - s20,CustomItem,Items,1,Completed,,,20.00000,USD,Positive,"Bet ",,,20.00000,USD
b1839ade-d3d2-469d-a065-fe960df3da2a,2026-01-04 07:31:49,Los 67 270m/s - e,CustomItem,Items,1,Completed,,,14.00000,USD,Negative,OOF,,,14.00000,USD
e83f368c-1313-4886-97aa-4a414ade71da,2026-01-04 07:20:37,Ketchuru and Musturu 276.2m/s | y,CustomItem,Items,1,Completed,,,25.00000,USD,Positive,GGWP,,,25.00000,USD
6ddf339e-66aa-433a-a2b6-959cb58f3b6b,2026-01-04 07:07:41,Money Money Puggy 262.5m/s | v,CustomItem,Items,1,Completed,,,16.00000,USD,Positive,GOAT,,,16.00000,USD
38774980-739a-484c-9ea9-6dfdcebebcbd,2026-01-04 06:35:03,Gold Nuclearo Dinossauro 206.2m/s - x,CustomItem,Items,1,Completed,,,20.00000,USD,Positive,GOAT,,,20.00000,USD
c51dfff6-59e9-4803-9932-c35ebfb59100,2026-01-04 06:30:35,Spaghetti Tualetti 360m/s - s21,CustomItem,Items,1,Completed,,,20.00000,USD,Positive,As described,,,20.00000,USD
223d0a25-0616-4c2d-ad77-b8cf408e4d4c,2026-01-04 06:18:10,Gold Esok Sekolah 97.5m/s - s8,CustomItem,Items,1,Completed,,,5.00000,USD,Positive,GGWP!,,,5.00000,USD
8ba3349a-644b-460e-a6ca-52769bec2da5,2026-01-04 06:15:36,Esok Sekolah 150m/s - s8,CustomItem,Items,1,Completed,,,7.00000,USD,Positive,Good communication,,,7.00000,USD
134309c9-8dc0-4a5d-a974-12d15240ae6a,2026-01-04 06:04:39,Los 67 225m/s - e,CustomItem,Items,1,Completed,,,11.00000,USD,Positive,GGWP,,,11.00000,USD
f57aa878-3f58-4716-82a3-5c12c31f2eea,2026-01-04 05:58:00,La Grande Combinasion 195m/s -s12,CustomItem,Items,1,Completed,,,15.00000,USD,Positive,As described,,,15.00000,USD
72cf54a8-9b46-43c9-be18-5aa93efda9c1,2026-01-04 05:51:07,W or L 120m/s - x,CustomItem,Items,1,Completed,,,12.00000,USD,Positive,GOAT,,,12.00000,USD
5e74d6d4-643e-4f04-bc6e-9eb1c0e5b7a9,2026-01-04 05:50:49,Esok Sekolah 150m/s - s8,CustomItem,Items,1,Completed,,,7.00000,USD,Positive,Good price,,,7.00000,USD
ea64802a-ec6f-4d32-a54c-d4cfe1948c0a,2026-01-04 05:45:51,Mieteteira Bicicleteira 312m/s -s10,CustomItem,Items,1,Completed,,,15.00000,USD,Positive,As described,,,15.00000,USD
b3d6f6c5-f894-4b2a-b027-ae5bb88fc36c,2026-01-04 05:26:00,Esok Sekolah 150m/s - s8,CustomItem,Items,1,Completed,,,7.00000,USD,Positive,As described,,,7.00000,USD
12a0e7e1-c720-4f93-b4ef-581c2b2efae3,2026-01-04 05:13:41,Ketupat Kepat 105m/s - s21,CustomItem,Items,1,Completed,,,10.00000,USD,Positive,GOAT,,,10.00000,USD
63617398-08cd-452e-b9da-d38261316f15,2026-01-04 04:37:04,Los Candies 345m/s - way,CustomItem,Items,1,Completed,,,12.00000,USD,Positive,GGWP!,,,12.00000,USD
3d0242dc-44c3-46d5-a93b-2dd1e31a750e,2026-01-04 04:27:54,Mieteteira Bicicleteira 338m/s - s21,CustomItem,Items,1,Completed,,,16.00000,USD,Positive,GGWP!,,,16.00000,USD
b0beb9f8-06df-40b2-ae3a-791a9cd64568,2026-01-04 04:11:15,Los Mobilis Galaxy 264m/s | snd,CustomItem,Items,1,Completed,,,12.00000,USD,Positive,GGWP!,,,12.00000,USD
967127e3-dfc3-4f4e-b9b5-2c3a82859617,2026-01-04 04:04:16,Rainbow Lavadorito Spinito 450m/s | y,CustomItem,Items,1,Completed,,,30.00000,USD,Positive,Good communication,,,30.00000,USD
494d04cc-e102-49a8-91da-f74500a4b215,2026-01-04 03:58:52,La Jolly Grande 150m/s - s21,CustomItem,Items,1,Completed,,,10.00000,USD,Positive,Thank you W man,,,10.00000,USD
251a2972-a170-4b65-a39d-841660f129ae,2026-01-04 03:48:19,La Ginger Sekolah 450m/s - x,CustomItem,Items,1,Completed,,,25.00000,USD,Positive,Extra mile,,,25.00000,USD
11a113d5-53e9-44d5-ba3d-e1f1aaa26937,2026-01-04 03:45:22,Los 67 Radioactive 191.2m/s | v,CustomItem,Items,1,Completed,,,8.00000,USD,Positive,GOAT,,,8.00000,USD
cc604d39-2c6b-4615-bba3-80cd697182d0,2026-01-04 03:43:39,Rainbow Nuclearo Dinossauro 360m/s | y,CustomItem,Items,1,Completed,,,30.00000,USD,Positive,GGWP!,,,30.00000,USD
fd2e54d5-c570-405c-b24e-9f5255560dca,2026-01-04 03:41:58,Gold La Taco Combinasion 323.7m/s - x,CustomItem,Items,1,Completed,,,20.00000,USD,Positive,Fast delivery,,,20.00000,USD
ebe86cde-6600-473b-a0ac-2dcb1b312dea,2026-01-04 03:28:23,"Gold
Esok Sekolah
37.5m/s - s8",CustomItem,Items,1,Completed,,,3.50000,USD,Positive,GGWP,,,3.50000,USD
f07a10a3-d477-4cba-868c-f28aaff684c9,2026-01-04 03:17:23,Los Puggies 180m/s - s3,CustomItem,Items,1,Completed,,,13.00000,USD,Positive,Fast delivery,,,13.00000,USD
6ffe4fbf-0270-45e8-b2cf-2cdaaad05cdc,2026-01-04 03:11:10,"Los 67
292.5m/s - s7",CustomItem,Items,1,Completed,,,14.00000,USD,Positive,Good communication,,,14.00000,USD
59a1ed87-04ab-4259-a31a-e29f6ec37375,2026-01-04 02:38:22,"Esok Sekolah
120m/s - s8",CustomItem,Items,1,Completed,,,6.00000,USD,Positive,GGWP,,,6.00000,USD
c75595c2-d195-4876-ae79-61ac03ef9615,2026-01-04 02:35:34,Swaggy Bros 190m/s -s20,CustomItem,Items,1,Completed,,,15.00000,USD,Positive,GGWP,,,15.00000,USD
ee97d1d6-9e4d-410e-ac48-6212da2fc4b1,2026-01-04 02:33:21,"Radioactive
Los Combinasionas 202.5m/s - s7",CustomItem,Items,1,Completed,,,10.00000,USD,Positive,GGWP!,,,10.00000,USD
818795e2-2775-4f73-8d7a-82a4f4fbfa59,2026-01-04 02:28:11,Mieteteira Bicicleteira 325m/s -s20,CustomItem,Items,1,Completed,,,16.00000,USD,Positive,Did it with respect,,,16.00000,USD
a70a946b-fbdf-45bf-9fb4-1f934496d8cc,2026-01-04 02:16:12,Yin Yang Los Puggies 225m/s - x,CustomItem,Items,1,Completed,,,15.00000,USD,Positive,GGWP,,,15.00000,USD
352ad6ec-624f-44e0-ad8b-213f36c6b94c,2026-01-04 01:34:17,Spaghetti Tualetti 300m/s - s18,CustomItem,Items,1,Completed,,,20.00000,USD,Positive,"He is not a scammer ",,,20.00000,USD
9085e744-65a9-4e15-b919-e40705cacc56,2026-01-04 01:30:14,Money Money Puggy 378m/s | y,CustomItem,Items,1,Completed,,,23.00000,USD,Positive,Helpful and responsive,,,23.00000,USD
e96d8e59-a207-4870-8cd2-474ffb39f426,2026-01-04 01:27:50,Diamond Nuclearo Dinossauro 127.5m/s - s24,CustomItem,Items,1,Completed,,,15.00000,USD,Positive,GGWP!,,,15.00000,USD
450e2e89-71e2-43ce-9bad-a100cfe321da,2026-01-04 01:25:43,Gold Burguro and Fryuro 937.5m/s | y,CustomItem,Items,1,Completed,,,55.00000,USD,Positive,Helpful and responsive,,,55.00000,USD
bf34fdee-3318-40e5-b3e9-e66ec5d624e6,2026-01-04 01:21:54,Esok Sekolah 150m/s - s8,CustomItem,Items,1,Completed,,,7.00000,USD,Positive,Fast delivery,,,7.00000,USD
9d46c576-dbeb-4f3e-a9e4-bfa9d3bdd207,2026-01-04 00:59:44,cursed Chimino 168m/s - s7,CustomItem,Items,1,Completed,,,8.00000,USD,Positive,Fast and nice,,,8.00000,USD
45a155cf-2ec4-49eb-88c7-af8bd052f900,2026-01-04 00:59:03,"cursed Los 25
155m/s - s7",CustomItem,Items,1,Completed,,,7.00000,USD,Positive,fast delivery,,,7.00000,USD
1bd2393d-380d-47a0-97b4-7909503c24e6,2026-01-04 00:55:52,"cursed Los 67
202.5m/s - way",CustomItem,Items,1,Completed,,,10.00000,USD,Positive,GGWP!,,,10.00000,USD
77309c42-cb3d-455d-bf00-57f86f8a1d34,2026-01-04 00:53:28,Los Candies Radioactive 310.5m/s | s13,CustomItem,Items,1,Completed,,,13.00000,USD,Positive,Good communication,,,13.00000,USD
3c547f96-3666-457b-b973-d9995c795779,2026-01-03 16:53:12,Ketupat Kepat 122.5m/s - s3,CustomItem,Items,1,Completed,,,15.00000,USD,Positive,Fast delivery,,,15.00000,USD
6c9f4d6f-3a7e-4abc-b452-860f82f970fd,2026-01-03 16:52:59,Los Mobilis Galaxy 264m/s | snd,CustomItem,Items,1,Completed,,,12.00000,USD,Positive,Fast delivery,,,12.00000,USD
85e7f164-5d9a-4d25-95fc-de91aa924f4e,2026-01-03 16:06:15,Los 67 Rainbow 360m/s -s12,CustomItem,Items,1,Completed,,,18.00000,USD,Positive,GGWP,,,18.00000,USD
ca4858ed-dc26-4cb1-b0c5-59d1011c98a1,2026-01-03 16:05:00,Ketchuru and Musturu 350.2m/s | y,CustomItem,Items,1,Completed,,,27.00000,USD,Positive,Helpful and responsive,,,27.00000,USD
636f1974-498a-49ad-92a5-b6637a17aaf3,2026-01-03 15:38:51,Swaggy Bros 600m/s -way,CustomItem,Items,1,Completed,,,35.00000,USD,Positive,Helpful and responsive,,,35.00000,USD
c3cca55d-4580-450c-b2bf-0ae537f32303,2026-01-03 15:34:49,Chicleteira Noelteira 150m/s -s20,CustomItem,Items,1,Completed,,,8.00000,USD,Positive,Good price,,,8.00000,USD
6b1bc4ef-925f-460d-ab5f-42ccfd4eacc2,2026-01-03 15:32:35,Nuclearo Dinossauro 180m/s | v,CustomItem,Items,1,Completed,,,15.00000,USD,Positive,GGWP,,,15.00000,USD
7d73fe24-25d8-4925-b1fd-39b5561bafd0,2026-01-03 15:09:21,Gold Chimnino 185.5m/s - s10,CustomItem,Items,1,Completed,,,9.00000,USD,Positive,"5 stars 10/10 order recieved instantly
",,,9.00000,USD
8587432c-7430-4b93-8b46-6da111c461ca,2026-01-03 15:04:31,Swaggy Bros 600m/s | s13,CustomItem,Items,1,Completed,,,30.00000,USD,Positive,GOAT,,,30.00000,USD
af481906-bc43-4bf1-8c02-c25220145279,2026-01-03 15:01:49,Rainbow Los Mobilis 220m/s | y,CustomItem,Items,1,Completed,,,11.00000,USD,Positive,Helpful and responsive,,,11.00000,USD
bb22321e-0408-4db1-ae85-1667634fcddd,2026-01-03 14:52:43,Los Combinasionas 165m/s -s7,CustomItem,Items,1,Completed,,,8.00000,USD,Positive,Helpful and responsive,,,8.00000,USD
8b3bd91e-c7a6-408d-8cbf-66ae06c25e43,2026-01-03 14:51:18,Esok Sekolah 30m/s - s8,CustomItem,Items,2,Completed,,,3.50000,USD,Positive,Good communication,,,7.00000,USD
a73f1830-842e-4622-b70c-d51777f0c395,2026-01-03 14:41:57,Cooki and Milki 1.1B/s | y,CustomItem,Items,1,Completed,,,60.00000,USD,Positive,GGWP!,,,60.00000,USD
3f07da53-820f-43aa-b9b9-b413801c8efe,2026-01-03 14:23:57,Esok Sekolah 30m/s - s8,CustomItem,Items,1,Completed,,,3.50000,USD,Positive,GGWP,,,3.50000,USD
429679c8-e8bf-4669-89e7-94bb9a651ed5,2026-01-03 14:13:24,Diamond La Ginger Sekolah 112.5m/s - s20,CustomItem,Items,1,Completed,,,10.00000,USD,Positive,"Very trusted and legit ",,,10.00000,USD
ecbcdc12-c9e8-4e65-92c3-64e4ef18b1b0,2026-01-03 13:58:36,Orcaledon 320m/s - s25,CustomItem,Items,1,Completed,,,20.00000,USD,Positive,He was great,,,20.00000,USD
10d49ffa-8f83-4669-a543-8ea1bb8c90a0,2026-01-03 13:53:15,Mieteteira Bicicleteira 455m/s -s7,CustomItem,Items,1,Completed,,,22.00000,USD,Positive,Helpful and responsive,,,22.00000,USD
6381fdf7-cb3d-4f9f-b21b-06dc2ee24a3f,2026-01-03 13:52:29,Tang Tang Keletang 368.5m/s -s12,CustomItem,Items,1,Completed,,,25.00000,USD,Positive,Fast delivery,,,25.00000,USD
0e288027-653e-4551-9b07-4dae5678e42f,2026-01-03 13:29:34,Eviledon 283.5m/s - x,CustomItem,Items,1,Completed,,,20.00000,USD,Positive,thanks!!!,,,20.00000,USD
f270ea82-c2c2-4d41-b6d2-0adbd0236e06,2026-01-03 13:29:22,Los 67 315m/s | snd,CustomItem,Items,1,Completed,,,15.00000,USD,Positive,Helpful and responsive,,,15.00000,USD
c7d30922-74ba-4803-af16-3075d0c667af,2026-01-03 13:12:12,Galaxy Los 67 157.5m/s - s24,CustomItem,Items,1,Completed,,,7.00000,USD,Positive,As described,,,7.00000,USD
be56ad04-befd-424e-9923-9369a030427a,2026-01-03 12:57:03,Los Candies 138m/s -s7,CustomItem,Items,1,Completed,,,7.00000,USD,Positive,Helpful and responsive,,,7.00000,USD
b6bb024c-7bb5-45d3-a74e-4f5c7e1b012e,2026-01-03 12:46:44,Chimino 280m/s - s21,CustomItem,Items,1,Completed,,,14.00000,USD,Positive,Helpful and responsive,,,14.00000,USD
8e008a77-853e-448f-a86d-65178df5734d,2026-01-03 11:53:19,Ketupat Kepat 175m/s - e,CustomItem,Items,1,Completed,,,15.00000,USD,Positive,As described,,,15.00000,USD
f1f0cdce-aa8f-4837-9b7b-4f13d2b31e96,2026-01-03 11:12:57,Esok Sekolah 30m/s - s8,CustomItem,Items,2,Completed,,,3.50000,USD,Positive,Helpful and responsive,,,7.00000,USD
5a9cf9a5-d390-4584-9d8e-e6d21f9a3fea,2026-01-03 11:02:03,Eviledon 220.5m/s - x,CustomItem,Items,1,Completed,,,17.00000,USD,Positive,Helpful and responsive,,,17.00000,USD
bfae68ca-7b50-45d3-8951-3cddd95fdeb7,2026-01-03 10:51:33,Los Candies 253m/s -s7,CustomItem,Items,1,Completed,,,12.00000,USD,Positive,Extra mile,,,12.00000,USD
575ab775-7125-4b12-930d-05e50449cdf6,2026-01-03 10:37:35,Chimino 196m/s -s20,CustomItem,Items,1,Completed,,,9.00000,USD,Positive,accurate! LEGIT,,,9.00000,USD
daed73ab-569d-473d-805e-17cc0aaf2a82,2026-01-03 10:18:49,Los 67 157.5m/s - e,CustomItem,Items,1,Completed,,,8.00000,USD,Positive,GGWP! super legit not a bot dead ah doe,,,8.00000,USD
d7f8f567-ebd8-4f3e-b6d8-6fb2e423bc87,2026-01-03 10:15:17,Esok Sekolah 390m/s | v,CustomItem,Items,1,Completed,,,17.00000,USD,Positive,Fast delivery,,,17.00000,USD
20304717-4d53-4aba-85b1-d20b11f01e3f,2026-01-03 09:23:35,Diamond La Spoky Grande 183.7m/s - s3,CustomItem,Items,1,Completed,,,15.00000,USD,Positive,Very fast,,,15.00000,USD
7cf2ff50-0c82-4b2c-872b-afe6bc53adfb,2026-01-03 08:58:29,Los 67 Candy 225m/s | snd,CustomItem,Items,1,Completed,,,10.00000,USD,Positive,Good price,,,10.00000,USD
d38a21b6-3b6d-4734-8278-48a4d72626c2,2026-01-03 08:07:54,Ketupat Kepat 210m/s | v,CustomItem,Items,1,Completed,,,15.00000,USD,Positive,very fast,,,15.00000,USD
ef39314b-a2e5-44f3-afab-d64cc2b7fbb8,2026-01-03 08:02:13,Los 67 Rainbow 292.5m/s | s13,CustomItem,Items,1,Completed,,,15.00000,USD,Positive,Fast delivery,,,15.00000,USD
ce6e011b-cb7d-478c-aa56-94d0254b44cf,2026-01-03 07:32:48,Chimino 196m/s -s12,CustomItem,Items,1,Completed,,,9.00000,USD,Positive,As described,,,9.00000,USD
bc22b803-f649-46ff-b734-021c35090fa2,2026-01-03 06:39:03,Esok Sekolah 375m/s - s22,CustomItem,Items,1,Completed,,,13.00000,USD,Positive,"Trusted and awesome person ",,,13.00000,USD
a1f0b0fd-1b06-48df-b1b1-2f3296397632,2026-01-03 06:25:22,Los 25 150m/s -s12,CustomItem,Items,1,Completed,,,7.00000,USD,Positive,Helpful and responsive,,,7.00000,USD
ef9e1143-2f42-415a-a365-0cb6389799d4,2026-01-03 06:23:05,Mieteteira Bicicleteira 351m/s | y,CustomItem,Items,1,Completed,,,15.00000,USD,Positive,Good communication,,,15.00000,USD
11c28c87-acf4-4701-91a2-0f64dbbc8fcb,2026-01-03 06:12:42,Ketchuru and Musturu 340m/s | y,CustomItem,Items,1,Completed,,,25.00000,USD,Positive,GGWP,,,25.00000,USD
408cab5f-545d-4db7-b2a2-2d38362dc7e8,2026-01-03 05:52:29,Tang Tang Keletang 201m/s - x,CustomItem,Items,1,Completed,,,18.00000,USD,Positive,Good price,,,18.00000,USD
c3c8cabe-1432-460b-a322-c294f46a0789,2026-01-03 05:50:53,La Taco Combinasion 350m/s - way,CustomItem,Items,1,Completed,,,20.00000,USD,Positive,Seller was fast and was easy to communicate with,,,20.00000,USD
e1647a5f-5241-4dd3-a459-b129b444dd6f,2026-01-03 05:37:39,Esok Sekolah 300m/s -s8,CustomItem,Items,1,Completed,,,15.00000,USD,Positive,Goated,,,15.00000,USD
ba3eb761-5a50-4939-987c-09e9e015282f,2026-01-03 05:05:21,Swaggy Bros 160m/s -s12,CustomItem,Items,1,Completed,,,10.00000,USD,Positive,GOAT,,,10.00000,USD
a79bcc03-ef4f-4f71-8e3c-5ad5fd38ae23,2026-01-03 04:52:34,Esok Sekolah 90m/s - s8,CustomItem,Items,1,Completed,,,4.00000,USD,Positive,Good communication,,,4.00000,USD
b6456993-0f1d-4a8e-857d-6dc8a53271f9,2026-01-03 04:52:33,67 Rainbow 150m/s -s12,CustomItem,Items,1,Completed,,,7.00000,USD,Positive,Good price,,,7.00000,USD
c704edfb-52ae-43c2-84bb-e62739f70d5b,2026-01-03 04:50:05,Eviledon 330.7m/s - x,CustomItem,Items,1,Completed,,,23.00000,USD,Positive,Fast delivery,,,23.00000,USD
84d51100-ddce-4af1-8eea-b862096ce9c1,2026-01-03 04:46:51,Los Combinasionas 112.5m/s -s7,CustomItem,Items,1,Completed,,,5.00000,USD,Positive,Fast delivery,,,5.00000,USD
820482c1-f0e2-4234-81e4-1e7d557c2f8c,2026-01-03 04:45:24,Lava Ketupat Kepat 385m/s | y,CustomItem,Items,1,Completed,,,30.00000,USD,Positive,"fast and legit
",,,30.00000,USD
525507de-6c23-4ef5-ab51-9a6583e703b0,2026-01-03 04:31:03,Esok Sekolah 90m/s - s8,CustomItem,Items,1,Completed,,,4.00000,USD,Positive,Fast,,,4.00000,USD
f207ec84-bef5-4920-9a50-7ed43a994dd2,2026-01-03 04:30:58,Money Money Puggy 231m/s -s12,CustomItem,Items,1,Completed,,,15.00000,USD,Positive,GGWP,,,15.00000,USD
24f2911e-0523-497b-a016-20ef96944724,2026-01-03 04:19:41,Los Mobilis 209m/s | s11,CustomItem,Items,1,Canceled,,,9.00000,USD,Unrated,,Out_Of_Stock,,9.00000,USD
b8e4aa15-2b71-441d-967a-6de8ee88551a,2026-01-03 03:37:16,Lava Los Spooky Combinasionas 320m/s - way,CustomItem,Items,1,Completed,,,16.00000,USD,Positive,"Thanks ",,,16.00000,USD
e05bfc2d-4898-48a7-b203-311100213411,2026-01-03 03:32:16,Los Candies 253m/s -s20,CustomItem,Items,1,Completed,,,12.00000,USD,Positive,Extra mile,,,12.00000,USD
783721ae-caa4-4e30-97d8-d223387a430c,2026-01-03 03:30:41,Los Combinasionas 360m/s -s8,CustomItem,Items,1,Completed,,,18.00000,USD,Positive,GGWP,,,18.00000,USD
95524f3b-6f01-45b4-aa65-a1d673fffa38,2026-01-03 03:27:29,Burguro and Fryuro 825m/s | y,CustomItem,Items,1,Completed,,,50.00000,USD,Positive,Extra mile,,,50.00000,USD
2edf5cdf-2280-42b0-a8a7-9f0562b29212,2026-01-03 03:27:04,"Radioactive
Chicleteira Noelteira
127.5m/s - way",CustomItem,Items,1,Completed,,,6.00000,USD,Positive,Great seller gave me something free!,,,6.00000,USD
cc4cfe34-fc2c-421a-84b3-37401d045d59,2026-01-03 03:13:37,Los Candies 207m/s -s20,CustomItem,Items,1,Completed,,,10.00000,USD,Positive,great and legit,,,10.00000,USD
ac470f92-5bca-4e62-8c25-596f05fbfe22,2026-01-03 02:41:50,Los Puggies 255m/s - s25,CustomItem,Items,1,Completed,,,16.00000,USD,Positive,Good price,,,16.00000,USD
3814b97b-23ed-48db-b19e-5065dbfde732,2026-01-03 02:04:50,Gobblino Uniciclino 206.2m/s | s13,CustomItem,Items,1,Completed,,,10.00000,USD,Positive,GGWP!,,,10.00000,USD
2223fc31-81de-45d1-b89a-d5ebec4e8f87,2026-01-03 01:53:13,Lavadorito Spinito 382.5m/s -s21,CustomItem,Items,1,Completed,,,25.00000,USD,Positive,Helpful and responsive,,,25.00000,USD
981a637e-df19-430a-ad39-b98c76c82c97,2026-01-03 01:46:13,Gold Los 67 112.5m/s - s10,CustomItem,Items,1,Completed,,,5.00000,USD,Positive,Fast delivery,,,5.00000,USD
b671758a-1549-42af-8130-2f27d8a2ca1f,2026-01-03 01:44:34,Galaxy Mieteteira Bicicleteira 182m/s | s13,CustomItem,Items,1,Completed,,,8.00000,USD,Positive,"Very fast ",,,8.00000,USD
7f6c3d70-d21c-447c-9b84-1f8e7168ac04,2026-01-03 00:18:44,Los Mobilis 220m/s | s13,CustomItem,Items,1,Completed,,,10.00000,USD,Positive,Helpful and responsive,,,10.00000,USD
8f8e770e-6129-4d7e-a21d-3a3d75b244a6,2026-01-03 00:16:08,Gold Los 67 253.1m/s- x,CustomItem,Items,1,Completed,,,12.50000,USD,Positive,good,,,12.50000,USD
effc6eab-61e6-41ac-947f-f7af5403b4a7,2026-01-03 00:09:10,La Taco Combinasion 560m/s - x,CustomItem,Items,1,Completed,,,35.00000,USD,Positive,Amazing,,,35.00000,USD
a333f848-de4b-422f-bd98-c2ee88425c1e,2026-01-02 23:14:14,Ketchuru and Musturu 276.2m/s | s13,CustomItem,Items,1,Completed,,,25.00000,USD,Positive,"Very fast!!! Response so fast ",,,25.00000,USD
90d6d159-ca3d-40df-8f83-e1394e0d08de,2026-01-02 22:57:14,La Ginger Sekolah 637.5m/s | s11,CustomItem,Items,1,Completed,,,30.00000,USD,Positive,GGWP!,,,30.00000,USD
3b0ee47b-cb10-4609-a9c4-9f8e4e0873a2,2026-01-02 22:33:57,Lava Los Candies 253m/s - s24,CustomItem,Items,1,Completed,,,12.00000,USD,Positive,Good communication,,,12.00000,USD
09d8065f-cb7a-4806-b9db-c9d5c41e8a1e,2026-01-02 15:20:06,W or L  Diamond 225m/s -s20,CustomItem,Items,1,Completed,Seller_Delivered_But_Order_Not_Received,,20.00000,USD,Positive,GGWP!,,,20.00000,USD
cc315dab-8e95-4091-87e2-ae59af97f735,2026-01-02 15:11:31,Los Candies 322m/s | s13,CustomItem,Items,1,Completed,,,15.00000,USD,Positive,GGWP,,,15.00000,USD
1b4c2e2f-b923-4e9e-b0d0-6f75fd0a4825,2026-01-02 14:58:53,Chicleteira Noelteira 135m/s -s21,CustomItem,Items,1,Completed,,,6.00000,USD,Positive,GGWP!,,,6.00000,USD
5e1f6323-ad0a-401a-b9dd-7d417c1c1011,2026-01-02 14:50:22,Money Money Puggy 126m/s - s17,CustomItem,Items,1,Completed,,,12.00000,USD,Positive,Fast delivery,,,12.00000,USD
b4a2a372-b70b-423e-bf4e-e71625f3f089,2026-01-02 14:48:53,Los Mobilis 220m/s - s21,CustomItem,Items,1,Completed,,,11.00000,USD,Positive,Good communication,,,11.00000,USD
69ae4b4b-e66c-400a-8fa4-00c604065e8f,2026-01-02 14:46:40,Chicleteira Noelteira 225m/s | s11,CustomItem,Items,1,Completed,,,10.00000,USD,Positive,ty next time two,,,10.00000,USD
4c7d3c1b-4bf5-4353-b477-5dccb98319f3,2026-01-02 14:43:55,"Lava
Chicleteira Noelteira 165m/s - s21",CustomItem,Items,1,Completed,,,8.00000,USD,Positive,"So nice
",,,8.00000,USD
d86ee4ee-d27a-4bcf-9d8e-7981f83191d2,2026-01-02 14:24:34,Orcaledon Radioactive 540m/s | v,CustomItem,Items,1,Completed,,,30.00000,USD,Positive,Helpful and responsive,,,30.00000,USD
321deafe-3afa-426e-9f43-e04f1cd51202,2026-01-02 14:24:08,Los Candies 138m/s -s12,CustomItem,Items,1,Completed,,,7.00000,USD,Positive,Helpful and responsive,,,7.00000,USD
0b75a55c-8f8f-48da-8d32-c815a1ab6f90,2026-01-02 14:11:03,Radioactive Los Candies 195.5m/s - s24,CustomItem,Items,1,Completed,,,9.00000,USD,Positive,As described,,,9.00000,USD
f5b56dc8-7fa7-4cc2-b28d-ee7317e5e0ce,2026-01-02 14:03:16,Cooki and Milki 620m/s - way,CustomItem,Items,1,Completed,,,45.00000,USD,Positive,Very good service replies fast.,,,45.00000,USD
e305f312-7bf4-4cf7-906f-0e947d0196b8,2026-01-02 13:40:25,Los Mobilis Yin Yang 187.5m/s | snd,CustomItem,Items,1,Completed,,,9.00000,USD,Positive,GGWP!,,,9.00000,USD
bca86319-353f-4f05-a3f4-34e68d6852f8,2026-01-02 13:04:15,Yin Yang Los 67 292.5m/s - x,CustomItem,Items,1,Completed,,,14.00000,USD,Positive,As described,,,14.00000,USD
cb5e3e78-322f-4e4f-a7c0-8db182c5cb7d,2026-01-02 13:03:07,"Swaggy Bros
800m/s - s10",CustomItem,Items,1,Completed,,,40.00000,USD,Negative,Bro scam me,,,40.00000,USD
aabd65f7-a16c-4302-a2cb-7c23ea0d0253,2026-01-02 12:58:58,"1 DIAMOND SHROOMBINO, SHROOM,",CustomItem,Items,5,Completed,Seller_Delivered_But_Order_Not_Received,"I have lost connection with him and he won’t respond and I would like a full refund ",1.00000,USD,Positive,Fast delivery,,,5.00000,USD
c9e2d416-d98c-4317-a090-b17c14a610e3,2026-01-02 12:57:07,Los 25 140m/s 3 Trait - e,CustomItem,Items,1,Completed,,,8.00000,USD,Positive,Helpful and responsive,,,8.00000,USD
c536ecbb-db83-4c28-952d-e37579640501,2026-01-02 12:38:54,Tang Tang Keletang 268m/s - x,CustomItem,Items,1,Completed,,,18.00000,USD,Positive,GGWP,,,18.00000,USD
473543dd-6d19-4d7b-a3b3-e2c98d963ee2,2026-01-02 12:27:15,W or L  240m/s -way,CustomItem,Items,1,Completed,,,20.00000,USD,Positive,GOAT,,,20.00000,USD
71ccff17-0368-4c58-8a4e-2cced102a71a,2026-01-02 12:18:58,Los 67 Yin Yang 168.7m/s -s10,CustomItem,Items,1,Completed,,,8.00000,USD,Positive,Good communication,,,8.00000,USD
b52e4297-3540-41fe-94db-e2c38deab25f,2026-01-02 12:09:24,Los Mobilis 132m/s -s21,CustomItem,Items,1,Completed,,,6.00000,USD,Positive,Fast delivery,,,6.00000,USD
b85ed622-3cec-42d3-88b9-f46e0d77cba6,2026-01-02 11:46:04,Los 67 Galaxy 315m/s | y,CustomItem,Items,1,Completed,,,15.00000,USD,Positive,Extra mile,,,15.00000,USD
a5c73012-e2bc-45d9-904a-b5dc4899e1a4,2026-01-02 11:01:08,Galaxy Los 67 157.5m/s - s24,CustomItem,Items,1,Completed,,,7.00000,USD,Positive,Good price,,,7.00000,USD
8df16ae8-9c11-4efe-8bb3-1df43a8afd66,2026-01-02 10:53:16,Chicleteira Noelteira 285m/s | snd,CustomItem,Items,1,Completed,,,13.00000,USD,Positive,GOAT,,,13.00000,USD
cf5adbcd-19d4-411e-800e-0bb9e9fdf300,2026-01-02 10:50:41,"Lava
Chimino
140m/s - s24",CustomItem,Items,1,Completed,,,7.00000,USD,Positive,Good,,,7.00000,USD
a524db09-af81-426c-ab3b-caa963ee8b1d,2026-01-02 10:49:32,Tang Tang Keletang 268m/s - x,CustomItem,Items,1,Completed,Seller_Delivered_But_Order_Not_Received,he scamms my money and he dont give me anything,20.00000,USD,Positive,good and fast,,,20.00000,USD
e5d304f1-9e07-4238-92b1-67bbec648e93,2026-01-02 10:18:55,Spaghetti Tualetti 330m/s | s13,CustomItem,Items,1,Completed,,,18.00000,USD,Positive,Quick and nice,,,18.00000,USD
671f4d40-e38d-4605-9332-2b3f9d1aedee,2026-01-02 10:00:54,Mieteteira Bicicleteira 123.5m/s - s21,CustomItem,Items,1,Completed,,,6.00000,USD,Positive,GGWP!,,,6.00000,USD
15e618f5-f726-4ac4-9cd0-c651939a9b20,2026-01-02 09:46:28,Eviledon 189m/s - s25,CustomItem,Items,1,Completed,,,15.00000,USD,Positive,"Great! I got a message as soon as I ordered and he sent me the link to his ps, very quick and trustworthy ",,,15.00000,USD
269f56a1-d998-4c92-ab1c-3b186dd3ec3c,2026-01-02 09:39:55,Radioactive Los Puggies 255m/s - s25,CustomItem,Items,1,Completed,,,15.00000,USD,Positive,Extra mile,,,15.00000,USD
2cd88442-ce5e-42ae-8428-18c1f8d1dd9c,2026-01-02 09:35:33,"Radioactive
Los Combinasionas 262.5m - s12",CustomItem,Items,1,Completed,,,13.00000,USD,Positive,GGWP!,,,13.00000,USD
b899fd70-4b2d-4242-9a9f-f839706e63c5,2026-01-02 09:30:22,"Esok Sekolah
120m/s - s8",CustomItem,Items,1,Completed,,,6.00000,USD,Positive,Good communication,,,6.00000,USD
f0003019-c9e7-4f6e-8b84-3199d2fef210,2026-01-02 09:00:13,Chimino 266m/s | y,CustomItem,Items,1,Completed,,,12.00000,USD,Positive,GGWP!,,,12.00000,USD
7cb9abeb-70c0-4d5d-a9c5-0851ff5cec25,2026-01-02 08:22:09,"Mieteteira Bicicleteira
130m/s - s20",CustomItem,Items,1,Completed,,,6.00000,USD,Positive,Fast delivery,,,6.00000,USD
340f6d55-82fb-4970-ae69-c1aad82422ce,2026-01-02 07:49:20,Chimino 238m/s | snd,CustomItem,Items,1,Completed,,,10.00000,USD,Positive,Good communication,,,10.00000,USD
bb003125-6d27-4d9d-8f95-fee85b7bac89,2026-01-02 07:39:25,Gold Los 67 230.5m/s - s3,CustomItem,Items,1,Completed,,,11.50000,USD,Positive,Good communication,,,11.50000,USD
75b859b0-d287-4b71-82e4-55286e990bad,2026-01-02 06:45:32,La Spooky Grande 196m/s -s10,CustomItem,Items,1,Completed,,,15.00000,USD,Positive,Extra mile,,,15.00000,USD
2abc135a-a597-40c5-a19f-fb789368f83c,2026-01-02 05:20:47,Mieteteira Bicicleteira 195m/s -s12,CustomItem,Items,1,Completed,,,9.00000,USD,Positive,As described,,,9.00000,USD
e81fa164-54d0-4bf8-ae6f-11d0926a578e,2026-01-02 05:04:52,Swaggy Bros 200m/s -s21,CustomItem,Items,1,Completed,,,15.00000,USD,Positive,Extra mile,,,15.00000,USD
7ad9ebfa-ab5b-46b2-a27a-956963585028,2026-01-02 04:23:30,Chicleteira Noelteira 135m/s -s21,CustomItem,Items,1,Completed,,,6.00000,USD,Positive,Good communication,,,6.00000,USD
1a3e53bc-8248-4a50-b6c4-6741ff964773,2026-01-02 04:06:28,Chimino Radioactive 119m/s -s12,CustomItem,Items,1,Completed,,,5.00000,USD,Positive,GOAT,,,5.00000,USD
9c8444ae-5ea0-46c3-92e4-a089be4fccf4,2026-01-02 04:01:39,Bloodrot Los 67 225m/s - s3,CustomItem,Items,1,Completed,,,11.00000,USD,Positive,GGWP,,,11.00000,USD
518b22c4-385a-4960-a09e-74afe5d7b563,2026-01-02 03:57:39,Gold Nuclearo Dinossauro 168.7m/s -s10,CustomItem,Items,1,Completed,,,15.00000,USD,Positive,"He is very legit ",,,15.00000,USD
3487576a-7f7c-4b13-83a5-bbdd8d53581a,2026-01-02 03:24:50,La Taco Combinasion 280m/s - x,CustomItem,Items,1,Completed,,,18.00000,USD,Positive,GGWP,,,18.00000,USD
606e5b8b-d74e-468e-b4cb-1cedf8de4536,2026-01-02 03:15:42,Esok Sekolah 30m/s - s8,CustomItem,Items,1,Completed,,,3.50000,USD,Positive,Really good,,,3.50000,USD
6da8e9ae-c4d7-4717-a5f8-369cf9356bbd,2026-01-02 03:12:40,Galaxy Los Candies 230m/s - e,CustomItem,Items,1,Completed,,,11.00000,USD,Positive,Good price,,,11.00000,USD
a9919cfc-0108-4004-9a27-d625f7d7caf5,2026-01-02 03:04:38,Los 25 110m/s -s20,CustomItem,Items,1,Completed,,,5.00000,USD,Negative,OOF,,,5.00000,USD
2f702c2b-b478-4961-b548-e17654c9c660,2026-01-02 02:53:05,Ketchuru and Musturu 191.2m/s - x,CustomItem,Items,1,Completed,,,20.00000,USD,Positive,GOAT,,,20.00000,USD
c12f0d34-0048-4b70-9999-9d4ecc941bd1,2026-01-02 02:35:23,Galaxy Los 67 202.5m/s - s3,CustomItem,Items,1,Completed,,,10.00000,USD,Positive,Helpful and responsive,,,10.00000,USD
e0b03290-6ba8-49b1-af9d-9d50eb7583ef,2026-01-02 02:14:13,Esok Sekolah 90m/s - s8,CustomItem,Items,1,Completed,,,4.00000,USD,Positive,As described,,,4.00000,USD
3cf509b6-5b35-4bc2-ab4b-8b7fd92d47a7,2026-01-02 02:08:53,Los Mobilis 176m/s -way,CustomItem,Items,1,Completed,,,8.00000,USD,Positive,"Quick and easy ",,,8.00000,USD
16fed961-88d7-42b4-9afe-63e66a1c7858,2026-01-02 01:56:12,Los Puggies 180m/s | s13,CustomItem,Items,1,Completed,,,13.00000,USD,Positive,GOAT,,,13.00000,USD
a1dde3b7-afc5-4814-8604-f5be66d9234d,2026-01-01 15:47:02,Los Mobilis 132m/s -s21,CustomItem,Items,1,Completed,,,6.00000,USD,Positive,It’s very good guy,,,6.00000,USD
36a18ab1-21ba-4f44-b3b5-bb96cdce3cb3,2026-01-01 15:36:34,Rainbow Tang Tang Keletang 703.5m/s | v,CustomItem,Items,1,Completed,,,40.00000,USD,Positive,GOAT,,,40.00000,USD
53f04e86-b18c-4508-b6c0-302821124528,2026-01-01 15:32:58,Gold La Taco Combinasion 341.2m/s - x,CustomItem,Items,1,Completed,,,20.00000,USD,Positive,GGWP!,,,20.00000,USD
20f77fe2-1013-47aa-8567-b730eb983de3,2026-01-01 15:32:56,"Gold
Spaghetti Tualetti
255m/s - way",CustomItem,Items,1,Completed,,,15.00000,USD,Positive,GOAT,,,15.00000,USD
cca7b8a3-66a1-4522-9bf2-dc35f2c4322e,2026-01-01 15:28:50,Esok Sekolah 270m/s | s11,CustomItem,Items,1,Completed,,,10.00000,USD,Positive,Good price,,,10.00000,USD
9b2502de-e25a-4f5d-a685-bb5b41604b3e,2026-01-01 15:26:02,Los Candies 138m/s -s21,CustomItem,Items,1,Completed,,,7.00000,USD,Positive,GOAT,,,7.00000,USD
392a7c13-6f04-4314-9d22-00306c8f107d,2026-01-01 15:21:54,Ketchuru and Musturu 255m/s - s3,CustomItem,Items,1,Completed,,,20.00000,USD,Positive,As described,,,20.00000,USD
dbf96917-b249-40a2-afa8-3bccaf15f288,2026-01-01 15:19:26,La Ginger Sekolah 450m/s | v,CustomItem,Items,1,Completed,,,25.00000,USD,Positive,Good communication,,,25.00000,USD
17f39609-c210-4c44-81b3-d90910e8c738,2026-01-01 15:11:10,Yin Yang Los 67 393.7m/s - x,CustomItem,Items,1,Completed,,,19.00000,USD,Positive,Good price,,,19.00000,USD
01de4d31-27ee-4570-83dc-d6ed6802cade,2026-01-01 15:11:04,Mieteteira Bicicleteira 234m/s | y,CustomItem,Items,1,Completed,,,11.00000,USD,Positive,GGWP,,,11.00000,USD
2774b6fb-5ecf-4d17-8db8-231d2b126001,2026-01-01 15:09:12,Tang Tang Keletang 268m/s | y,CustomItem,Items,1,Completed,,,18.00000,USD,Positive,Good communication,,,18.00000,USD
752b9cff-03be-4328-b782-f0000fe98b9e,2026-01-01 15:07:09,Candy Los 67 135m/s - s3,CustomItem,Items,1,Completed,,,6.50000,USD,Positive,Extra mile,,,6.50000,USD
ed63a4b7-1576-4c48-8d7c-e75679439577,2026-01-01 14:45:22,Tang Tang Keletang 469m/s | s11,CustomItem,Items,1,Completed,,,25.00000,USD,Positive,GGWP!,,,25.00000,USD
99ea33fb-a21c-464a-8420-52c0fc7a5cfe,2026-01-01 14:22:05,Los Spooky Combinasionas 330m/s | s13,CustomItem,Items,1,Completed,,,15.00000,USD,Positive,GGWP,,,15.00000,USD
cf067e65-9454-4ae2-9792-202d3cc1c12a,2026-01-01 14:09:37,Los Mobilis 110m/s -s21,CustomItem,Items,1,Completed,,,5.00000,USD,Positive,GGWP!,,,5.00000,USD
daec3631-d3ff-4fb8-b4c9-52a18e81c198,2026-01-01 13:42:40,"Esok Sekolah
510m/s - s7",CustomItem,Items,1,Completed,,,25.00000,USD,Positive,GGWP,,,25.00000,USD
069554d3-b6dd-48eb-a9ef-e1eb94a8a6bf,2026-01-01 13:31:18,Rainbow Los Combinasionas 195m/s | s13,CustomItem,Items,1,Completed,,,10.00000,USD,Positive,GGWP,,,10.00000,USD
331b7ac3-0725-434e-b82f-d3cc96abd7e1,2026-01-01 13:01:22,Los 25 Radioactive 155m/s | s13,CustomItem,Items,1,Completed,,,7.00000,USD,Positive,The delivery was very quick,,,7.00000,USD
939e9405-8f14-4e99-9a03-bf656758bc8e,2026-01-01 12:43:19,W or L 120m/s - x,CustomItem,Items,1,Completed,,,12.00000,USD,Positive,"Good experince ! Fast and trustworthy
😊👍🏼",,,12.00000,USD
62147a9a-5c3f-4d4a-8795-19025c89aa3d,2026-01-01 12:30:30,Los 25 170m/s 4 Trait - e,CustomItem,Items,1,Completed,,,8.00000,USD,Positive,Good price,,,8.00000,USD
94cf0a27-00a1-4aea-bd65-d9004fa07763,2026-01-01 12:21:04,Chicleteira Noelteira 127.5m/s | s11,CustomItem,Items,1,Completed,,,6.00000,USD,Positive,GGWP,,,6.00000,USD
8a6889e0-9ca4-475a-b012-0f60b1d5113e,2026-01-01 12:18:50,La Taco Combinasion 315m/s - x,CustomItem,Items,1,Completed,,,18.00000,USD,Negative,Bad,,,18.00000,USD
7dfb8942-082b-46b2-ad17-6c6d11be13ef,2026-01-01 11:50:39,"Gold
Los 25
112.5m/s - s24",CustomItem,Items,1,Completed,,,5.00000,USD,Positive,"Fast
",,,5.00000,USD
90c4efdc-b4d5-4498-ba67-90e755674b51,2026-01-01 11:47:13,Esok Sekolah 150m/s - s8,CustomItem,Items,1,Canceled,,,7.00000,USD,Unrated,,Out_Of_Stock,,7.00000,USD
7eee995b-9a78-49a1-b569-c62e04aadcf3,2026-01-01 11:44:12,Esok Sekolah 150m/s - s8,CustomItem,Items,1,Canceled,,,7.00000,USD,Unrated,,Out_Of_Stock,,7.00000,USD
8e9b327b-51f2-4d22-a6f6-aab0e11682a0,2026-01-01 11:38:17,Radioactive Los Puggies 255m/s - x,CustomItem,Items,1,Completed,,,15.00000,USD,Positive,Fast delivery,,,15.00000,USD
3b8ec4d1-e402-4db4-8284-d8d5174aaae4,2026-01-01 11:34:14,Los 67 270m/s - s3,CustomItem,Items,1,Completed,,,13.00000,USD,Positive,Fast delivery,,,13.00000,USD
4196e0ae-1d3a-405a-aa67-8a36aaf0ce0b,2026-01-01 11:12:19,Los Mobilis 242m/s - s20,CustomItem,Items,1,Completed,,,12.00000,USD,Positive,Helpful and responsive,,,12.00000,USD
d1867ea5-da61-4516-a1f7-a3266a770261,2026-01-01 11:09:18,Los Mobilis 242m/s - s3,CustomItem,Items,1,Completed,,,12.00000,USD,Positive,Helpful and responsive,,,12.00000,USD
c19ef64e-fcf4-4292-b11a-7d97abc8dfca,2026-01-01 11:08:38,Mieteteira Bicicleteira 312m/s | v,CustomItem,Items,1,Completed,,,14.00000,USD,Positive,Good communication,,,14.00000,USD
25216c47-91cd-438b-a2db-8cf8c42d1a94,2026-01-01 11:01:46,Lava Chimino 224m/s | f,CustomItem,Items,1,Completed,,,10.00000,USD,Positive,GOAT,,,10.00000,USD
503d7da7-2804-42be-9854-fcc7edecb899,2026-01-01 10:41:28,Spaghetti Tualetti 300m/s - x,CustomItem,Items,1,Completed,,,18.00000,USD,Positive,GGWP!,,,18.00000,USD
20107368-8e8f-4f95-8be2-316a3f62dd44,2026-01-01 10:39:14,Los Candies 161m/s -s21,CustomItem,Items,1,Completed,,,8.00000,USD,Positive,GOAT,,,8.00000,USD
eea65582-d0ab-4f01-880f-f1f17075a2a5,2026-01-01 09:31:48,Gold Swaggy Bros 190m/s - s24,CustomItem,Items,1,Completed,,,13.00000,USD,Positive,Fast delivery,,,13.00000,USD
10cf9e65-e4cc-4d6c-afb9-7aab485dd421,2026-01-01 09:20:18,"Diamond
La Ginger Sekolah
375m/s - s21",CustomItem,Items,1,Completed,,,20.00000,USD,Positive,GGWP,,,20.00000,USD
0d919a78-792d-4d52-940c-7cdcc033991e,2026-01-01 08:00:42,Esok Sekolah 150m/s - s8,CustomItem,Items,1,Completed,,,7.00000,USD,Positive,Helpful and responsive,,,7.00000,USD
cbbeb326-b1fb-478d-a419-e4e346024b97,2026-01-01 07:53:33,Esok Sekolah 150m/s - s8,CustomItem,Items,1,Completed,,,7.00000,USD,Positive,Fast delivery,,,7.00000,USD
559f8122-05b8-4188-8467-c9cddffc3658,2026-01-01 07:32:02,Chimino Radioactive 119m/s | s11,CustomItem,Items,1,Completed,,,5.00000,USD,Positive,GGWP!,,,5.00000,USD
ae5102ba-e519-4773-b40a-459f0e01c811,2026-01-01 07:06:34,Mieteteira Bicicleteira Rainbow 260m/s | snd,CustomItem,Items,1,Completed,,,13.00000,USD,Positive,Good price,,,13.00000,USD
4da61fe1-e753-4dbf-b553-9d2615db6295,2026-01-01 06:46:39,Gold Tang Tang Keletang 142.3m/s - s25,CustomItem,Items,1,Completed,,,13.00000,USD,Positive,Fast delivery,,,13.00000,USD
69e0d2ee-8eb1-48ee-976c-88d48ff1fd83,2026-01-01 06:40:56,Spaghetti Tualetti 180m/s - s25,CustomItem,Items,1,Completed,,,13.00000,USD,Positive,GOAT,,,13.00000,USD
435fae70-2588-42ff-a7df-773c6f19bc64,2026-01-01 06:30:39,Chicleteira Noelteira Lava 135m/s | y,CustomItem,Items,1,Completed,Cannot_Claim_Purchase_Due_To_InGame_Issues,,6.00000,USD,Positive,GOAT,,,6.00000,USD
b2c19811-83cf-4348-96d1-577cab71fa9d,2026-01-01 05:42:34,Esok Sekolah 150m/s - s8,CustomItem,Items,1,Completed,,,7.00000,USD,Positive,GOAT,,,7.00000,USD
bdc4da75-d7a2-48d5-9c8d-cfd56b7dfd0d,2026-01-01 05:24:38,Los 25 Gold 52.5m/s | snd,CustomItem,Items,1,Completed,,,5.00000,USD,Positive,Extra mile,,,5.00000,USD
2cafec11-bc90-4781-8235-56ef82d50160,2026-01-01 05:16:09,Los Puggies 180m/s | y,CustomItem,Items,1,Completed,,,13.00000,USD,Positive,Good communication,,,13.00000,USD
dba86f90-e8dc-4ddd-b92b-d0c112ae9197,2026-01-01 05:03:35,Money Money Puggy 199.5m/s - s16,CustomItem,Items,1,Completed,,,13.00000,USD,Positive,Great,,,13.00000,USD
a19b7722-bd05-4c76-952f-62c1f84bd0d0,2026-01-01 05:02:02,Los Candies 253m/s -way,CustomItem,Items,1,Completed,,,12.00000,USD,Positive,Good price,,,12.00000,USD
bae16f4d-afce-44c0-a7c1-60776bcb59a3,2026-01-01 04:37:21,Chimino 280m/s -s21,CustomItem,Items,1,Completed,,,14.00000,USD,Positive,Good communication,,,14.00000,USD
29072162-7f32-4151-9a38-bffed8e0a06e,2026-01-01 04:34:31,Diamond La Taco Combinasion 472.5m/s - x,CustomItem,Items,1,Completed,,,25.00000,USD,Positive,As described,,,25.00000,USD
bd42640a-f1e9-4772-81d4-ecd103f7ab52,2026-01-01 04:24:30,Lava Chimino 182m/s | s11,CustomItem,Items,1,Completed,,,9.00000,USD,Positive,Good communication,,,9.00000,USD
98c4cc23-e093-4366-8712-34e5c3960402,2026-01-01 04:16:47,Rainbow La Grande Combinasion 170m/s | snd,CustomItem,Items,1,Completed,,,12.00000,USD,Positive,"great and fast
",,,12.00000,USD
dd841a7d-7e32-4eb4-b675-86478e9fdd68,2026-01-01 04:15:18,Money Money Puggy 147m/s - x,CustomItem,Items,1,Completed,,,12.00000,USD,Positive,Fast delivery,,,12.00000,USD
8ad7841e-2740-4e6e-9011-f55db5ad9fc8,2026-01-01 04:13:27,Chicleteira Noelteira 202.5m/s | y,CustomItem,Items,2,Completed,,,10.00000,USD,Positive,Good communication,,,20.00000,USD
82111f05-fb29-4462-8b66-e237456bd3ac,2026-01-01 04:08:02,"Gold
Esok Sekolah
37.5m/s - s8",CustomItem,Items,1,Completed,,,3.50000,USD,Positive,GOAT,,,3.50000,USD
095b4366-04ec-4808-973f-2fb019c3b8a3,2026-01-01 03:42:05,Spaghetti Tualetti 300m/s | s13,CustomItem,Items,1,Completed,,,18.00000,USD,Positive,Good price,,,18.00000,USD
2079ede0-ab44-4c98-b143-dcb10091064a,2026-01-01 03:20:42,Los Candies 138m/s | y,CustomItem,Items,1,Completed,,,6.00000,USD,Positive,Good price,,,6.00000,USD
1c2a9ee3-3629-49d5-8373-36050858bcc0,2026-01-01 03:06:44,Los Candies 138m/s | y,CustomItem,Items,1,Completed,,,6.00000,USD,Positive,Good communication,,,6.00000,USD
b27bf7a3-4697-41d9-a1f9-8ce172e89473,2026-01-01 02:50:10,Radioactive Los 67 236.2m/s - s3,CustomItem,Items,1,Completed,,,11.00000,USD,Positive,Good price,,,11.00000,USD
5e95c8af-545e-4a1f-a7de-532da404f136,2026-01-01 02:45:08,Los Combinasionas 150m/s -s21,CustomItem,Items,1,Completed,,,8.00000,USD,Positive,GOAT,,,8.00000,USD
0102fdb5-9172-4135-9472-5ea25fe44fc0,2026-01-01 02:43:09,Los Mobilis 231m/s -s21,CustomItem,Items,1,Completed,,,11.00000,USD,Positive,Extra mile,,,11.00000,USD
95c88b3b-c205-46b4-b1da-5064142ec07a,2026-01-01 02:39:24,"Esok Sekolah
120m/s - s8",CustomItem,Items,1,Completed,,,6.00000,USD,Positive,Fast,,,6.00000,USD
5a458077-c118-47a5-8115-ea2093ff2fcb,2026-01-01 02:39:16,Los Combinasionas 112.5m/s -way,CustomItem,Items,1,Completed,,,5.00000,USD,Positive,Extra mile,,,5.00000,USD
2c9910c2-0f9a-4663-bfad-1913bad81267,2026-01-01 02:37:39,"Esok Sekolah
120m/s - s8",CustomItem,Items,1,Completed,,,6.00000,USD,Positive,Trusted,,,6.00000,USD
53697fc7-2e55-4a08-b20b-a5cd2fed057f,2026-01-01 02:30:13,Los 67 Yin Yang 281.2m/s | y,CustomItem,Items,1,Completed,,,13.00000,USD,Positive,GGWP!,,,13.00000,USD
0b2962b8-8666-4c60-94ba-564b091efa9d,2026-01-01 02:25:32,Ketchuru and Mutsuru 170m/s - s22,CustomItem,Items,1,Completed,,,17.00000,USD,Positive,Extra mile,,,17.00000,USD
11b66713-67a2-4893-a23d-8f7d4ad70836,2026-01-01 01:52:16,Gold Swaggy Bros 590m/s - e,CustomItem,Items,1,Completed,,,25.00000,USD,Positive,W mans,,,25.00000,USD
e8bf65a5-b6b4-4abe-9746-029141a1b45a,2026-01-01 01:16:10,Los Spooky Combinasion 200m/s -s21,CustomItem,Items,1,Completed,,,10.00000,USD,Positive,Good price,,,10.00000,USD
