Order Id,Order Date,Title,Offer Type,Description,Purchase Quantity,Order State,Dispute Reason,Dispute Message,Price Per Unit Amount,Price Per Unit Currency,Feedback Rating,Review Message,Cancelation Reason,Cancelation Message,Total Order Amount,Total Price Currency
9859e71f-2ef3-4dfd-9c2e-2c2abcd87aad,2026-03-31 23:58:25,Noo My Eggs,CustomItem,Items,1,Completed,,,3.50000,USD,Positive,Fast delivery,,,3.50000,USD
969432b8-8969-493b-87b2-568082adc046,2026-03-31 23:42:31,Noo My Eggs,CustomItem,Items,1,Completed,,,3.50000,USD,Positive,Helpful and responsive,,,3.50000,USD
73f742c5-aff9-4339-b196-f732b034b154,2026-03-31 23:37:58,Noo My Eggs,CustomItem,Items,1,Completed,,,3.50000,USD,Positive,,,,3.50000,USD
ad3a8e28-b379-43e7-a356-6b5b518eb6d8,2026-03-31 23:35:00,Noo My Eggs,CustomItem,Items,1,Completed,,,3.50000,USD,Positive,,,,3.50000,USD
d71dc2b2-6ce1-4d0b-bd29-aca15d392d10,2026-03-31 23:34:39,Noo My Eggs,CustomItem,Items,1,Completed,,,3.50000,USD,Positive,He is so nice and sooo fast too less then a 1 mintute,,,3.50000,USD
2ceab7ac-4c8e-4e0c-8a72-bdac0be6cda8,2026-03-31 23:21:41,Noo My Eggs,CustomItem,Items,1,Completed,,,3.50000,USD,Positive,GGWP,,,3.50000,USD
1df6b308-d596-44c1-ab6f-a45de35128ff,2026-03-31 23:20:06,Noo My Eggs,CustomItem,Items,1,Completed,,,3.50000,USD,Positive,Good communication,,,3.50000,USD
22bea18d-3d09-4c8b-9d22-0642ea8afc63,2026-03-31 23:17:05,Noo My Eggs,CustomItem,Items,1,Completed,,,3.50000,USD,Positive,GOAT,,,3.50000,USD
9ba91a8a-ec8e-4d3f-8270-13f645c7fecb,2026-03-31 23:15:00,Noo My Eggs,CustomItem,Items,1,Completed,,,3.50000,USD,Positive,Extra mile,,,3.50000,USD
bbd89ce3-a519-4ed1-9fed-fa6d729c4b6c,2026-03-31 23:14:30,Noo My Eggs,CustomItem,Items,1,Completed,,,3.50000,USD,Positive,As described,,,3.50000,USD
47d83a4b-212b-4e80-a175-d94c2d5db681,2026-03-31 23:12:03,Noo My Eggs,CustomItem,Items,1,Completed,,,3.50000,USD,Positive,Good price,,,3.50000,USD
bb9e0b22-12f7-4858-b00c-918ec6df91ad,2026-03-31 23:02:06,Noo My Eggs,CustomItem,Items,1,Completed,,,3.50000,USD,Positive,As described,,,3.50000,USD
744a732f-18de-45cd-ba25-d59bb54d271f,2026-03-31 23:01:01,Noo My Eggs,CustomItem,Items,1,Completed,,,3.50000,USD,Positive,Extra mile,,,3.50000,USD
2bb7c6dd-cace-4643-ae40-251e608f598e,2026-03-31 22:58:31,Noo My Eggs,CustomItem,Items,1,Completed,,,3.50000,USD,Positive,Extra mile,,,3.50000,USD
c7705f96-7cc8-485f-88cd-aa9891f3d2f7,2026-03-31 22:58:05,Noo My Eggs,CustomItem,Items,1,Completed,,,3.50000,USD,Positive,GGWP,,,3.50000,USD
787ca9d7-2e8d-493e-896d-3692e94d5ece,2026-03-31 22:56:08,Noo My Eggs,CustomItem,Items,1,Completed,,,3.50000,USD,Positive,,,,3.50000,USD
9853e425-1c05-4cd8-a59c-3dbc8c4cd295,2026-03-31 22:55:50,Noo My Eggs,CustomItem,Items,1,Completed,,,3.50000,USD,Positive,,,,3.50000,USD
b1d0833b-fd11-4c60-ae41-fb19100a9d8b,2026-03-31 22:55:31,Noo My Eggs,CustomItem,Items,1,Completed,,,3.50000,USD,Positive,Good communication,,,3.50000,USD
2468d6cf-e8ac-425a-83e2-9a85e5eeda51,2026-03-31 22:48:29,Noo My Eggs,CustomItem,Items,1,Completed,,,4.50000,USD,Positive,GOAT,,,4.50000,USD
c18c62ac-ce18-44ae-a88f-25e6bed49893,2026-03-31 22:38:27,Noo My Eggs,CustomItem,Items,1,Completed,,,5.00000,USD,Positive,Helpful and responsive,,,5.00000,USD
85a7ce63-b6e5-44c7-ad3d-c53f8e7bba6d,2026-03-31 22:38:15,Tictac Sahur w,CustomItem,Items,1,Canceled,,,7.00000,USD,Unrated,,Out_Of_Stock,,7.00000,USD
56ddb645-fcf9-462c-b212-458e283cde0e,2026-03-31 22:38:01,Tictac Sahur w,CustomItem,Items,1,Canceled,,,7.00000,USD,Unrated,,Out_Of_Stock,,7.00000,USD
c5ddeeaf-62d5-4260-b6d0-5de419e4a574,2026-03-31 22:37:35,Tictac Sahur w,CustomItem,Items,1,Canceled,,,7.00000,USD,Unrated,,Out_Of_Stock,,7.00000,USD
d3c359c7-1fac-4f59-bfdd-53feee659972,2026-03-31 22:37:35,Tictac Sahur w,CustomItem,Items,1,Canceled,,,7.00000,USD,Unrated,,Out_Of_Stock,,7.00000,USD
b7f8a498-1657-4936-8900-b76384537d8b,2026-03-31 22:36:52,Tictac Sahur w,CustomItem,Items,1,Canceled,,,7.00000,USD,Unrated,,Out_Of_Stock,,7.00000,USD
1e9c1ef3-3640-4582-837d-11c751f23c83,2026-03-31 22:36:43,Noo My Eggs,CustomItem,Items,1,Completed,,,5.00000,USD,Positive,Fast delivery,,,5.00000,USD
b93939c0-05fe-4ec7-bd1e-75cabb0b386c,2026-03-31 22:36:43,Tictac Sahur w,CustomItem,Items,1,Canceled,,,7.00000,USD,Unrated,,Out_Of_Stock,,7.00000,USD
96da6b01-5b33-4e38-9f17-110b292751fb,2026-03-31 22:35:13,Noo My Eggs,CustomItem,Items,1,Canceled,,,4.00000,USD,Unrated,,Out_Of_Stock,,4.00000,USD
861e185d-b9ff-4022-b49e-eecce33705a8,2026-03-31 22:34:55,Noo My Eggs,CustomItem,Items,1,Completed,,,4.00000,USD,Positive,,,,4.00000,USD
4ccfd0d7-ff91-4539-a01c-120516a2848c,2026-03-31 22:34:54,Noo My Eggs,CustomItem,Items,1,Completed,,,4.00000,USD,Positive,Fast delivery,,,4.00000,USD
91e00a1a-bb48-4f48-b22a-c8a771f87079,2026-03-31 22:34:51,Noo My Eggs,CustomItem,Items,1,Completed,,,4.00000,USD,Positive,Extra mile,,,4.00000,USD
0c84ed87-9572-45f9-ba3b-70dcdcd69c53,2026-03-31 22:34:09,Tictac Sahur w,CustomItem,Items,1,Canceled,,,7.00000,USD,Unrated,,Out_Of_Stock,,7.00000,USD
99b13f1f-7c01-41e6-987b-263726a08e01,2026-03-31 22:33:29,Tictac Sahur w,CustomItem,Items,1,Canceled,,,7.00000,USD,Unrated,,Out_Of_Stock,,7.00000,USD
22745634-c02d-461b-ac0b-a9965e5689b3,2026-03-31 22:33:19,Noo My Eggs,CustomItem,Items,1,Canceled,,,4.00000,USD,Unrated,,Buyer_Did_Not_Respond,,4.00000,USD
e4220f05-6317-4b86-85c7-9dcb0cab38ae,2026-03-31 22:33:12,Tictac Sahur w,CustomItem,Items,1,Canceled,,,7.00000,USD,Unrated,,Out_Of_Stock,,7.00000,USD
bcfff0dd-8b73-495c-98c8-c204d7b03221,2026-03-31 22:33:05,Noo My Eggs,CustomItem,Items,1,Completed,,,4.00000,USD,Positive,Helpful and responsive,,,4.00000,USD
8273bbce-cf48-4a59-8c60-45653aaf7e08,2026-03-31 22:32:55,Tictac Sahur w,CustomItem,Items,1,Completed,,,7.00000,USD,Positive,GOAT,,,7.00000,USD
5f41580d-8462-4bd9-a688-a4c8a559281a,2026-03-31 22:32:06,Noo My Eggs,CustomItem,Items,1,Canceled,,,3.50000,USD,Unrated,,Out_Of_Stock,,3.50000,USD
85a891da-df75-48d6-ae76-f694b0c271e4,2026-03-31 17:15:47,"Rebirth 12, Floor 3, Clean Account, only have ID PASSWORD, Please Read Desc
Auto Delivery",Account,Accounts,1,Completed,,,3.00000,USD,Positive,,,,3.00000,USD
f12fc809-8e94-4e62-b06a-0c7d0a5625e8,2026-03-31 17:09:38,"Rebirth 12, Floor 3, Clean Account, only have ID PASSWORD, Please Read Desc
Auto Delivery",Account,Accounts,1,Completed,,,3.00000,USD,Positive,,,,3.00000,USD
9221834a-855b-44bb-8087-d176565012f5,2026-03-31 10:19:15,Noo My Eggs,CustomItem,Items,1,Completed,,,3.50000,USD,Positive,Helpful and responsive,,,3.50000,USD
61a93bba-66b2-46a7-b0ba-f161960ed6c3,2026-03-31 07:35:40,Noo My Eggs,CustomItem,Items,1,Completed,,,3.50000,USD,Positive,As described,,,3.50000,USD
7e7d0b5d-296b-4c7e-99cd-fe1df2fde31f,2026-03-31 06:53:34,Noo My Eggs,CustomItem,Items,1,Canceled,Item_Not_Delivered_Within_Delivery_Time,,3.50000,USD,Unrated,,Buyer_Did_Not_Respond,,3.50000,USD
8b129618-479b-4cd4-978a-a6625712bb9a,2026-03-31 04:18:42,Sammyni Fattini s7,CustomItem,Items,1,Completed,,,10.00000,USD,Positive,Extra mile,,,10.00000,USD
4be66ec2-4f28-4497-922d-5c81359682f5,2026-03-31 02:33:48,Noo My Eggs,CustomItem,Items,1,Completed,,,3.50000,USD,Positive,GGWP,,,3.50000,USD
52b4c606-2b80-4e18-917a-bd8254233d33,2026-03-31 02:30:33,Ketchuru and Musturu s20,CustomItem,Items,1,Completed,,,5.00000,USD,Positive,,,,5.00000,USD
befc3c02-0df8-4f63-a050-d15e81510679,2026-03-31 01:26:50,Noo My Eggs,CustomItem,Items,1,Completed,,,3.50000,USD,Positive,,,,3.50000,USD
5e17232e-ba87-408c-b34c-dab60e180ff5,2026-03-30 23:55:31,Noo My Eggs,CustomItem,Items,1,Completed,,,3.50000,USD,Positive,GGWP,,,3.50000,USD
eb33a97e-ce45-4b9f-8e26-28b73a0ab96f,2026-03-30 23:39:41,😎 Garama and Madundung s20 😎,CustomItem,Items,1,Completed,,,10.00000,USD,Positive,Helpful and responsive,,,10.00000,USD
081e0f01-7ac2-4013-98e6-57b1f578e377,2026-03-30 23:34:48,Noo My Eggs,CustomItem,Items,1,Completed,,,3.50000,USD,Positive,Good price,,,3.50000,USD
a37e9493-ab6e-4afa-929e-7fc760fbae60,2026-03-30 22:17:22,Noo My Eggs,CustomItem,Items,1,Completed,,,3.50000,USD,Positive,Good and Fast!!!,,,3.50000,USD
3084d0e5-8a18-444c-9f04-311d67974a05,2026-03-30 18:05:41,"Rebirth 12, Floor 3, Clean Account, only have ID PASSWORD, Please Read Desc
Auto Delivery",Account,Accounts,1,Completed,,,3.00000,USD,Positive,,,,3.00000,USD
a29a2b12-cfb8-41be-93cd-363cf7b565ed,2026-03-30 15:26:05,Noo My Eggs,CustomItem,Items,1,Completed,,,3.50000,USD,Positive,Trusted,,,3.50000,USD
5e9c2c88-b3e6-40a3-8332-cfb393d9a4dc,2026-03-30 13:14:40,Noo My Eggs,CustomItem,Items,1,Completed,,,3.50000,USD,Positive,GOAT,,,3.50000,USD
0e01755f-8a7e-4cf1-a612-5eefecbcd94a,2026-03-30 12:46:38,Noo My Eggs,CustomItem,Items,1,Completed,,,3.50000,USD,Positive,Fast delivery,,,3.50000,USD
60bc6a87-4dfe-4ad9-8a28-4c5a44d98261,2026-03-30 12:37:00,Noo My Eggs,CustomItem,Items,1,Completed,,,3.00000,USD,Positive,Helpful and responsive,,,3.00000,USD
0b8a3d10-f31c-4bc8-a7d7-8cb32e80bfc6,2026-03-30 12:28:38,Noo My Eggs,CustomItem,Items,1,Completed,,,3.00000,USD,Positive,GOAT,,,3.00000,USD
3c444fce-4714-4c6e-ae6e-3166df472f31,2026-03-30 12:27:55,Noo My Eggs,CustomItem,Items,1,Completed,,,3.00000,USD,Positive,,,,3.00000,USD
5dd1d396-a112-4d2e-a36f-d44f22e22891,2026-03-30 12:13:13,Noo My Eggs,CustomItem,Items,1,Completed,,,3.00000,USD,Positive,W seller!!!!,,,3.00000,USD
d5e105c5-6bb9-4687-9c38-0f5e1ef39b7f,2026-03-30 12:05:33,Noo My Eggs,CustomItem,Items,1,Completed,,,3.00000,USD,Positive,Super fast and nice,,,3.00000,USD
17b3de45-7f56-42b5-affb-d302736e8b19,2026-03-30 11:59:09,Noo My Eggs,CustomItem,Items,1,Completed,,,3.00000,USD,Positive,GOAT,,,3.00000,USD
c586fa56-e3be-4399-94af-dd8ee7ee1df2,2026-03-30 10:48:21,Noo My Eggs,CustomItem,Items,1,Completed,,,3.00000,USD,Positive,Helpful and responsive,,,3.00000,USD
1aec5215-613d-4f29-bf05-dfb5dbcdfe74,2026-03-30 06:45:57,"Rebirth 12, Floor 3, Clean Account, only have ID PASSWORD, Please Read Desc
Auto Delivery",Account,Accounts,1,Completed,,,3.00000,USD,Positive,,,,3.00000,USD
7bfd142c-930a-4d3a-a3ba-670116585476,2026-03-30 05:49:17,Los Mobilis y,CustomItem,Items,1,Completed,,,10.00000,USD,Positive,As described,,,10.00000,USD
2322e02a-9313-4dec-a549-8f70af6eb8d4,2026-03-30 03:41:18,Noo My Eggs,CustomItem,Items,1,Completed,,,3.00000,USD,Positive,Good price,,,3.00000,USD
e621f74a-702f-4931-a572-a30b5c834020,2026-03-30 03:32:02,Noo My Eggs,CustomItem,Items,1,Completed,,,3.00000,USD,Positive,GOAT,,,3.00000,USD
9f617ecd-375d-4cbb-9fec-336e2f7fdf43,2026-03-30 03:18:34,Strawberry Elephant Colossal lv 200,CustomItem,Items,2,Canceled,Item_Not_Delivered_Within_Delivery_Time,,2.00000,USD,Unrated,,Not_Delivered_Within_Guaranteed_Delivery_Time,,4.00000,USD
7fad6aeb-03d9-4ad4-98e1-6ae83bd88933,2026-03-30 03:13:07,Noo My Eggs,CustomItem,Items,1,Completed,,,3.00000,USD,Positive,Fast delivery,,,3.00000,USD
16701b3b-f322-4eaf-8efe-6009cffd0e6c,2026-03-30 02:44:47,Noo My Eggs s29,CustomItem,Items,1,Completed,,,6.00000,USD,Positive,GGWP,,,6.00000,USD
a02c4e25-8d06-4ce2-9fff-80c482f3e13d,2026-03-30 01:52:46,😎 Garama and Madundung s20 😎,CustomItem,Items,1,Completed,,,10.00000,USD,Positive,GGWP,,,10.00000,USD
ddcca59d-c854-4115-abbd-64213b3a2814,2026-03-29 23:57:47,Noo My Eggs s29,CustomItem,Items,1,Completed,,,3.75000,USD,Positive,Fast delivery,,,3.75000,USD
37b955a0-03dd-4282-a7dc-4518711a0901,2026-03-29 23:24:23,Tictac Sahur s21,CustomItem,Items,1,Completed,,,5.00000,USD,Positive,,,,5.00000,USD
fca0609b-2187-429e-a614-7218acd98fc2,2026-03-29 17:07:36,Orcaledon s7,CustomItem,Items,1,Completed,,,10.00000,USD,Positive,Fast delivery,,,10.00000,USD
1db7678e-dba4-4d01-bcbd-b5891e8dc657,2026-03-29 14:34:29,Noo My Eggs s29,CustomItem,Items,1,Completed,,,4.50000,USD,Positive,As described,,,4.50000,USD
95a55985-46ad-4e33-bf51-b2340bd139e2,2026-03-29 14:08:33,Noo My Eggs s29,CustomItem,Items,2,Completed,,,4.50000,USD,Positive,,,,9.00000,USD
7a9617f6-7b3d-48e6-ac8c-0188a144d1cc,2026-03-29 14:08:16,Noo My Eggs s29,CustomItem,Items,1,Completed,,,4.50000,USD,Positive,As described,,,4.50000,USD
b4685acd-c7ad-4d1f-a570-7323eaa286e6,2026-03-29 13:24:58,Garama and Madundung 650m 🤑🤑 s7,CustomItem,Items,1,Completed,,,15.00000,USD,Positive,Wwwwww,,,15.00000,USD
1439016d-a3b1-4e80-bb4f-09ece1d9c0c8,2026-03-29 12:12:56,"Rebirth 12, Floor 3, Clean Account, only have ID PASSWORD, Please Read Desc
Auto Delivery",Account,Accounts,1,Completed,,,3.00000,USD,Positive,As described,,,3.00000,USD
6143b5ed-5720-4169-b243-8fac4bc367c1,2026-03-29 11:43:27,Noo My Eggs s29,CustomItem,Items,1,Completed,,,4.50000,USD,Positive,,,,4.50000,USD
d38a0993-c98b-4cd1-b078-313e88160327,2026-03-29 07:21:16,Noo My Eggs,CustomItem,Items,1,Completed,,,6.00000,USD,Positive,Very fast and smooth delivery!,,,6.00000,USD
1d7251fc-445b-4a0f-a217-4a2b74145747,2026-03-29 06:15:42,Lavadorito Spinito,CustomItem,Items,1,Canceled,,,2.00000,USD,Unrated,,Cancelation_Of_Reserved_Order,,2.00000,USD
d10a7062-c6d5-4e49-a334-e3603b51baa0,2026-03-29 04:02:27,Noo My Eggs,CustomItem,Items,1,Completed,,,6.00000,USD,Positive,,,,6.00000,USD
19a4205f-27aa-4b9c-a94b-62fbe50744d7,2026-03-29 03:43:55,Lavadorito Spinito,CustomItem,Items,2,Completed,,,2.00000,USD,Positive,Good communication,,,4.00000,USD
22d09c93-1d29-4fc6-b0dd-30b7cd14d44e,2026-03-29 03:38:03,Garama and Madundung s7,CustomItem,Items,1,Completed,,,7.00000,USD,Positive,Helpful and responsive,,,7.00000,USD
95839d69-214d-4d2d-8bd6-75319ab4b82c,2026-03-29 02:02:11,Noo My Eggs,CustomItem,Items,1,Completed,,,6.00000,USD,Positive,Super fast excellent seller. Will use again,,,6.00000,USD
5958c2a3-5804-4d69-ba75-b958868ac70b,2026-03-29 01:54:24,Noo My Eggs,CustomItem,Items,1,Completed,,,6.00000,USD,Positive,,,,6.00000,USD
4fe114f1-9b7e-427c-8727-982d29b53ca8,2026-03-29 01:30:06,Noo My Eggs,CustomItem,Items,1,Completed,,,6.00000,USD,Positive,,,,6.00000,USD
c5e1e8c4-b4d5-475b-b21c-707fb2c3e78e,2026-03-28 23:41:19,"Rebirth 12, Floor 3, Clean Account, only have ID PASSWORD, Please Read Desc
Auto Delivery",Account,Accounts,1,Completed,,,3.00000,USD,Positive,@,,,3.00000,USD
732e577b-e77a-4b49-932f-c012f1ff2dcf,2026-03-28 17:10:54,Esok Sekolah,CustomItem,Items,2,Completed,,,0.50000,USD,Unrated,,,,1.00000,USD
ddeab36c-9160-4e99-b5af-bb00a2e7ece6,2026-03-28 16:40:26,Orcaledon s7,CustomItem,Items,1,Completed,,,5.00000,USD,Unrated,,,,5.00000,USD
0d2fa3a5-da3c-44fa-8294-cf48f962f0e8,2026-03-28 16:21:10,"Rebirth 12, Floor 3, Clean Account, only have ID PASSWORD, Please Read Desc
Auto Delivery",Account,Accounts,1,Completed,,,3.00000,USD,Unrated,,,,3.00000,USD
c680cedc-4dde-4b93-a29d-61c877382999,2026-03-28 16:09:43,Esok Sekolah,CustomItem,Items,4,Completed,,,0.50000,USD,Positive,Extra mile,,,2.00000,USD
ddbb9e33-5ef7-430f-a32d-1f771aec9913,2026-03-28 15:40:04,Garama and Madundung s7,CustomItem,Items,1,Completed,Seller_Delivered_But_Order_Not_Received,,7.00000,USD,Positive,Good price,,,7.00000,USD
371b6546-41ce-47c3-a4ad-99d7dec4a59a,2026-03-28 15:12:54,Los Amigos w,CustomItem,Items,1,Completed,,,20.00000,USD,Unrated,,,,20.00000,USD
a1b25d50-143d-40d1-b2b9-6ddcf63fa800,2026-03-28 14:16:03,Taco Burguro and Fryuro s7,CustomItem,Items,1,Completed,,,9.00000,USD,Positive,,,,9.00000,USD
10ea7926-29ff-4318-bf9e-351197ae15b7,2026-03-28 12:47:21,Tuff Toucan w,CustomItem,Items,1,Completed,,,5.00000,USD,Positive,GOAT,,,5.00000,USD
9a95308f-167f-4a31-93c5-8903bd5b0858,2026-03-28 12:37:20,Garama and Madundung s7,CustomItem,Items,1,Completed,,,7.00000,USD,Positive,Good boy,,,7.00000,USD
f71f42f3-4d6a-4af4-bed5-75c6e4af3419,2026-03-28 11:09:14,"Rebirth 12, Floor 3, Clean Account, only have ID PASSWORD, Please Read Desc
Auto Delivery",Account,Accounts,1,Completed,,,3.00000,USD,Positive,,,,3.00000,USD
81169379-6a48-4284-a647-ce59d8c2812e,2026-03-28 10:38:09,Esok Sekolah,CustomItem,Items,24,Canceled,,,0.50000,USD,Unrated,,Out_Of_Stock,,12.00000,USD
b47821f8-0a7f-45ab-9ee1-b4427004aa01,2026-03-28 10:20:49,"Rebirth 12, Floor 3, Clean Account, only have ID PASSWORD, Please Read Desc
Auto Delivery",Account,Accounts,1,Completed,,,3.00000,USD,Positive,,,,3.00000,USD
97981be0-b7aa-4cf9-a894-e5fcf5cb2713,2026-03-28 10:09:54,Garama and Madundung s7,CustomItem,Items,1,Completed,,,7.00000,USD,Positive,Extra mile,,,7.00000,USD
09dd4283-1271-4502-84be-29c3b259e62c,2026-03-28 09:46:00,Esok Sekolah,CustomItem,Items,1,Canceled,,,0.50000,USD,Unrated,,Buyer_Did_Not_Respond,,0.50000,USD
0735102f-08ff-4c73-b9db-dee91872bfb7,2026-03-28 09:08:04,Nuclearo Dinossauro w,CustomItem,Items,1,Completed,,,3.00000,USD,Positive,GOAT,,,3.00000,USD
7bf747fc-0dde-4b01-951b-142abaf3b76d,2026-03-28 01:38:37,Ketchuru and Musturu s10,CustomItem,Items,1,Canceled,,,5.00000,USD,Unrated,,Buyer_Did_Not_Respond,,5.00000,USD
dbc49be2-5bc3-4673-935e-fddf35bac2b6,2026-03-28 01:12:39,Tang Tang Keletang s21,CustomItem,Items,1,Completed,,,5.00000,USD,Positive,Good price,,,5.00000,USD
9b1fa51f-e7a5-4bf2-9ba0-fb83cefdafe6,2026-03-27 16:58:26,Lavadorito Spinito,CustomItem,Items,1,Completed,,,2.00000,USD,Positive,Good price,,,2.00000,USD
b18a32bc-b12b-402f-8cad-9cff8e1b206a,2026-03-27 16:44:18,"Taco Base Clean Account, only have ID PASSWORD, Please Read Desc Auto Delivery",Account,Accounts,1,Completed,,,3.00000,USD,Positive,Helpful and responsive,,,3.00000,USD
d10576c7-9d2e-46e5-9533-a4e0df482354,2026-03-27 15:26:13,W or L w,CustomItem,Items,1,Completed,,,5.00000,USD,Positive,Good price,,,5.00000,USD
fa176a06-59fd-44d6-85cd-890307d8e4e4,2026-03-27 13:51:58,Burguro and Fryuro s7,CustomItem,Items,1,Completed,,,15.00000,USD,Positive,Fast delivery,,,15.00000,USD
00393b11-f2fb-4840-bfb2-349a2664f245,2026-03-27 13:34:54,Ketupat Kepat s21,CustomItem,Items,1,Completed,,,7.00000,USD,Positive,Helpful and responsive,,,7.00000,USD
d23d635c-ad80-4649-8eb3-072d20918f41,2026-03-27 12:58:07,Garama and Madundung s7,CustomItem,Items,1,Completed,,,7.00000,USD,Positive,GGWP,,,7.00000,USD
56b84bfd-f1e9-4dc7-9b91-e42fef55c412,2026-03-27 11:53:28,Lavadorito Spinito,CustomItem,Items,1,Completed,,,2.00000,USD,Positive,Helpful and responsive,,,2.00000,USD
7c8e4b0d-53d6-43f9-954e-fb97b93ab6ec,2026-03-27 10:46:13,La Romantic Grande s7,CustomItem,Items,1,Completed,,,5.00000,USD,Positive,GOAT,,,5.00000,USD
5c76fdf2-3a96-4609-b6df-c7c28cb23462,2026-03-27 08:00:51,Popcuru and Fizzuru s21,CustomItem,Items,1,Completed,,,10.00000,USD,Positive,Helpful and responsive,,,10.00000,USD
834ec960-e9b7-4865-998c-24455790d7f5,2026-03-27 02:38:48,Garama and Madundung w,CustomItem,Items,1,Completed,,,20.00000,USD,Positive,As described,,,20.00000,USD
33060a25-2eb0-4471-845b-ebe8c6b8d122,2026-03-26 23:52:30,Swaggy Bros s20,CustomItem,Items,1,Canceled,,,7.00000,USD,Unrated,,Buyer_Did_Not_Respond,,7.00000,USD
af939519-b4ef-4743-940a-54ac60e537df,2026-03-26 16:07:27,Ketchuru and Musturu s21,CustomItem,Items,1,Completed,,,5.00000,USD,Positive,Helpful and responsive,,,5.00000,USD
e304e63c-481c-4f00-9257-594cc75bfe16,2026-03-26 14:50:30,,RequestedBoosting,Explorations,1,Completed,,,40.00000,USD,Positive,,,,40.00000,USD
92e14e00-baf4-4252-969c-cc196f475e89,2026-03-26 14:41:38,W or L w,CustomItem,Items,1,Completed,,,5.00000,USD,Positive,Extra mile,,,5.00000,USD
10836910-49f7-4bff-9811-f8df049cc961,2026-03-26 12:22:52,La Taco Combinasion w,CustomItem,Items,1,Completed,,,7.00000,USD,Positive,Fast delivery,,,7.00000,USD
f6665173-d7b7-465e-8bd2-e066d6ba44d8,2026-03-26 10:02:10,Lavadorito Spinito,CustomItem,Items,1,Completed,,,2.00000,USD,Positive,very good and fast,,,2.00000,USD
db5a00df-4170-49dd-a4b0-0708a84eea26,2026-03-26 06:39:27,"Rebirth 12, Floor 3, Clean Account, only have ID PASSWORD, Please Read Desc
Auto Delivery",Account,Accounts,1,Completed,,,3.00000,USD,Positive,GOAT,,,3.00000,USD
539ba16a-133f-45c4-9ed4-0fc2f6fa8645,2026-03-25 20:57:11,"Rebirth 12, Floor 3, Clean Account, only have ID PASSWORD, Please Read Desc
Auto Delivery",Account,Accounts,1,Completed,,,3.00000,USD,Positive,Good communication,,,3.00000,USD
b980844d-85ac-4938-bdc3-af193e682cf1,2026-03-25 13:01:34,Garama and Madundung w,CustomItem,Items,1,Completed,,,15.00000,USD,Positive,Good communication,,,15.00000,USD
94177a26-e802-4c87-a051-31c5a84f3e18,2026-03-25 12:49:48,Ketupat Kepat w,CustomItem,Items,1,Completed,,,3.00000,USD,Positive,Good price,,,3.00000,USD
73c37621-6554-41d9-a693-4e3ab602565d,2026-03-25 11:55:08,"Rebirth 12, Floor 3, Clean Account, only have ID PASSWORD, Please Read Desc
Auto Delivery",Account,Accounts,1,Completed,,,3.00000,USD,Positive,GGWP,,,3.00000,USD
9ba13568-b298-49f9-a02c-96b13fb8df87,2026-03-25 11:48:05,"Rebirth 12, Floor 3, Clean Account, only have ID PASSWORD, Please Read Desc
Auto Delivery",Account,Accounts,1,Completed,,,3.00000,USD,Positive,As described,,,3.00000,USD
86c19929-7fec-4110-a477-5563cb394968,2026-03-25 11:09:08,"Rebirth 12, Floor 3, Clean Account, only have ID PASSWORD, Please Read Desc
Auto Delivery",Account,Accounts,1,Completed,,,3.00000,USD,Positive,Helpful and responsive,,,3.00000,USD
0d676c07-dbee-4c2f-bd7c-f6d6d6ab2f90,2026-03-25 10:39:04,La Ginger Sekolah s21,CustomItem,Items,1,Completed,,,5.00000,USD,Positive,GOAT,,,5.00000,USD
e880ea3b-11ac-4d1d-9d17-8069d331b908,2026-03-25 06:25:47,"Rebirth 12, Floor 3, Clean Account, only have ID PASSWORD, Please Read Desc
Auto Delivery",Account,Accounts,1,Completed,,,3.00000,USD,Positive,,,,3.00000,USD
7fccce38-a965-4b37-8a4c-e4d4dd34d118,2026-03-25 02:37:48,"Rebirth 12, Floor 3, Clean Account, only have ID PASSWORD, Please Read Desc
Auto Delivery",Account,Accounts,1,Completed,,,3.00000,USD,Positive,Good price,,,3.00000,USD
bad84653-05ab-4071-9ce8-72da5403f31f,2026-03-24 16:11:43,"Rebirth 12, Floor 3, Clean Account, only have ID PASSWORD, Please Read Desc
Auto Delivery",Account,Accounts,1,Completed,,,3.00000,USD,Positive,Fast delivery,,,3.00000,USD
4b8c9c68-9e3f-483b-b2f8-84e3d9a5d6da,2026-03-24 14:26:10,Orcaledon s7,CustomItem,Items,1,Completed,,,5.00000,USD,Positive,Good communication,,,5.00000,USD
31901ec3-4c74-461e-868e-f4ff82bb09af,2026-03-24 13:46:12,Chipso and Queso w,CustomItem,Items,1,Completed,,,10.00000,USD,Positive,,,,10.00000,USD
7763455b-7da3-4936-b0dd-62845c30aa94,2026-03-24 13:37:45,"Rebirth 12, Floor 3, Clean Account, only have ID PASSWORD, Please Read Desc
Auto Delivery",Account,Accounts,1,Completed,,,3.00000,USD,Positive,Helpful and responsive,,,3.00000,USD
9be3fa05-1c34-425b-8346-267c61decf9a,2026-03-24 12:33:27,Garama and Madundung w,CustomItem,Items,1,Completed,,,8.00000,USD,Positive,GGWP,,,8.00000,USD
259a98f3-dd0d-4eb3-bd90-29c6971177b1,2026-03-24 12:07:50,La Secret Combinasion w,CustomItem,Items,1,Completed,,,7.00000,USD,Positive,Extra mile,,,7.00000,USD
b22b4a7a-f494-4eb7-9f75-1d3da86c4c7e,2026-03-24 10:48:31,Ketchuru and Musturu s29,CustomItem,Items,1,Completed,,,5.00000,USD,Positive,,,,5.00000,USD
af0924d7-1352-44cd-9e6d-3b40cb57ac2a,2026-03-24 10:20:36,"Rebirth 12, Floor 3, Clean Account, only have ID PASSWORD, Please Read Desc
Auto Delivery",Account,Accounts,1,Completed,,,3.00000,USD,Positive,As described,,,3.00000,USD
b0b4b8d5-98e3-43f9-9606-915793a49d18,2026-03-24 07:43:35,La Taco Combinasion s20,CustomItem,Items,1,Completed,,,5.00000,USD,Positive,Good communication,,,5.00000,USD
65121985-48c3-4910-b71e-93cd1c08724f,2026-03-24 07:17:04,"Rebirth 12, Floor 3, Clean Account, only have ID PASSWORD, Please Read Desc
Auto Delivery",Account,Accounts,1,Completed,,,3.00000,USD,Positive,As described,,,3.00000,USD
aca9d59b-a7fb-43d9-a256-42f41f57db70,2026-03-24 05:09:41,"Rebirth 12, Floor 3, Clean Account, only have ID PASSWORD, Please Read Desc
Auto Delivery",Account,Accounts,1,Completed,,,3.00000,USD,Positive,Fast delivery,,,3.00000,USD
6d3a2364-7666-4894-a7fd-aa0835b68272,2026-03-24 01:57:50,"Rebirth 12, Floor 3, Clean Account, only have ID PASSWORD, Please Read Desc
Auto Delivery",Account,Accounts,1,Completed,,,3.00000,USD,Positive,Helpful and responsive,,,3.00000,USD
a3207952-7bd3-41f2-a0fe-66d7890fa8c9,2026-03-24 01:43:41,Capitano Moby s21,CustomItem,Items,1,Completed,,,15.00000,USD,Positive,Helpful and responsive,,,15.00000,USD
126105e0-e8ba-4d9c-b3a0-1c7c18ac48e6,2026-03-24 00:33:29,Money Martino Gravitino 2.54sp/s,CustomItem,Items,1,Completed,,,6.00000,USD,Positive,Good price,,,6.00000,USD
d7f07bbf-976a-4da0-acf3-ba585146d7d4,2026-03-23 20:16:08,"Rebirth 12, Floor 3, Clean Account, only have ID PASSWORD, Please Read Desc
Auto Delivery",Account,Accounts,1,Completed,,,3.00000,USD,Positive,GGWP,,,3.00000,USD
de204853-d726-4885-87b6-8f85bc77c6c2,2026-03-23 17:15:50,"Rebirth 12, Floor 3, Clean Account, only have ID PASSWORD, Please Read Desc
Auto Delivery",Account,Accounts,1,Completed,,,3.00000,USD,Unrated,,,,3.00000,USD
e85d82d6-e306-4330-9b00-1d2d0bfba7da,2026-03-23 16:48:34,"Rebirth 12, Floor 3, Clean Account, only have ID PASSWORD, Please Read Desc
Auto Delivery",Account,Accounts,1,Completed,,,3.00000,USD,Positive,,,,3.00000,USD
6675be5f-1f2e-4ce5-9b29-feb756fa346c,2026-03-23 15:18:18,Esok Sekolah,CustomItem,Items,2,Completed,,,0.50000,USD,Positive,Extra mile,,,1.00000,USD
06499069-a15d-47c7-957f-8ece3a126f13,2026-03-23 15:04:59,Garama and Madundung w,CustomItem,Items,1,Completed,,,10.00000,USD,Positive,Extra mile,,,10.00000,USD
e10e5b9b-52f4-403e-a824-2c51c7dc82ce,2026-03-23 15:01:34,Ketchuru and Musturu s7,CustomItem,Items,1,Completed,,,5.00000,USD,Positive,GGWP,,,5.00000,USD
e6e11ba8-0af1-4f12-af44-2157a4e6b15f,2026-03-23 14:48:22,Esok Sekolah,CustomItem,Items,1,Completed,,,0.50000,USD,Positive,As described,,,0.50000,USD
556da829-16d9-4c50-b816-38668dc0d087,2026-03-23 14:30:50,"Rebirth 12, Floor 3, Clean Account, only have ID PASSWORD, Please Read Desc
Auto Delivery",Account,Accounts,1,Completed,,,3.00000,USD,Unrated,,,,3.00000,USD
e2c9b290-90f1-4b32-ab3e-ba670ee10b20,2026-03-23 14:22:36,Los Puggies s7,CustomItem,Items,1,Completed,,,5.00000,USD,Positive,GGWP,,,5.00000,USD
b0f6e7a8-0d43-4a50-bfef-2b241a1da708,2026-03-23 14:05:22,Esok Sekolah,CustomItem,Items,2,Completed,,,0.50000,USD,Positive,Good communication,,,1.00000,USD
66275a20-02d3-42ba-b0ea-a31efa122ba4,2026-03-23 13:35:56,"Rebirth 12, Floor 3, Clean Account, only have ID PASSWORD, Please Read Desc
Auto Delivery",Account,Accounts,1,Completed,,,3.00000,USD,Positive,GOAT,,,3.00000,USD
8b3136d4-61e6-4b5a-92f1-25eb9cd36849,2026-03-23 12:33:34,"Rebirth 12, Floor 3, Clean Account, only have ID PASSWORD, Please Read Desc
Auto Delivery",Account,Accounts,1,Completed,,,3.00000,USD,Positive,,,,3.00000,USD
446d92ec-6fd8-4c75-a713-5de23c633173,2026-03-23 11:52:04,Lavadorito Spinito,CustomItem,Items,1,Completed,,,1.50000,USD,Positive,Extra mile,,,1.50000,USD
7ad9dc6a-5ab6-4001-921c-d090cdafcad3,2026-03-23 11:20:29,Esok Sekolah,CustomItem,Items,4,Completed,,,0.50000,USD,Positive,Fast delivery,,,2.00000,USD
4e98feeb-414e-485e-8649-b833c6b72352,2026-03-23 11:15:21,Ketchuru and Musturu s7,CustomItem,Items,1,Completed,,,7.00000,USD,Positive,GOAT,,,7.00000,USD
3b0105cd-0e2c-49c5-9958-42b38b939d22,2026-03-23 10:59:22,"Rebirth 12, Floor 3, Clean Account, only have ID PASSWORD, Please Read Desc
Auto Delivery",Account,Accounts,1,Completed,,,3.00000,USD,Positive,,,,3.00000,USD
c999db97-8783-4f6e-916b-74acb28fce3c,2026-03-23 10:54:56,La Secret Combinasion w,CustomItem,Items,1,Completed,,,5.00000,USD,Positive,As described,,,5.00000,USD
2655f604-9278-4be4-a8dd-a52c44c5d782,2026-03-23 10:04:51,Esok Sekolah,CustomItem,Items,3,Completed,,,0.50000,USD,Positive,great and fast,,,1.50000,USD
ca3459f4-7250-4f75-aec8-66b8f5c4f9ab,2026-03-23 09:10:09,"Rebirth 12, Floor 3, Clean Account, only have ID PASSWORD, Please Read Desc
Auto Delivery",Account,Accounts,1,Completed,,,3.00000,USD,Positive,Helpful and responsive,,,3.00000,USD
32ca504d-f2de-4013-8261-2bf80dd6e698,2026-03-23 01:12:49,"Rebirth 12, Floor 3, Clean Account, only have ID PASSWORD, Please Read Desc
Auto Delivery",Account,Accounts,1,Canceled,,,3.00000,USD,Unrated,,Account_Listed_Incorrectly,,3.00000,USD
9bebb4c3-31af-4e87-8619-d64e67095486,2026-03-22 23:38:20,"Rebirth 12, Floor 3, Clean Account, only have ID PASSWORD, Please Read Desc
Auto Delivery",Account,Accounts,1,Completed,,,3.00000,USD,Positive,,,,3.00000,USD
707c0b73-6da5-47a5-8a2e-57b056918f8e,2026-03-22 19:25:52,"Rebirth 12, Floor 3, Clean Account, only have ID PASSWORD, Please Read Desc
Auto Delivery",Account,Accounts,1,Completed,,,3.00000,USD,Positive,,,,3.00000,USD
3db62f31-97bb-45fb-83a1-eec3203dfe58,2026-03-22 19:07:01,"Rebirth 12, Floor 3, Clean Account, only have ID PASSWORD, Please Read Desc
Auto Delivery",Account,Accounts,1,Completed,,,3.00000,USD,Positive,,,,3.00000,USD
a14e9338-d931-4ed6-a1d0-54006320867d,2026-03-22 10:45:58,"Rebirth 12, Floor 3, Clean Account, only have ID PASSWORD, Please Read Desc
Auto Delivery",Account,Accounts,1,Completed,,,3.00000,USD,Positive,,,,3.00000,USD
c3a27732-3c25-45bc-a676-9ea9e83439e6,2026-03-22 10:37:57,"Rebirth 12, Floor 3, Clean Account, only have ID PASSWORD, Please Read Desc
Auto Delivery",Account,Accounts,1,Completed,,,3.00000,USD,Positive,Extra mile,,,3.00000,USD
c189ef22-af9f-48e6-a04f-31504cd39774,2026-03-22 10:18:37,"Rebirth 12, Floor 3, Clean Account, only have ID PASSWORD, Please Read Desc
Auto Delivery",Account,Accounts,1,Completed,,,3.00000,USD,Positive,Fast delivery,,,3.00000,USD
49782a98-0a7e-42f9-a6b0-3ff8c6c4498c,2026-03-22 09:40:53,"Rebirth 12, Floor 3, Clean Account, only have ID PASSWORD, Please Read Desc
Auto Delivery",Account,Accounts,1,Completed,,,3.00000,USD,Positive,GGWP,,,3.00000,USD
d7327477-304d-4ce4-9c86-c1f56d6a79f6,2026-03-22 09:39:21,Garama and Madundung - s20,CustomItem,Items,1,Canceled,,,15.00000,USD,Unrated,,Buyer_Does_Not_Need_It_Anymore,,15.00000,USD
60a48f9d-81bf-43b6-8095-a56316dc0eda,2026-03-22 09:29:58,"Rebirth 12, Floor 3, Clean Account, only have ID PASSWORD, Please Read Desc
Auto Delivery",Account,Accounts,1,Completed,,,3.00000,USD,Positive,Good price,,,3.00000,USD
71ed1f87-23c1-41d3-a197-eaac9073dc17,2026-03-22 09:24:29,Eviledon s21,CustomItem,Items,1,Completed,,,10.00000,USD,Positive,As described,,,10.00000,USD
93f06b6e-ef5b-4a06-9032-65ecc25eaa59,2026-03-22 08:29:08,Spaghetti Tualetti + Esok Sekolah - s16,CustomItem,Items,1,Completed,,,5.00000,USD,Positive,Helpful and responsive,,,5.00000,USD
53a06377-e6e9-4957-a0cb-d78d2c778c99,2026-03-22 08:28:50,"Rebirth 12, Floor 3, Clean Account, only have ID PASSWORD, Please Read Desc
Auto Delivery",Account,Accounts,1,Completed,,,3.00000,USD,Positive,Good price,,,3.00000,USD
c549215e-3bb3-4be0-91e1-9188b19cb4cf,2026-03-22 07:13:21,"Rebirth 12, Floor 3, Clean Account, only have ID PASSWORD, Please Read Desc
Auto Delivery",Account,Accounts,1,Completed,,,3.00000,USD,Positive,w,,,3.00000,USD
b02ec5db-e7c7-45d1-98aa-b4a5d7b3d546,2026-03-22 06:26:03,"Rebirth 12, Floor 3, Clean Account, only have ID PASSWORD, Please Read Desc
Auto Delivery",Account,Accounts,1,Completed,,,3.00000,USD,Positive,,,,3.00000,USD
da05dd9e-d521-4389-9ea1-e9ea2aca885f,2026-03-22 05:46:49,"Rebirth 12, Floor 3, Clean Account, only have ID PASSWORD, Please Read Desc
Auto Delivery",Account,Accounts,1,Completed,,,3.00000,USD,Positive,Good communication,,,3.00000,USD
e4bdcc64-5245-4cb8-95e7-7b5d51da0fb1,2026-03-22 05:22:38,Garama and Madundung s20,CustomItem,Items,1,Completed,,,15.00000,USD,Positive,"quick, trusted and simple",,,15.00000,USD
36da742f-cbf2-4e4f-9bdb-957b9a2f56b5,2026-03-22 04:47:06,"Rebirth 12, Floor 3, Clean Account, only have ID PASSWORD, Please Read Desc
Auto Delivery",Account,Accounts,1,Completed,,,3.00000,USD,Positive,,,,3.00000,USD
bc70c5a2-5518-4333-989d-ce2789f2ef9a,2026-03-22 03:29:26,"Rebirth 12, Floor 3, Clean Account, only have ID PASSWORD, Please Read Desc
Auto Delivery",Account,Accounts,1,Completed,,,3.00000,USD,Positive,Helpful and responsive,,,3.00000,USD
36620cd0-f0a1-4c4e-a32d-8d2a25ba5560,2026-03-22 03:15:25,Garama and Madundung s20,CustomItem,Items,1,Completed,,,10.00000,USD,Positive,Good communication,,,10.00000,USD
ad447a73-118c-4ca1-a2c7-ba11de731e54,2026-03-22 03:12:49,"Rebirth 12, Floor 3, Clean Account, only have ID PASSWORD, Please Read Desc
Auto Delivery",Account,Accounts,1,Completed,,,3.00000,USD,Positive,w,,,3.00000,USD
6ad69372-23ee-4699-b5d4-4b6d4e36aa35,2026-03-22 02:35:36,"Rebirth 12, Floor 3, Clean Account, only have ID PASSWORD, Please Read Desc
Auto Delivery",Account,Accounts,1,Completed,,,3.00000,USD,Positive,GGWP,,,3.00000,USD
74da30e8-b1cf-4df0-80b5-fb9d91fe443d,2026-03-22 02:19:38,Los Bros s7,CustomItem,Items,1,Completed,,,10.00000,USD,Positive,Very quick and trusted,,,10.00000,USD
4fddd8c4-0dab-4c1a-ae58-994775de5ade,2026-03-21 16:30:09,"Rebirth 12, Floor 3, Clean Account, only have ID PASSWORD, Please Read Desc
Auto Delivery",Account,Accounts,1,Completed,,,3.00000,USD,Positive,Good price,,,3.00000,USD
e3cb75c9-fb80-4eee-bc42-58de0612bd00,2026-03-21 16:20:24,"Rebirth 12, Floor 3, Clean Account, only have ID PASSWORD, Please Read Desc
Auto Delivery",Account,Accounts,1,Completed,,,3.00000,USD,Positive,Helpful and responsive,,,3.00000,USD
1dff946b-5d21-45b4-9c49-e34e8b6c14ce,2026-03-21 15:18:23,"Rebirth 12, Floor 3, Clean Account, only have ID PASSWORD, Please Read Desc
Auto Delivery",Account,Accounts,1,Completed,,,3.00000,USD,Positive,Helpful and responsive,,,3.00000,USD
892c001c-07f9-4fb5-a250-5bad03f1aaf5,2026-03-21 12:56:47,Snailo Clovero,CustomItem,Items,1,Completed,,,4.49000,USD,Positive,Fast delivery,,,4.49000,USD
e778be7b-a7d7-434b-9ea4-acfdc5b03649,2026-03-21 12:52:14,Snailo Clovero,CustomItem,Items,1,Completed,,,4.49000,USD,Positive,Fast delivery,,,4.49000,USD
a50348ef-700d-493e-b915-639161da7619,2026-03-21 12:50:35,Garama and Madundung s20,CustomItem,Items,1,Canceled,,,15.00000,USD,Unrated,,Buyer_Did_Not_Respond,,15.00000,USD
074ecc38-a1ae-4781-a2ac-e28d964d431a,2026-03-21 12:18:17,Noo my Gold,CustomItem,Items,1,Completed,,,2.00000,USD,Positive,Extra mile,,,2.00000,USD
a324a6a0-7f3c-4890-bd38-40b319a32ea0,2026-03-21 12:17:12,Noo my Gold,CustomItem,Items,1,Completed,,,2.00000,USD,Positive,Fast delivery,,,2.00000,USD
ae895b90-989b-496d-b84c-7d5a8c589c4e,2026-03-21 12:14:01,Noo my Gold,CustomItem,Items,1,Completed,,,2.00000,USD,Positive,Helpful and responsive,,,2.00000,USD
9d71b003-2f78-4a23-a4c7-0e397b78d186,2026-03-21 12:12:30,Noo my Gold,CustomItem,Items,3,Completed,,,2.00000,USD,Positive,GGWP,,,6.00000,USD
2c70d70f-57e0-4696-8c56-06776a998a95,2026-03-21 12:12:04,Noo my Gold,CustomItem,Items,1,Completed,,,2.00000,USD,Positive,Extra mile,,,2.00000,USD
8998f23d-6561-41ac-94d9-73bb480f2ebc,2026-03-21 12:05:59,Noo my Gold,CustomItem,Items,1,Completed,,,2.00000,USD,Positive,,,,2.00000,USD
826969a3-84ae-4650-b170-be2afb6fd9a1,2026-03-21 11:58:15,La Secret Combinasion w,CustomItem,Items,1,Completed,,,15.00000,USD,Positive,Good communication,,,15.00000,USD
618f4e76-2168-4fe2-99ff-e4a12da63221,2026-03-21 11:49:13,Noo my Gold,CustomItem,Items,1,Completed,,,2.00000,USD,Positive,Good communication,,,2.00000,USD
e06aa553-7fd6-4745-a6ae-fd1c0961b7f4,2026-03-21 11:41:46,"Rebirth 12, Floor 3, Clean Account, only have ID PASSWORD, Please Read Desc
Auto Delivery",Account,Accounts,1,Completed,,,3.00000,USD,Positive,GGWP,,,3.00000,USD
ed885c7d-ad09-412c-8e8b-9d70b537d242,2026-03-21 11:36:37,Noo my Gold,CustomItem,Items,1,Completed,,,2.00000,USD,Positive,Helpful and responsive,,,2.00000,USD
dae178fe-1b97-4738-a60d-11c8d001e27c,2026-03-21 11:30:56,Noo my Gold,CustomItem,Items,1,Completed,,,2.00000,USD,Positive,Good communication,,,2.00000,USD
99d9db8e-0a60-4ad6-869d-89a66751b1df,2026-03-21 11:21:46,Noo my Gold,CustomItem,Items,1,Completed,,,2.00000,USD,Positive,W mansss,,,2.00000,USD
d8e15fd0-f551-4225-86a2-00ec767875b1,2026-03-21 11:14:28,Noo my Gold,CustomItem,Items,1,Completed,,,2.00000,USD,Positive,Extra mile,,,2.00000,USD
f65b0eb4-cd01-46e8-939e-e3eb84d160a5,2026-03-21 11:11:20,Noo my Gold,CustomItem,Items,1,Completed,,,2.00000,USD,Positive,Perfect,,,2.00000,USD
dfee29be-a841-45a2-abf3-24c3636999d4,2026-03-21 11:09:53,Noo my Gold,CustomItem,Items,1,Completed,,,2.00000,USD,Positive,Extra mile,,,2.00000,USD
8ca38bd8-ca72-4327-a332-54c65f02fecb,2026-03-21 11:08:01,Noo my Gold,CustomItem,Items,1,Completed,,,2.00000,USD,Positive,GOAT,,,2.00000,USD
d0ded1df-0435-4b7b-9638-342653c1db6d,2026-03-21 10:58:28,Noo my Gold,CustomItem,Items,2,Completed,,,2.00000,USD,Positive,his the goat he give me   a better brainrot,,,4.00000,USD
5c4bc7f4-6ebd-4418-bcc9-f0dc85f77426,2026-03-21 10:17:09,La Food Combinasion s7,CustomItem,Items,1,Completed,,,30.00000,USD,Positive,GGWP,,,30.00000,USD
d9f44d73-0996-405d-b9e1-7c5bf5894647,2026-03-21 09:38:24,Garama and Madundung s20,CustomItem,Items,1,Completed,,,10.00000,USD,Positive,Extra mile,,,10.00000,USD
37f1282e-6e9e-4acf-ada3-359ea2b9a427,2026-03-21 09:13:23,"Rebirth 12, Floor 3, Clean Account, only have ID PASSWORD, Please Read Desc
Auto Delivery",Account,Accounts,1,Completed,,,3.00000,USD,Positive,Extra mile,,,3.00000,USD
f0e9a2c9-21d9-4a54-8b03-fba49c0c7001,2026-03-21 09:05:10,"Rebirth 12, Floor 3, Clean Account, only have ID PASSWORD, Please Read Desc
Auto Delivery",Account,Accounts,1,Completed,,,3.00000,USD,Positive,,,,3.00000,USD
2e56f612-381d-440a-bf29-dbb152956589,2026-03-21 08:20:33,Noo my Gold,CustomItem,Items,1,Completed,,,2.00000,USD,Positive,,,,2.00000,USD
75d96c0e-b9f3-42be-be87-4645b759201c,2026-03-21 08:01:07,Garama and Madundung s20,CustomItem,Items,1,Completed,,,30.00000,USD,Positive,GGWP,,,30.00000,USD
97109ecc-736e-4ea4-94f9-ed442fa2d8bc,2026-03-21 06:46:13,Snailo Clovero,CustomItem,Items,1,Completed,,,4.49000,USD,Positive,As described,,,4.49000,USD
2728c392-c3ee-4979-addd-cae404eea488,2026-03-21 06:42:48,Snailo Clovero,CustomItem,Items,1,Completed,,,4.49000,USD,Positive,Helpful and responsive,,,4.49000,USD
d6cb41b9-a9fd-455d-a658-6e9cf2403963,2026-03-21 06:42:47,Snailo Clovero,CustomItem,Items,1,Completed,,,4.49000,USD,Positive,Good price,,,4.49000,USD
8f6b1614-4cb7-4cc8-aa98-b34f29d176dd,2026-03-21 06:35:06,Snailo Clovero,CustomItem,Items,1,Completed,,,4.49000,USD,Positive,,,,4.49000,USD
85acf07d-e9c2-4608-8d1f-677cc09151c4,2026-03-21 06:20:23,Snailo Clovero,CustomItem,Items,1,Completed,,,4.49000,USD,Positive,Helpful and responsive,,,4.49000,USD
42a01520-a0f4-438b-bd2d-927d48ca3415,2026-03-21 06:16:53,Snailo Clovero,CustomItem,Items,1,Completed,,,4.49000,USD,Positive,As described,,,4.49000,USD
ef23b852-3214-4d4d-b86e-1381d64c9c1a,2026-03-21 03:35:05,Snailo Clovero,CustomItem,Items,1,Completed,,,4.49000,USD,Positive,Helpful and responsive,,,4.49000,USD
12dd7b71-5049-48f8-80eb-fa27c6bc108d,2026-03-21 03:01:22,"Rebirth 12, Floor 3, Clean Account, only have ID PASSWORD, Please Read Desc
Auto Delivery",Account,Accounts,1,Completed,,,3.00000,USD,Positive,Fast delivery,,,3.00000,USD
4266c90d-4430-42c4-9263-31e0f1ea0af3,2026-03-21 02:55:03,Snailo Clovero,CustomItem,Items,1,Completed,,,4.49000,USD,Positive,Extra mile,,,4.49000,USD
8076579b-9060-4cfe-9bcb-442bf6c2bbc4,2026-03-21 02:51:44,"Rebirth 12, Floor 3, Clean Account, only have ID PASSWORD, Please Read Desc
Auto Delivery",Account,Accounts,1,Completed,,,3.00000,USD,Positive,,,,3.00000,USD
22eca938-8531-4abf-a849-ff0bb7d02863,2026-03-21 02:49:30,Snailo Clovero,CustomItem,Items,1,Completed,,,4.49000,USD,Positive,Extra mile,,,4.49000,USD
27ea7d5e-788a-4aee-b8e4-dbe1d2a6cd9e,2026-03-21 02:35:26,Snailo Clovero,CustomItem,Items,1,Completed,,,4.49000,USD,Positive,Helpful and responsive,,,4.49000,USD
915d75ce-9660-444a-bd60-5dfbd6dcfd44,2026-03-21 02:34:35,Snailo Clovero,CustomItem,Items,1,Completed,,,4.49000,USD,Positive,Fast delivery,,,4.49000,USD
716f675a-407a-4e61-91d2-1649195a83ad,2026-03-21 02:29:49,"Rebirth 12, Floor 3, Clean Account, only have ID PASSWORD, Please Read Desc
Auto Delivery",Account,Accounts,1,Completed,,,3.00000,USD,Positive,Good communication,,,3.00000,USD
bbcda830-1741-42ea-a0da-f38fd1648e72,2026-03-21 02:20:24,Snailo Clovero,CustomItem,Items,1,Completed,,,4.49000,USD,Positive,highly recommended,,,4.49000,USD
fd4c3882-dcb8-4ffc-bf67-aec9ccc508dc,2026-03-21 01:35:39,"Rebirth 12, Floor 3, Clean Account, only have ID PASSWORD, Please Read Desc
Auto Delivery",Account,Accounts,1,Completed,,,3.00000,USD,Positive,,,,3.00000,USD
8707d185-1f06-4312-a1e5-a969f9521e1a,2026-03-21 01:32:20,Snailo Clovero,CustomItem,Items,1,Completed,,,4.49000,USD,Positive,,,,4.49000,USD
8f2ca200-0008-437d-aae8-907522767e86,2026-03-21 01:26:53,Snailo Clovero,CustomItem,Items,1,Completed,,,4.49000,USD,Positive,As described,,,4.49000,USD
9eb9185e-572c-4925-801d-0d7e99566a29,2026-03-21 01:18:05,Snailo Clovero,CustomItem,Items,1,Completed,,,4.49000,USD,Positive,Good communication,,,4.49000,USD
a17b2d51-e349-44de-b947-d16a104a6105,2026-03-21 01:05:45,Snailo Clovero,CustomItem,Items,1,Completed,,,3.99000,USD,Positive,,,,3.99000,USD
1edb0b19-c9b7-4e0d-90a3-7d528238a288,2026-03-21 01:05:36,Snailo Clovero,CustomItem,Items,1,Completed,,,3.99000,USD,Positive,Good,,,3.99000,USD
7d1f9b1c-7271-4dfc-9cd6-639415d4ea25,2026-03-21 00:45:20,Snailo Clovero,CustomItem,Items,1,Completed,,,3.99000,USD,Positive,,,,3.99000,USD
cd6f6466-38ef-46fc-bedb-767edd3b2600,2026-03-21 00:28:05,Noo my Gold,CustomItem,Items,1,Completed,,,2.00000,USD,Positive,,,,2.00000,USD
168155db-2fd0-41e9-96d6-d7a3cfa88d56,2026-03-21 00:27:27,Snailo Clovero,CustomItem,Items,1,Completed,,,3.99000,USD,Positive,Very fast,,,3.99000,USD
abc6633a-8e8b-4e88-9dba-f0bed5ebe522,2026-03-21 00:25:19,Noo my Gold,CustomItem,Items,2,Completed,,,2.00000,USD,Positive,,,,4.00000,USD
2bff21b3-577b-4add-ac54-b275095698d9,2026-03-21 00:10:58,Nuclearo Dinossauro s,CustomItem,Items,1,Completed,,,5.00000,USD,Positive,Extra mile,,,5.00000,USD
5742f8d1-f008-419c-a80c-dc6950d5ace6,2026-03-21 00:00:28,Snailo Clovero s24,CustomItem,Items,3,Completed,,,4.49000,USD,Positive,GGWP,,,13.47000,USD
cab002ac-0800-42aa-a90e-ccddcd4524cd,2026-03-20 23:55:40,Snailo Clovero s24,CustomItem,Items,1,Completed,,,4.49000,USD,Positive,Good communication,,,4.49000,USD
89b0c3d8-49cf-4a58-9815-bcc9f45fa416,2026-03-20 23:52:48,Snailo Clovero s24,CustomItem,Items,1,Completed,,,4.49000,USD,Positive,Extra mile,,,4.49000,USD
dc9cbdeb-652e-4aee-b285-936967c8d524,2026-03-20 23:45:58,Noo my Gold,CustomItem,Items,2,Completed,,,2.00000,USD,Positive,,,,4.00000,USD
01310d46-f6a4-4fae-9205-333587869812,2026-03-20 23:39:25,Tuff Toucan w,CustomItem,Items,1,Completed,,,10.00000,USD,Positive,GGWP,,,10.00000,USD
d65df3d6-341a-4b92-a2cf-9cd8ad1ba91b,2026-03-20 23:33:17,Snailo Clovero s24,CustomItem,Items,1,Completed,,,4.49000,USD,Positive,,,,4.49000,USD
6d58df46-8863-48c4-8f7a-5cf47b552634,2026-03-20 23:32:31,Snailo Clovero s24,CustomItem,Items,1,Completed,,,4.49000,USD,Positive,Extra mile,,,4.49000,USD
cba4cb02-ef5b-41d0-b6b5-40624f62d721,2026-03-20 23:17:54,Snailo Clovero s24,CustomItem,Items,1,Canceled,,,4.49000,USD,Unrated,,Buyer_Did_Not_Respond,,4.49000,USD
e35acb7a-d8fd-440f-94ec-ae51305468a3,2026-03-20 23:17:01,Snailo Clovero,CustomItem,Items,1,Completed,,,3.99000,USD,Positive,,,,3.99000,USD
061b2556-685b-4fb4-ad31-4cca375153cc,2026-03-20 23:15:44,Snailo Clovero,CustomItem,Items,1,Completed,,,3.99000,USD,Positive,Good price,,,3.99000,USD
ac385c86-2db7-49c1-9460-779fc012f30f,2026-03-20 23:12:35,Noo my Gold,CustomItem,Items,1,Completed,,,2.00000,USD,Positive,Helpful and responsive,,,2.00000,USD
1a5e9f83-7cc8-4eba-a2b2-494143e3f76c,2026-03-20 16:01:21,Snailo Clovero,CustomItem,Items,1,Completed,,,3.99000,USD,Positive,,,,3.99000,USD
4482c06d-5592-42ad-a7d8-00a5698f8684,2026-03-20 16:00:41,Snailo Clovero,CustomItem,Items,1,Completed,,,3.99000,USD,Positive,Fast delivery,,,3.99000,USD
8b753a62-8ed0-4523-bb32-dc87f2b1c904,2026-03-20 15:59:01,Snailo Clovero s24,CustomItem,Items,1,Completed,,,3.75000,USD,Positive,GGWP,,,3.75000,USD
d23dbce7-4da2-42af-8fe9-846e26348833,2026-03-20 15:56:27,Snailo Clovero,CustomItem,Items,1,Completed,,,3.99000,USD,Positive,GGWP,,,3.99000,USD
669d87f0-ac07-4b59-9e52-f4daec7e6ee9,2026-03-20 15:55:54,Snailo Clovero s24,CustomItem,Items,1,Completed,,,3.75000,USD,Positive,Helpful and responsive,,,3.75000,USD
03ce1ad5-fc05-4063-9d9b-dffea0c8d485,2026-03-20 15:54:16,Snailo Clovero s24,CustomItem,Items,1,Completed,,,3.75000,USD,Positive,Fast delivery,,,3.75000,USD
a69750a3-e35c-48ab-b26c-aadb78d605d8,2026-03-20 15:52:00,Snailo Clovero,CustomItem,Items,1,Completed,,,3.99000,USD,Positive,Extra mile,,,3.99000,USD
0f138e2a-2360-47de-99f3-7ee92d606827,2026-03-20 15:48:10,Snailo Clovero,CustomItem,Items,1,Canceled,,,3.99000,USD,Unrated,,Buyer_Did_Not_Respond,,3.99000,USD
1f7883f5-8dea-481f-ac99-d4ba5a888d31,2026-03-20 15:43:42,Snailo Clovero s24,CustomItem,Items,2,Completed,,,3.75000,USD,Positive,Good communication,,,7.50000,USD
6556f17a-5ac2-4366-aa30-8654640aac61,2026-03-20 15:41:39,Snailo Clovero,CustomItem,Items,1,Completed,,,3.99000,USD,Positive,,,,3.99000,USD
80b7b631-9571-4942-938a-2b7137c56bd7,2026-03-20 15:41:14,Snailo Clovero,CustomItem,Items,1,Completed,,,3.99000,USD,Positive,Good price,,,3.99000,USD
d4347ebb-8991-41e0-a2df-90458ab0962c,2026-03-20 15:37:45,Snailo Clovero,CustomItem,Items,1,Completed,,,3.99000,USD,Positive,Fast delivery,,,3.99000,USD
ad1b660d-7c7b-4dd9-a528-4a9acf587156,2026-03-20 15:29:44,Snailo Clovero s24,CustomItem,Items,1,Completed,,,3.75000,USD,Positive,Helpful and responsive,,,3.75000,USD
14cf38cb-1156-4a78-9806-584f562a27cd,2026-03-20 15:18:08,Snailo Clovero,CustomItem,Items,1,Completed,,,3.99000,USD,Positive,Good communication,,,3.99000,USD
8673c0a4-0822-4069-9b23-6c3126e7b67c,2026-03-20 15:14:46,Snailo Clovero s24,CustomItem,Items,1,Completed,,,3.75000,USD,Positive,,,,3.75000,USD
723bfa5c-91cf-4647-92da-41c557756651,2026-03-20 15:12:12,Snailo Clovero,CustomItem,Items,1,Completed,,,3.99000,USD,Positive,As described,,,3.99000,USD
00d87d8e-1f19-4907-9434-4cab4f6eebb5,2026-03-20 15:01:39,Snailo Clovero,CustomItem,Items,1,Completed,,,3.99000,USD,Positive,As described,,,3.99000,USD
30998f73-f176-4ea0-bea6-7f96f4bca585,2026-03-20 14:57:39,Snailo Clovero,CustomItem,Items,1,Completed,,,3.99000,USD,Positive,GGWP,,,3.99000,USD
a6d6e0ac-a931-40a1-8936-6a657a181592,2026-03-20 14:53:25,Snailo Clovero s24,CustomItem,Items,4,Completed,,,3.75000,USD,Positive,parfais merci,,,15.00000,USD
24f6cb88-48cc-4de5-9bca-be41c9ca6d9b,2026-03-20 14:14:36,Snailo Clovero,CustomItem,Items,1,Completed,,,3.99000,USD,Positive,,,,3.99000,USD
d89b9147-e03b-438b-b5b0-88e3d0c18ff4,2026-03-20 14:07:35,Snailo Clovero,CustomItem,Items,2,Completed,,,3.99000,USD,Positive,Good communication,,,7.98000,USD
10679b73-b23f-4723-985c-e8de606e9977,2026-03-20 14:06:31,Snailo Clovero s24,CustomItem,Items,1,Completed,,,3.75000,USD,Positive,GOAT,,,3.75000,USD
621912ce-4954-4340-bfa3-dd7128778f98,2026-03-20 14:01:57,Snailo Clovero,CustomItem,Items,1,Completed,,,3.99000,USD,Positive,"Schnelle und unkomplizierte Abwicklung, gerne wieder",,,3.99000,USD
8a2108f7-525e-42cf-9eca-9dd8d1107038,2026-03-20 14:01:29,Snailo Clovero s24,CustomItem,Items,3,Completed,,,3.75000,USD,Positive,GOAT,,,11.25000,USD
f6d3ec4a-4b0f-4503-b74b-f6ae22ce1baf,2026-03-20 12:57:28,Snailo Clovero,CustomItem,Items,1,Completed,,,3.99000,USD,Positive,GOAT,,,3.99000,USD
205e1c8e-ef72-43c5-a92b-197cd5779001,2026-03-20 12:39:57,Snailo Clovero s24,CustomItem,Items,1,Completed,,,3.75000,USD,Positive,Fast delivery,,,3.75000,USD
40f55f83-f36c-4aea-8580-a05553f76f5d,2026-03-20 12:33:10,Snailo Clovero,CustomItem,Items,1,Completed,,,3.99000,USD,Positive,Good communication,,,3.99000,USD
79d25fb2-217e-44ba-8007-ee38874dfe2d,2026-03-20 12:21:28,Snailo Clovero,CustomItem,Items,1,Completed,,,3.99000,USD,Positive,GOAT,,,3.99000,USD
512f9e04-5eee-4587-a539-510f4239bf93,2026-03-20 12:14:07,Snailo Clovero s24,CustomItem,Items,1,Completed,,,3.75000,USD,Positive,Helpful and responsive,,,3.75000,USD
a77539a1-653b-41b2-847b-48b9ecd2ad8a,2026-03-20 12:10:54,Snailo Clovero,CustomItem,Items,1,Completed,,,3.99000,USD,Positive,Good price,,,3.99000,USD
01d2b67e-17fb-4ec2-a112-64bf4dad1c5d,2026-03-20 12:10:18,Snailo Clovero,CustomItem,Items,1,Completed,,,3.99000,USD,Positive,Fast delivery,,,3.99000,USD
10502d04-4b2f-4303-805f-11239eacb556,2026-03-20 12:06:42,Snailo Clovero,CustomItem,Items,1,Completed,,,3.99000,USD,Positive,,,,3.99000,USD
aa224f5b-8cac-458b-b07b-f77c28216212,2026-03-20 12:05:48,Snailo Clovero,CustomItem,Items,2,Completed,,,3.99000,USD,Positive,,,,7.98000,USD
6454d3c0-072b-47a6-a867-05bda0d23aef,2026-03-20 12:03:50,Snailo Clovero,CustomItem,Items,2,Completed,,,3.99000,USD,Positive,Good communication,,,7.98000,USD
491c4d4b-1c02-404b-af5c-ef98738c09da,2026-03-20 11:48:41,Snailo Clovero s24,CustomItem,Items,2,Completed,,,3.75000,USD,Positive,As described,,,7.50000,USD
3dfd3f4c-b8e2-4e35-860c-472fdadb2d23,2026-03-20 11:21:53,Snailo Clovero s24,CustomItem,Items,1,Completed,,,3.75000,USD,Positive,Good price,,,3.75000,USD
b24fdcef-56bc-4e5d-ad41-8596c4c0ba3b,2026-03-20 11:11:06,Noo my Gold,CustomItem,Items,1,Completed,,,2.00000,USD,Positive,Extra mile,,,2.00000,USD
09a069b9-214b-43b3-a453-ee4fc3b30630,2026-03-20 10:45:38,Snailo Clovero s24,CustomItem,Items,1,Completed,,,3.75000,USD,Positive,LEGIT,,,3.75000,USD
c9b15c3d-077b-4d25-93ad-169b311db687,2026-03-20 10:43:35,Snailo Clovero s24,CustomItem,Items,1,Completed,,,3.75000,USD,Positive,Helpful and responsive,,,3.75000,USD
f6c646e5-4680-4bf6-a638-61fe0f4ab6ac,2026-03-20 10:25:28,Snailo Clovero s24,CustomItem,Items,1,Completed,,,3.75000,USD,Positive,As described,,,3.75000,USD
09d63d8b-6829-43a9-9232-c2111e312ac0,2026-03-20 10:14:53,Snailo Clovero s24,CustomItem,Items,1,Completed,,,3.75000,USD,Positive,As described,,,3.75000,USD
77ed4dda-f5fc-46db-a640-fd90afa4c439,2026-03-20 09:49:16,Snailo Clovero s24,CustomItem,Items,2,Completed,,,3.49000,USD,Positive,,,,6.98000,USD
fff4fc21-f951-4472-964a-56a99a5dba52,2026-03-20 09:45:27,Snailo Clovero s24,CustomItem,Items,1,Completed,,,3.49000,USD,Positive,,,,3.49000,USD
65d78bf1-6726-4a32-bbf0-ec63da982d9b,2026-03-20 09:41:13,Snailo Clovero s24,CustomItem,Items,1,Completed,,,3.49000,USD,Positive,,,,3.49000,USD
a984334e-5034-4469-acfa-2b4197246fcc,2026-03-20 09:36:22,Snailo Clovero s24,CustomItem,Items,1,Completed,,,3.49000,USD,Positive,Good communication,,,3.49000,USD
8a32e47b-d6ed-4bac-9091-b428647b3f4d,2026-03-20 09:33:28,Snailo Clovero s24,CustomItem,Items,3,Completed,,,3.49000,USD,Positive,Extra mile,,,10.47000,USD
bc9051e2-9368-4943-9071-de81aa16056b,2026-03-20 09:31:35,Snailo Clovero s24,CustomItem,Items,1,Completed,,,3.49000,USD,Positive,GOAT,,,3.49000,USD
970a06a7-8f8f-407a-9a19-bf8030bae938,2026-03-20 09:27:20,Snailo Clovero,CustomItem,Items,8,Completed,,,3.99000,USD,Positive,Extra mile,,,31.92000,USD
aa28ebb2-afa9-47ad-b0e7-0d8584398adb,2026-03-20 09:17:05,Snailo Clovero s24,CustomItem,Items,3,Completed,,,3.49000,USD,Positive,,,,10.47000,USD
3f4ae653-2ae1-4ad2-8a89-f5f020723862,2026-03-20 09:01:35,Snailo Clovero,CustomItem,Items,2,Completed,,,3.99000,USD,Positive,Helpful and responsive,,,7.98000,USD
eae16a83-11bb-45ed-92bb-f81b80b684e3,2026-03-20 09:00:52,Snailo Clovero,CustomItem,Items,2,Completed,,,3.99000,USD,Positive,Helpful and responsive,,,7.98000,USD
9871716b-424c-4522-8959-3f4f38c7d1cd,2026-03-20 08:55:34,Snailo Clovero s24,CustomItem,Items,1,Completed,,,3.49000,USD,Positive,Good price,,,3.49000,USD
16fb4a6f-f71a-4ce8-91d9-cc02a91c723a,2026-03-20 08:50:46,Snailo Clovero s24,CustomItem,Items,4,Completed,,,3.49000,USD,Positive,,,,13.96000,USD
fc6352e8-d37c-458e-86e8-74169eb29e2d,2026-03-20 08:40:30,Snailo Clovero,CustomItem,Items,1,Completed,,,3.99000,USD,Positive,GOAT,,,3.99000,USD
4fb0aea3-f4bf-4b14-95a8-17995373fbf5,2026-03-20 08:24:06,Snailo Clovero s24,CustomItem,Items,1,Completed,,,3.49000,USD,Positive,Good communication,,,3.49000,USD
a1477933-3f69-43fd-989c-109da44fd5a4,2026-03-20 07:45:37,Snailo Clovero,CustomItem,Items,1,Canceled,Seller_Not_Responding,"Not responding ",3.99000,USD,Unrated,,Buyer_Did_Not_Respond,,3.99000,USD
5c2e50fa-7e1d-4a79-948d-706876457512,2026-03-20 07:13:18,Snailo Clovero s24,CustomItem,Items,1,Completed,,,3.49000,USD,Positive,,,,3.49000,USD
8d3f7873-caa7-42c7-99d1-bfb82655fb57,2026-03-20 06:57:46,Snailo Clovero s24,CustomItem,Items,2,Completed,,,3.49000,USD,Positive,As described,,,6.98000,USD
203f87ce-34ca-48c2-91f4-0469af87c71e,2026-03-20 05:57:00,Snailo Clovero s24,CustomItem,Items,2,Completed,,,3.49000,USD,Positive,W speed w value w store!!!,,,6.98000,USD
d3c145b7-3e3b-4f02-978d-a3b509382a18,2026-03-20 05:34:14,Snailo Clovero s24,CustomItem,Items,1,Completed,,,3.49000,USD,Positive,GGWP,,,3.49000,USD
03799e58-0566-4878-a4fd-63db5129186b,2026-03-20 05:24:33,Snailo Clovero s24,CustomItem,Items,1,Completed,,,3.49000,USD,Positive,W seller,,,3.49000,USD
ac20bed4-0dc7-4fcb-b304-c467442e51f5,2026-03-20 05:17:47,"Rebirth 12, Floor 3, Clean Account, only have ID PASSWORD, Please Read Desc
Auto Delivery",Account,Accounts,1,Completed,,,3.00000,USD,Positive,GGWP,,,3.00000,USD
110a4d75-9b43-4512-b936-cbb4893a2c8c,2026-03-20 04:56:43,Snailo Clovero,CustomItem,Items,1,Completed,,,3.99000,USD,Positive,Extra mile,,,3.99000,USD
141b25fd-e9a1-42a2-8225-94f2cfea2057,2026-03-20 04:49:51,Snailo Clovero s24,CustomItem,Items,5,Completed,,,3.49000,USD,Positive,,,,17.45000,USD
0025a48f-b53f-469b-a18f-9859bc5d4e84,2026-03-20 04:45:35,"Rebirth 12, Floor 3, Clean Account, only have ID PASSWORD, Please Read Desc
Auto Delivery",Account,Accounts,1,Completed,,,3.00000,USD,Positive,Good communication,,,3.00000,USD
641ce1bb-0d28-4a56-b1dc-ad9b5162075d,2026-03-20 04:36:00,Snailo Clovero s24,CustomItem,Items,1,Completed,,,3.49000,USD,Positive,GGWP,,,3.49000,USD
3077c0d5-69c3-49ca-88a0-574ed994c4bb,2026-03-20 04:35:27,"Rebirth 12, Floor 3, Clean Account, only have ID PASSWORD, Please Read Desc
Auto Delivery",Account,Accounts,1,Completed,,,3.00000,USD,Positive,Good communication,,,3.00000,USD
c107331c-adab-4657-8dbe-6ae6d7891940,2026-03-20 03:53:56,"Rebirth 12, Floor 3, Clean Account, only have ID PASSWORD, Please Read Desc
Auto Delivery",Account,Accounts,1,Completed,,,3.00000,USD,Positive,,,,3.00000,USD
f28c6f50-ab20-4179-bd62-74bd5fd06fb4,2026-03-20 03:43:30,Snailo Clovero s24,CustomItem,Items,1,Completed,,,3.49000,USD,Positive,Helpful and responsive,,,3.49000,USD
35ff403a-c243-43a8-92c4-1c495d9b17c8,2026-03-20 03:35:21,"Rebirth 12, Floor 3, Clean Account, only have ID PASSWORD, Please Read Desc
Auto Delivery",Account,Accounts,1,Completed,,,3.00000,USD,Positive,Good price,,,3.00000,USD
4dcae29f-1557-4044-a9f8-8db6620c52bc,2026-03-20 03:31:19,Noo my Gold,CustomItem,Items,1,Completed,,,2.00000,USD,Positive,GOAT,,,2.00000,USD
2df1179a-7727-482e-af9e-b6bbbc163981,2026-03-20 03:30:46,Snailo Clovero s24,CustomItem,Items,1,Completed,,,3.49000,USD,Positive,Helpful and responsive,,,3.49000,USD
f673cc54-5ffd-4614-8ffc-5f2a35642284,2026-03-20 03:25:11,Snailo Clovero s24,CustomItem,Items,1,Completed,,,3.49000,USD,Positive,,,,3.49000,USD
56c0ace2-5eab-4145-981d-ecca9827005a,2026-03-20 03:22:41,Snailo Clovero s24,CustomItem,Items,1,Completed,,,3.49000,USD,Positive,Extra mile,,,3.49000,USD
b31ce901-df8e-4ccd-8558-eafb1b9ec086,2026-03-20 03:22:10,Snailo Clovero s24,CustomItem,Items,1,Completed,,,3.49000,USD,Positive,GOAT,,,3.49000,USD
f2b18c97-67d8-462f-8e64-e92bd109578d,2026-03-20 03:21:12,Snailo Clovero s24,CustomItem,Items,1,Completed,,,3.49000,USD,Positive,GGWP,,,3.49000,USD
4b3a4d3e-a6af-43c1-9e80-2b2021464674,2026-03-20 03:09:26,Snailo Clovero s24,CustomItem,Items,1,Completed,,,3.49000,USD,Positive,Good communication,,,3.49000,USD
a83cb530-0fc9-478a-ad2b-4b81881b3f18,2026-03-20 03:06:39,Snailo Clovero s24,CustomItem,Items,2,Canceled,,,3.49000,USD,Unrated,,Cancelation_Of_Reserved_Order,,6.98000,USD
0b76fa7f-e00c-495c-baf3-e61bc4aa9cec,2026-03-20 03:05:59,Snailo Clovero s24,CustomItem,Items,2,Completed,,,3.49000,USD,Positive,,,,6.98000,USD
7a7ad5ef-2841-4fbb-943b-10e5e2fbd929,2026-03-20 03:03:19,Snailo Clovero s24,CustomItem,Items,1,Completed,,,3.49000,USD,Positive,Helpful and responsive,,,3.49000,USD
a3fc576e-1819-4601-8c4a-bd97ba2908e9,2026-03-20 02:53:45,Snailo Clovero s24,CustomItem,Items,1,Completed,,,3.49000,USD,Positive,Fast and reliable,,,3.49000,USD
44dd8e1c-2ab5-42bc-8349-e2fc89721bf7,2026-03-20 02:50:04,Snailo Clovero,CustomItem,Items,1,Completed,,,3.99000,USD,Positive,,,,3.99000,USD
2f9c3ada-ac84-48bc-b399-9e8f1038b235,2026-03-20 02:40:53,"Rebirth 12, Floor 3, Clean Account, only have ID PASSWORD, Please Read Desc
Auto Delivery",Account,Accounts,1,Completed,,,3.00000,USD,Positive,,,,3.00000,USD
7dc307eb-9886-431d-bc3b-2af22e8383ad,2026-03-20 02:38:12,Snailo Clovero s24,CustomItem,Items,1,Completed,,,3.49000,USD,Positive,Good and fast service,,,3.49000,USD
258b211c-cccf-4ccc-8c56-f9ecb05455c7,2026-03-20 02:33:44,Snailo Clovero s24,CustomItem,Items,1,Completed,,,3.49000,USD,Positive,,,,3.49000,USD
80e38ac5-fcdc-4745-bad4-cb2e1d042152,2026-03-20 02:32:54,Snailo Clovero s24,CustomItem,Items,1,Completed,,,3.49000,USD,Positive,Easy and fast,,,3.49000,USD
481befa5-bb3b-4281-8f8c-1853c190e457,2026-03-20 02:32:14,Snailo Clovero s24,CustomItem,Items,2,Completed,,,3.49000,USD,Positive,As described,,,6.98000,USD
0c967214-479b-43e8-93c0-da4e92142f07,2026-03-20 02:30:23,"Taco Base Clean Account, only have ID PASSWORD, Please Read Desc Auto Delivery",Account,Accounts,1,Canceled,,,3.00000,USD,Unrated,,Mutual_Agreement,,3.00000,USD
84a70aca-44fc-4990-96ec-d8dfc11e6329,2026-03-20 02:27:23,Snailo Clovero s24,CustomItem,Items,1,Completed,,,3.49000,USD,Positive,,,,3.49000,USD
340baae6-8500-4bba-95cd-208fca565be4,2026-03-20 01:45:46,Snailo Clovero s24,CustomItem,Items,1,Completed,,,3.50000,USD,Positive,As described,,,3.50000,USD
9a80942b-5dd8-44c1-9fe4-945aaea471cc,2026-03-20 01:40:35,Snailo Clovero,CustomItem,Items,1,Completed,,,3.99000,USD,Positive,GGWP,,,3.99000,USD
457afcff-2900-4527-8643-f51b3b822993,2026-03-20 01:37:02,Snailo Clovero s24,CustomItem,Items,1,Completed,,,3.50000,USD,Positive,Good communication,,,3.50000,USD
7a8ce76f-ca0b-4987-ba68-458f49c4e81a,2026-03-20 01:18:26,Snailo Clovero,CustomItem,Items,1,Completed,,,3.99000,USD,Positive,W,,,3.99000,USD
084d6cfd-937e-4547-b878-291ede393b78,2026-03-20 01:16:30,Snailo Clovero,CustomItem,Items,1,Completed,,,3.99000,USD,Positive,Good communication,,,3.99000,USD
ac6f69ed-6f9c-49a9-953e-3d542321c549,2026-03-20 01:12:23,Snailo Clovero s24,CustomItem,Items,3,Completed,,,3.50000,USD,Positive,Fast delivery,,,10.50000,USD
bc46c454-cdd9-4bbe-9ca8-f14a1bd21c5f,2026-03-20 01:09:44,Snailo Clovero s24,CustomItem,Items,1,Completed,,,3.50000,USD,Positive,Good price,,,3.50000,USD
7f1c552a-4c21-48c0-b7d9-3828de77cfea,2026-03-20 01:05:08,Snailo Clovero,CustomItem,Items,1,Completed,,,3.99000,USD,Positive,,,,3.99000,USD
5bdeb008-cabd-4b81-8747-3b5e9b4a666c,2026-03-20 01:03:09,Snailo Clovero s24,CustomItem,Items,1,Completed,,,3.50000,USD,Positive,,,,3.50000,USD
51fbc984-984f-4c34-bbe7-f3fe524fa7ce,2026-03-20 00:59:58,Snailo Clovero,CustomItem,Items,1,Completed,,,3.99000,USD,Positive,Extra mile,,,3.99000,USD
c522d07c-e3e8-4ea8-b2c9-63cb5e98c5fb,2026-03-20 00:57:50,Snailo Clovero,CustomItem,Items,1,Completed,,,3.99000,USD,Positive,Helpful and responsive,,,3.99000,USD
77e61e99-232c-437e-928e-f1bec2198c03,2026-03-20 00:52:16,Snailo Clovero,CustomItem,Items,1,Completed,,,3.99000,USD,Positive,Helpful and responsive,,,3.99000,USD
bd2ed3f1-bd9c-447d-8dbd-5b8300712462,2026-03-20 00:51:54,Snailo Clovero s24,CustomItem,Items,1,Completed,,,3.50000,USD,Positive,Good price,,,3.50000,USD
8f3cbb26-90b7-45b3-898b-d956d3104c1a,2026-03-20 00:39:14,Snailo Clovero s24,CustomItem,Items,1,Completed,,,3.50000,USD,Positive,,,,3.50000,USD
2201117c-6b5d-422a-8f31-0d3333e41d8c,2026-03-20 00:38:27,Snailo Clovero s24,CustomItem,Items,3,Completed,,,3.50000,USD,Positive,Good communication,,,10.50000,USD
255745ad-4e6d-4080-806a-0773957dcf4c,2026-03-19 22:38:52,Snailo Clovero s24,CustomItem,Items,1,Completed,,,3.50000,USD,Positive,Extra mile,,,3.50000,USD
f68f1344-6a56-48c6-8b28-1bb34fb250e6,2026-03-19 22:38:49,Snailo Clovero s24,CustomItem,Items,1,Completed,,,3.50000,USD,Positive,Fast delivery,,,3.50000,USD
46d298bd-2ce2-475e-81ee-adcf10bc4603,2026-03-19 22:34:06,Snailo Clovero s24,CustomItem,Items,1,Completed,,,3.50000,USD,Positive,Short and blunt,,,3.50000,USD
b8974190-9181-4318-a048-eb50ce04428c,2026-03-19 22:28:40,Snailo Clovero s24,CustomItem,Items,1,Canceled,,,3.50000,USD,Unrated,,Buyer_Does_Not_Need_It_Anymore,,3.50000,USD
27720719-bd1a-4a9d-883a-212ccc85e92d,2026-03-19 22:23:10,Snailo Clovero s24,CustomItem,Items,1,Completed,,,3.50000,USD,Positive,Helpful and responsive,,,3.50000,USD
94a13c38-4a02-46ad-a651-10b01a347d60,2026-03-19 22:18:38,Snailo Clovero s24,CustomItem,Items,3,Completed,,,3.50000,USD,Positive,Super fast super amazing store good vibes W storeeeeeee,,,10.50000,USD
6efb1402-54fe-444e-a8e5-1cd9a633688b,2026-03-19 22:17:37,Snailo Clovero s24,CustomItem,Items,1,Completed,,,3.50000,USD,Positive,GOAT,,,3.50000,USD
d4f078ed-8137-4168-880d-3f3ccb609de8,2026-03-19 22:14:03,Snailo Clovero s24,CustomItem,Items,1,Completed,,,3.50000,USD,Positive,Helpful and responsive,,,3.50000,USD
67c047d5-2a48-4da5-aa0d-142dc9c6f82a,2026-03-19 15:34:18,Noo my Gold,CustomItem,Items,2,Completed,,,2.00000,USD,Positive,As described,,,4.00000,USD
b09e468f-7c37-44a0-802d-b553f93df982,2026-03-19 14:47:07,Snailo Clovero,CustomItem,Items,1,Completed,,,4.49000,USD,Positive,GOAT,,,4.49000,USD
e917bb0f-ad8a-4e21-b49d-94972c758661,2026-03-19 14:32:21,Nuclearo Dinossauro y,CustomItem,Items,1,Completed,,,12.00000,USD,Positive,GOAT,,,12.00000,USD
a15441f5-96c4-4976-93ce-a3b0f3eb4fd1,2026-03-19 14:22:11,Snailo Clovero,CustomItem,Items,1,Completed,,,4.49000,USD,Positive,,,,4.49000,USD
0f1be6f9-7e64-4d02-bdfc-cfb613663a2c,2026-03-19 14:16:55,Snailo Clovero,CustomItem,Items,1,Completed,,,4.49000,USD,Positive,GGWP,,,4.49000,USD
212d350c-6ef6-4606-9cb4-7e392c07d710,2026-03-19 12:56:35,Snailo Clovero,CustomItem,Items,1,Completed,,,4.49000,USD,Positive,Helpful and responsive,,,4.49000,USD
88da85e4-9f8d-4296-8722-ae61ddacb910,2026-03-19 12:21:17,Snailo Clovero,CustomItem,Items,1,Completed,,,4.49000,USD,Positive,,,,4.49000,USD
fb443acb-6817-49ef-a1d3-c03510247a76,2026-03-19 12:18:19,Noo my Gold,CustomItem,Items,1,Completed,,,2.00000,USD,Positive,GGWP,,,2.00000,USD
e5a6f942-4361-467f-8d60-c7690fc1286f,2026-03-19 12:01:40,Snailo Clovero,CustomItem,Items,1,Completed,,,4.49000,USD,Positive,Good price,,,4.49000,USD
0689bbe2-7310-47a8-95ad-fda98d3961c6,2026-03-19 11:55:22,Garama and Madundung s20,CustomItem,Items,1,Completed,,,12.50000,USD,Positive,Fast delivery,,,12.50000,USD
c1cb34da-9b75-4842-85a5-8dd10e0ff5d3,2026-03-19 11:33:20,Snailo Clovero,CustomItem,Items,1,Completed,,,4.49000,USD,Positive,GGWP,,,4.49000,USD
072cfd34-7abd-4157-93d3-c24d32373618,2026-03-19 11:30:47,Snailo Clovero,CustomItem,Items,1,Completed,,,4.49000,USD,Positive,GOAT,,,4.49000,USD
27dce78b-5d78-49cd-a0ab-e36909cabe7b,2026-03-19 11:25:13,Noo my Gold,CustomItem,Items,3,Completed,,,2.00000,USD,Positive,Good price,,,6.00000,USD
a5767f9a-8088-4697-a9ad-2c56c8e252fc,2026-03-19 11:19:27,Snailo Clovero,CustomItem,Items,1,Completed,,,4.49000,USD,Positive,Fast delivery,,,4.49000,USD
7ab75282-de5a-4bea-a082-12531b4c0676,2026-03-19 08:07:44,Snailo Clovero,CustomItem,Items,1,Completed,,,4.49000,USD,Positive,Good communication,,,4.49000,USD
7db34843-139e-48b1-8c3b-8433e067adb7,2026-03-19 07:49:38,Snailo Clovero,CustomItem,Items,1,Completed,,,4.49000,USD,Positive,,,,4.49000,USD
e0e01d91-702b-4256-875b-8276ca58e058,2026-03-19 07:42:24,Snailo Clovero,CustomItem,Items,2,Completed,,,4.49000,USD,Positive,Helpful and responsive,,,8.98000,USD
0ec39c6e-dc5e-4427-bd1f-2d8f013c6541,2026-03-19 07:27:13,Snailo Clovero,CustomItem,Items,1,Completed,,,4.49000,USD,Positive,,,,4.49000,USD
7424bde1-624b-4ec5-81d6-257bab85b10c,2026-03-19 07:25:23,Garama and Madundung s20,CustomItem,Items,1,Completed,,,10.00000,USD,Positive,,,,10.00000,USD
a10686da-b052-4bb4-9331-28a97fea210a,2026-03-19 07:21:40,"THIS SHOP ONLY MEANS CUSTOM SHOP, ASKING, WANT TO SEE OR NEGOTIATE",CustomItem,Items,1,Completed,,,13.00000,USD,Positive,,,,13.00000,USD
e5e39dc1-6337-4772-a014-0475934da238,2026-03-19 06:54:13,Snailo Clovero,CustomItem,Items,4,Completed,Item_Not_Delivered_Within_Delivery_Time,have not received  the items within the guaranteed time and the seller seems to not be around,4.49000,USD,Positive,Fast delivery,,,17.96000,USD
e5a5887e-f321-4958-8561-177347f42667,2026-03-19 06:52:26,Noo my Gold,CustomItem,Items,4,Completed,Item_Not_Delivered_Within_Delivery_Time,I have not received my items in the guarantee time and the sellers looks to not be around,2.00000,USD,Positive,Good price,,,8.00000,USD
df92dcaf-645b-4d97-a248-86cc2441d3ea,2026-03-19 04:51:07,Snailo Clovero,CustomItem,Items,1,Completed,,,4.49000,USD,Positive,Good price,,,4.49000,USD
39278cf8-3cdb-4d5a-b8f5-2f3f781acc86,2026-03-19 04:51:03,Snailo Clovero,CustomItem,Items,1,Completed,,,4.49000,USD,Positive,GOAT,,,4.49000,USD
da7f6b64-86e7-49bb-bdcd-502b49a4af17,2026-03-19 02:16:38,Snailo Clovero,CustomItem,Items,1,Canceled,Item_Not_Delivered_Within_Delivery_Time,,4.00000,USD,Unrated,,Buyer_Did_Not_Respond,,4.00000,USD
7c0131e6-6ca2-47c2-ac98-d2c7c654a259,2026-03-18 18:44:54,Snailo Clovero,CustomItem,Items,1,Canceled,,,4.00000,USD,Unrated,,Buyer_Did_Not_Respond,,4.00000,USD
9415084b-5fe2-440a-bbe8-676ac46b557a,2026-03-18 18:42:53,Snailo Clovero,CustomItem,Items,1,Canceled,,,4.00000,USD,Unrated,,Buyer_Did_Not_Respond,,4.00000,USD
5edbd7e0-5d23-4960-a263-95eb6848f5dd,2026-03-18 18:40:10,Snailo Clovero,CustomItem,Items,2,Canceled,,,4.00000,USD,Unrated,,Buyer_Did_Not_Respond,,8.00000,USD
e97ae7ac-6ac3-4549-9a73-655b172e57fe,2026-03-18 18:39:30,Snailo Clovero,CustomItem,Items,1,Completed,,,4.00000,USD,Positive,Fast delivery,,,4.00000,USD
fdeba9d1-3141-4770-bd51-09015442dd09,2026-03-18 18:35:13,Snailo Clovero,CustomItem,Items,1,Completed,,,4.00000,USD,Positive,GOAT,,,4.00000,USD
65afa82d-e75a-4310-9ca4-536231e92ba0,2026-03-18 18:34:08,Snailo Clovero,CustomItem,Items,1,Canceled,Other,"il ma pas doner ce que jai comender
",4.00000,USD,Unrated,,Not_Delivered_Within_Guaranteed_Delivery_Time,,4.00000,USD
0dca1a86-82c0-4b54-b800-0a6ee1cef2cf,2026-03-18 18:24:23,Snailo Clovero,CustomItem,Items,1,Completed,,,4.00000,USD,Positive,GOAT,,,4.00000,USD
991349f0-4033-40fd-8b98-6ae11f6f2685,2026-03-18 18:23:02,Snailo Clovero,CustomItem,Items,1,Completed,,,4.00000,USD,Positive,GOAT,,,4.00000,USD
2370f66a-f6c8-49d6-8291-3796a72dd5ab,2026-03-18 18:19:01,Snailo Clovero,CustomItem,Items,1,Completed,,,4.00000,USD,Positive,Good but a bit slow but 100% legit,,,4.00000,USD
22a09d4f-936f-4808-8e05-6f2f2edf0404,2026-03-18 18:13:19,Snailo Clovero,CustomItem,Items,1,Completed,,,4.00000,USD,Positive,,,,4.00000,USD
4e182a3d-dd3e-4fb7-aa7d-de81236131be,2026-03-18 18:12:41,Snailo Clovero,CustomItem,Items,1,Completed,Item_Not_Delivered_Within_Delivery_Time,J’attends de 20 minutes et j’ai rien reçu,4.00000,USD,Negative,Je n’ai jamais reçu ma commande,,,4.00000,USD
31e6d2a4-7ba7-49f8-8c69-2eed45bb9801,2026-03-18 18:10:21,Snailo Clovero,CustomItem,Items,1,Canceled,,,4.00000,USD,Unrated,,Buyer_Did_Not_Respond,,4.00000,USD
cb31e503-a8dc-45f4-8c0a-ff6fd818cc35,2026-03-18 18:10:14,Snailo Clovero,CustomItem,Items,2,Canceled,,,4.00000,USD,Unrated,,Buyer_Did_Not_Respond,,8.00000,USD
51e48f79-f497-47af-8746-4b6a8b65b6f9,2026-03-18 18:09:10,Noo my Gold s24,CustomItem,Items,1,Completed,,,3.00000,USD,Positive,Helpful and responsive,,,3.00000,USD
2b63538c-b654-4b08-b484-3b0e202298a4,2026-03-18 18:06:54,Snailo Clovero,CustomItem,Items,1,Completed,,,4.00000,USD,Positive,Good price,,,4.00000,USD
734ec41d-a76d-4236-baf7-77862fa6ac74,2026-03-18 18:06:53,Noo my Gold s24,CustomItem,Items,1,Completed,,,3.00000,USD,Positive,Goat,,,3.00000,USD
290e7b53-7cc6-4912-a4e0-473f1376057b,2026-03-18 18:01:30,Noo my Gold s24,CustomItem,Items,1,Completed,,,3.00000,USD,Positive,GOAT,,,3.00000,USD
3595bc32-6e2c-490d-a265-04033328ff83,2026-03-18 17:57:24,Snailo Clovero,CustomItem,Items,1,Completed,,,4.00000,USD,Positive,Good price,,,4.00000,USD
e480b570-428c-4f4a-bb7b-0e757c831446,2026-03-18 17:56:43,Noo my Gold s24,CustomItem,Items,1,Completed,,,3.00000,USD,Positive,Good communication,,,3.00000,USD
c520b328-99dd-4017-a4cc-e85eea1f0785,2026-03-18 17:55:05,Snailo Clovero,CustomItem,Items,1,Completed,,,4.00000,USD,Positive,Good communication,,,4.00000,USD
afbaa0a8-e8af-4282-b081-2f59c95a9663,2026-03-18 17:52:38,Snailo Clovero,CustomItem,Items,1,Completed,,,4.00000,USD,Positive,As described,,,4.00000,USD
72b89ebf-4f37-4129-a554-af700bfe136e,2026-03-18 17:52:37,Snailo Clovero,CustomItem,Items,1,Canceled,,,4.00000,USD,Unrated,,Buyer_Did_Not_Respond,,4.00000,USD
f4d12895-1080-48c1-a831-72d6fdfe8768,2026-03-18 17:46:27,Snailo Clovero,CustomItem,Items,1,Completed,,,4.00000,USD,Positive,,,,4.00000,USD
af5900a0-50bc-4f39-ae3b-8eb437487434,2026-03-18 17:46:01,Snailo Clovero,CustomItem,Items,1,Completed,,,4.00000,USD,Positive,Helpful and responsive,,,4.00000,USD
3de3d1d7-458f-472b-9370-faf0949af7f6,2026-03-18 17:43:48,Noo my Gold s24,CustomItem,Items,1,Completed,,,3.00000,USD,Positive,Extra mile,,,3.00000,USD
28839f93-088f-4f4c-805d-56fbd7ea8155,2026-03-18 17:42:34,Snailo Clovero,CustomItem,Items,2,Canceled,Item_Not_Delivered_Within_Delivery_Time,,4.00000,USD,Unrated,,Buyer_Did_Not_Respond,,8.00000,USD
22b46b8d-d434-471a-a18e-fedbc6f28f6a,2026-03-18 17:37:56,Snailo Clovero,CustomItem,Items,1,Completed,,,4.00000,USD,Positive,Extra mile,,,4.00000,USD
56566901-0a43-43c0-b8f6-56b3452bca6c,2026-03-18 17:33:50,Snailo Clovero,CustomItem,Items,1,Canceled,Item_Not_Delivered_Within_Delivery_Time,Overdue,4.00000,USD,Unrated,,Buyer_Does_Not_Need_It_Anymore,,4.00000,USD
2206d293-070a-4b6b-afb1-47053eb4ecf0,2026-03-18 17:31:31,Snailo Clovero,CustomItem,Items,1,Canceled,,,4.00000,USD,Unrated,,Buyer_Did_Not_Respond,,4.00000,USD
d6bf7f40-678c-4aa1-b8c1-fe47f8258554,2026-03-18 17:28:22,"Rebirth 12, Floor 3, Clean Account, only have ID PASSWORD, Please Read Desc
Auto Delivery",Account,Accounts,1,Completed,,,3.00000,USD,Positive,Good price,,,3.00000,USD
1117ef2b-ff02-49db-8c25-9eb8c2b3bc98,2026-03-18 17:27:18,Snailo Clovero,CustomItem,Items,1,Completed,,,4.00000,USD,Positive,W mans thanks,,,4.00000,USD
8896a52d-6916-4d8d-a161-2ef63d706e27,2026-03-18 17:26:35,Snailo Clovero,CustomItem,Items,1,Completed,,,4.00000,USD,Positive,Good price,,,4.00000,USD
b5e4e4e7-9763-43a9-8c4f-7acefbe8a956,2026-03-18 17:17:02,Snailo Clovero,CustomItem,Items,1,Completed,,,4.00000,USD,Positive,,,,4.00000,USD
1f5ac325-ea7a-4657-aa85-9e5d74b315a8,2026-03-18 17:13:19,Snailo Clovero,CustomItem,Items,1,Completed,,,4.00000,USD,Positive,As described,,,4.00000,USD
0f1df633-20ca-4fb0-97ba-afaa80375d30,2026-03-18 17:13:15,"Rebirth 12, Floor 3, Clean Account, only have ID PASSWORD, Please Read Desc
Auto Delivery",Account,Accounts,1,Completed,,,3.00000,USD,Positive,Helpful and responsive,,,3.00000,USD
90fc2cc4-baa1-4639-9ace-d41bd31a1386,2026-03-18 17:13:04,Snailo Clovero,CustomItem,Items,1,Completed,,,4.00000,USD,Positive,,,,4.00000,USD
15779c64-4675-4e6c-9c81-f4937b8929ef,2026-03-18 17:11:22,Snailo Clovero,CustomItem,Items,2,Completed,,,4.00000,USD,Positive,Helpful and responsive,,,8.00000,USD
e33c7ad4-c38b-43bb-9ca5-0147851a9c9d,2026-03-18 17:10:31,Snailo Clovero,CustomItem,Items,1,Completed,,,4.00000,USD,Positive,FAST,,,4.00000,USD
6c80d971-39b1-48c0-88ed-25a0066f0832,2026-03-18 17:10:31,Snailo Clovero,CustomItem,Items,1,Completed,Seller_Delivered_But_Order_Not_Received,"je les acheter mais je n'ai pas reçu ma commande merci de me remborser ",4.00000,USD,Positive,,,,4.00000,USD
78fee4cc-cf46-4efd-922d-9e96476cdfb7,2026-03-18 17:06:47,Snailo Clovero,CustomItem,Items,1,Completed,,,4.00000,USD,Positive,GGWP,,,4.00000,USD
f5d2d34b-cab0-4606-9dc8-b4980a99ba33,2026-03-18 16:59:02,Noo my Gold s24,CustomItem,Items,1,Completed,,,3.00000,USD,Positive,Extra mile,,,3.00000,USD
e5bb9c6c-a00e-4eaf-b759-8b8b197dd507,2026-03-18 16:54:06,Snailo Clovero,CustomItem,Items,1,Completed,,,4.00000,USD,Positive,Extra mile,,,4.00000,USD
f874a9a3-3c98-4159-89d7-8afd8151f560,2026-03-18 16:53:23,Snailo Clovero,CustomItem,Items,1,Completed,,,4.00000,USD,Positive,Good communication,,,4.00000,USD
67e05322-10bd-4ee2-aa6b-479b5998e2d0,2026-03-18 16:52:37,Snailo Clovero,CustomItem,Items,2,Completed,,,4.00000,USD,Positive,parfait,,,8.00000,USD
7857486e-9d62-45cf-a0d7-4311cc071033,2026-03-18 16:45:28,Snailo Clovero,CustomItem,Items,1,Canceled,,,4.00000,USD,Unrated,,Buyer_Did_Not_Respond,,4.00000,USD
3d06ed0b-589c-441b-a48e-a97eb592d9de,2026-03-18 16:44:56,Snailo Clovero,CustomItem,Items,1,Completed,,,4.00000,USD,Positive,Helpful and responsive,,,4.00000,USD
c08b4461-df10-49fa-83ce-c0e8cdf6ab68,2026-03-18 16:44:49,Snailo Clovero,CustomItem,Items,1,Completed,,,4.00000,USD,Positive,Extra mile,,,4.00000,USD
f314260f-0919-4df8-acb6-91defc4ed023,2026-03-18 16:42:07,Noo my Gold s24,CustomItem,Items,1,Completed,,,3.00000,USD,Positive,GOAT,,,3.00000,USD
cb70b82b-3079-425e-98e3-5f9f8cbab330,2026-03-18 16:38:32,Snailo Clovero,CustomItem,Items,1,Completed,,,4.00000,USD,Positive,Helpful and responsive,,,4.00000,USD
e98b8501-6728-4d63-a1b2-d26108a49c00,2026-03-18 16:37:38,Snailo Clovero,CustomItem,Items,2,Canceled,,,4.00000,USD,Unrated,,Buyer_Did_Not_Respond,,8.00000,USD
83b3ccca-704f-4a4d-86cb-aea8a6ebae5f,2026-03-18 16:32:49,Snailo Clovero,CustomItem,Items,1,Completed,,,4.00000,USD,Positive,Extra mile,,,4.00000,USD
7a4b006d-6723-44dd-98cd-da5a549507f1,2026-03-18 16:31:06,Snailo Clovero,CustomItem,Items,1,Completed,,,4.00000,USD,Positive,Helpful and responsive,,,4.00000,USD
12c33578-134c-4aa4-885a-811b26a95170,2026-03-18 16:30:12,Snailo Clovero,CustomItem,Items,1,Completed,,,4.00000,USD,Positive,As described,,,4.00000,USD
b363f8dc-1e32-4f2a-ae30-d1e5d02cc7c0,2026-03-18 16:28:59,Noo my Gold s24,CustomItem,Items,2,Completed,,,3.00000,USD,Positive,Good communication,,,6.00000,USD
cb0ab4cd-93dd-4c8f-817c-6cb687b9dd9b,2026-03-18 16:24:27,Snailo Clovero,CustomItem,Items,1,Completed,,,4.00000,USD,Positive,GOAT,,,4.00000,USD
b1bca87a-584b-4e2c-b5f4-f9ee02f0ba9b,2026-03-18 16:13:36,Snailo Clovero,CustomItem,Items,1,Completed,,,4.00000,USD,Positive,Legit,,,4.00000,USD
6ad11797-de91-4875-a6d7-d7ba1aced893,2026-03-18 16:05:39,Snailo Clovero,CustomItem,Items,1,Completed,,,4.00000,USD,Positive,Good communication,,,4.00000,USD
e1159bcc-4e77-4148-aa93-1be61e11b720,2026-03-18 16:03:01,Snailo Clovero,CustomItem,Items,1,Completed,,,4.00000,USD,Positive,As described,,,4.00000,USD
7592254c-5d80-4f33-9568-ec19c745e474,2026-03-18 15:57:57,Snailo Clovero,CustomItem,Items,1,Completed,,,4.00000,USD,Positive,As described,,,4.00000,USD
19847abc-0212-4b1e-a96c-5e3af9af055b,2026-03-18 15:55:37,Snailo Clovero,CustomItem,Items,1,Completed,,,4.00000,USD,Positive,Good price,,,4.00000,USD
5b06df73-4a5e-4d73-9a1b-769e93da36c8,2026-03-18 15:54:37,Snailo Clovero,CustomItem,Items,1,Completed,,,4.00000,USD,Positive,As described,,,4.00000,USD
84c90f50-40d3-4f67-98d0-9d45b0d1529c,2026-03-18 15:52:44,Noo my Gold s24,CustomItem,Items,1,Completed,,,3.00000,USD,Positive,Good price,,,3.00000,USD
13440f92-ecae-46ed-9049-e58148c92f43,2026-03-18 15:50:10,"Rebirth 12, Floor 3, Clean Account, only have ID PASSWORD, Please Read Desc
Auto Delivery",Account,Accounts,1,Completed,,,3.00000,USD,Positive,Extra mile,,,3.00000,USD
355286b3-bf64-4a99-a60c-1ecdb61fcb79,2026-03-18 15:48:15,Snailo Clovero,CustomItem,Items,3,Completed,,,4.00000,USD,Positive,,,,12.00000,USD
eb737264-db39-4498-9891-61995fc7c6c1,2026-03-18 15:34:28,Snailo Clovero,CustomItem,Items,2,Completed,,,4.00000,USD,Positive,Good price,,,8.00000,USD
5d87ca9d-0078-4b9e-9439-43417c04a14b,2026-03-18 15:26:09,Snailo Clovero,CustomItem,Items,1,Completed,,,4.00000,USD,Positive,Extra mile,,,4.00000,USD
dbfa2bc7-8f98-4c7a-89b3-67c84ad6640c,2026-03-18 15:24:19,Snailo Clovero,CustomItem,Items,1,Completed,,,4.00000,USD,Positive,Extra mile,,,4.00000,USD
5eca2139-80f4-4487-b114-3890aa18f410,2026-03-18 15:17:23,Noo my Gold s24,CustomItem,Items,1,Completed,,,3.00000,USD,Positive,GOAT,,,3.00000,USD
018fd421-e463-4955-8bb9-1c3861e8e5f7,2026-03-18 15:12:30,Snailo Clovero,CustomItem,Items,1,Completed,,,4.00000,USD,Positive,,,,4.00000,USD
cbfc4e1d-b865-4f14-b627-65838828d04c,2026-03-18 15:11:59,Snailo Clovero,CustomItem,Items,4,Completed,,,4.00000,USD,Positive,perfect!!!!,,,16.00000,USD
c9f10ca9-2c1d-4b35-bce3-84a3d3afcfda,2026-03-18 14:56:41,Noo my Gold s24,CustomItem,Items,1,Completed,,,3.00000,USD,Positive,,,,3.00000,USD
325461a0-59c6-4c9a-b921-c07302c295d4,2026-03-18 14:48:10,Noo my Gold s24,CustomItem,Items,1,Completed,,,3.00000,USD,Positive,GGWP,,,3.00000,USD
5685e89e-0993-4bf0-b8c6-fbc36c8b1d54,2026-03-18 14:46:32,"Rebirth 12, Floor 3, Clean Account, only have ID PASSWORD, Please Read Desc
Auto Delivery",Account,Accounts,1,Completed,,,3.00000,USD,Positive,,,,3.00000,USD
43fe05c3-5c10-4507-ac67-f629572ab497,2026-03-18 14:39:10,Noo my Gold s24,CustomItem,Items,1,Completed,,,3.00000,USD,Positive,Good communication,,,3.00000,USD
1f6b0683-3702-4648-afd8-d97831b4d11a,2026-03-18 14:27:56,Noo my Gold s24,CustomItem,Items,1,Completed,,,3.00000,USD,Positive,Extra mile,,,3.00000,USD
120ef595-d796-4c0c-bc99-cf75047019d9,2026-03-18 14:26:56,Snailo Clovero s24,CustomItem,Items,1,Completed,,,6.00000,USD,Positive,As described,,,6.00000,USD
c0061249-63d8-4b90-b4b0-1fcf61c37ec2,2026-03-18 14:20:25,"NEW Lucky Base Clean Account, only have ID PASSWORD, Please Read Desc Auto Delivery",Account,Accounts,1,Completed,,,2.00000,USD,Positive,,,,2.00000,USD
7597ca4d-e5d7-4ba0-ae40-af7685a7b00a,2026-03-18 14:19:27,Snailo Clovero,CustomItem,Items,1,Completed,,,4.00000,USD,Positive,GGWP,,,4.00000,USD
3181489e-9184-45d8-ada0-2ce84ff36b17,2026-03-18 14:09:35,La Secret Combinasion w,CustomItem,Items,1,Canceled,,,15.00000,USD,Unrated,,Buyer_Did_Not_Respond,,15.00000,USD
6d14b2d9-d8b2-4da4-b46e-2fdd989248aa,2026-03-18 13:39:56,Snailo Clovero,CustomItem,Items,1,Completed,,,4.00000,USD,Positive,GGWP,,,4.00000,USD
c5d6c587-a9b2-44a5-8718-1a6ec24d188c,2026-03-18 13:27:43,Noo my Gold s24,CustomItem,Items,1,Completed,,,3.00000,USD,Positive,GOAT,,,3.00000,USD
fe4be1c8-941f-4242-98f1-53236eb130d7,2026-03-18 13:17:17,Noo my Gold s24,CustomItem,Items,1,Completed,,,3.00000,USD,Positive,Good price,,,3.00000,USD
dce94e18-3b83-4fce-a837-63a57406746f,2026-03-18 13:08:18,Noo my Gold s24,CustomItem,Items,1,Completed,,,3.00000,USD,Positive,,,,3.00000,USD
e4d403f3-bb56-4aac-a5b2-bb9c13c47493,2026-03-18 12:54:53,Noo my Gold s24,CustomItem,Items,1,Completed,,,3.00000,USD,Positive,Fast delivery,,,3.00000,USD
69af79e1-5e61-4408-8234-747ab3ab7c81,2026-03-18 12:37:04,Noo my Gold s24,CustomItem,Items,1,Completed,,,3.00000,USD,Positive,Helpful and responsive,,,3.00000,USD
ba885f0b-5eb2-4b5f-bce5-2a211ced1746,2026-03-18 12:35:32,Noo my Gold s24,CustomItem,Items,1,Canceled,,,3.00000,USD,Unrated,,Buyer_Did_Not_Respond,,3.00000,USD
116abe90-12d1-4454-9ba4-573a6e1f30ff,2026-03-18 12:30:26,Noo my Gold s24,CustomItem,Items,1,Completed,,,3.00000,USD,Positive,Extra mile,,,3.00000,USD
69ede565-587c-43ce-98f8-b725bec5ce7f,2026-03-18 12:11:34,Noo my Gold s24,CustomItem,Items,1,Completed,,,3.00000,USD,Positive,,,,3.00000,USD
8896030c-c841-41ba-8d6b-60ff59ae4ba4,2026-03-18 11:58:56,Noo my Gold s24,CustomItem,Items,1,Completed,,,3.00000,USD,Positive,Good price,,,3.00000,USD
736521c7-43af-46ed-9251-7151ee844577,2026-03-18 11:57:33,Noo my Gold s24,CustomItem,Items,1,Completed,,,3.00000,USD,Positive,,,,3.00000,USD
4ba09d51-7b75-442b-a491-eafe639ce3ef,2026-03-18 11:57:27,Garama and Madundung w,CustomItem,Items,1,Completed,,,30.00000,USD,Positive,GGWP,,,30.00000,USD
cad4bc7d-31b4-4dff-a000-4ab1b2df6c44,2026-03-18 11:56:27,Noo my Gold s24,CustomItem,Items,2,Completed,,,3.00000,USD,Positive,As described,,,6.00000,USD
cff4b7d8-7182-48c6-8512-5d7226c00a7a,2026-03-18 11:53:08,Noo my Gold s24,CustomItem,Items,4,Completed,,,3.00000,USD,Positive,,,,12.00000,USD
d8320ce9-7f5d-48c3-84a3-787231bd88ce,2026-03-18 11:49:09,Snailo Clovero s24,CustomItem,Items,1,Completed,,,6.00000,USD,Positive,Helpful and responsive,,,6.00000,USD
4258eeb9-60c9-4546-b946-d741f6a7b004,2026-03-18 11:40:26,Noo my Gold s24,CustomItem,Items,1,Completed,,,3.00000,USD,Positive,,,,3.00000,USD
12b8bb75-0635-4731-93ff-3f22fea02acc,2026-03-18 11:34:06,Noo my Gold s24,CustomItem,Items,1,Completed,,,3.00000,USD,Positive,Good price,,,3.00000,USD
92974110-5ede-4f9e-948d-64458803c38b,2026-03-18 11:27:06,Noo my Gold s24,CustomItem,Items,4,Completed,,,3.00000,USD,Positive,Good price,,,12.00000,USD
5529773d-6f3e-4872-9c50-bcd9e4288f1f,2026-03-18 11:22:10,Noo my Gold s24,CustomItem,Items,1,Completed,,,3.00000,USD,Positive,Good communication,,,3.00000,USD
3c421a50-5842-4dab-a9cc-f4fa721b2238,2026-03-18 07:49:29,Snailo Clovero s24,CustomItem,Items,1,Canceled,,,6.00000,USD,Unrated,,Cancelation_Of_Reserved_Order,,6.00000,USD
db659352-1979-482c-a390-3c0ea6440486,2026-03-18 06:31:42,"Rebirth 12, Floor 3, Clean Account, only have ID PASSWORD, Please Read Desc
Auto Delivery",Account,Accounts,1,Completed,,,3.00000,USD,Positive,Fast delivery,,,3.00000,USD
5e633371-ee4d-46b9-a7bc-1857b544b78e,2026-03-18 06:23:24,"Rebirth 12, Floor 3, Clean Account, only have ID PASSWORD, Please Read Desc
Auto Delivery",Account,Accounts,1,Completed,,,3.00000,USD,Positive,Extra mile,,,3.00000,USD
6a3324dd-1e0a-4a94-8913-01506dd5c445,2026-03-18 06:22:46,"Rebirth 12, Floor 3, Clean Account, only have ID PASSWORD, Please Read Desc
Auto Delivery",Account,Accounts,1,Completed,,,3.00000,USD,Positive,Fast delivery,,,3.00000,USD
cb8a4aee-1806-4965-8f7c-61935b90085a,2026-03-18 06:20:42,"Rebirth 12, Floor 3, Clean Account, only have ID PASSWORD, Please Read Desc
Auto Delivery",Account,Accounts,1,Completed,,,3.00000,USD,Positive,Good communication,,,3.00000,USD
1ed55148-c383-4928-8353-074fe90049de,2026-03-18 06:18:19,"Rebirth 12, Floor 3, Clean Account, only have ID PASSWORD, Please Read Desc
Auto Delivery",Account,Accounts,1,Completed,,,3.00000,USD,Positive,GOAT,,,3.00000,USD
29092ae0-580a-4790-b703-e0480a7dc33b,2026-03-18 05:47:37,Los 67 v,CustomItem,Items,1,Completed,,,12.00000,USD,Positive,GOAT,,,12.00000,USD
1a2bdc5d-56a1-42c3-9338-0533b3c686c6,2026-03-18 05:34:28,"Rebirth 12, Floor 3, Clean Account, only have ID PASSWORD, Please Read Desc
Auto Delivery",Account,Accounts,1,Completed,,,3.00000,USD,Positive,Good communication,,,3.00000,USD
1914ffca-2cf3-4ab9-aaac-7d2ea25e61d9,2026-03-18 05:10:48,Garama and Madundung s20,CustomItem,Items,1,Completed,,,15.00000,USD,Positive,Helpful and responsive,,,15.00000,USD
c8dc9675-375e-4d62-b709-b414c69db2c1,2026-03-18 05:09:38,"Rebirth 12, Floor 3, Clean Account, only have ID PASSWORD, Please Read Desc
Auto Delivery",Account,Accounts,1,Completed,,,3.00000,USD,Positive,GOAT,,,3.00000,USD
d18cf288-3d0b-459c-aefd-397ca21affd0,2026-03-18 05:09:28,"Rebirth 12, Floor 3, Clean Account, only have ID PASSWORD, Please Read Desc
Auto Delivery",Account,Accounts,1,Completed,,,3.00000,USD,Positive,GGWP,,,3.00000,USD
ad6d34ea-dd21-4e73-a5b3-b03afcaefbf3,2026-03-18 03:30:28,Snailo Clovero s24,CustomItem,Items,1,Canceled,,,6.00000,USD,Unrated,,Buyer_Did_Not_Respond,,6.00000,USD
82c0a474-e9f7-4109-aff1-fc78aa09e109,2026-03-18 03:18:22,Snailo Clovero s24,CustomItem,Items,1,Canceled,Item_Not_Delivered_Within_Delivery_Time,,6.00000,USD,Unrated,,Not_Delivered_Within_Guaranteed_Delivery_Time,,6.00000,USD
b90c4fc5-f11e-4068-9789-8f5f11f08909,2026-03-18 02:29:22,Noo my Gold s24,CustomItem,Items,1,Completed,,,3.00000,USD,Positive,,,,3.00000,USD
28c7bf52-5a8d-4e3d-9965-b25aa8223cd1,2026-03-18 02:24:17,Noo my Gold s24,CustomItem,Items,1,Completed,,,3.00000,USD,Positive,Good price,,,3.00000,USD
ed9176d4-c48e-4699-9e61-fa31cd06415f,2026-03-18 01:59:51,Snailo Clovero s24,CustomItem,Items,1,Completed,,,6.00000,USD,Positive,,,,6.00000,USD
d128abd8-852d-4eb1-b196-9e255b9317b0,2026-03-18 01:47:12,Noo my Gold s24,CustomItem,Items,1,Completed,,,3.00000,USD,Positive,"very fast delivery and cheap, w seller :)",,,3.00000,USD
8c5d324f-9468-4cbd-9880-493be3cc5c51,2026-03-18 01:45:32,Noo my Gold s24,CustomItem,Items,1,Completed,,,3.00000,USD,Positive,Good price,,,3.00000,USD
f5d82ed4-09bf-4130-a4b7-3a76cd214855,2026-03-18 01:43:13,Snailo Clovero s24,CustomItem,Items,1,Completed,,,6.00000,USD,Positive,Good price,,,6.00000,USD
865152ee-b4c6-4e9f-b7de-04483c2e70f8,2026-03-18 01:39:19,Noo my Gold s24,CustomItem,Items,1,Completed,,,3.00000,USD,Positive,,,,3.00000,USD
af874eab-010b-4ca9-b6fb-4d269522673b,2026-03-18 01:33:50,Snailo Clovero s24,CustomItem,Items,1,Completed,,,6.00000,USD,Positive,Fast delivery,,,6.00000,USD
c3b40b53-42ab-436c-9f77-f617a9d172a8,2026-03-18 01:13:56,Noo my Gold s24,CustomItem,Items,1,Completed,,,3.00000,USD,Positive,,,,3.00000,USD
c0a462e4-c7a1-4314-ae76-10f4ffb526b3,2026-03-18 01:01:54,Snailo Clovero s24,CustomItem,Items,1,Completed,,,6.00000,USD,Positive,,,,6.00000,USD
5c4a92f0-9074-41db-b7f5-e0185bf02b7f,2026-03-18 01:01:29,Snailo Clovero s24,CustomItem,Items,1,Completed,,,6.00000,USD,Positive,GOAT,,,6.00000,USD
0d31f8f1-814c-4331-a0ba-ba788e3a88dd,2026-03-18 00:54:23,Snailo Clovero s24,CustomItem,Items,1,Completed,,,6.00000,USD,Positive,Really quick and polite,,,6.00000,USD
1eb0867a-b45e-4f39-8b5b-e3fbc04dfce9,2026-03-18 00:46:50,Snailo Clovero s24,CustomItem,Items,1,Canceled,,,6.00000,USD,Unrated,,Buyer_Does_Not_Need_It_Anymore,,6.00000,USD
b4450240-2e4e-4153-bf83-c29d8b88c2b0,2026-03-18 00:31:18,Snailo Clovero s24,CustomItem,Items,1,Completed,,,6.00000,USD,Positive,Good communication,,,6.00000,USD
87564410-beaf-4b9d-84b1-fee0994cb552,2026-03-18 00:30:36,Noo my Gold s24,CustomItem,Items,1,Completed,,,3.00000,USD,Positive,Good price,,,3.00000,USD
bc47aece-b6f5-4ef7-9b83-d44b7272aa5e,2026-03-18 00:30:02,Snailo Clovero s24,CustomItem,Items,1,Completed,,,6.00000,USD,Positive,GGWP,,,6.00000,USD
3be5ea53-6f97-43f2-82f5-0905389a07c0,2026-03-18 00:21:24,Snailo Clovero s24,CustomItem,Items,1,Completed,,,6.00000,USD,Positive,Fast delivery,,,6.00000,USD
06f805e7-6407-4dfc-8e13-ed037cd7cf45,2026-03-18 00:19:23,Snailo Clovero s24,CustomItem,Items,1,Completed,,,6.00000,USD,Positive,Helpful and responsive,,,6.00000,USD
a945340a-87dc-479c-81e4-767c33b91d2f,2026-03-18 00:09:39,Snailo Clovero s24,CustomItem,Items,1,Completed,,,6.00000,USD,Positive,Good price,,,6.00000,USD
a61acb9f-85c1-4ec0-b4dc-56f2aeda864a,2026-03-17 23:55:51,Noo my Gold s24,CustomItem,Items,1,Completed,,,3.00000,USD,Positive,Good communication,,,3.00000,USD
8301c13f-a749-42db-b832-5768fb4a5325,2026-03-17 23:54:23,Snailo Clovero s24,CustomItem,Items,1,Completed,,,6.00000,USD,Positive,Helpful and responsive,,,6.00000,USD
4a561558-cafd-454d-a684-a35ba6c7f309,2026-03-17 23:47:12,Snailo Clovero s24,CustomItem,Items,1,Completed,,,6.00000,USD,Positive,Good price,,,6.00000,USD
91bb02f4-5ad9-4a61-a3de-04c59a7a6611,2026-03-17 23:38:30,Snailo Clovero s24,CustomItem,Items,2,Completed,,,7.00000,USD,Positive,Great seller!,,,14.00000,USD
39bb64ec-7418-4a7d-b77b-fe7b989b99b8,2026-03-17 23:33:08,Snailo Clovero s24,CustomItem,Items,1,Completed,,,7.00000,USD,Positive,It was fast kinda,,,7.00000,USD
1e02b383-00f9-4d58-b0e4-bb01104268f0,2026-03-17 23:33:06,Snailo Clovero s24,CustomItem,Items,1,Completed,,,7.00000,USD,Positive,,,,7.00000,USD
bda1b951-ff29-4d43-a0a8-03545bc47ef8,2026-03-17 23:32:14,Garama and Madundung w,CustomItem,Items,1,Completed,,,20.00000,USD,Positive,Good communication,,,20.00000,USD
b07a312d-cb02-4570-95f7-f945c7bea808,2026-03-17 23:28:41,Snailo Clovero s24,CustomItem,Items,1,Completed,,,7.00000,USD,Positive,Good communication,,,7.00000,USD
2eac7d5a-4b0a-4550-8f7d-2f1ca040bf55,2026-03-17 23:24:28,Snailo Clovero s24,CustomItem,Items,1,Completed,,,7.00000,USD,Positive,As described,,,7.00000,USD
b1a9cf58-23b1-4f31-a10b-bc39e05c598f,2026-03-17 23:13:55,"Taco Base Clean Account, only have ID PASSWORD, Please Read Desc Auto Delivery",Account,Accounts,1,Completed,,,3.00000,USD,Positive,Fast was simple,,,3.00000,USD
c0fe34ec-d1fe-4e0b-83ab-27ce9fe248b4,2026-03-17 23:07:27,Noo my Gold s24,CustomItem,Items,1,Completed,,,8.00000,USD,Positive,Extra mile,,,8.00000,USD
284c93b4-eea5-4b8f-8fd6-35eea5fff0c5,2026-03-17 23:04:36,Noo my Gold s24,CustomItem,Items,1,Completed,,,8.00000,USD,Positive,As described,,,8.00000,USD
ee7bb20a-71a5-49e2-a8a2-7a3dfdf1380e,2026-03-17 22:52:49,Noo my Gold s24,CustomItem,Items,1,Completed,,,8.00000,USD,Positive,As described,,,8.00000,USD
b72d762c-bda4-43ac-a86c-c0109d8f0e47,2026-03-17 22:52:38,Noo my Gold s24,CustomItem,Items,1,Completed,,,8.00000,USD,Positive,Helpful and responsive,,,8.00000,USD
928833a6-c63e-4b15-92e2-40c5eb4b71c2,2026-03-17 22:46:09,Noo my Gold s24,CustomItem,Items,1,Completed,,,8.00000,USD,Positive,Trusted seller I will buy again,,,8.00000,USD
547de560-8c4f-4bbc-92b3-495cbf8d93da,2026-03-17 22:45:24,Noo my Gold s24,CustomItem,Items,1,Completed,Item_Not_Delivered_Within_Delivery_Time,,8.00000,USD,Positive,Helpful and responsive,,,8.00000,USD
48a48650-398c-4762-a404-796719d6f914,2026-03-17 22:42:42,Snailo Clovero s24,CustomItem,Items,1,Completed,,,10.00000,USD,Positive,Fast delivery,,,10.00000,USD
4dd969b3-6177-46e2-aa4a-d9a85e6a5cd9,2026-03-17 22:42:42,Noo my Gold s24,CustomItem,Items,1,Completed,,,8.00000,USD,Positive,,,,8.00000,USD
4d8ce111-76b4-462a-959c-f100c4a34c99,2026-03-17 22:41:49,Noo my Gold s24,CustomItem,Items,1,Completed,,,8.00000,USD,Positive,Fast,,,8.00000,USD
b20f4645-61e4-44c9-9236-79ff546fe178,2026-03-17 22:41:44,Snailo Clovero s24,CustomItem,Items,1,Completed,,,10.00000,USD,Positive,As described,,,10.00000,USD
9903308e-1525-416d-b961-2500757a667a,2026-03-17 22:41:39,Noo my Gold s24,CustomItem,Items,1,Canceled,Seller_Delivered_But_Order_Not_Received,"I didn’t get it ",8.00000,USD,Unrated,,Buyer_Did_Not_Respond,,8.00000,USD
61153e41-3181-4ae9-9071-6bf56eb95ddd,2026-03-17 22:37:38,Noo my Gold s24,CustomItem,Items,1,Completed,,,8.00000,USD,Positive,,,,8.00000,USD
95d6c849-4fbe-4fdc-b792-13391db40257,2026-03-17 22:37:33,Noo my Gold s24,CustomItem,Items,1,Completed,,,8.00000,USD,Positive,,,,8.00000,USD
af10a677-eb97-43da-bcdb-556c7e06ab55,2026-03-17 22:37:24,Snailo Clovero s24,CustomItem,Items,1,Completed,,,10.00000,USD,Positive,GOAT,,,10.00000,USD
703256d1-1824-48f6-92b7-05a35c125c1d,2026-03-17 22:34:52,Noo my Gold s24,CustomItem,Items,1,Completed,,,8.00000,USD,Positive,GGWP,,,8.00000,USD
39af771a-dc05-4107-b042-14816c17c055,2026-03-17 21:51:41,Noo my Gold s24,CustomItem,Items,1,Completed,,,5.00000,USD,Positive,Good communication,,,5.00000,USD
93fb38d2-286a-480f-9aba-270cd3aee80a,2026-03-17 21:51:28,Noo my Gold s24,CustomItem,Items,5,Canceled,,,5.00000,USD,Unrated,,Buyer_Did_Not_Respond,,25.00000,USD
a17667d6-df0e-41ed-b6f5-82151415d569,2026-03-17 21:50:23,Noo my Gold s24,CustomItem,Items,2,Completed,,,5.00000,USD,Positive,Good communication,,,10.00000,USD
c5d360c3-64d0-4635-8b3c-2df794233ef1,2026-03-17 21:48:41,Noo my Gold s24,CustomItem,Items,1,Completed,,,5.00000,USD,Positive,Fast delivery,,,5.00000,USD
f1936d1a-3a10-434e-853c-da7c517a473d,2026-03-17 21:45:37,Noo my Gold s24,CustomItem,Items,1,Completed,,,5.00000,USD,Positive,holy W,,,5.00000,USD
f3014d36-041a-4f37-9e6b-e38f3c50e16e,2026-03-17 21:43:22,Noo my Gold s24,CustomItem,Items,1,Completed,,,4.00000,USD,Positive,Good price,,,4.00000,USD
dff57b2f-6091-4f59-aab4-b3765e5d4411,2026-03-17 21:30:27,Noo my Gold s24,CustomItem,Items,1,Completed,,,4.00000,USD,Positive,Helpful and responsive,,,4.00000,USD
33c4574b-6df2-4a27-b10a-0fd299a2576c,2026-03-17 21:28:02,Snailo Clovero s24,CustomItem,Items,2,Canceled,,,4.50000,USD,Unrated,,Buyer_Did_Not_Respond,,9.00000,USD
ddb8bc1a-04bc-4ba0-84ba-9b1559156800,2026-03-17 21:25:33,Noo my Gold s24,CustomItem,Items,1,Completed,,,4.00000,USD,Positive,,,,4.00000,USD
e1f1b026-6ee2-436b-b326-3ff8008ae9df,2026-03-17 21:23:56,Snailo Clovero s24,CustomItem,Items,1,Canceled,,,4.50000,USD,Unrated,,Buyer_Did_Not_Respond,,4.50000,USD
4ff2fef2-5b5b-49c6-bc1e-d33c1fac2a3a,2026-03-17 21:23:34,Snailo Clovero s24,CustomItem,Items,2,Completed,,,4.50000,USD,Positive,Extra mile,,,9.00000,USD
c1b609a7-5a5b-4592-bf71-bcaaf48b8ba3,2026-03-17 21:23:22,Noo my Gold s24,CustomItem,Items,1,Completed,,,4.00000,USD,Positive,Good communication,,,4.00000,USD
48f9e1e1-b454-42ff-aebc-25a870df1736,2026-03-17 21:21:46,Noo my Gold s24,CustomItem,Items,2,Completed,,,4.00000,USD,Positive,Extra mile,,,8.00000,USD
d7726d86-4f68-4c8f-9326-88eea7dd66dc,2026-03-17 21:19:04,Snailo Clovero s24,CustomItem,Items,1,Canceled,,,4.50000,USD,Unrated,,Buyer_Did_Not_Respond,,4.50000,USD
98244ddf-5074-49ad-96c5-6a45c35a56a4,2026-03-17 21:17:55,Snailo Clovero s24,CustomItem,Items,1,Completed,,,4.50000,USD,Positive,Fast delivery,,,4.50000,USD
e4017416-26e7-4b25-8a00-b08f4e4cd86b,2026-03-17 21:10:21,Snailo Clovero s24,CustomItem,Items,1,Completed,,,4.50000,USD,Positive,,,,4.50000,USD
dd729566-fb03-4e4b-a429-2bbef6ae2975,2026-03-17 20:50:51,Snailo Clovero s24,CustomItem,Items,1,Completed,,,4.50000,USD,Positive,,,,4.50000,USD
316a37b0-87af-4074-bb6d-31b60ed6c518,2026-03-17 20:35:20,Snailo Clovero s24,CustomItem,Items,1,Completed,,,4.50000,USD,Positive,,,,4.50000,USD
bacf47c3-0d96-4413-a9e4-2f3c29b19bd4,2026-03-17 20:22:00,Noo my Gold,CustomItem,Items,1,Completed,,,4.00000,USD,Positive,Good communication,,,4.00000,USD
1f86d551-c670-496c-95dc-4a804238fd95,2026-03-17 20:07:41,Snailo Clovero s24,CustomItem,Items,1,Completed,,,4.50000,USD,Positive,fast and safe thank you,,,4.50000,USD
778289e5-7661-483f-99f9-ae28114b020a,2026-03-17 20:02:30,Snailo Clovero s24,CustomItem,Items,1,Completed,,,4.50000,USD,Positive,,,,4.50000,USD
787c96e9-0630-4773-960a-75cf5674ab3b,2026-03-17 19:59:34,Snailo Clovero s24,CustomItem,Items,2,Completed,,,4.50000,USD,Positive,,,,9.00000,USD
76ab2b62-b828-49aa-8cfb-74ff93ac156d,2026-03-17 19:38:05,Noo my Gold s24,CustomItem,Items,1,Canceled,,,3.00000,USD,Unrated,,Buyer_Does_Not_Need_It_Anymore,,3.00000,USD
ab1b8934-abb7-4ab8-82ae-bba8bea8dcee,2026-03-17 19:38:01,Noo my Gold s24,CustomItem,Items,1,Completed,,,3.00000,USD,Positive,Good price,,,3.00000,USD
b9e4a2d0-2e4d-4295-8b00-dc5edd7cec9f,2026-03-17 19:36:08,Noo my Gold s24,CustomItem,Items,1,Completed,,,3.00000,USD,Positive,,,,3.00000,USD
64b4e0c3-b5c4-4e43-811b-8c85f136d78e,2026-03-17 19:34:34,Noo my Gold s24,CustomItem,Items,1,Completed,,,3.00000,USD,Positive,,,,3.00000,USD
1874d046-85f9-4431-9807-38b0a0933e46,2026-03-17 19:33:28,Noo my Gold s24,CustomItem,Items,1,Completed,,,3.00000,USD,Positive,,,,3.00000,USD
72e3da8e-02be-45e0-ac8e-b7a62e277c22,2026-03-17 18:03:43,Garama and Madundung s20,CustomItem,Items,2,Completed,,,10.00000,USD,Positive,Fast delivery,,,20.00000,USD
81d06a98-ffce-42dd-94d1-c47310bfe85c,2026-03-17 17:47:52,Noo my Gold s24,CustomItem,Items,2,Completed,,,3.00000,USD,Positive,,,,6.00000,USD
86f86f96-62bd-46c9-a4fa-8bfdcf23bd6e,2026-03-17 16:30:47,Noo my Gold s24,CustomItem,Items,1,Completed,,,3.00000,USD,Positive,Good communication,,,3.00000,USD
b479482e-d34a-4de8-b70f-7a015d72b41c,2026-03-17 16:22:38,Garama and Madundung s20,CustomItem,Items,1,Completed,,,10.00000,USD,Positive,GOAT,,,10.00000,USD
ddfe7eee-b1a6-4858-8e96-05c233643fee,2026-03-17 11:36:27,Garama and Madundung w,CustomItem,Items,1,Completed,,,10.00000,USD,Positive,Helpful and responsive,,,10.00000,USD
5c2a3ac8-2854-4921-9980-79b840e476fd,2026-03-17 10:40:16,Garama and Madundung w,CustomItem,Items,1,Completed,,,30.00000,USD,Positive,Extra mile,,,30.00000,USD
2ef432c3-c66a-4213-850b-bf45c2f42209,2026-03-17 03:45:24,Garama and Madundung w,CustomItem,Items,1,Completed,,,10.00000,USD,Positive,Good price,,,10.00000,USD
68aeee65-ec27-4f5f-bfed-6a46751215e4,2026-03-17 00:54:07,La Secret Combinasion s20,CustomItem,Items,1,Completed,,,25.00000,USD,Positive,GGWP,,,25.00000,USD
4a41bf9b-6c1a-439d-98c9-54a3b8ac7b75,2026-03-16 20:10:38,Spaghetti Tualetti -v,CustomItem,Items,1,Canceled,,,4.50000,USD,Unrated,,Buyer_Does_Not_Meet_Criteria_For_Order,,4.50000,USD
e9bdc39d-ae7c-4aa1-bac2-efe9306a952e,2026-03-16 19:30:44,Ketchuru and Musturu y,CustomItem,Items,1,Completed,,,10.00000,USD,Positive,GOAT,,,10.00000,USD
7a14e220-700b-4ea3-bd74-d4f2ae2b06c4,2026-03-16 15:16:53,Garama and Madundung s20,CustomItem,Items,1,Completed,,,10.00000,USD,Positive,Good communication,,,10.00000,USD
11076122-6843-4c9b-b8db-c5569361b5dc,2026-03-16 13:56:08,La Ginger Sekolah s7,CustomItem,Items,1,Completed,,,10.00000,USD,Positive,Fast delivery,,,10.00000,USD
fa0b03c7-e6a9-4fd5-86d6-c144659c3997,2026-03-16 13:55:52,"Rebirth 12, Floor 3, Clean Account, only have ID PASSWORD, Please Read Desc
Auto Delivery",Account,Accounts,1,Completed,,,3.00000,USD,Positive,GGWP,,,3.00000,USD
3b48e94d-6490-4ee0-90e9-2730f415905f,2026-03-16 13:48:27,Garama and Madundung s20,CustomItem,Items,1,Completed,,,10.00000,USD,Positive,Good communication,,,10.00000,USD
a43779b9-1180-4a63-984c-23c3215b5111,2026-03-16 12:20:02,Los Bros s7,CustomItem,Items,1,Completed,,,10.00000,USD,Positive,Good price,,,10.00000,USD
cf32eb61-3280-4a4b-a711-2b5cb2b4df30,2026-03-16 12:11:16,"Rebirth 12, Floor 3, Clean Account, only have ID PASSWORD, Please Read Desc
Auto Delivery",Account,Accounts,1,Completed,,,3.00000,USD,Positive,GGWP,,,3.00000,USD
db0b0178-62b0-4c74-963f-e908d9258a4d,2026-03-16 11:54:42,Garama and Madundung s20,CustomItem,Items,1,Completed,,,10.00000,USD,Positive,Helpful and responsive,,,10.00000,USD
f1e271ea-5892-49a9-bcf0-2cfcbc07ff9e,2026-03-16 11:44:48,Eviledon s21,CustomItem,Items,1,Completed,,,15.00000,USD,Positive,Good communication,,,15.00000,USD
6b76fba8-8ccd-4609-bd4a-d6f309a82620,2026-03-16 08:48:17,Garama and Madundung s20,CustomItem,Items,1,Completed,,,10.00000,USD,Positive,GOAT,,,10.00000,USD
19ca3e40-5922-4541-8019-18bc59e18ad9,2026-03-16 08:10:19,Garama and Madundung s20,CustomItem,Items,1,Canceled,,,10.00000,USD,Unrated,,Cancelation_Of_Reserved_Order,,10.00000,USD
309059c0-f81d-4b58-a27d-919861de171c,2026-03-16 04:10:00,Chipso and Queso s20,CustomItem,Items,1,Completed,,,15.00000,USD,Positive,GGWP,,,15.00000,USD
da7260ad-3cc2-4d55-b005-579d9add6318,2026-03-16 00:41:15,Los Puggies y,CustomItem,Items,1,Completed,,,12.00000,USD,Positive,Extra mile,,,12.00000,USD
0c84147d-cd81-4300-9539-e9b2c43f5be3,2026-03-16 00:33:50,La Taco Combinasion w,CustomItem,Items,1,Completed,,,15.00000,USD,Positive,Helpful and responsive,,,15.00000,USD
30f24a4f-3699-4df1-b53e-951b4f80ccd2,2026-03-16 00:04:50,Garama and Madundung s20,CustomItem,Items,1,Completed,,,12.50000,USD,Positive,Good communication,,,12.50000,USD
fb1879bc-b2dd-4dfa-9b91-0b558d076e66,2026-03-15 19:18:55,"Rebirth 12, Floor 3, Clean Account, only have ID PASSWORD, Please Read Desc
Auto Delivery",Account,Accounts,1,Canceled,,,3.00000,USD,Unrated,,Mutual_Agreement,,3.00000,USD
daf2ff5b-b663-4d76-aa04-7c0cb2167294,2026-03-15 19:06:47,"Rebirth 12, Floor 3, Clean Account, only have ID PASSWORD, Please Read Desc
Auto Delivery",Account,Accounts,1,Completed,,,3.00000,USD,Positive,Fast delivery,,,3.00000,USD
5a3aa675-9e03-48d4-9a4e-4fd9d0e60249,2026-03-15 18:54:53,"Rebirth 12, Floor 3, Clean Account, only have ID PASSWORD, Please Read Desc
Auto Delivery",Account,Accounts,1,Completed,,,3.00000,USD,Positive,GGWP,,,3.00000,USD
b03519a2-ffc2-483b-8367-1ba88bc65015,2026-03-15 18:41:39,"Rebirth 12, Floor 3, Clean Account, only have ID PASSWORD, Please Read Desc
Auto Delivery",Account,Accounts,1,Completed,,,3.00000,USD,Positive,Helpful and responsive,,,3.00000,USD
8aa836be-22d2-4744-8e17-1b066f1644de,2026-03-15 18:28:42,"Rebirth 12, Floor 3, Clean Account, only have ID PASSWORD, Please Read Desc
Auto Delivery",Account,Accounts,1,Completed,,,3.00000,USD,Positive,As described,,,3.00000,USD
e97e89c4-8794-410d-b7da-1b2f7573e5c0,2026-03-15 17:41:30,Garama and Madundung s20,CustomItem,Items,1,Completed,,,15.00000,USD,Positive,Extra mile,,,15.00000,USD
f4de3353-86c4-4f70-8805-e5a01fe565ea,2026-03-15 17:13:27,La Ginger Sekolah w,CustomItem,Items,1,Completed,Seller_Delivered_But_Order_Not_Received,"i didnt get the order
",10.00000,USD,Positive,Helpful and responsive,,,10.00000,USD
53a66a02-6d15-4e7e-8643-873883b2a014,2026-03-15 17:06:53,Garama and Madundung s20,CustomItem,Items,1,Completed,,,20.00000,USD,Positive,As described,,,20.00000,USD
8a74bab3-dde1-47d0-beae-4d861c8910b9,2026-03-15 16:55:04,Ventoliero Pavonero s20,CustomItem,Items,1,Completed,,,4.50000,USD,Positive,GGWP,,,4.50000,USD
3c4108d8-c161-4fc0-b849-d6ffa6ab22e8,2026-03-15 16:54:49,Ventoliero Pavonero s20,CustomItem,Items,1,Completed,,,4.50000,USD,Positive,Fast delivery,,,4.50000,USD
de35186f-a323-43dd-a304-291826fc17a9,2026-03-15 16:41:19,"Rebirth 12, Floor 3, Clean Account, only have ID PASSWORD, Please Read Desc
Auto Delivery",Account,Accounts,1,Completed,,,3.00000,USD,Positive,Helpful and responsive,,,3.00000,USD
d031c15f-1e4e-4cba-bcf7-08e1e948f093,2026-03-15 16:36:02,Garama and Madundung s20,CustomItem,Items,1,Completed,,,15.00000,USD,Positive,Good communication,,,15.00000,USD
e142fdd5-6ded-44ba-b213-5e33ea90a27f,2026-03-15 14:21:06,Garama and Madundung - p,CustomItem,Items,1,Completed,,,20.00000,USD,Positive,Extra mile,,,20.00000,USD
f7092214-dca7-473f-8aa1-7d8af748afd3,2026-03-15 13:47:22,Noo my Gold s24,CustomItem,Items,1,Completed,,,3.00000,USD,Positive,GOAT,,,3.00000,USD
1715a3be-95eb-4801-9a6f-06fe1fb8998c,2026-03-15 13:18:02,Noo my Gold s24,CustomItem,Items,1,Completed,,,3.00000,USD,Positive,,,,3.00000,USD
53efa8f1-95c7-4ab4-a6e4-6ab74140459b,2026-03-15 13:16:11,La Ginger Sekolah w,CustomItem,Items,1,Completed,,,10.00000,USD,Positive,GOAT,,,10.00000,USD
67a2f5b8-9c40-462e-8104-9beb029165e0,2026-03-15 13:10:10,Spaghetti Tualetti + Esok Sekolah - s16,CustomItem,Items,1,Completed,,,5.00000,USD,Positive,As described,,,5.00000,USD
1bbe8d33-c825-4e8d-8aeb-322df3985b4a,2026-03-15 12:31:25,Spaghetti Tualetti + Esok Sekolah - s16,CustomItem,Items,1,Canceled,Seller_Not_Responding,,5.00000,USD,Unrated,,Not_Delivered_Within_Guaranteed_Delivery_Time,,5.00000,USD
3044828b-e1ad-4f2f-b2e8-5ff716b5a80b,2026-03-15 10:28:25,Los Bros y,CustomItem,Items,1,Completed,,,15.00000,USD,Positive,Helpful and responsive,,,15.00000,USD
431ce72d-e650-4150-8dce-627029e7abd6,2026-03-15 08:12:07,Garama and Madundung w,CustomItem,Items,1,Completed,,,15.00000,USD,Positive,GOAT,,,15.00000,USD
56d8cece-a930-4c4e-8cfd-e935ec3f6e28,2026-03-15 05:06:47,Garama and Madundung s20,CustomItem,Items,1,Completed,,,10.00000,USD,Positive,Good communication,,,10.00000,USD
5c6deb04-1f71-419f-b96f-4ce3ae9ae89d,2026-03-15 04:46:13,"Rebirth 12, Floor 3, Clean Account, only have ID PASSWORD, Please Read Desc
Auto Delivery",Account,Accounts,1,Completed,,,3.00000,USD,Positive,Good price,,,3.00000,USD
1719b449-3066-4729-b1f3-c13406c0ca90,2026-03-15 02:47:04,Garama and Madundung w,CustomItem,Items,1,Completed,,,20.00000,USD,Positive,Good communication,,,20.00000,USD
01f1ca98-0f7e-493d-8b39-75784d9081ba,2026-03-15 02:33:44,Chipso and Queso s20,CustomItem,Items,1,Completed,,,25.00000,USD,Positive,GGWP,,,25.00000,USD
b0359800-88ac-4a3b-8a7e-1da0e2a49e60,2026-03-15 00:52:35,Garama and Madundung w,CustomItem,Items,1,Completed,,,20.00000,USD,Positive,Good price,,,20.00000,USD
34f1a506-491a-40fc-bdc3-0d94a0bd1b18,2026-03-14 17:33:44,"Rebirth 12, Floor 3, Clean Account, only have ID PASSWORD, Please Read Desc
Auto Delivery",Account,Accounts,1,Completed,,,3.00000,USD,Positive,GGWP,,,3.00000,USD
2aef48df-698a-4c72-9db6-47689f21e24c,2026-03-14 14:24:57,Mieteteira Bicicleteira y,CustomItem,Items,1,Completed,,,15.00000,USD,Positive,Helpful and responsive,,,15.00000,USD
fd93627c-8d3f-4228-8c1f-c7288bd2f41e,2026-03-14 13:30:53,"Rebirth 12, Floor 3, Clean Account, only have ID PASSWORD, Please Read Desc
Auto Delivery",Account,Accounts,1,Completed,,,3.00000,USD,Positive,Good price,,,3.00000,USD
556a4783-5827-487a-9f53-ec2ad6486e79,2026-03-14 12:47:09,W or L w,CustomItem,Items,1,Completed,,,10.00000,USD,Positive,GOAT,,,10.00000,USD
c7e9f494-8b14-4416-9eba-8e97fdf6d767,2026-03-14 11:36:57,"Rebirth 12, Floor 3, Clean Account, only have ID PASSWORD, Please Read Desc
Auto Delivery",Account,Accounts,1,Completed,,,3.00000,USD,Positive,GOAT,,,3.00000,USD
c97fe7eb-c949-49e9-84e3-44f489a941fd,2026-03-14 08:06:55,Los Bros w,CustomItem,Items,1,Completed,,,10.00000,USD,Positive,GOAT,,,10.00000,USD
efb5c070-c497-4b06-abe2-ad4bb1bbbc8f,2026-03-14 07:52:19,Garama and Madundung w,CustomItem,Items,1,Completed,,,20.00000,USD,Positive,As described,,,20.00000,USD
2e1882c0-3527-4049-b293-ac1f846896d8,2026-03-14 04:46:51,"Rebirth 12, Floor 3, Clean Account, only have ID PASSWORD, Please Read Desc
Auto Delivery",Account,Accounts,1,Completed,,,3.00000,USD,Positive,Fast delivery,,,3.00000,USD
d446ee57-b3fe-4779-9a01-f6339b390e3c,2026-03-14 04:05:02,Ketupat Kepat s21,CustomItem,Items,1,Completed,,,10.00000,USD,Positive,Extra mile,,,10.00000,USD
a551a4d2-c6ee-4de3-986b-e1637cc0fcf4,2026-03-14 02:51:30,Capitano Moby s20,CustomItem,Items,1,Completed,,,25.00000,USD,Positive,Good price,,,25.00000,USD
0f83ca6e-893c-4ff8-a31b-164bf924cdd7,2026-03-14 02:01:19,Garama and Madundung w,CustomItem,Items,1,Completed,,,15.00000,USD,Positive,Fast delivery,,,15.00000,USD
7354db10-15d8-434a-8051-6d1d7519a209,2026-03-13 21:38:11,Ventoliero Pavonero s20,CustomItem,Items,1,Completed,,,4.50000,USD,Positive,Fast delivery,,,4.50000,USD
43676ad6-406d-4df0-b163-1e803b1a991a,2026-03-13 20:41:34,Garama and Madundung s20,CustomItem,Items,1,Completed,,,15.00000,USD,Positive,As described,,,15.00000,USD
5851a1d3-c51c-4ec3-929f-69d0bbd42036,2026-03-13 20:38:29,La Ginger Sekolah w,CustomItem,Items,1,Completed,,,10.00000,USD,Positive,GGWP,,,10.00000,USD
86ef069a-fbc9-45e6-a3bd-f181019f9a7f,2026-03-13 20:36:48,Garama and Madundung s20,CustomItem,Items,1,Completed,,,15.00000,USD,Positive,"He gave me it under 4min so vouch ",,,15.00000,USD
fe909a5b-a23a-499a-8dbb-57bfcdb95e00,2026-03-13 20:25:11,La Secret Combinasion w,CustomItem,Items,1,Completed,,,10.00000,USD,Positive,GOAT,,,10.00000,USD
54dd3007-3257-4f84-96c6-c5cffd035cc9,2026-03-13 20:18:35,Ventoliero Pavonero s20,CustomItem,Items,1,Canceled,,,4.50000,USD,Unrated,,Buyer_Did_Not_Respond,,4.50000,USD
6dad2299-a40f-444b-9611-03a95e5c62fd,2026-03-13 19:55:01,Ventoliero Pavonero s20,CustomItem,Items,1,Canceled,Item_Not_Delivered_Within_Delivery_Time,,4.50000,USD,Unrated,,Not_Delivered_Within_Guaranteed_Delivery_Time,,4.50000,USD
bc1ae43d-4f83-4cde-97b7-8b1e3c41b41e,2026-03-13 19:07:23,Money Money Puggy - p,CustomItem,Items,1,Canceled,,,20.00000,USD,Unrated,,Buyer_Did_Not_Respond,,20.00000,USD
00135936-bd32-4164-9dcf-300bbfafa055,2026-03-13 18:51:42,"Rebirth 12, Floor 3, Clean Account, only have ID PASSWORD, Please Read Desc
Auto Delivery",Account,Accounts,1,Completed,,,3.00000,USD,Positive,Good price,,,3.00000,USD
a9f7804f-5314-4d17-8a9a-982a530ced74,2026-03-13 17:58:59,Garama and Madundung s20,CustomItem,Items,1,Canceled,Seller_Not_Responding,,20.00000,USD,Unrated,,Not_Delivered_Within_Guaranteed_Delivery_Time,,20.00000,USD
ba0b8907-12d3-4c1f-88f8-6b0f54ec4f0a,2026-03-13 17:57:00,Eviledon s21,CustomItem,Items,1,Canceled,Item_Not_Delivered_Within_Delivery_Time,,10.00000,USD,Unrated,,Not_Delivered_Within_Guaranteed_Delivery_Time,,10.00000,USD
ad5c7664-d488-4e47-9514-9e0b9b3d3b1c,2026-03-13 17:55:43,"Rebirth 12, Floor 3, Clean Account, only have ID PASSWORD, Please Read Desc
Auto Delivery",Account,Accounts,1,Completed,,,3.00000,USD,Positive,As described,,,3.00000,USD
77068806-bdcd-46db-9a83-0a49f62544b2,2026-03-13 17:36:38,Tictac Sahur s21,CustomItem,Items,1,Canceled,Item_Not_Delivered_Within_Delivery_Time,,10.00000,USD,Unrated,,Not_Delivered_Within_Guaranteed_Delivery_Time,,10.00000,USD
484f3934-c919-4fe2-ac9f-f705c8ff7ef1,2026-03-13 17:12:06,Garama and Madundung - p,CustomItem,Items,1,Canceled,Item_Not_Delivered_Within_Delivery_Time,,20.00000,USD,Unrated,,Not_Delivered_Within_Guaranteed_Delivery_Time,,20.00000,USD
9a5fdb1e-525f-4142-92e9-2acdf457033b,2026-03-13 16:41:48,Ketupat Kepat s21,CustomItem,Items,1,Canceled,,,10.00000,USD,Unrated,,Buyer_Provided_Incorrect_Account_Information,,10.00000,USD
69142112-a2f5-40a5-a8cc-da372197ce12,2026-03-13 15:48:28,Tictac Sahur w,CustomItem,Items,1,Canceled,Seller_Not_Responding,,15.00000,USD,Unrated,,Not_Delivered_Within_Guaranteed_Delivery_Time,,15.00000,USD
64377cba-09f1-4834-8638-ec3a2f44e730,2026-03-13 11:49:22,Spaghetti Tualetti -v,CustomItem,Items,1,Completed,,,4.50000,USD,Positive,GOAT,,,4.50000,USD
c44194ff-c72b-45ea-b4a4-da2f97ed9bb0,2026-03-13 06:35:36,Tictac Sahur s20,CustomItem,Items,1,Completed,,,10.00000,USD,Positive,GOAT,,,10.00000,USD
6b8b3fb7-382a-4de7-8551-c490b1b739d7,2026-03-13 03:06:59,Tictac Sahur s20,CustomItem,Items,1,Completed,,,10.00000,USD,Positive,As described,,,10.00000,USD
81ee6cb0-a038-4beb-af02-10b825aae74c,2026-03-13 01:58:16,Garama and Madundung s7,CustomItem,Items,1,Completed,,,15.00000,USD,Positive,Good price,,,15.00000,USD
027bc06e-2d7c-47b3-873e-4d34dde7c49e,2026-03-13 01:52:14,Lavadorito Spinito w,CustomItem,Items,1,Completed,,,15.00000,USD,Positive,Helpful and responsive,,,15.00000,USD
e3d3cf4f-5817-46bd-84a4-04b7634fa06d,2026-03-13 01:49:41,La Ginger Sekolah s20,CustomItem,Items,1,Completed,,,10.00000,USD,Positive,Extra mile,,,10.00000,USD
a46da773-8d21-4772-972d-223950dd5ef7,2026-03-13 01:46:56,Ventoliero Pavonero s20,CustomItem,Items,1,Completed,,,4.50000,USD,Positive,Good communication,,,4.50000,USD
fb8f4fc8-1c34-4d56-93df-6fdb933a1860,2026-03-13 00:26:18,Garama and Madundung w,CustomItem,Items,1,Completed,,,15.00000,USD,Positive,GOAT,,,15.00000,USD
399e426f-380a-4a63-bc60-54e2dcfaaba0,2026-03-12 22:58:10,Garama and Madundung w,CustomItem,Items,1,Completed,,,15.00000,USD,Positive,Helpful and responsive,,,15.00000,USD
9b8229b9-621d-400e-b0f5-14835e8bd179,2026-03-12 21:11:50,La Romantic Grande - z,CustomItem,Items,1,Completed,,,20.00000,USD,Positive,Helpful and responsive,,,20.00000,USD
a09456c5-668f-4bae-872a-db7015fc4454,2026-03-12 20:58:28,Bacuru and Egguru y,CustomItem,Items,1,Completed,,,12.00000,USD,Positive,Good price,,,12.00000,USD
09901232-bb82-42d2-8ea7-1ed91c058cd5,2026-03-12 20:53:42,Spaghetti Tualetti + Esok Sekolah - s16,CustomItem,Items,1,Canceled,,,5.00000,USD,Unrated,,Buyer_Does_Not_Need_It_Anymore,,5.00000,USD
d129970b-5a04-4a17-8efb-3538588570a4,2026-03-12 20:51:03,Chipso and Queso s7,CustomItem,Items,1,Completed,,,10.00000,USD,Positive,Extra mile,,,10.00000,USD
da46a894-e906-42ff-9309-057484ee13d1,2026-03-12 20:12:08,Ketchuru and Musturu w,CustomItem,Items,1,Completed,,,10.00000,USD,Positive,Good price,,,10.00000,USD
4fd11091-6714-4fed-8601-bbacbf72f59f,2026-03-12 18:39:06,Spaghetti Tualetti -v,CustomItem,Items,1,Canceled,,,4.50000,USD,Unrated,,Buyer_Did_Not_Respond,,4.50000,USD
e545cb67-b6a0-4023-8cee-ba3cfca91453,2026-03-12 18:29:00,La Ginger Sekolah s20,CustomItem,Items,1,Canceled,Item_Not_Delivered_Within_Delivery_Time,,10.00000,USD,Unrated,,Not_Delivered_Within_Guaranteed_Delivery_Time,,10.00000,USD
86c94718-0241-40ad-8e97-b48d38065459,2026-03-12 16:15:31,Chipso and Queso w,CustomItem,Items,1,Completed,,,10.00000,USD,Positive,Good communication,,,10.00000,USD
654ad7a2-8cd1-4370-b16f-8702bcf29b42,2026-03-12 13:08:12,La Secret Combinasion s21,CustomItem,Items,1,Completed,,,10.00000,USD,Positive,,,,10.00000,USD
6b036981-cccc-4423-82a6-0c50b9ad154d,2026-03-12 13:02:52,Eviledon s21,CustomItem,Items,1,Completed,,,10.00000,USD,Positive,Helpful and responsive,,,10.00000,USD
ae61cb4e-202c-415f-a4c1-b5b15fbf1ebc,2026-03-12 12:55:50,Garama and Madundung w,CustomItem,Items,1,Completed,,,15.00000,USD,Positive,As described,,,15.00000,USD
87aa0866-e443-40cc-af70-d5d56cc0c51c,2026-03-12 10:47:56,La Secret Combinasion s21,CustomItem,Items,1,Completed,,,15.00000,USD,Positive,GGWP,,,15.00000,USD
3f285ea1-8475-4e59-b4b0-2de0f2864088,2026-03-12 10:21:44,Strawberry Elephant Colossal lv 200,CustomItem,Items,1,Completed,,,2.00000,USD,Positive,Fast delivery,,,2.00000,USD
ab2ce494-262b-4c56-960a-ad8a7e4cfc2e,2026-03-12 07:00:21,La Taco Combinasion w,CustomItem,Items,1,Canceled,,,15.00000,USD,Unrated,,Cancelation_Of_Reserved_Order,,15.00000,USD
b96725e2-0061-4964-9306-70813f681d3c,2026-03-12 04:02:22,Ketchuru and Musturu w,CustomItem,Items,1,Completed,,,10.00000,USD,Positive,As described,,,10.00000,USD
438720fe-2e53-43d2-9e3a-7e9f409c6d61,2026-03-12 00:07:39,Chillin Chili w,CustomItem,Items,1,Completed,,,10.00000,USD,Positive,As described,,,10.00000,USD
6daae4c0-daea-41fd-b3af-d7c63d9d57c9,2026-03-11 23:09:14,Ventoliero Pavonero s20,CustomItem,Items,1,Completed,,,8.00000,USD,Positive,GOAT,,,8.00000,USD
5974f093-f1a0-4be8-8781-93bdf29f9f8e,2026-03-11 22:44:07,Ketchuru and Musturu w,CustomItem,Items,1,Completed,,,25.00000,USD,Positive,,,,25.00000,USD
918e9227-d579-401e-872c-df9d0d5816ec,2026-03-11 19:23:19,Spaghetti Tualetti -v,CustomItem,Items,1,Canceled,Item_Not_Delivered_Within_Delivery_Time,le vendeur est au retard je veut plus le brairot rembourser moi,4.50000,USD,Unrated,,Not_Delivered_Within_Guaranteed_Delivery_Time,,4.50000,USD
c5c42868-546d-488b-b479-f615dc58f3ad,2026-03-11 14:11:14,Chilin Chili v,CustomItem,Items,1,Completed,,,15.00000,USD,Positive,,,,15.00000,USD
5cd9535c-7125-4027-919c-28287235313d,2026-03-11 13:30:45,Garama and Madundung - p,CustomItem,Items,1,Canceled,,,20.00000,USD,Unrated,,Buyer_Did_Not_Respond,,20.00000,USD
61fe2dc1-7bc8-47d5-a54f-a886819b7dcd,2026-03-11 12:16:05,Garama and Madundung s20,CustomItem,Items,1,Completed,,,20.00000,USD,Positive,As described,,,20.00000,USD
d8d7576a-2403-49a5-bdc4-089611515ba6,2026-03-11 10:21:20,"Rebirth 12, Floor 3, Clean Account, only have ID PASSWORD, Please Read Desc
Auto Delivery",Account,Accounts,1,Completed,,,3.00000,USD,Positive,Good communication,,,3.00000,USD
53ba52ca-3dbd-48a1-8f8b-0fab02248212,2026-03-11 10:18:14,"Rebirth 12, Floor 3, Clean Account, only have ID PASSWORD, Please Read Desc
Auto Delivery",Account,Accounts,1,Completed,,,3.00000,USD,Positive,Extra mile,,,3.00000,USD
3af4c70e-bbfc-4bea-aaef-abed8a4d74a8,2026-03-11 10:13:26,"Rebirth 12, Floor 3, Clean Account, only have ID PASSWORD, Please Read Desc
Auto Delivery",Account,Accounts,1,Completed,,,3.00000,USD,Positive,Good price,,,3.00000,USD
d2db2976-e398-49c2-b7b5-fd5d03cde669,2026-03-11 08:44:25,Capitano Moby w,CustomItem,Items,1,Completed,,,25.00000,USD,Positive,"he was a little late but gave me another item i didnt pay for to make up for it w seller
",,,25.00000,USD
7e64304e-a2d1-44dd-b209-40e8b7100cc6,2026-03-11 06:30:11,Los Bros w,CustomItem,Items,1,Completed,,,15.00000,USD,Positive,Helpful and responsive,,,15.00000,USD
75b0bed6-4a82-4311-903c-c3bb410106b4,2026-03-11 05:58:39,Capitano Moby w,CustomItem,Items,1,Canceled,Item_Not_Delivered_Within_Delivery_Time,"he never gave me the item
",25.00000,USD,Unrated,,Not_Delivered_Within_Guaranteed_Delivery_Time,,25.00000,USD
e7fee3eb-a3c9-4445-b2bc-3ec424bb88a6,2026-03-11 03:46:31,Garama and Madundung s20,CustomItem,Items,1,Completed,,,25.00000,USD,Positive,Fast delivery,,,25.00000,USD
0bd9ea8b-3648-4598-96e9-a1b3bbee8eac,2026-03-11 01:48:53,Swaggy Bros y,CustomItem,Items,1,Completed,,,25.00000,USD,Positive,GGWP,,,25.00000,USD
36862e0b-a359-4d4b-a1fc-ddb9b244830c,2026-03-11 00:54:26,Los Bros w,CustomItem,Items,1,Canceled,Item_Not_Delivered_Within_Delivery_Time,,15.00000,USD,Unrated,,Not_Delivered_Within_Guaranteed_Delivery_Time,,15.00000,USD
c2eec5ce-54b8-4e6c-99ef-d9aee0459dd1,2026-03-10 23:38:49,Tang Tang Keletang s7,CustomItem,Items,1,Completed,,,10.00000,USD,Positive,Fast delivery,,,10.00000,USD
e55be84b-c216-4712-aa2c-dcfc60cc915b,2026-03-10 23:21:58,Garama and Madundung s20,CustomItem,Items,1,Completed,,,25.00000,USD,Positive,Good price,,,25.00000,USD
695ddefb-8f60-4738-a36f-cd5ecbf4c2fd,2026-03-10 23:06:12,Burguro and Fryuro - z,CustomItem,Items,1,Completed,,,25.00000,USD,Positive,Good communication,,,25.00000,USD
66dd52c2-20e8-4c46-8302-b3c91acf8c91,2026-03-10 22:50:44,Chipso and Queso w,CustomItem,Items,1,Completed,,,10.00000,USD,Positive,As described,,,10.00000,USD
3b319479-8f95-4c54-9598-57daef5f26fa,2026-03-10 21:24:37,Chipso and Queso w,CustomItem,Items,1,Completed,,,10.00000,USD,Positive,,,,10.00000,USD
a6bd91c0-fbf5-4645-bb25-ff1301e05466,2026-03-10 21:16:41,Spaghetti Tualetti + Esok Sekolah - s16,CustomItem,Items,2,Completed,,,5.00000,USD,Positive,Extra mile,,,10.00000,USD
e2919f8d-e144-401f-a64c-f0f390beef38,2026-03-10 15:40:52,Garama and Madundung s10,CustomItem,Items,1,Completed,,,40.00000,USD,Positive,As described,,,40.00000,USD
95332fb7-6322-45d6-bc70-8c2b6d3a90c9,2026-03-10 14:04:50,Los 67 v,CustomItem,Items,1,Completed,,,10.00000,USD,Positive,Extra mile,,,10.00000,USD
b40168e7-ae57-4d44-bacf-3f4346412af7,2026-03-10 12:26:51,"Rebirth 12, Floor 3, Clean Account, only have ID PASSWORD, Please Read Desc
Auto Delivery",Account,Accounts,1,Completed,,,3.00000,USD,Positive,Fast delivery,,,3.00000,USD
a9de0dad-f7cc-4de9-9bf3-16290e1fc599,2026-03-10 10:32:23,Tictac Sahur w,CustomItem,Items,1,Completed,,,10.00000,USD,Positive,Good communication,,,10.00000,USD
926c1db9-6bb2-468d-960a-f1f690927179,2026-03-10 06:45:56,Orcaledon w,CustomItem,Items,1,Completed,,,25.00000,USD,Positive,GGWP,,,25.00000,USD
49e2103a-c438-482f-aed6-c91b55aff52a,2026-03-10 04:09:24,Chipso and Queso w,CustomItem,Items,1,Completed,,,10.00000,USD,Positive,Helpful and responsive,,,10.00000,USD
c4bb645f-bb4d-4807-98bf-4df53a12df78,2026-03-10 03:11:37,Tang Tang Keletang s7,CustomItem,Items,1,Completed,,,10.00000,USD,Positive,Helpful and responsive,,,10.00000,USD
e1ad94f3-6c57-415c-99f7-596dd5771890,2026-03-10 01:32:56,Money Money Puggy y,CustomItem,Items,1,Completed,,,10.00000,USD,Positive,Good price,,,10.00000,USD
e589f0f6-a1db-40bc-8c6c-af8954180d16,2026-03-10 00:34:07,Garama and Madundung - p,CustomItem,Items,1,Completed,,,20.00000,USD,Positive,,,,20.00000,USD
5b7191a1-d6b7-4271-86d7-24058861aebc,2026-03-09 23:04:54,Garama and Madundung w,CustomItem,Items,1,Completed,,,15.00000,USD,Positive,GOAT,,,15.00000,USD
57d6b23c-622f-42ae-9448-e2a3b1de8412,2026-03-09 21:52:59,Garama and Madundung w,CustomItem,Items,1,Completed,Cannot_Claim_Purchase_Due_To_InGame_Issues,,15.00000,USD,Positive,,,,15.00000,USD
ba119169-1f93-4b71-8859-7ac3d2be56d1,2026-03-09 21:40:37,Spaghetti Tualetti -v,CustomItem,Items,1,Completed,,,4.50000,USD,Positive,GGWP,,,4.50000,USD
144d168d-3e13-4e45-8bf1-33d6bb86183f,2026-03-09 17:26:40,Ketchuru and Musturu w,CustomItem,Items,1,Completed,,,20.00000,USD,Positive,Fast delivery,,,20.00000,USD
4ee83007-6cf7-4dff-8044-dec0e3858182,2026-03-09 17:13:46,La Taco Combinasion w,CustomItem,Items,1,Completed,,,20.00000,USD,Positive,GOAT,,,20.00000,USD
b27b368c-cd54-4fc2-b3ef-6b99ac191f07,2026-03-09 16:01:06,Esok 300m - w,CustomItem,Items,1,Completed,,,10.00000,USD,Positive,Helpful and responsive,,,10.00000,USD
1a177b9c-61cb-418c-a366-4c2c1fd3955d,2026-03-09 14:37:58,La Ginger Sekolah w,CustomItem,Items,1,Completed,,,10.00000,USD,Positive,Fast delivery,,,10.00000,USD
11896436-262d-45d4-97ae-2234b0ba4d20,2026-03-09 14:33:46,Garama and Madundung w,CustomItem,Items,1,Completed,Cannot_Claim_Purchase_Due_To_InGame_Issues,,15.00000,USD,Positive,GGWP,,,15.00000,USD
d14d0fdd-22a7-4499-a041-e9a8f49e98cc,2026-03-09 11:26:26,Tang Tang Keletang w,CustomItem,Items,1,Completed,,,15.00000,USD,Positive,Fast delivery,,,15.00000,USD
e268ddf6-4c6a-489d-9110-bbf0d154485b,2026-03-09 11:20:37,Spaghetti Tualetti + Esok Sekolah - s16,CustomItem,Items,1,Completed,,,5.00000,USD,Positive,Good price,,,5.00000,USD
5911d63a-a147-4a56-a6f0-f885b00d0e55,2026-03-09 10:22:41,Capitano Moby w,CustomItem,Items,1,Completed,,,25.00000,USD,Positive,GOAT,,,25.00000,USD
7774d07a-8917-4949-8dfc-f9c74e242318,2026-03-09 05:17:45,Lavadorito Spinito y,CustomItem,Items,1,Completed,,,12.00000,USD,Positive,Good price,,,12.00000,USD
cd21b371-835e-4ad2-9952-14db4c9ee2b9,2026-03-09 04:32:43,Los Sweethearts y,CustomItem,Items,1,Completed,,,10.00000,USD,Positive,Helpful and responsive,,,10.00000,USD
34eb8853-f6fc-4dd3-a5cf-d175542d3c1e,2026-03-09 04:11:42,Lavadorito Spinito w,CustomItem,Items,1,Completed,,,20.00000,USD,Positive,Good communication,,,20.00000,USD
12e36596-11ed-49a8-bf22-1b7d09214167,2026-03-09 03:33:29,Bacuru and Egguru y,CustomItem,Items,1,Completed,,,12.00000,USD,Positive,GGWP,,,12.00000,USD
5b16b2d0-6310-499e-a349-e1f389ef2c6a,2026-03-08 22:47:37,"Rebirth 12, Floor 3, Clean Account, only have ID PASSWORD, Please Read Desc
Auto Delivery",Account,Accounts,1,Completed,,,3.00000,USD,Positive,As described,,,3.00000,USD
f1b5fa44-ff8b-4743-b1a2-0c5e3943c7b0,2026-03-08 17:38:33,Esok Sekolah,CustomItem,Items,1,Canceled,,,2.50000,USD,Unrated,,Out_Of_Stock,,2.50000,USD
190ea2a3-54e8-468c-bec7-5ff9dcc6cfb6,2026-03-08 17:25:16,Lavadorito Spinito w,CustomItem,Items,1,Completed,,,15.00000,USD,Positive,Good price,,,15.00000,USD
ceaadff4-c44d-4444-ba60-136848773dc0,2026-03-08 17:05:13,Tuff Toucan y,CustomItem,Items,1,Completed,Seller_Delivered_But_Order_Not_Received,,15.00000,USD,Positive,,,,15.00000,USD
94cfaca8-35cc-4f36-b803-41afd7dfd0dc,2026-03-08 16:49:56,Ketchuru and Musturu s20,CustomItem,Items,1,Completed,,,15.00000,USD,Positive,As described,,,15.00000,USD
da2d04f9-d481-4da1-91f4-23745fbeb586,2026-03-08 16:20:44,La Romantic Grande y,CustomItem,Items,1,Completed,,,10.00000,USD,Positive,As described,,,10.00000,USD
e1332707-750c-4854-8660-f0c5c8a2bacf,2026-03-08 14:55:57,Ketupat Kepat s21,CustomItem,Items,1,Completed,,,15.00000,USD,Positive,Good price,,,15.00000,USD
3b87df79-cb0c-476d-a62d-52678d661c32,2026-03-08 14:41:27,La Secret Combinasion s20,CustomItem,Items,1,Completed,,,10.00000,USD,Positive,GGWP,,,10.00000,USD
6a84d611-67c3-40c9-9219-49bf603590d5,2026-03-08 14:40:35,Esok Sekolah,CustomItem,Items,2,Completed,,,2.50000,USD,Positive,,,,5.00000,USD
c4a48a69-88b5-4d62-8b9e-bdc41511ac7e,2026-03-08 14:39:29,Esok Sekolah,CustomItem,Items,1,Completed,,,2.50000,USD,Positive,Good communication,,,2.50000,USD
0a0417a0-799d-4868-9b6e-275a8ff06eef,2026-03-08 14:04:20,Los Sweethearts y,CustomItem,Items,1,Completed,,,5.00000,USD,Positive,As described,,,5.00000,USD
b317c292-ddf4-4d52-9211-8700b96056d9,2026-03-08 13:51:39,Spaghetti Tualetti -v,CustomItem,Items,1,Completed,,,4.50000,USD,Positive,Helpful and responsive,,,4.50000,USD
fd408e00-2050-4322-b08d-864c21f1f6c1,2026-03-08 13:40:45,Esok Sekolah,CustomItem,Items,1,Completed,,,2.50000,USD,Positive,,,,2.50000,USD
a7f8100c-6e6d-4c76-91fd-59c743845533,2026-03-08 13:24:26,La Grande Combinasion y,CustomItem,Items,1,Completed,,,5.00000,USD,Positive,"Thanks for the quick and easy purchase! ",,,5.00000,USD
9083346b-499e-406c-870a-b3439e7eb211,2026-03-08 13:15:58,Tuff Toucan w,CustomItem,Items,1,Completed,,,10.00000,USD,Positive,Helpful and responsive,,,10.00000,USD
07c32289-fa65-4f05-883e-40dbe0621877,2026-03-08 13:15:27,Esok Sekolah,CustomItem,Items,1,Canceled,,,2.50000,USD,Unrated,,Buyer_Did_Not_Respond,,2.50000,USD
ec084b60-d207-47c1-9318-1ec01b4778e3,2026-03-08 13:10:59,Los Bros y,CustomItem,Items,1,Completed,,,10.00000,USD,Positive,Good price,,,10.00000,USD
d695a6dd-c1de-49f4-9647-1591b02f5588,2026-03-08 12:54:00,Tang Tang Keletang y,CustomItem,Items,1,Completed,,,10.00000,USD,Positive,GOAT,,,10.00000,USD
498d0bc9-88d4-4b16-b203-6032dc7e42d5,2026-03-08 12:43:09,Esok Sekolah,CustomItem,Items,1,Completed,,,2.50000,USD,Positive,,,,2.50000,USD
b15216d3-8ae5-49fd-a97f-7ced0ab70327,2026-03-08 12:32:55,Ketupat Kepat - k,CustomItem,Items,1,Completed,,,10.00000,USD,Positive,Helpful and responsive,,,10.00000,USD
2b8a3ff6-9401-4ab8-ae08-0dad6237e6d9,2026-03-08 12:30:16,Esok Sekolah,CustomItem,Items,1,Completed,,,2.50000,USD,Positive,Fast delivery,,,2.50000,USD
46b8427b-3b1e-4ea0-9156-77e53fa6e8bc,2026-03-08 12:24:40,La Taco Combinasion y,CustomItem,Items,1,Completed,,,20.00000,USD,Positive,Really legit,,,20.00000,USD
409d7e39-b98f-49b5-a4f6-c019b8b89488,2026-03-08 12:00:39,Bacuru and Egguru y,CustomItem,Items,1,Completed,,,13.00000,USD,Positive,Extra mile,,,13.00000,USD
c18d742b-2e26-4291-8bcb-15a1088d1a07,2026-03-08 11:58:24,Esok Sekolah,CustomItem,Items,1,Completed,,,2.50000,USD,Positive,Extra mile,,,2.50000,USD
3d598003-943f-417d-83cf-f1cd484e4f13,2026-03-08 11:46:41,Spaghetti Tualetti + Esok Sekolah - s16,CustomItem,Items,2,Completed,,,5.00000,USD,Positive,Helpful and responsive,,,10.00000,USD
e848fe24-0f00-47bf-ab3c-966ea71cf9f8,2026-03-08 11:33:45,Cooki and Milki s7,CustomItem,Items,1,Completed,,,30.00000,USD,Positive,Fast delivery,,,30.00000,USD
570cfdee-afbb-45af-acac-85b1214a8bfa,2026-03-08 11:08:43,Esok Sekolah,CustomItem,Items,4,Completed,,,2.50000,USD,Positive,GOAT,,,10.00000,USD
e2d84d6d-9523-4449-918a-f5514251bf88,2026-03-08 10:24:33,W or L s21,CustomItem,Items,1,Completed,,,15.00000,USD,Positive,GOAT,,,15.00000,USD
d908bb6d-33da-43b4-b547-109ba0e8c757,2026-03-08 10:10:39,La Secret Combinasion s7,CustomItem,Items,1,Completed,,,20.00000,USD,Positive,Fast delivery,,,20.00000,USD
1d6e243b-ac5c-4ed6-ad02-d7f91f0fea06,2026-03-08 10:02:30,Ketchuru and Musturu s7,CustomItem,Items,1,Completed,,,10.00000,USD,Positive,,,,10.00000,USD
baf27596-4890-455b-93d7-c8a03396617d,2026-03-08 09:47:11,Los 67 s7,CustomItem,Items,1,Completed,,,15.00000,USD,Positive,GGWP,,,15.00000,USD
0eba7695-9c09-40e2-98d4-fb34394864cd,2026-03-08 08:25:55,Spaghetti Tualetti + Esok Sekolah - s16,CustomItem,Items,1,Completed,,,5.00000,USD,Positive,Extra mile,,,5.00000,USD
31587a2a-444e-4ce3-bbda-ba0c0b188049,2026-03-08 08:14:16,Chillin Chili w,CustomItem,Items,1,Completed,,,10.00000,USD,Positive,Good communication,,,10.00000,USD
b59691b2-4eb9-48bf-b89b-ff28393614b8,2026-03-08 06:28:20,Ketchuru and Musturu w,CustomItem,Items,1,Completed,,,10.00000,USD,Positive,,,,10.00000,USD
a46c3272-fbd9-4b71-a931-9b74be3f1fc4,2026-03-08 06:15:42,Tuff Toucan w,CustomItem,Items,1,Completed,,,10.00000,USD,Positive,Fast delivery,,,10.00000,USD
7213c95f-ccf1-400c-868f-8f15f71fb286,2026-03-08 06:00:52,La Secret Combinasion s7,CustomItem,Items,1,Completed,,,10.00000,USD,Positive,Fast delivery,,,10.00000,USD
56b6ed65-8d92-4965-a868-8b9c7efa669e,2026-03-08 05:09:34,Tictac Sahur s7,CustomItem,Items,1,Completed,,,10.00000,USD,Positive,Fast,,,10.00000,USD
1a0a51a8-b9cc-4ff4-a74b-1aa0e580d0f1,2026-03-08 04:56:39,Rosetti Tualetti y,CustomItem,Items,1,Completed,,,10.00000,USD,Positive,Fast delivery,,,10.00000,USD
d4f1324e-11eb-4375-b808-7848eae60e12,2026-03-08 04:43:00,La Secret Combinasion s7,CustomItem,Items,1,Completed,,,15.00000,USD,Positive,GOAT,,,15.00000,USD
d1bd3599-5a17-4c70-8bdb-fc04815b3084,2026-03-08 04:26:25,Esok Sekolah,CustomItem,Items,1,Completed,,,2.50000,USD,Positive,,,,2.50000,USD
13ecdfe0-19e2-4938-8df7-8cc0fd776056,2026-03-08 04:26:11,Garama and Madundung - z,CustomItem,Items,1,Completed,,,25.00000,USD,Positive,Extra mile,,,25.00000,USD
5e761d75-3df2-4baf-a6ef-1a97d3280875,2026-03-08 02:41:17,La Ginger Sekolah w,CustomItem,Items,1,Completed,,,10.00000,USD,Positive,Good communication,,,10.00000,USD
9f09a459-6fff-4d04-bdf7-7014f6336ba7,2026-03-08 02:39:55,Nuclearo Dinossauro s,CustomItem,Items,1,Completed,,,5.00000,USD,Positive,,,,5.00000,USD
8d0941ac-7c47-44a1-9c2b-befa47c405ac,2026-03-08 02:36:53,Esok Sekolah,CustomItem,Items,2,Completed,,,2.50000,USD,Positive,Extra mile,,,5.00000,USD
fa6a120a-9398-47cc-ac0a-e5badd1b60f7,2026-03-08 02:27:46,Rosetti Tualetti y,CustomItem,Items,1,Completed,,,20.00000,USD,Positive,Helpful and responsive,,,20.00000,USD
4a4fdaef-ae05-46f1-b1a0-54fd3eee5a73,2026-03-08 02:24:34,Ketupat Kepat - k,CustomItem,Items,1,Completed,,,10.00000,USD,Positive,Good price,,,10.00000,USD
f6190b1a-3223-4ae7-b2be-494770354320,2026-03-08 00:47:07,Burguro and Fryuro - z,CustomItem,Items,1,Completed,,,20.00000,USD,Positive,GOAT,,,20.00000,USD
6c6dc2e0-b696-48fc-95d0-134da165ca4a,2026-03-08 00:22:25,Chilin Chili y,CustomItem,Items,1,Completed,,,10.00000,USD,Positive,Good communication,,,10.00000,USD
1f7c172e-fb28-4cff-bca8-a16b21c8a99a,2026-03-08 00:17:50,La Secret Combinasion y,CustomItem,Items,1,Completed,,,8.00000,USD,Positive,Fast delivery,,,8.00000,USD
542ec213-3c50-4223-a3f7-db32b17469fa,2026-03-07 23:52:21,Spaghetti Tualetti + Esok Sekolah - s16,CustomItem,Items,2,Completed,,,5.00000,USD,Positive,,,,10.00000,USD
32f6274e-b7c1-4c97-8456-a4aff2c013e3,2026-03-07 22:13:11,Garama and Madundung w,CustomItem,Items,1,Completed,,,15.00000,USD,Positive,Good communication,,,15.00000,USD
9c601ef0-4275-4d35-8fab-8fbaf11f3aa7,2026-03-07 17:37:33,Ketchuru and Musturu s21,CustomItem,Items,1,Completed,,,15.00000,USD,Positive,"Nice ",,,15.00000,USD
463d754c-2f20-41bd-b1e0-59e7abd7b0fc,2026-03-07 17:28:11,Swaggy Bros s7,CustomItem,Items,1,Completed,,,10.00000,USD,Positive,Good price,,,10.00000,USD
22930538-beda-4e66-8f67-bd71bb344043,2026-03-07 17:20:28,Bacuru and Egguru y,CustomItem,Items,1,Completed,,,6.00000,USD,Positive,GOAT,,,6.00000,USD
95bb8326-1a42-4a28-9b03-2694e4503914,2026-03-07 16:58:19,Eviledon y,CustomItem,Items,1,Completed,,,15.00000,USD,Positive,Extra mile,,,15.00000,USD
d367e8b4-5f02-4741-afcf-6d23fbc6bfa1,2026-03-07 16:48:28,Tang Tang Keletang s20,CustomItem,Items,1,Completed,,,10.00000,USD,Positive,As described,,,10.00000,USD
e693a9c3-78df-433b-ba45-dc03b1fbcbe8,2026-03-07 16:35:56,La Secret Combinasion w,CustomItem,Items,1,Completed,,,10.00000,USD,Positive,Helpful and responsive,,,10.00000,USD
4db5724b-175d-4327-80ba-7416dd0cd5ed,2026-03-07 16:29:21,Lavadorito Spinito w,CustomItem,Items,1,Completed,,,10.00000,USD,Positive,Good price,,,10.00000,USD
cc9ec351-c343-48f1-930d-9e818573b46b,2026-03-07 16:02:05,La Secret Combinasion s7,CustomItem,Items,1,Completed,,,10.00000,USD,Positive,As described,,,10.00000,USD
8dc152d8-9206-45f9-9405-371ac1ea8458,2026-03-07 15:14:48,Spaghetti Tualetti -v,CustomItem,Items,1,Completed,,,4.50000,USD,Positive,Extra mile,,,4.50000,USD
ad141f09-9529-4b4d-92d1-7965ef57fa59,2026-03-07 14:52:06,Money Money Puggy y,CustomItem,Items,1,Completed,,,20.00000,USD,Positive,GGWP,,,20.00000,USD
cc7c9aef-7465-47f2-8764-e375a466000c,2026-03-07 14:38:21,Spaghetti Tualetti -v,CustomItem,Items,1,Completed,,,4.50000,USD,Positive,Good communication,,,4.50000,USD
278f0c74-bf29-47e6-a1b1-f0a5ce7d7b64,2026-03-07 14:08:12,Spooky and Pumpky w,CustomItem,Items,1,Completed,,,25.00000,USD,Positive,Extra mile,,,25.00000,USD
688d49bf-441a-4537-b90d-632259a716dc,2026-03-07 13:59:48,My Heart - s10,CustomItem,Items,1,Completed,,,4.00000,USD,Positive,GGWP,,,4.00000,USD
cf82e538-482b-485c-a0b8-771f9d242fac,2026-03-07 13:50:32,Tuff Toucan y,CustomItem,Items,1,Completed,,,15.00000,USD,Positive,Good price,,,15.00000,USD
abe46edd-744f-4caf-86c3-de70a4e8d9ba,2026-03-07 13:04:22,"Rebirth 12, Floor 3, Clean Account, only have ID PASSWORD, Please Read Desc
Auto Delivery",Account,Accounts,1,Completed,,,3.00000,USD,Positive,,,,3.00000,USD
21c2a2f1-423f-446d-ad0e-4e6131bd91f5,2026-03-07 13:01:09,Ketchuru and Musturu s21,CustomItem,Items,1,Completed,,,10.00000,USD,Positive,As described,,,10.00000,USD
1247fe92-58ec-40b7-8dc7-e8a3a09dccd7,2026-03-07 12:58:51,Spaghetti Tualetti -v,CustomItem,Items,1,Completed,,,4.50000,USD,Positive,Fast delivery,,,4.50000,USD
bebd02a6-e4ca-4a60-8aed-9814a9b35248,2026-03-07 12:50:45,Los Bros s21,CustomItem,Items,1,Completed,,,10.00000,USD,Positive,As described,,,10.00000,USD
4159b3d8-3c25-4e52-bc6f-db548f4588e2,2026-03-07 12:47:12,Lavadorito Spinito y,CustomItem,Items,1,Completed,,,12.00000,USD,Positive,GGWP,,,12.00000,USD
619a7d26-b67a-4ce7-b599-c898699a963d,2026-03-07 12:42:48,Chipso and Queso y,CustomItem,Items,1,Completed,,,13.00000,USD,Positive,As described,,,13.00000,USD
3a639966-0984-4e94-832a-f8937e326cd7,2026-03-07 12:17:27,Tang Tang Keletang - z,CustomItem,Items,1,Completed,,,10.00000,USD,Positive,GOAT,,,10.00000,USD
45dce241-f149-48ca-bfa5-e7a25074ac3e,2026-03-07 12:12:27,Ketupat Kepat s7,CustomItem,Items,1,Completed,,,10.00000,USD,Positive,GGWP,,,10.00000,USD
8e7558d7-89fb-4f8f-9abe-75f335118e18,2026-03-07 11:29:58,Lavadorito Spinito y,CustomItem,Items,1,Completed,,,12.00000,USD,Positive,Good price,,,12.00000,USD
366e0172-11d7-43ad-89b3-dbdb3960d188,2026-03-07 10:57:55,La Secret Combinasion w,CustomItem,Items,1,Completed,,,15.00000,USD,Positive,"good
",,,15.00000,USD
26a8ebd7-7728-4eb8-8d35-23ea51fb7945,2026-03-07 10:32:14,La Taco Combinasion v,CustomItem,Items,1,Completed,,,20.00000,USD,Positive,,,,20.00000,USD
2284a1f0-6b3a-46df-8644-60d5f123fbfe,2026-03-07 09:50:46,Bacuru and Egguru y,CustomItem,Items,1,Canceled,,,6.00000,USD,Unrated,,Buyer_Does_Not_Need_It_Anymore,,6.00000,USD
099a7675-9947-4850-b9cf-c76bed78dc90,2026-03-07 08:49:58,W or L s20,CustomItem,Items,1,Completed,,,15.00000,USD,Positive,As described,,,15.00000,USD
866fe764-6cfe-4c45-96c9-5ae17d72b048,2026-03-07 07:08:00,Garama and Madundung - k,CustomItem,Items,1,Completed,,,20.00000,USD,Positive,GGWP,,,20.00000,USD
6fc326eb-7f4e-4b69-af65-42f2f853369a,2026-03-07 05:34:32,Los Mobilis y,CustomItem,Items,1,Completed,,,12.00000,USD,Positive,,,,12.00000,USD
d8f2ae8e-aa99-4452-9e6d-25799bd5fc76,2026-03-07 04:47:30,Eviledon s7,CustomItem,Items,1,Completed,,,10.00000,USD,Positive,Extra mile,,,10.00000,USD
ba005921-5318-4aa0-a24a-49b2a1668c1d,2026-03-07 04:45:17,Strawberry Elephant Colossal lv 200,CustomItem,Items,2,Completed,,,2.00000,USD,Positive,,,,4.00000,USD
604c9904-3d49-43ab-90f1-1db953b9206f,2026-03-07 04:35:39,Garama and Madundung s20,CustomItem,Items,1,Completed,,,15.00000,USD,Positive,GOAT,,,15.00000,USD
78eb11e2-df5c-425e-bcfe-a34f9e683a47,2026-03-07 03:34:33,La Taco Combinasion s7,CustomItem,Items,1,Completed,,,10.00000,USD,Positive,GOAT,,,10.00000,USD
205a2df8-c136-4a32-b04f-054c794cf0ed,2026-03-07 03:00:43,Nuclearo Dinossauro s,CustomItem,Items,1,Completed,,,5.00000,USD,Positive,Extra mile,,,5.00000,USD
72d3745a-a865-4ef2-83fe-5f7c361372a0,2026-03-07 02:27:54,Spaghetti Tualetti -v,CustomItem,Items,1,Completed,,,4.50000,USD,Positive,GOAT,,,4.50000,USD
41bf888b-b780-4d78-b4ac-aaf2a7b098f2,2026-03-07 02:03:50,Tang Tang Keletang s7,CustomItem,Items,1,Completed,,,10.00000,USD,Positive,GGWP,,,10.00000,USD
4886df79-6a72-476d-adcb-1e8e5b09f5d1,2026-03-06 21:58:20,Spaghetti Tualetti -v,CustomItem,Items,1,Completed,,,4.50000,USD,Positive,Extra mile,,,4.50000,USD
1da6cbdb-1d4d-4b59-bd50-5167b053e87e,2026-03-06 21:50:04,Garama and Madundung w,CustomItem,Items,1,Completed,,,15.00000,USD,Positive,Good price,,,15.00000,USD
d2f6cf71-0006-42ac-a3bf-69013eccf382,2026-03-06 21:46:32,W or L s20,CustomItem,Items,1,Completed,,,10.00000,USD,Positive,Extra mile,,,10.00000,USD
8e49bec9-ea47-45ee-adb8-f2c9344b0552,2026-03-06 21:07:31,Tuff Toucan w,CustomItem,Items,1,Completed,,,10.00000,USD,Positive,Extra mile,,,10.00000,USD
605a1f46-23dc-47b2-86f9-ab4052f47cbd,2026-03-06 17:41:34,Ketchuru and Musturu s20,CustomItem,Items,1,Completed,,,10.00000,USD,Positive,GGWP,,,10.00000,USD
a4234e51-aa49-45af-a158-576707256762,2026-03-06 17:37:20,Garama and Madundung s21,CustomItem,Items,1,Completed,,,25.00000,USD,Positive,Helpful and responsive,,,25.00000,USD
740f540a-7027-49c4-8230-4fbc7554561d,2026-03-06 17:36:49,W or L s20,CustomItem,Items,1,Completed,,,10.00000,USD,Positive,Good communication,,,10.00000,USD
ffd0e0b2-0551-4940-9f49-5a000437c95b,2026-03-06 17:18:38,Money Money Puggy s21,CustomItem,Items,1,Completed,,,15.00000,USD,Positive,Very good and fast delivery!,,,15.00000,USD
4e752edd-2e8e-43b6-ab62-ae753b4e131e,2026-03-06 16:46:21,Spaghetti Tualetti -v,CustomItem,Items,1,Completed,,,4.50000,USD,Positive,Good communication,,,4.50000,USD
b6f8babc-a059-4849-b715-19ebefc5595a,2026-03-06 16:41:05,Chipso and Queso - k,CustomItem,Items,1,Completed,,,12.00000,USD,Positive,Extra mile,,,12.00000,USD
d8350b9e-5f40-4eb7-9fe5-bf47756eb8ed,2026-03-06 16:23:27,Tang Tang Keletang s7,CustomItem,Items,1,Completed,,,10.00000,USD,Positive,GGWP,,,10.00000,USD
157c691e-fb5e-4e5a-9206-944eb2d10e6f,2026-03-06 16:19:37,Money Money Puggy - L,CustomItem,Items,1,Completed,,,10.00000,USD,Positive,Good communication,,,10.00000,USD
4293eacf-0788-4f3c-9e73-cc470bd7f1ac,2026-03-06 15:09:52,Ketchuru and Musturu s7,CustomItem,Items,1,Completed,,,10.00000,USD,Positive,GGWP,,,10.00000,USD
e8c5f947-fd09-4938-948b-d03384560049,2026-03-06 14:28:59,Tuff Toucan w,CustomItem,Items,1,Completed,,,10.00000,USD,Positive,Fast delivery,,,10.00000,USD
1052e148-157a-4352-bfc2-b26ea9258ca5,2026-03-06 14:06:17,W or L s20,CustomItem,Items,1,Completed,,,10.00000,USD,Positive,Good price,,,10.00000,USD
b086d9c8-76b9-4b3e-a04d-f8cfeefe9c72,2026-03-06 13:42:43,Lavadorito Spinito y,CustomItem,Items,1,Completed,,,25.00000,USD,Positive,As described,,,25.00000,USD
6e65100b-6281-4a5a-9dce-434c7d06150e,2026-03-06 12:47:07,Los Bros s20,CustomItem,Items,1,Completed,,,10.00000,USD,Positive,Helpful and responsive,,,10.00000,USD
da10ee31-e89b-44ab-88f3-ceda956ed3a8,2026-03-06 08:21:12,Mieteteira Bicicleteira y,CustomItem,Items,1,Completed,,,10.00000,USD,Positive,,,,10.00000,USD
21280211-df4e-4c1b-bc31-9fa54dc68667,2026-03-05 21:56:27,Ketchuru and Musturu y,CustomItem,Items,1,Completed,,,10.00000,USD,Positive,Good price,,,10.00000,USD
5dbcf3d0-bab8-409b-892d-4d8369748cfa,2026-03-05 17:46:49,La Romantic Grande y,CustomItem,Items,1,Completed,,,12.00000,USD,Positive,Fast delivery,,,12.00000,USD
3705df37-1e35-4718-8993-fbea715645b2,2026-03-05 17:39:53,Los Mobilis y,CustomItem,Items,1,Completed,,,6.00000,USD,Positive,Good price,,,6.00000,USD
b1bb1b63-280c-4730-99c3-6989564fbf2a,2026-03-05 17:31:11,Money Money Puggy y,CustomItem,Items,1,Completed,,,12.00000,USD,Positive,Helpful and responsive,,,12.00000,USD
d40a8c5c-59c9-4e78-9644-e24b5f974ec8,2026-03-05 16:08:42,Ketupat Kepat s7,CustomItem,Items,1,Completed,,,10.00000,USD,Positive,Good communication,,,10.00000,USD
6f0db668-c7c4-498d-8c51-3c70fef2f42e,2026-03-05 16:03:21,Garama and Madundung s7,CustomItem,Items,1,Completed,,,30.00000,USD,Positive,GGWP,,,30.00000,USD
f6d1e2a2-1e60-41e3-853a-f3ad665a6003,2026-03-05 16:01:33,Burguro and Fryuro w,CustomItem,Items,1,Completed,,,20.00000,USD,Positive,Fast delivery,,,20.00000,USD
4c74f5ca-ec49-497e-adec-296e7a38a2f3,2026-03-05 15:35:33,Spaghetti Tualetti -v,CustomItem,Items,1,Completed,,,4.50000,USD,Positive,GOAT,,,4.50000,USD
f24abbae-9cfd-4820-aeb2-8eb92a336c93,2026-03-05 15:15:34,Los Puggies 375m r,CustomItem,Items,1,Completed,,,15.00000,USD,Positive,Extra mile,,,15.00000,USD
c07eaba6-0999-4d31-a334-83ddcda550b0,2026-03-05 12:35:21,Ketupat Kepat y,CustomItem,Items,1,Completed,,,12.00000,USD,Positive,Fast delivery,,,12.00000,USD
1e6efe18-e85d-41f0-8f73-1f900ab15a40,2026-03-05 11:12:47,Tang Tang Keletang w,CustomItem,Items,1,Completed,,,10.00000,USD,Positive,Helpful and responsive,,,10.00000,USD
af0f2829-70fc-4598-a128-403efe935fe9,2026-03-05 10:45:22,Ketchuru and Musturu s7,CustomItem,Items,1,Completed,,,10.00000,USD,Positive,As described,,,10.00000,USD
7bf94091-bd70-4842-bbc2-0205385f5474,2026-03-05 07:48:01,W or L w,CustomItem,Items,1,Completed,,,10.00000,USD,Positive,Fast delivery,,,10.00000,USD
158a5f6a-dd3b-44a5-b035-49038019305b,2026-03-05 05:02:55,Chipso and Queso w,CustomItem,Items,1,Completed,,,10.00000,USD,Positive,Good price,,,10.00000,USD
fd638e5b-ac1e-4fcb-9eb0-0562f5c7f745,2026-03-05 03:55:03,Eviledon y,CustomItem,Items,1,Completed,,,10.00000,USD,Positive,Extra mile,,,10.00000,USD
b8574253-d5eb-4124-8e07-7878a320ea40,2026-03-05 03:29:43,Tuff Toucan w,CustomItem,Items,1,Canceled,,,2.00000,USD,Unrated,,Out_Of_Stock,,2.00000,USD
b94141e6-51a7-4566-9e2f-55a7a4ed532f,2026-03-05 02:31:55,W or L s20,CustomItem,Items,1,Completed,,,10.00000,USD,Positive,GGWP,,,10.00000,USD
92fe1c58-bdf0-4b84-9966-a60e8057ddab,2026-03-05 01:11:04,Tictac Sahur s20,CustomItem,Items,1,Completed,,,20.00000,USD,Positive,GOAT,,,20.00000,USD
2f5bb507-6006-45b9-bb25-1d8e0546d500,2026-03-04 23:58:57,Chipso and Queso - k,CustomItem,Items,1,Completed,,,15.00000,USD,Positive,As described,,,15.00000,USD
fe3d212e-e196-4d02-a852-e967e9fa0406,2026-03-04 23:24:20,Tang Tang Keletang y,CustomItem,Items,1,Completed,,,12.00000,USD,Positive,Good communication,,,12.00000,USD
bea87df7-e5c4-49ea-aac5-d7ee443fb99c,2026-03-04 23:15:46,Bacuru and Egguru w,CustomItem,Items,1,Completed,,,8.00000,USD,Positive,Extra mile,,,8.00000,USD
a0f41595-fd97-4b7f-a9fe-a5c9c800bb91,2026-03-04 22:49:09,Ketchuru and Musturu - b,CustomItem,Items,1,Completed,,,20.00000,USD,Positive,As described,,,20.00000,USD
916445c8-c73f-43fa-91e9-73902c6501ce,2026-03-04 21:54:43,Bacuru and Egguru w,CustomItem,Items,1,Completed,,,8.00000,USD,Positive,As described,,,8.00000,USD
8e481e1b-c3c2-4407-beca-8ce15b1fd6be,2026-03-04 17:20:14,Chillin Chili s20,CustomItem,Items,1,Completed,,,20.00000,USD,Positive,Thanks so much,,,20.00000,USD
4a4c5eee-6ec5-47d1-8576-cb3d677bba5f,2026-03-04 16:24:48,Ketupat Kepat y,CustomItem,Items,1,Completed,,,15.00000,USD,Positive,Good communication,,,15.00000,USD
ecc97592-6316-4b8c-a2a4-9083b3f608bb,2026-03-04 16:24:34,Lavadorito Spinito y,CustomItem,Items,1,Canceled,,,25.00000,USD,Unrated,,Buyer_Did_Not_Respond,,25.00000,USD
2ef67bcf-7ab0-4d95-8847-5f2cd1510d03,2026-03-04 15:44:53,Los Mobilis s7,CustomItem,Items,1,Completed,,,20.00000,USD,Positive,Helpful and responsive,,,20.00000,USD
ee2d3299-cbec-4870-9017-d94fd5ba2ecd,2026-03-04 15:43:16,Ketupat Kepat w,CustomItem,Items,1,Completed,,,10.00000,USD,Positive,Extra mile,,,10.00000,USD
266ad109-398a-46b1-b813-4eb94cd36140,2026-03-04 14:29:59,"Rebirth 12, Floor 3, Clean Account, only have ID PASSWORD, Please Read Desc
Auto Delivery",Account,Accounts,1,Completed,,,3.00000,USD,Positive,Helpful and responsive,,,3.00000,USD
172c0387-bd20-44ec-a69e-616684ea88f7,2026-03-04 13:24:26,Ketupat Kepat w,CustomItem,Items,1,Completed,,,10.00000,USD,Positive,,,,10.00000,USD
d237bc70-5a45-41a1-b7a3-69657168a7f0,2026-03-04 13:14:16,Chipso and Queso s20,CustomItem,Items,1,Completed,,,15.00000,USD,Positive,Good price,,,15.00000,USD
f32d6f2d-cddd-42a7-81f1-4ec63f3358fb,2026-03-04 12:43:34,Swaggy Bros y,CustomItem,Items,1,Completed,,,20.00000,USD,Positive,GGWP,,,20.00000,USD
7f2669f4-8ed6-4652-8c63-4eaa6e713e11,2026-03-04 09:05:35,Bacuru and Egguru y,CustomItem,Items,1,Completed,,,12.00000,USD,Positive,GGWP,,,12.00000,USD
cec9a622-249a-4290-b0f7-40317dbf8460,2026-03-04 08:47:10,Eviledon s20,CustomItem,Items,1,Completed,,,20.00000,USD,Positive,,,,20.00000,USD
9aa75121-09b2-418d-a44e-bdb04df8f98b,2026-03-04 08:38:20,Esok Sekolah,CustomItem,Items,1,Completed,,,2.50000,USD,Positive,,,,2.50000,USD
9e28e954-31f8-4903-9c93-f048a7ccc76a,2026-03-04 07:33:19,Bacuru and Egguru y,CustomItem,Items,1,Completed,,,10.00000,USD,Positive,As described,,,10.00000,USD
c9227e98-fe18-4290-b2f7-b30da7fdd44b,2026-03-04 06:13:34,Puggies 120m - w,CustomItem,Items,1,Completed,,,10.00000,USD,Positive,Extra mile,,,10.00000,USD
ccce0a8c-4e67-4e96-a066-b2e1e09a977f,2026-03-04 05:34:51,Money Money Puggy - L,CustomItem,Items,1,Completed,Seller_Delivered_But_Order_Not_Received,,12.00000,USD,Positive,Good price,,,12.00000,USD
6d7db4de-ca40-4633-845f-b066859a8fae,2026-03-04 04:39:33,Spaghetti Tualetti + Esok Sekolah - s16,CustomItem,Items,1,Completed,,,5.00000,USD,Positive,GOAT,,,5.00000,USD
710012de-23d4-40a0-a134-13326549529e,2026-03-04 02:24:50,Esok Sekolah,CustomItem,Items,1,Completed,,,2.50000,USD,Positive,Extra mile,,,2.50000,USD
0d2efe6b-e98d-4391-9dcc-2d04d10ffc5d,2026-03-04 02:24:06,Chipso and Queso s20,CustomItem,Items,1,Completed,,,15.00000,USD,Positive,Helpful and responsive,,,15.00000,USD
57ffb7f0-0df7-41a1-baad-167ee2b2b885,2026-03-04 01:55:28,Tuff Toucan y,CustomItem,Items,1,Completed,,,10.00000,USD,Positive,"Great service ",,,10.00000,USD
416a6219-0f4c-4c46-afb4-3261b502de11,2026-03-04 01:34:43,Esok Sekolah,CustomItem,Items,1,Canceled,,,2.50000,USD,Unrated,,Buyer_Did_Not_Respond,,2.50000,USD
4cbe7298-8392-4aa5-9769-c07f825628d6,2026-03-04 01:12:16,Esok Sekolah,CustomItem,Items,1,Completed,,,2.50000,USD,Positive,"He is awesome ",,,2.50000,USD
47f284d1-d684-44b8-b6a6-5458cc7c55a9,2026-03-04 00:30:10,Bacuru and Egguru y,CustomItem,Items,1,Completed,,,10.00000,USD,Positive,GOAT,,,10.00000,USD
958de412-9de5-45e2-bb7e-f162561cd476,2026-03-04 00:24:22,Bacuru and Egguru y,CustomItem,Items,1,Completed,,,6.00000,USD,Positive,W seller,,,6.00000,USD
2f2b00c9-7e0a-4a7b-874c-99526c3799a5,2026-03-04 00:00:10,La Romantic Grande w,CustomItem,Items,1,Completed,,,15.00000,USD,Positive,Good communication,,,15.00000,USD
6e2574f2-81dc-4c53-b0bb-5f39082cda44,2026-03-03 23:58:43,Tuff Toucan w,CustomItem,Items,1,Completed,,,20.00000,USD,Positive,Great seller!,,,20.00000,USD
313b5523-9827-4ef5-ad4c-f626d35e98e2,2026-03-03 23:38:56,Tictac Sahur s7,CustomItem,Items,1,Completed,,,10.00000,USD,Positive,,,,10.00000,USD
7392d2f4-44c8-4f2d-b988-c64cad46f45d,2026-03-03 23:37:52,Tictac Sahur s7,CustomItem,Items,1,Completed,,,10.00000,USD,Positive,GGWP,,,10.00000,USD
e181a749-440b-43ee-93cb-6dcf935f35cf,2026-03-03 23:29:56,Money Money Puggy y,CustomItem,Items,1,Completed,,,15.00000,USD,Positive,As described,,,15.00000,USD
41c7f0ad-b75c-4384-aa27-b3bb96ce8942,2026-03-03 23:26:00,Bacuru and Egguru y,CustomItem,Items,1,Completed,,,8.00000,USD,Positive,As described,,,8.00000,USD
4836520d-b4e1-4c72-b3e2-31e3268ef71e,2026-03-03 22:53:14,Tictac Sahur y,CustomItem,Items,1,Completed,,,15.00000,USD,Positive,GOAT,,,15.00000,USD
029584f4-ebe3-4f00-8965-05204b1c9db5,2026-03-03 18:53:29,Tictac Sahur y,CustomItem,Items,1,Canceled,,,15.00000,USD,Unrated,,Out_Of_Stock,,15.00000,USD
971e75d2-411d-405e-b6d4-39e70bd276ea,2026-03-03 17:25:01,Swaggy Bros s7,CustomItem,Items,1,Completed,,,15.00000,USD,Positive,As described,,,15.00000,USD
5c0f3fe1-c8c3-4d3c-bd72-34916ba89161,2026-03-03 17:19:42,Ketchuru and Musturu s7,CustomItem,Items,1,Completed,Seller_Delivered_But_Order_Not_Received,,10.00000,USD,Positive,Helpful and responsive,,,10.00000,USD
b11efc7d-ea72-4db3-97ad-3a2716dfc76d,2026-03-03 17:04:23,Spaghetti Tualetti -v,CustomItem,Items,1,Canceled,,,4.50000,USD,Unrated,,Buyer_Did_Not_Respond,,4.50000,USD
f1353015-90c2-48e0-84a8-3707a9c7e134,2026-03-03 11:32:24,Money Money Puggy y,CustomItem,Items,1,Completed,,,8.00000,USD,Positive,As described,,,8.00000,USD
09ecde88-ead3-4fa8-af95-a6c59e05bad1,2026-03-03 10:09:05,Los Primos 403m y,CustomItem,Items,1,Completed,,,18.00000,USD,Positive,GGWP,,,18.00000,USD
9217f91d-4a8a-4215-9723-80cbffdf7c24,2026-03-03 09:41:39,Tang Tang Keletang s7,CustomItem,Items,1,Completed,,,10.00000,USD,Positive,Good price,,,10.00000,USD
2c475b21-42bb-4e71-811e-5e35bd6a721e,2026-03-03 07:44:30,Los Bros w,CustomItem,Items,1,Completed,,,20.00000,USD,Positive,As described,,,20.00000,USD
9aed6e7a-ef45-4688-8cea-4dba1b02b57f,2026-03-03 07:28:51,Ketchuru and Musturu w,CustomItem,Items,1,Completed,,,10.00000,USD,Positive,GGWP,,,10.00000,USD
766f37e7-1552-4c5a-bd3d-cd94f38f6f5d,2026-03-03 06:36:40,Tang Tang Keletang s7,CustomItem,Items,1,Completed,,,10.00000,USD,Positive,Good communication,,,10.00000,USD
b323a529-8195-4627-adbb-3a5769ef7485,2026-03-03 06:22:18,Los Mobilis y,CustomItem,Items,1,Completed,,,15.00000,USD,Positive,GGWP,,,15.00000,USD
79602de2-1f5f-4579-9998-ff184a67c558,2026-03-03 05:52:19,Swaggy Bros y,CustomItem,Items,1,Completed,Seller_Delivered_But_Order_Not_Received,,15.00000,USD,Positive,GGWP,,,15.00000,USD
62510954-e39f-47ef-be84-b781708ea656,2026-03-03 05:23:47,Ketchuru and Musturu - z,CustomItem,Items,1,Completed,,,10.00000,USD,Positive,Good price,,,10.00000,USD
5542dad5-20ca-4f48-b1ae-068c5316fdf1,2026-03-02 22:02:07,Eviledon y,CustomItem,Items,1,Completed,,,10.00000,USD,Positive,Extra mile,,,10.00000,USD
882a2d3e-6e77-419c-abfe-25f61ef6a1f6,2026-03-02 21:38:55,Nuclearo Dinossauro y,CustomItem,Items,1,Completed,,,12.00000,USD,Positive,Good communication,,,12.00000,USD
b72fb81f-e30c-42b9-b383-8cfdc9ba05cc,2026-03-02 17:51:28,Spaghetti Tualetti -v,CustomItem,Items,1,Completed,,,4.50000,USD,Positive,Good communication,,,4.50000,USD
affc588a-927f-4ba0-a55f-847dd3d08d53,2026-03-02 17:29:47,Garama and Madundung s21,CustomItem,Items,1,Completed,,,15.00000,USD,Positive,GOAT,,,15.00000,USD
d699ec5b-1914-4954-bc38-6d1c12fca821,2026-03-02 17:29:37,Spaghetti Tualetti -v,CustomItem,Items,1,Completed,,,4.50000,USD,Positive,Extra mile,,,4.50000,USD
da5ea67e-ef8d-42f1-864b-3f0feb629003,2026-03-02 16:59:53,Ketchuru and Musturu - k,CustomItem,Items,1,Completed,,,15.00000,USD,Positive,Helpful and responsive,,,15.00000,USD
cfdd63ef-5f44-4b71-8410-dde3a6b3d584,2026-03-02 16:32:20,Spaghetti Tualetti -v,CustomItem,Items,2,Completed,,,4.50000,USD,Positive,,,,9.00000,USD
9aa85114-cb04-40cc-9c1d-18dc37649701,2026-03-02 16:30:44,Tictac Sahur 393.7m/s - b,CustomItem,Items,1,Completed,,,15.00000,USD,Positive,Fast delivery,,,15.00000,USD
d51e97dc-28fa-4595-8331-fc4be788954a,2026-03-02 16:26:03,La Secret Combinasion w,CustomItem,Items,1,Completed,,,25.00000,USD,Positive,GOAT,,,25.00000,USD
cd66123e-e817-4ae2-8f69-1af9fa01e987,2026-03-02 15:19:06,Tictac Sahur s21,CustomItem,Items,1,Completed,Other,"I did not respond in time. So my order is cancelled. ",10.00000,USD,Positive,,,,10.00000,USD
e6ba26ac-82d9-4d67-91c8-af8dec0afd27,2026-03-02 14:51:53,La Romantic Grande 680m v,CustomItem,Items,1,Completed,,,20.00000,USD,Positive,GOAT,,,20.00000,USD
67a1c686-7319-4ab0-93ba-1eeb8c37d155,2026-03-02 14:21:11,Ketchuru and Musturu s21,CustomItem,Items,1,Completed,,,10.00000,USD,Positive,Good price,,,10.00000,USD
8d2f6934-204d-4e4f-a0ef-bf7df15a207b,2026-03-02 12:13:12,Tictac Sahur s20,CustomItem,Items,1,Completed,,,10.00000,USD,Positive,GGWP,,,10.00000,USD
ddb8e9e8-ac33-494a-a111-f6b35c244b43,2026-03-02 11:52:50,Ketchuru and Musturu s7,CustomItem,Items,1,Completed,,,20.00000,USD,Positive,,,,20.00000,USD
547339f5-25ca-41f0-b697-213579d7426d,2026-03-02 11:43:15,La Taco Combinasion w,CustomItem,Items,1,Completed,,,20.00000,USD,Positive,Good price,,,20.00000,USD
08bc31f8-fae8-4f1d-bd75-43f53eebcaf0,2026-03-02 10:41:34,Tang Tang Keletang w,CustomItem,Items,1,Completed,,,20.00000,USD,Positive,Good communication,,,20.00000,USD
af6b9109-366e-4672-8bef-0578fc57a014,2026-03-02 10:32:05,Mieteteira Bicicleteira y,CustomItem,Items,1,Completed,,,12.00000,USD,Positive,As described,,,12.00000,USD
c72c8d78-8b8b-41d6-ab51-bdd1c5c9e8b6,2026-03-02 09:18:54,Garama and Madundung - k,CustomItem,Items,1,Completed,,,25.00000,USD,Positive,Fast delivery,,,25.00000,USD
8c716ad7-9470-4448-8c11-cd4dbd95c31d,2026-03-02 06:08:09,Garama and Madundung s21,CustomItem,Items,1,Completed,,,15.00000,USD,Positive,GOAT,,,15.00000,USD
efd1a9de-be94-4f40-b188-1efe62a9f44b,2026-03-02 04:20:50,La Ginger Sekolah s20,CustomItem,Items,1,Completed,,,15.00000,USD,Positive,Good communication,,,15.00000,USD
87de6c12-aee7-49ff-8f97-76e2dfa75e8c,2026-03-02 03:33:37,Mieteteira Bicicleteira y,CustomItem,Items,1,Completed,,,10.00000,USD,Positive,Extra mile,,,10.00000,USD
a5efe5fc-d29b-438f-9d95-598c27346a65,2026-03-02 03:10:12,W or L s20,CustomItem,Items,1,Completed,,,10.00000,USD,Positive,Extra mile,,,10.00000,USD
da005eb3-2aba-4af8-a2ab-d1efe952f974,2026-03-02 02:23:29,Esok Sekolah + Spaghetti Tualetti - s16,CustomItem,Items,1,Completed,,,5.00000,USD,Positive,Good price,,,5.00000,USD
fd121687-c8d6-4b31-abed-7c7d320844ad,2026-03-02 01:32:33,Swaggy Bros s7,CustomItem,Items,1,Completed,,,10.00000,USD,Positive,Good price,,,10.00000,USD
27965d95-9ae6-4817-9b85-76a0b552c00d,2026-03-02 01:29:02,La Taco Combinasion w,CustomItem,Items,1,Completed,,,15.00000,USD,Positive,,,,15.00000,USD
14574d10-ba54-4591-aa30-2b5b50497bab,2026-03-01 23:23:30,Spaghetti Tualetti -v,CustomItem,Items,1,Completed,,,4.50000,USD,Positive,Good communication,,,4.50000,USD
0516ad71-9f9f-42cb-bb2a-d8dc6c163089,2026-03-01 22:11:12,Swaggy Bros s7,CustomItem,Items,1,Completed,,,10.00000,USD,Positive,GOAT,,,10.00000,USD
9400be8e-0c46-4327-8ca6-70038ff8b95c,2026-03-01 15:14:29,Spaghetti Tualetti -v,CustomItem,Items,1,Completed,,,4.50000,USD,Positive,Good price,,,4.50000,USD
a327ff57-8966-4c70-9da5-54e8683ab7f3,2026-03-01 14:55:21,Tictac Sahur - k,CustomItem,Items,1,Completed,,,15.00000,USD,Positive,GOAT,,,15.00000,USD
569b86f0-5169-47c9-9e53-e976b3d5dd98,2026-03-01 13:37:09,Tictac Sahur - k,CustomItem,Items,1,Canceled,,,15.00000,USD,Unrated,,Buyer_Does_Not_Meet_Criteria_For_Order,,15.00000,USD
ff05c93b-70ec-4a9d-a2df-a80dd1c5c4ca,2026-03-01 13:32:47,Spaghetti Tualetti -v,CustomItem,Items,1,Completed,,,4.50000,USD,Positive,GGWP,,,4.50000,USD
5dd661d3-ec95-41da-a596-67468149e73f,2026-03-01 13:20:13,Tang Tang Keletang 418.7m/s - b,CustomItem,Items,1,Completed,,,15.00000,USD,Positive,Extra mile,,,15.00000,USD
41351837-19ab-4d29-800f-0f513261b8c7,2026-03-01 13:07:46,Ketchuru and Musturu s7,CustomItem,Items,1,Completed,,,15.00000,USD,Positive,Good communication,,,15.00000,USD
c15e381f-ca3b-4180-bbbd-9f5c3dee6f84,2026-03-01 12:52:24,La Romantic Grande 440m v,CustomItem,Items,1,Completed,,,15.00000,USD,Positive,GOAT,,,15.00000,USD
5db6838c-6913-4034-985f-186b520ed2de,2026-03-01 12:10:44,Ventoliero Pavonero s20,CustomItem,Items,1,Completed,,,14.99000,USD,Positive,,,,14.99000,USD
df25732d-d655-4de5-9151-4613065f3a09,2026-03-01 12:02:11,Ketupat Kepat y,CustomItem,Items,1,Completed,,,12.00000,USD,Positive,Good communication,,,12.00000,USD
642ccde7-ea0c-4636-9aca-b473a9a2f22f,2026-03-01 11:50:29,La Romantic Grande y,CustomItem,Items,1,Completed,,,15.00000,USD,Positive,Helpful and responsive,,,15.00000,USD
4f354e12-284c-4bd6-9afd-dab3637df9d8,2026-03-01 11:43:33,Tang Tang Keletang s7,CustomItem,Items,1,Completed,,,20.00000,USD,Positive,GOAT,,,20.00000,USD
348a8b05-90b7-412b-89ae-3b93dfc2e07e,2026-03-01 11:29:46,Lavadorito Spinito - k,CustomItem,Items,1,Completed,,,12.00000,USD,Positive,Helpful and responsive,,,12.00000,USD
fbce1ade-4c77-499e-a707-b03c488aace4,2026-03-01 10:39:00,Chipso and Queso w,CustomItem,Items,1,Completed,,,30.00000,USD,Positive,GGWP,,,30.00000,USD
30a2ae93-855f-4028-9f05-3d023b88f955,2026-03-01 10:07:25,Garama and Madundung s21,CustomItem,Items,1,Completed,,,25.00000,USD,Positive,Helpful and responsive,,,25.00000,USD
54f401bf-2b33-481d-9d17-6361c1dad31e,2026-03-01 08:58:25,Los Bros s7,CustomItem,Items,1,Completed,,,15.00000,USD,Positive,Fast delivery,,,15.00000,USD
2abfa86f-9ad6-45a9-8349-a5862b9a6f95,2026-03-01 08:31:02,Chillin Chili s7,CustomItem,Items,1,Completed,,,10.00000,USD,Positive,Extra mile,,,10.00000,USD
7b04645f-b59c-4864-9cd2-0f51adeec4cc,2026-03-01 08:08:20,Chimino s21,CustomItem,Items,1,Completed,,,5.00000,USD,Positive,GGWP,,,5.00000,USD
f0665903-8e76-40c7-9871-c6aa2e396497,2026-03-01 06:56:05,Lavadorito Spinito y,CustomItem,Items,1,Completed,,,10.00000,USD,Positive,As described,,,10.00000,USD
2143834a-c694-4fec-80f2-e11b431e754b,2026-03-01 06:27:51,La Ginger Sekolah w,CustomItem,Items,1,Completed,,,10.00000,USD,Positive,Extra mile,,,10.00000,USD
b5ad4249-aecf-4451-aa8c-0926337edee0,2026-03-01 05:59:35,La Romantic Grande y,CustomItem,Items,1,Completed,,,15.00000,USD,Positive,,,,15.00000,USD
4e422d3e-7a2b-4f1c-ac05-7b95ccb13eb6,2026-03-01 05:57:12,Tictac Sahur y,CustomItem,Items,1,Completed,,,12.00000,USD,Positive,GGWP,,,12.00000,USD
a3806f95-97ba-4093-9d72-670da85d8726,2026-03-01 05:31:38,W or L w,CustomItem,Items,1,Completed,,,10.00000,USD,Positive,Fast delivery,,,10.00000,USD
32dca650-3451-4b2d-a46f-b8c0b76becba,2026-03-01 05:05:04,Garama and Madundung s21,CustomItem,Items,1,Completed,,,25.00000,USD,Positive,Good price,,,25.00000,USD
579f72ae-1531-45c7-98bb-f259492f1012,2026-03-01 04:50:10,Ketchuru and Musturu s21,CustomItem,Items,1,Completed,,,15.00000,USD,Positive,GGWP,,,15.00000,USD
792c35d1-b499-40e1-9ef0-8587601b97db,2026-03-01 04:31:25,Tictac Sahur w,CustomItem,Items,1,Completed,,,15.00000,USD,Positive,GOAT,,,15.00000,USD
58cac2b9-64df-49ee-9159-90d0afca538c,2026-03-01 04:28:20,Bacuru and Egguru w,CustomItem,Items,1,Completed,,,8.00000,USD,Positive,Extra mile,,,8.00000,USD
8f752e62-ca22-4cb6-a177-983bace61c2c,2026-03-01 03:39:13,Spaghetti Tualetti -v,CustomItem,Items,1,Completed,,,4.50000,USD,Positive,Fast delivery,,,4.50000,USD
24eb8856-84d6-455a-a073-a6c8ceebb677,2026-03-01 03:06:00,Spaghetti Tualetti -v,CustomItem,Items,1,Completed,,,4.50000,USD,Positive,GGWP,,,4.50000,USD
cd922985-4d10-4dd7-b3e6-e71593817bdf,2026-03-01 03:00:55,Spaghetti Tualetti -v,CustomItem,Items,1,Completed,,,4.50000,USD,Positive,GGWP,,,4.50000,USD
fe88e1be-343e-4e5e-831b-af7298c48eab,2026-03-01 01:59:40,Spaghetti Tualetti -v,CustomItem,Items,1,Completed,,,4.50000,USD,Positive,Extra mile,,,4.50000,USD
