Order Id,Order Date,Title,Offer Type,Description,Purchase Quantity,Order State,Dispute Reason,Dispute Message,Price Per Unit Amount,Price Per Unit Currency,Feedback Rating,Review Message,Cancelation Reason,Cancelation Message,Total Order Amount,Total Price Currency
6472c36d-2a0d-4ac2-a65c-b5afbb3d7637,2025-11-16 14:39:08,"FROZEN KING LIMONE, CHEAP",CustomItem,Items,1,Delivered,,,1.00000,USD,Unrated,,,,1.00000,USD
ba700d42-8aaa-48b5-a160-f96482b4656a,2025-11-16 14:29:51,Esok Sekolah 🔥 180m/s | Instant Delivery,CustomItem,Items,1,Completed,,,11.00000,USD,Unrated,,,,11.00000,USD
ee232a73-557c-4f32-863a-edbecb737a04,2025-11-16 14:27:46,2 BRAINROT 1M/S,CustomItem,Items,1,Delivered,,,1.50000,USD,Unrated,,,,1.50000,USD
4a93c551-f7b4-4373-ae42-eb397a51843c,2025-11-16 14:23:29,2 BRAINROT 1M/S,CustomItem,Items,1,Completed,,,1.50000,USD,Positive,GGWP!,,,1.50000,USD
d65fe864-0f60-45ad-8dae-7c3c24218455,2025-11-16 14:21:41,2 BRAINROT 1M/S,CustomItem,Items,2,Delivered,,,1.50000,USD,Unrated,,,,3.00000,USD
69688f0b-372a-425d-a683-fc59af456be8,2025-11-16 14:13:55,Chicleteira Bicicleteira 4.3 m/s - Way,CustomItem,Items,1,Completed,,,2.00000,USD,Unrated,,,,2.00000,USD
480f83a9-e001-4c13-981d-dc94437fa190,2025-11-16 14:03:36,"1 DIAMOND MANGO, MANGO,",CustomItem,Items,1,Delivered,,,1.00000,USD,Unrated,,,,1.00000,USD
15a876a0-fecd-4303-b301-8b9af46093ac,2025-11-16 13:44:41,Mieteteira Bicicleteira 104 m/s - Way,CustomItem,Items,1,Delivered,,,4.00000,USD,Unrated,,,,4.00000,USD
c3be6973-92e2-48eb-b270-7aaf895271ac,2025-11-16 13:44:12,FROZEN MANGO,CustomItem,Items,1,Completed,,,1.00000,USD,Unrated,,,,1.00000,USD
c949be79-8d6b-468e-a2c1-8aa80ef22a00,2025-11-16 13:42:56,FROZEN MANGO,CustomItem,Items,2,Delivered,,,1.00000,USD,Unrated,,,,2.00000,USD
7bb65fda-a115-4a25-84fb-05e624653c4a,2025-11-16 13:37:53,Spaghetti Tualetti radioactive  510 M/S - WAY,CustomItem,Items,1,Delivered,,,30.00000,USD,Unrated,,,,30.00000,USD
08f8c931-ec92-4455-b50f-fcf7da2358a0,2025-11-16 13:29:57,Esok Sekolah 150m/s | Instant Delivery,CustomItem,Items,1,Completed,,,10.00000,USD,Positive,GGWP!,,,10.00000,USD
8a3b80e4-e9d9-44e2-9034-668bd1a254d5,2025-11-16 13:23:18,Los Mobilis 132 M/s | Instant Delivery | J,CustomItem,Items,1,Delivered,,,5.00000,USD,Unrated,,,,5.00000,USD
273b2d06-c83e-417a-927f-ad97bb53916d,2025-11-16 13:15:09,FROZEN MANGO,CustomItem,Items,1,Delivered,,,1.00000,USD,Unrated,,,,1.00000,USD
d80f945c-a043-461d-94fd-24d9e0c93e33,2025-11-16 13:14:59,"FROZEN KING LIMONE, CHEAP",CustomItem,Items,2,Delivered,,,1.00000,USD,Unrated,,,,2.00000,USD
c80e651f-1ce2-46c6-92ad-c97fe832ee9e,2025-11-16 13:07:38,Galaxy Los Mobilis  154 m/s - Way,CustomItem,Items,1,Completed,,,6.00000,USD,Positive,fast,,,6.00000,USD
65af1ab1-8328-4d47-8bff-cfba50c6475f,2025-11-16 13:02:09,1 RUBY MANGO,CustomItem,Items,1,Completed,,,2.00000,USD,Unrated,,,,2.00000,USD
546ddffa-40e5-42a6-8833-fbe81603b77c,2025-11-16 12:59:31,2 FROZEN MANGO,CustomItem,Items,1,Delivered,,,1.50000,USD,Unrated,,,,1.50000,USD
0da949ff-8a4e-4ac6-a10e-4487e29e4bc0,2025-11-16 12:57:08,2 BRAINROT 1M/S,CustomItem,Items,1,Completed,,,1.50000,USD,Unrated,,,,1.50000,USD
b48d6ba6-66f9-4b1b-a106-44de9bae2e78,2025-11-16 12:28:51,2 BRAINROT 1M/S,CustomItem,Items,1,Completed,,,1.50000,USD,Positive,Fast!,,,1.50000,USD
d1cf7700-ded6-429c-8ebc-332b86984255,2025-11-16 11:29:45,Los 67 Radioactive 191m/s | Instant Delivery | y,CustomItem,Items,1,Completed,,,11.00000,USD,Positive,"Best dealer ",,,11.00000,USD
dfe4c2a2-656a-4c7f-b55c-4d5310e03c99,2025-11-16 11:26:49,FROZEN MANGO,CustomItem,Items,1,Completed,,,1.00000,USD,Unrated,,,,1.00000,USD
fe85685a-5392-4d80-8f86-c1b9c3febd93,2025-11-16 11:22:12,2 BRAINROT 1M/S,CustomItem,Items,1,Completed,,,1.50000,USD,Unrated,,,,1.50000,USD
a0857f3a-11a2-4dbc-b556-20167d19819a,2025-11-16 11:20:35,FROZEN MANGO,CustomItem,Items,5,Completed,,,1.00000,USD,Unrated,,,,5.00000,USD
2637d3b8-cfb8-46eb-9929-f38decdea0b1,2025-11-16 10:54:25,FROZEN MANGO,CustomItem,Items,1,Delivered,,,1.00000,USD,Unrated,,,,1.00000,USD
e92f99a9-47af-4ab1-9e59-38404b9e0e70,2025-11-16 10:36:29,Esok Sekolah 30 m/s - Way,CustomItem,Items,1,Completed,,,3.50000,USD,Unrated,,,,3.50000,USD
903b74c2-ee26-4845-a1be-87cd67887405,2025-11-16 10:24:29,2 FROZEN MANGO,CustomItem,Items,4,Completed,,,1.50000,USD,Unrated,,,,6.00000,USD
32a24c3e-b0d6-4049-ac79-8f51de323661,2025-11-16 10:19:18,"FROZEN KING LIMONE, CHEAP",CustomItem,Items,1,Delivered,,,1.00000,USD,Unrated,,,,1.00000,USD
ea83df05-9948-40f6-9cdc-9dd1a6d06d22,2025-11-16 10:00:44,Los 67 Radioactive 191.2 M/s | Instant Delivery | J,CustomItem,Items,1,Delivered,,,11.00000,USD,Unrated,,,,11.00000,USD
66a45540-aa8b-431a-bb4d-279b77736275,2025-11-16 09:56:07,Los 67 Lava 🔥 202m/s | Instant Delivery | y,CustomItem,Items,1,Completed,,,12.00000,USD,Positive,W,,,12.00000,USD
b3455f6c-7d35-48db-868c-0d2d3492ac97,2025-11-16 09:43:21,Los 67 Radioactive 191m/s | Instant Delivery | y,CustomItem,Items,1,Delivered,,,11.00000,USD,Unrated,,,,11.00000,USD
1ed9ebf9-826f-4f25-9d82-33094d15f04a,2025-11-16 08:57:35,Mieteteira Bicicleteira Yin Yang 195m/s | Instant Delivery,CustomItem,Items,1,Delivered,,,8.00000,USD,Unrated,,,,8.00000,USD
90cccffc-6a3d-47d2-b844-882d50561a1b,2025-11-16 08:51:11,Mieteteira Bicicleteira Yin Yang 195m/s | Instant Delivery,CustomItem,Items,1,Completed,,,8.00000,USD,Positive,"really fast, thank you!",,,8.00000,USD
04634ff5-822f-450e-871b-a1b762d682a4,2025-11-16 07:53:00,FROZEN MANGO,CustomItem,Items,1,Delivered,,,1.00000,USD,Unrated,,,,1.00000,USD
080aad78-0025-4812-a4ea-066152af5993,2025-11-16 07:48:20,Any 2 Brainrot God | Instant Delivery,CustomItem,Items,1,Canceled,,,1.00000,USD,Unrated,,Buyer_Did_Not_Respond,,1.00000,USD
f4e46360-7a4e-490f-bae8-0cab4f515b70,2025-11-16 06:55:28,FROZEN MANGO,CustomItem,Items,1,Delivered,,,1.00000,USD,Unrated,,,,1.00000,USD
8137d457-835f-4ca8-b080-41306b12fe8a,2025-11-16 06:26:58,"1 DIAMOND KING LIMONE, LEMON",CustomItem,Items,1,Completed,,,1.50000,USD,Positive,Smooth and good love to buy again sometime soon I’ll be back for sure ✌️💯,,,1.50000,USD
e8f27276-f9f4-4b5f-b738-5f4360d46d61,2025-11-16 06:17:41,DIAMOND STARFRUIT,CustomItem,Items,1,Completed,,,3.00000,USD,Positive,"Seller was fast and nice aswell soo good ",,,3.00000,USD
d988677b-47a5-466c-ae40-97afc7c81909,2025-11-16 05:39:10,Mieteteira Bicicleteira Galaxy 182m/s | Instant Delivery,CustomItem,Items,1,Completed,,,9.00000,USD,Unrated,,,,9.00000,USD
5e805c62-b591-4763-8326-6b1324b643df,2025-11-16 05:39:09,ANY BRAINROT 1M/S CHEAPP,CustomItem,Items,1,Completed,,,1.00000,USD,Unrated,,,,1.00000,USD
353e32a8-6b1a-45b5-bdac-a63ff810a85d,2025-11-16 05:17:35,2 RANDOM BRAINROT 1M/S,CustomItem,Items,5,Completed,,,1.50000,USD,Positive,GGWP!,,,7.50000,USD
8b3d0e62-204c-4058-b484-f28431dd6539,2025-11-16 05:12:52,NEON STAR FRUIT,CustomItem,Items,1,Completed,,,7.00000,USD,Positive,very fast,,,7.00000,USD
ccb0a4a5-b609-4692-b7f6-95b433a74f8e,2025-11-16 05:10:09,FROZEN MANGO,CustomItem,Items,1,Completed,,,1.00000,USD,Positive,Fast and what I wanted,,,1.00000,USD
c15e7b37-6a0b-441d-b395-f8188a21cc57,2025-11-16 05:08:43,"FROZEN KING LIMONE, CHEAP",CustomItem,Items,1,Completed,,,1.00000,USD,Positive,very fast,,,1.00000,USD
2876c4b1-39d6-494e-af0a-9c3cd9b935e7,2025-11-16 04:59:46,"NEON KING LIMONE, LEMON",CustomItem,Items,1,Completed,,,4.00000,USD,Positive,GGWP quick and easy,,,4.00000,USD
0bd90a4e-f873-4149-896f-8a066e40fef8,2025-11-16 04:42:47,2 RANDOM BRAINROT 1M/S,CustomItem,Items,1,Delivered,,,1.50000,USD,Unrated,,,,1.50000,USD
924f03fa-9973-44be-a506-427a1d890bdc,2025-11-16 04:41:20,"RUBY KING LIMONE, LEMON",CustomItem,Items,1,Delivered,,,3.00000,USD,Unrated,,,,3.00000,USD
909490d3-158b-4363-80bd-692f0b6c0aff,2025-11-16 04:36:38,"NEON KING LIMONE, LEMON",CustomItem,Items,1,Delivered,,,4.00000,USD,Unrated,,,,4.00000,USD
49c379af-005e-4ceb-92c0-e6a8ffb0ac4e,2025-11-16 04:29:22,2 FROZEN MANGO,CustomItem,Items,4,Delivered,,,1.50000,USD,Unrated,,,,6.00000,USD
be486d76-e127-459b-a43d-1a43b2625407,2025-11-16 04:19:44,Esok Sekolah Gold 187M/s | Instant Delivery,CustomItem,Items,1,Completed,,,10.00000,USD,Unrated,,,,10.00000,USD
34e045fe-41f6-4c76-a0ee-4733938af825,2025-11-16 04:00:12,Los 67 Radioactive 191.2 M/s | Instant Delivery,CustomItem,Items,1,Delivered,,,10.00000,USD,Unrated,,,,10.00000,USD
aa93ea3d-d556-4d8a-8052-4933af661296,2025-11-16 03:50:50,1 NEON MANGO,CustomItem,Items,1,Completed,,,3.00000,USD,Positive,GGWP!,,,3.00000,USD
d77501b0-e1d7-4405-9839-b11849357d6d,2025-11-16 03:29:24,"1 DIAMOND KING LIMONE, LEMON",CustomItem,Items,1,Delivered,,,1.50000,USD,Unrated,,,,1.50000,USD
7893a5fa-d699-4ab7-bff2-b48087646a42,2025-11-16 03:25:32,2 RANDOM BRAINROT 1M/S,CustomItem,Items,1,Delivered,,,1.50000,USD,Unrated,,,,1.50000,USD
6d801587-54dc-433b-818c-61d01ba295a1,2025-11-16 02:50:03,FROZEN MANGO,CustomItem,Items,1,Completed,,,1.00000,USD,Unrated,,,,1.00000,USD
11878194-a646-472e-8b37-f546ee93fcd2,2025-11-16 02:49:37,1 RUBY MANGO,CustomItem,Items,1,Completed,,,2.00000,USD,Positive,"RWALLY FAST ",,,2.00000,USD
707ee306-1e21-4df5-9547-7a665b23a27a,2025-11-16 02:48:34,2 BRAINROT 1M/S,CustomItem,Items,2,Delivered,,,1.50000,USD,Unrated,,,,3.00000,USD
c334f71c-9643-47cc-a82e-1cf33818b5ad,2025-11-16 02:42:01,FROZEN MANGO,CustomItem,Items,1,Delivered,,,1.00000,USD,Unrated,,,,1.00000,USD
809bf1b0-b74e-41ee-b6e5-65afa01affed,2025-11-16 02:41:50,1 NEON MANGO,CustomItem,Items,1,Delivered,,,3.00000,USD,Unrated,,,,3.00000,USD
50ea86c9-b275-414b-be01-47bb642b437e,2025-11-16 02:35:20,2 BRAINROT 1M/S,CustomItem,Items,1,Completed,,,1.50000,USD,Unrated,,,,1.50000,USD
05fd30fe-e65f-4365-83ff-961a4b98bf2b,2025-11-16 02:34:40,2 BRAINROT 1M/S,CustomItem,Items,1,Delivered,,,1.50000,USD,Unrated,,,,1.50000,USD
4fba7598-aa92-4f95-b7c0-661696950dcf,2025-11-16 02:24:24,Esok Sekolah 150m/s | Instant Delivery,CustomItem,Items,1,Delivered,,,10.00000,USD,Unrated,,,,10.00000,USD
92316dd7-af91-41f6-8931-4693906c29f1,2025-11-16 02:22:26,FROZEN MANGO,CustomItem,Items,1,Completed,,,1.00000,USD,Positive,"Good ",,,1.00000,USD
1a70dd44-1168-4ba4-92fa-eb52ee59316c,2025-11-16 02:20:05,FROZEN MANGO,CustomItem,Items,2,Completed,,,1.00000,USD,Unrated,,,,2.00000,USD
f20a1cd2-82a8-491a-bef3-d27e96d9551b,2025-11-16 02:19:26,1 RUBY MANGO,CustomItem,Items,2,Completed,,,2.00000,USD,Positive,"W seller
",,,4.00000,USD
1b94d59a-c98c-48e9-83ab-9fd70357bce1,2025-11-16 02:10:47,Mieteteira Bicicleteira 403m/s Yin Yang | Instant Delivery,CustomItem,Items,1,Delivered,,,13.00000,USD,Unrated,,,,13.00000,USD
242655e6-d08b-4972-9516-b4322bf30329,2025-11-16 02:10:34,2 BRAINROT 1M/S,CustomItem,Items,1,Delivered,,,1.50000,USD,Unrated,,,,1.50000,USD
5dea5871-d5e4-4150-84cc-c08ded0b93ef,2025-11-16 02:10:08,BUNDLES PET MATCHES WITH THE PHOTO,CustomItem,Items,1,Canceled,,,4.00000,USD,Unrated,,Out_Of_Stock,,4.00000,USD
d4fa28a1-0fd9-4fb0-a909-bd65b1900ffe,2025-11-16 02:01:10,2 BRAINROT 1M/S,CustomItem,Items,1,Completed,,,1.50000,USD,Positive,GGWP!,,,1.50000,USD
46e79ffb-f395-48ad-bd50-0a7571eda4b8,2025-11-16 01:59:20,"THIS SHOP ONLY MEANS CUSTOM SHOP, ASKING, WANT TO SEE OR NEGOTIATE",CustomItem,Items,1,DeliveredDisputed,Other,"Me and the seller made a deal. And I’ve been waiting all day not to receive my order. Whenever I try to text him he’s starting to leave me on seen. So ima go find better options I really liked this guy but it got to a point ",11.00000,USD,Unrated,,,,11.00000,USD
ffea70d7-08bc-4662-b80c-699bb76a9bb1,2025-11-16 01:59:15,Los 67 [ 270m/s ] Instant Delivery,CustomItem,Items,1,Canceled,,,12.00000,USD,Unrated,,Out_Of_Stock,,12.00000,USD
097a49a2-836a-4231-9158-d98279d5bb13,2025-11-16 01:51:47,ANY BRAINROT 1M/S CHEAPP,CustomItem,Items,10,Delivered,,,1.00000,USD,Unrated,,,,10.00000,USD
5486f7ee-fbdf-463f-9f09-c2a394f5388c,2025-11-16 01:50:08,1 NEON MANGO,CustomItem,Items,2,Completed,,,3.00000,USD,Positive,Good!,,,6.00000,USD
6d9f97b7-e5ef-4471-b5c0-d0b3e56afef2,2025-11-16 01:45:47,"THIS SHOP ONLY MEANS CUSTOM SHOP, ASKING, WANT TO SEE OR NEGOTIATE",CustomItem,Items,1,Delivered,,,12.00000,USD,Unrated,,,,12.00000,USD
67c5d4a7-942c-4b61-bc28-cc498589dbe4,2025-11-16 01:37:35,Mieteteira Bicicleteira 156m/s | Instant Delivery,CustomItem,Items,1,Completed,,,7.00000,USD,Unrated,,,,7.00000,USD
557b58e8-5d1e-4ad2-970b-adf905740192,2025-11-16 01:27:59,2 FROZEN MANGO,CustomItem,Items,2,Completed,,,1.50000,USD,Unrated,,,,3.00000,USD
238918ae-392d-4685-aa66-686f05dc3431,2025-11-16 01:25:37,Mieteteira Bicicleteira 195m/s Yin Yang | Instant Delivery,CustomItem,Items,1,Completed,,,8.00000,USD,Positive,quick and fast even treated me with respect hes 100% trusted,,,8.00000,USD
4a48b14c-a425-410c-a32a-88e785a547b7,2025-11-16 01:20:41,1 RUBY MANGO,CustomItem,Items,1,Completed,,,2.00000,USD,Positive,w,,,2.00000,USD
f5e5cc0a-fb21-4eae-9b2c-385782b15c98,2025-11-16 01:18:38,GALACTIC Los Mr Carrotitos  1M/S,CustomItem,Items,1,Completed,,,4.00000,USD,Positive,"great service, fast",,,4.00000,USD
420bc9c4-9a97-4ede-a769-5bcdec7571da,2025-11-16 01:17:27,"1 DIAMOND MANGO, MANGO,",CustomItem,Items,3,Completed,,,1.00000,USD,Positive,w,,,3.00000,USD
91caed51-480e-41e5-b18d-0d86a36a0b06,2025-11-16 01:09:56,ANY BRAINROT 1M/S CHEAPP,CustomItem,Items,8,Delivered,,,1.00000,USD,Unrated,,,,8.00000,USD
5f0e39ad-ea04-40b8-817d-40c95b4da791,2025-11-16 00:55:53,Esok Sekolah 247.5 m/s | Instant Delivery - Way,CustomItem,Items,1,Delivered,,,10.00000,USD,Unrated,,,,10.00000,USD
f9dffac1-52fc-49cf-954c-aea319cd7260,2025-11-16 00:51:37,RAINBOW LEMOWZIO 1M/S,CustomItem,Items,1,Completed,,,4.00000,USD,Positive,"fast, reliable",,,4.00000,USD
b9238712-6992-4070-a21c-f19c28ac98c7,2025-11-16 00:43:20,FROZEN MANGO,CustomItem,Items,1,Completed,,,1.00000,USD,Positive,GGWP!,,,1.00000,USD
32c7d374-6262-4369-a9ea-23bb0044499b,2025-11-16 00:08:35,Mieteteira Bicicleteira | Instant Delivery,CustomItem,Items,1,Delivered,,,8.00000,USD,Unrated,,,,8.00000,USD
337c33e5-0538-4f8b-a87f-ad4dbfac374c,2025-11-15 16:13:56,2 FROZEN MANGO,CustomItem,Items,1,Completed,,,1.50000,USD,Positive,Really good price and fast,,,1.50000,USD
d97b545d-20d8-4a90-8489-be4ab898b36a,2025-11-15 16:12:34,2 BRAINROT 1M/S,CustomItem,Items,1,Delivered,,,1.50000,USD,Unrated,,,,1.50000,USD
1a5dfa57-1707-4578-8572-a4383c8abcc2,2025-11-15 16:06:05,FROZEN MANGO,CustomItem,Items,1,Completed,,,1.00000,USD,Positive,Fast,,,1.00000,USD
dfd0e86a-0815-4778-8492-9c78bdc6c2e8,2025-11-15 15:56:06,"THIS SHOP ONLY MEANS CUSTOM SHOP, ASKING, WANT TO SEE OR NEGOTIATE",CustomItem,Items,1,Delivered,,,5.00000,USD,Unrated,,,,5.00000,USD
bb7933a7-a3bc-4648-bd17-c9ead21ff17c,2025-11-15 15:18:33,ANY BRAINROT 1M/S CHEAPP,CustomItem,Items,2,Completed,,,1.00000,USD,Positive,GGWP!,,,2.00000,USD
efa8502a-72ea-4ebc-9c00-b53d840c3e1b,2025-11-15 15:16:03,2 BRAINROT 1M/S,CustomItem,Items,2,Delivered,,,1.50000,USD,Unrated,,,,3.00000,USD
124217dd-d6c5-49a3-9888-b174a92765cd,2025-11-15 15:07:09,2 BRAINROT 1M/S,CustomItem,Items,1,Completed,,,1.50000,USD,Positive,W reseller best in the website,,,1.50000,USD
97ea5852-0691-4889-aeae-936d9e4c218a,2025-11-15 14:50:16,2 RANDOM BRAINROT 1M/S,CustomItem,Items,1,Completed,,,1.50000,USD,Positive,fast and trust worthy,,,1.50000,USD
c07d7f62-876a-4eb1-b648-90ed3d96f78f,2025-11-15 14:12:46,Mieteteira Bicicleteira 286m/s Lava | Instant Delivery,CustomItem,Items,1,Completed,,,13.00000,USD,Positive,GGWP!,,,13.00000,USD
bdb57448-ab61-48a2-b2fc-f99cf0241d33,2025-11-15 13:57:42,FROZEN MANGO,CustomItem,Items,1,Completed,,,1.00000,USD,Unrated,,,,1.00000,USD
430b5407-9f19-403f-ba1b-55a1e867b21d,2025-11-15 13:57:13,Eviledon 283m/s | Instant Delivery,CustomItem,Items,1,Completed,,,15.00000,USD,Positive,"Fast response time ",,,15.00000,USD
607656b1-9cb6-4391-a946-33ea6d31cbb0,2025-11-15 13:55:38,Esok Sekolah 180m/s | Instant Delivery,CustomItem,Items,1,Completed,,,12.00000,USD,Positive,This is the best app I will buy from it way more in the future,,,12.00000,USD
0b2d39e4-181d-4ce6-ba26-d4c83f9d2456,2025-11-15 13:36:11,FROZEN MANGO,CustomItem,Items,1,Completed,,,1.00000,USD,Positive,GGWP!,,,1.00000,USD
65a22f2d-88af-4dfc-8a58-d1151506d8db,2025-11-15 12:57:08,RUBY STARFRUIT,CustomItem,Items,1,Delivered,,,6.00000,USD,Unrated,,,,6.00000,USD
1275bd61-0fec-450c-8ae2-d1f617f81c1c,2025-11-15 12:21:21,FROZEN MANGO,CustomItem,Items,1,Completed,,,1.00000,USD,Positive,"Muy rápido ",,,1.00000,USD
dac09368-c1fb-4928-9e50-074ec29bd2fb,2025-11-15 12:19:12,NEON STAR FRUIT,CustomItem,Items,1,Completed,,,8.00000,USD,Positive,Fast W,,,8.00000,USD
108ae72f-b856-49ac-845c-202c0bfe53f9,2025-11-15 12:14:15,FROZEN MANGO,CustomItem,Items,1,Completed,,,1.00000,USD,Unrated,,,,1.00000,USD
cee53639-15b2-4f71-89ee-b6630668dcd9,2025-11-15 11:58:38,2 RANDOM BRAINROT 1M/S,CustomItem,Items,2,Completed,,,1.50000,USD,Positive,w,,,3.00000,USD
2e31b3c9-be22-45f0-9987-d7c5e9ee76cb,2025-11-15 11:08:01,FROZEN MANGO,CustomItem,Items,5,Completed,,,1.00000,USD,Positive,perfect and fast,,,5.00000,USD
d3c03385-f7f9-43e6-9474-de95fbca0fbd,2025-11-15 10:53:34,"1 DIAMOND KING LIMONE, LEMON",CustomItem,Items,1,Completed,,,1.50000,USD,Positive,"Fast delivery ",,,1.50000,USD
42c2f8a6-ddcf-428c-b244-c3d4254a16d8,2025-11-15 10:48:08,FROZEN MANGO,CustomItem,Items,1,Completed,,,1.00000,USD,Positive,GGWP!,,,1.00000,USD
f4e42b21-fd9f-475c-b930-e2c9aad2e5c5,2025-11-15 10:47:07,2 FROZEN MANGO,CustomItem,Items,1,Completed,,,1.50000,USD,Positive,GGWP!,,,1.50000,USD
b6f79bb6-bb1d-4623-8e93-8c55b4e7747a,2025-11-15 10:46:16,ANY BRAINROT 1M/S CHEAPP,CustomItem,Items,7,Completed,,,1.00000,USD,Unrated,,,,7.00000,USD
4349fed5-c497-4eac-981c-226268f3ef11,2025-11-15 10:37:52,FROZEN MANGO,CustomItem,Items,1,Delivered,,,1.00000,USD,Unrated,,,,1.00000,USD
16048892-311a-43de-be27-d738628b412c,2025-11-15 10:31:52,FROZEN MANGO,CustomItem,Items,1,Completed,,,1.00000,USD,Unrated,,,,1.00000,USD
dc56457f-5935-4753-a19f-74471c8ac960,2025-11-15 10:16:59,Mieteteira Bicicleteira 195m/s Yin Yang | Instant Delivery,CustomItem,Items,1,Completed,,,10.00000,USD,Positive,"quick and easy
",,,10.00000,USD
dcf72115-27ef-4ed5-a0b7-5fbf736b036e,2025-11-15 10:04:06,"1 DIAMOND KING LIMONE, LEMON",CustomItem,Items,1,Completed,,,1.50000,USD,Positive,"Easy, and super quick. Recommended!",,,1.50000,USD
4e4ddde8-88d3-4b7d-b183-4519c0579248,2025-11-15 09:16:48,2 BRAINROT 1M/S,CustomItem,Items,1,Completed,,,1.50000,USD,Unrated,,,,1.50000,USD
cafa1c1c-ce60-4d46-a33b-b7eca73a36b6,2025-11-15 08:48:09,Eviledon 173m/s | Instant Delivery,CustomItem,Items,1,Completed,,,14.00000,USD,Positive,"fast
",,,14.00000,USD
a6c1f26e-3815-4ac7-8c51-2ec7a6886717,2025-11-15 08:40:29,RUBY STARFRUIT,CustomItem,Items,1,Completed,,,6.00000,USD,Positive,fast and nice would recommend seller,,,6.00000,USD
ae00b48f-5f2e-4f71-8f72-b0f473ade47b,2025-11-15 08:36:05,2 BRAINROT 1M/S,CustomItem,Items,2,Completed,,,1.50000,USD,Positive,Fast delivery,,,3.00000,USD
5c178255-99b2-4099-83d6-4347b9a8c6c8,2025-11-15 07:47:12,FROZEN MANGO,CustomItem,Items,1,Delivered,,,1.00000,USD,Unrated,,,,1.00000,USD
b4603dec-4fcb-4d0c-ade9-ed88da40c19d,2025-11-15 07:42:31,ANY BRAINROT 1M/S CHEAPP,CustomItem,Items,1,Completed,,,1.00000,USD,Positive,GGWP!,,,1.00000,USD
b90a2894-3a67-42e2-a009-84293b2b62e3,2025-11-15 07:25:14,2 BRAINROT 1M/S,CustomItem,Items,1,Delivered,,,1.50000,USD,Unrated,,,,1.50000,USD
a3647faf-efef-4413-9009-418da7811b10,2025-11-15 07:17:16,2 BRAINROT 1M/S,CustomItem,Items,2,Delivered,,,1.50000,USD,Unrated,,,,3.00000,USD
7456c165-4e1b-4698-9abd-2626a55b5dee,2025-11-15 07:08:23,2 BRAINROT 1M/S,CustomItem,Items,1,Completed,,,1.50000,USD,Positive,GGWP!,,,1.50000,USD
d5f3798f-ec3f-4f9b-a954-5f93610dbb4c,2025-11-15 06:42:36,2 BRAINROT 1M/S,CustomItem,Items,1,Delivered,,,1.50000,USD,Unrated,,,,1.50000,USD
8ffb10e2-f8b7-44ef-bc79-d47ef6d4be54,2025-11-15 05:57:02,FROZEN MANGO,CustomItem,Items,7,Completed,,,1.00000,USD,Positive,"Fast and good service ",,,7.00000,USD
dc5cc4dd-ee6d-4dac-87a6-ed549a2b35e4,2025-11-15 05:51:05,FROZEN MANGO,CustomItem,Items,1,Completed,,,1.00000,USD,Unrated,,,,1.00000,USD
4d1f6ff8-35d8-45af-8e80-4416ae70aeb0,2025-11-15 05:36:25,2 BRAINROT 1M/S,CustomItem,Items,1,Delivered,,,1.50000,USD,Unrated,,,,1.50000,USD
6ce975c1-26f1-42a1-9b59-068b16c6fa06,2025-11-15 05:21:47,FROZEN MANGO,CustomItem,Items,1,Completed,,,1.00000,USD,Unrated,,,,1.00000,USD
8942f309-a665-4c96-a469-0a638e6a01c6,2025-11-15 05:16:46,2 BRAINROT 1M/S,CustomItem,Items,1,Completed,,,1.50000,USD,Unrated,,,,1.50000,USD
94c041f9-5dc2-4661-bd9b-aa4d44dce1a0,2025-11-15 04:55:17,FROZEN MANGO,CustomItem,Items,3,Completed,,,1.00000,USD,Positive,GGWP!,,,3.00000,USD
37b7decb-4abd-4b3c-89cc-cd23e7441cd7,2025-11-15 04:46:09,FROZEN MANGO,CustomItem,Items,1,Canceled,,,1.00000,USD,Unrated,,Buyer_Did_Not_Respond,,1.00000,USD
f6f4afb1-a0cc-4017-8e72-4bcf67ce8f5a,2025-11-15 04:39:41,FROZEN MANGO,CustomItem,Items,1,Completed,,,1.00000,USD,Unrated,,,,1.00000,USD
73f8cda1-5b6e-432a-992a-26ff73802afd,2025-11-15 04:23:05,FROZEN MANGO,CustomItem,Items,1,Completed,,,1.00000,USD,Positive,GGWP!,,,1.00000,USD
22c0c37f-a16b-4067-a3ab-7827fe8ae0ff,2025-11-15 04:20:40,Mieteteira Bicicleteira 156m/s | Instant Delivery🚲,CustomItem,Items,1,Delivered,,,8.00000,USD,Unrated,,,,8.00000,USD
008d3af4-26a8-48e2-8144-d49fa8f84571,2025-11-15 03:50:15,FROZEN MANGO,CustomItem,Items,1,Completed,,,1.00000,USD,Positive,the service was great!,,,1.00000,USD
c4eb786b-1f82-4652-959c-2a68738ed8c6,2025-11-15 03:45:44,"1 DIAMOND KING LIMONE, LEMON",CustomItem,Items,1,Completed,,,1.50000,USD,Positive,"10/10 Review, Fast and Quick. AND LEGIT ",,,1.50000,USD
cb19ceb4-86a4-41b3-8e06-b0c9de164a3f,2025-11-15 03:22:33,1 NEON MANGO,CustomItem,Items,1,Completed,,,4.00000,USD,Unrated,,,,4.00000,USD
c7746d0a-2a5c-4227-9844-6fc67c73343e,2025-11-15 02:55:06,ANY BRAINROT 1M/S CHEAPP,CustomItem,Items,4,Completed,,,1.00000,USD,Positive,GGWP!,,,4.00000,USD
343b458c-dc52-4e3f-b05e-218755f88f79,2025-11-15 02:33:03,"1 DIAMOND MANGO, MANGO,",CustomItem,Items,1,Completed,,,1.50000,USD,Positive,Fast and efficient thank you again!:),,,1.50000,USD
06f6da1a-e9d5-4175-bfbe-ca143eb8a2cb,2025-11-15 02:31:52,ANY BRAINROT 1M/S CHEAPP,CustomItem,Items,1,Completed,,,1.00000,USD,Unrated,,,,1.00000,USD
2250b606-bd30-4905-a16d-07ad037c2dd6,2025-11-15 02:19:15,1 RUBY MANGO,CustomItem,Items,1,Completed,,,3.00000,USD,Unrated,,,,3.00000,USD
a3fda388-0568-4882-b0e8-ba701bf0c77c,2025-11-15 02:17:25,2 PCS FROZEN MANGO,CustomItem,Items,10,Completed,,,1.00000,USD,Positive,GGWP!,,,10.00000,USD
3541a5b0-3c0b-4b90-b6cc-92ddad42c34b,2025-11-15 02:12:32,1 RUBY MANGO,CustomItem,Items,1,Delivered,,,3.00000,USD,Unrated,,,,3.00000,USD
f70941df-8b90-4a60-8b0f-d360834f201b,2025-11-15 02:09:30,ANY BRAINROT 1M/S CHEAPP,CustomItem,Items,1,Delivered,,,1.00000,USD,Unrated,,,,1.00000,USD
50c9149d-18fd-429f-98f7-55f1de975082,2025-11-15 01:55:33,2 PCS FROZEN MANGO,CustomItem,Items,1,Completed,,,1.00000,USD,Positive,Good and fast!,,,1.00000,USD
2633f22a-4f4a-4cf1-a1d4-09ce388516c4,2025-11-15 01:22:34,"NEON KING LIMONE, LEMON",CustomItem,Items,1,Completed,,,4.00000,USD,Positive,Extremamente rápido!,,,4.00000,USD
910d3592-94a4-475f-9f73-79869defb8c2,2025-11-15 01:11:54,2 PCS FROZEN MANGO,CustomItem,Items,3,Completed,,,1.00000,USD,Positive,fast,,,3.00000,USD
aa9961eb-49aa-40cd-8653-e6acba5e4d9b,2025-11-15 01:10:48,ANY BRAINROT 1M/S CHEAPP,CustomItem,Items,3,Delivered,,,1.00000,USD,Unrated,,,,3.00000,USD
e6bd9671-76b5-4820-b09a-110daf85808d,2025-11-15 01:09:27,RUBY MANGO 7.5 KG 1.26M DPS AT LVL 10 CLEAN NO DUPE,CustomItem,Items,1,Completed,,,35.00000,USD,Positive,W service and fast,,,35.00000,USD
b8993d81-9015-4243-8b98-9f00569ee573,2025-11-15 01:01:22,2 PCS FROZEN MANGO,CustomItem,Items,4,Completed,,,1.00000,USD,Positive,fast,,,4.00000,USD
eba457a0-252c-45be-a3e0-2de5f1040902,2025-11-15 00:44:26,ANY BRAINROT 1M/S CHEAPP,CustomItem,Items,1,Delivered,,,1.00000,USD,Unrated,,,,1.00000,USD
8968d285-7e53-48bb-8918-2792b99e04b0,2025-11-15 00:37:00,2 PCS FROZEN MANGO,CustomItem,Items,2,Completed,,,1.00000,USD,Unrated,,,,2.00000,USD
e79a6408-c466-4a64-8932-865651e0b849,2025-11-15 00:14:04,1 NEON MANGO,CustomItem,Items,1,Delivered,,,4.00000,USD,Unrated,,,,4.00000,USD
866f8554-6c4f-432f-8089-f212b260d37c,2025-11-14 23:58:33,"1 DIAMOND MANGO, MANGO,",CustomItem,Items,2,Completed,,,1.50000,USD,Unrated,,,,3.00000,USD
f2eba895-9f01-4a09-8ff2-49daa47aa121,2025-11-14 23:44:59,2 PCS FROZEN MANGO,CustomItem,Items,4,Delivered,,,1.00000,USD,Unrated,,,,4.00000,USD
78561c2c-4b8f-43ef-81fd-c16e81ffa29b,2025-11-14 23:42:53,2 PCS FROZEN MANGO,CustomItem,Items,3,Completed,,,1.00000,USD,Positive,GGWP!,,,3.00000,USD
c564a9fb-05eb-4e2b-9ae3-d4f76dddf9e8,2025-11-14 23:31:33,2 PCS FROZEN MANGO,CustomItem,Items,1,Completed,,,1.00000,USD,Unrated,,,,1.00000,USD
9f5c396a-ae0d-45bf-9133-ea5b4b3c581d,2025-11-14 23:28:18,2 PCS FROZEN MANGO,CustomItem,Items,1,Completed,,,1.00000,USD,Positive,Perfect and fast,,,1.00000,USD
054cc00a-7b09-4030-9450-3d365326adbc,2025-11-14 23:28:10,"1 DIAMOND KING LIMONE, LEMON",CustomItem,Items,1,Completed,,,2.00000,USD,Unrated,,,,2.00000,USD
4c54f5f8-1f6c-4f38-a516-6edba65b967b,2025-11-14 23:23:08,2 PCS FROZEN MANGO,CustomItem,Items,1,Completed,,,1.00000,USD,Unrated,,,,1.00000,USD
07f513e1-dcdd-4d9b-a2f4-3b77aefc8319,2025-11-14 23:10:03,2 PCS FROZEN MANGO,CustomItem,Items,1,Delivered,,,1.00000,USD,Unrated,,,,1.00000,USD
8c2ee4a1-d0db-4ff0-8d53-a954bc8acaab,2025-11-14 23:07:50,2 PCS FROZEN MANGO,CustomItem,Items,2,Completed,,,1.00000,USD,Unrated,,,,2.00000,USD
e46460c5-4ac1-45bf-a432-0aa354520806,2025-11-14 23:05:28,"2 PCS FROZEN KING LIMONE, CHEAP",CustomItem,Items,9,Completed,,,1.00000,USD,Unrated,,,,9.00000,USD
52975ef9-1987-4fbe-8992-5b97f2b75679,2025-11-14 23:04:29,"2 PCS FROZEN KING LIMONE, CHEAP",CustomItem,Items,1,Completed,,,1.00000,USD,Unrated,,,,1.00000,USD
08839907-2fcf-411a-8d0e-ff6c95d8932a,2025-11-14 23:04:05,2 PCS FROZEN MANGO,CustomItem,Items,1,Completed,,,1.00000,USD,Unrated,,,,1.00000,USD
5b1815bc-b192-4397-91db-ef9a016661fc,2025-11-14 23:00:55,1 RUBY MANGO,CustomItem,Items,1,Completed,,,2.00000,USD,Positive,Great,,,2.00000,USD
65b8909f-cd4b-49a1-a0a7-8b3343f0f93c,2025-11-14 22:58:27,"2 PCS FROZEN KING LIMONE, CHEAP",CustomItem,Items,1,Completed,,,1.00000,USD,Positive,GGWP!,,,1.00000,USD
8a5af50d-2a90-444e-8c62-9d79dd5bce9c,2025-11-14 22:50:10,"FROZEN KING LIMONE, CHEAP",CustomItem,Items,3,Completed,,,1.00000,USD,Unrated,,,,3.00000,USD
e5f50de9-3303-4fe8-8a12-6647b660aeb9,2025-11-14 17:33:33,1 RUBY MANGO,CustomItem,Items,1,Completed,,,2.00000,USD,Positive,GGWP!,,,2.00000,USD
d2a56973-a5d8-4f9b-8a92-65d13b144ad4,2025-11-14 17:23:37,FROZEN MANGO,CustomItem,Items,1,Delivered,,,1.00000,USD,Unrated,,,,1.00000,USD
1860d6f0-8b50-42a2-abb1-0b52014370bc,2025-11-14 17:19:18,FROZEN MANGO,CustomItem,Items,1,Completed,,,1.00000,USD,Positive,GGWP!,,,1.00000,USD
20bcbd1c-7421-4b36-b168-16dfd1f9382d,2025-11-14 16:35:54,"FROZEN KING LIMONE, CHEAP",CustomItem,Items,3,Delivered,,,1.00000,USD,Unrated,,,,3.00000,USD
c9c2fe88-3d6f-4dbc-871c-48e837dc18e4,2025-11-14 16:31:03,FROZEN MANGO,CustomItem,Items,1,Delivered,,,1.00000,USD,Unrated,,,,1.00000,USD
e183ec04-471f-4e6d-9daa-901f05fbf204,2025-11-14 16:05:19,"1 DIAMOND KING LIMONE, LEMON",CustomItem,Items,1,Delivered,,,2.00000,USD,Unrated,,,,2.00000,USD
08932772-3838-4e9c-b386-b2e05ae68096,2025-11-14 15:36:21,"1 DIAMOND MANGO, MANGO,",CustomItem,Items,1,Delivered,,,1.50000,USD,Unrated,,,,1.50000,USD
35060e49-50bd-4d33-873c-96ba97a57a20,2025-11-14 15:34:24,ANY BRAINROT 1M/S CHEAPP,CustomItem,Items,3,Completed,,,1.00000,USD,Unrated,,,,3.00000,USD
9fd7519e-75bc-4d56-a2a4-ec34f8e2e64b,2025-11-14 15:27:33,"FROZEN KING LIMONE, CHEAP",CustomItem,Items,2,Delivered,,,1.00000,USD,Unrated,,,,2.00000,USD
f99e2988-3cc3-4a7f-87fd-82a38bc6f395,2025-11-14 15:24:20,FROZEN MANGO,CustomItem,Items,1,Completed,,,1.00000,USD,Unrated,,,,1.00000,USD
09c3eb0f-6d9d-4d59-b430-b39ac98dc073,2025-11-14 15:19:14,"FROZEN KING LIMONE, CHEAP",CustomItem,Items,1,Delivered,,,1.00000,USD,Unrated,,,,1.00000,USD
31e02ac2-3784-49a5-bd4f-0da29802afb3,2025-11-14 15:18:04,"THIS SHOP ONLY MEANS CUSTOM SHOP, ASKING, WANT TO SEE OR NEGOTIATE",CustomItem,Items,1,Delivered,,,12.00000,USD,Unrated,,,,12.00000,USD
c611826d-068a-43a3-aa81-5e2138a7d6a8,2025-11-14 15:11:35,ANY BRAINROT 1M/S CHEAPP,CustomItem,Items,3,Completed,,,1.00000,USD,Positive,W,,,3.00000,USD
f2ee94d4-7975-446d-90c6-35ef75ea43e7,2025-11-14 15:00:57,"NEON KING LIMONE, LEMON",CustomItem,Items,1,Completed,,,4.00000,USD,Positive,Excelente servicio,,,4.00000,USD
9845f0ae-b91b-4081-9772-2ceccd5ea502,2025-11-14 14:59:37,"FROZEN KING LIMONE, CHEAP",CustomItem,Items,1,Delivered,,,1.00000,USD,Unrated,,,,1.00000,USD
eb600089-8cc8-402a-8fea-f4c0ef1ff074,2025-11-14 14:57:57,FROZEN MANGO,CustomItem,Items,2,Delivered,,,1.00000,USD,Unrated,,,,2.00000,USD
f6d71a92-98a3-4477-a7f1-ce69b66fc252,2025-11-14 14:48:30,"FROZEN KING LIMONE, CHEAP",CustomItem,Items,4,Delivered,,,1.00000,USD,Unrated,,,,4.00000,USD
ce3ae09e-c2be-442b-bbeb-8800171dc791,2025-11-14 14:34:03,FROZEN MANGO,CustomItem,Items,1,Completed,,,1.00000,USD,Positive,"good srvice
",,,1.00000,USD
1e904296-124f-4d18-b01b-3ff61f57834f,2025-11-14 14:25:01,1 RUBY MANGO,CustomItem,Items,1,Completed,,,2.00000,USD,Positive,GGWP!,,,2.00000,USD
6502935c-a25e-4141-8406-0b51c5ffc01e,2025-11-14 14:16:00,1 RUBY MANGO,CustomItem,Items,1,Completed,,,2.00000,USD,Unrated,,,,2.00000,USD
354cc152-d252-4886-ba43-dcc1dc696c51,2025-11-14 14:15:47,FROZEN MANGO,CustomItem,Items,1,Completed,,,1.00000,USD,Unrated,,,,1.00000,USD
a4da8ceb-3bf0-48bb-ad20-69c51d9fdad2,2025-11-14 14:15:06,"FROZEN KING LIMONE, CHEAP",CustomItem,Items,1,Completed,,,1.00000,USD,Positive,GGWP!,,,1.00000,USD
a9166aa1-2463-4ec8-881a-d4946aea18a6,2025-11-14 14:08:37,"1 DIAMOND KING LIMONE, LEMON",CustomItem,Items,1,Completed,,,2.00000,USD,Positive,Fast delivery,,,2.00000,USD
3cac6f2a-0067-4de6-9712-4932f48fb08e,2025-11-14 13:58:48,Los 67 Rainbow | 225m/s,CustomItem,Items,1,Delivered,,,10.00000,USD,Unrated,,,,10.00000,USD
d79011c9-cd01-4113-8fc5-9fb6e7bba23e,2025-11-14 13:47:59,FROZEN MANGO,CustomItem,Items,1,Completed,,,1.00000,USD,Unrated,,,,1.00000,USD
d1f4b73d-b692-4e21-92b5-7ddc37bb3b2c,2025-11-14 13:43:43,FROZEN MANGO,CustomItem,Items,1,Completed,,,1.00000,USD,Positive,nice seller,,,1.00000,USD
0579bb5b-44c4-44fc-93ec-2c725d16ed98,2025-11-14 13:29:32,"FROZEN KING LIMONE, CHEAP",CustomItem,Items,1,Completed,,,1.00000,USD,Unrated,,,,1.00000,USD
ae35c6fa-6280-4ddb-b6c7-51f55e75cabb,2025-11-14 13:28:54,Esok Sekolah 180m/s,CustomItem,Items,1,Completed,,,11.00000,USD,Positive,very fast,,,11.00000,USD
b20c476b-3555-48e0-b6e2-07c282f59f87,2025-11-14 12:54:11,1 RUBY MANGO,CustomItem,Items,1,Completed,,,2.00000,USD,Positive,GGWP!,,,2.00000,USD
5ad9295a-d621-474a-bec4-b15a797c677b,2025-11-14 12:37:31,Burrito Bandito 4m/s | Fast Delivery,CustomItem,Items,1,Delivered,,,1.00000,USD,Unrated,,,,1.00000,USD
543cd64a-bff3-4253-8b26-090fc5364755,2025-11-14 12:29:30,1 RUBY MANGO,CustomItem,Items,1,Completed,,,2.00000,USD,Positive,GGWP!,,,2.00000,USD
c019882a-a4ba-4e39-94b6-3e06c6f17b09,2025-11-14 12:22:47,1 RUBY MANGO,CustomItem,Items,1,Completed,,,2.00000,USD,Positive,GGWP!,,,2.00000,USD
b5a2e035-cb26-40f8-a3a3-97128d35d1f9,2025-11-14 11:54:54,"RUBY KING LIMONE, LEMON",CustomItem,Items,2,Completed,,,2.50000,USD,Unrated,,,,5.00000,USD
47b3e03f-b1ee-43bf-8a5e-da1a43ce2d94,2025-11-14 11:50:21,2PCS FROZEN MANGO,CustomItem,Items,1,Delivered,,,1.00000,USD,Unrated,,,,1.00000,USD
96c7ef32-de88-491d-9434-04e7bb5fdc71,2025-11-14 11:45:47,1 RUBY MANGO,CustomItem,Items,2,Completed,,,2.00000,USD,Unrated,,,,4.00000,USD
60667fde-2a8b-44a2-840b-24cd45e3cb79,2025-11-14 11:32:51,"NEON KING LIMONE, LEMON",CustomItem,Items,1,Completed,,,4.00000,USD,Positive,"Was very quick and everything went great would order from them again! ",,,4.00000,USD
7e28fb4e-33d4-4096-8116-56826742b62b,2025-11-14 11:32:10,1 RUBY MANGO,CustomItem,Items,1,Completed,,,2.00000,USD,Positive,GGWP!,,,2.00000,USD
44c5434a-f665-44be-967a-17065c05f2b5,2025-11-14 11:17:13,"2PCS  FROZEN KING LIMONE, CHEAP",CustomItem,Items,23,Completed,,,1.00000,USD,Unrated,,,,23.00000,USD
545667c0-c74f-473c-a863-44052536ceae,2025-11-14 10:42:20,"2PCS  FROZEN KING LIMONE, CHEAP",CustomItem,Items,2,Delivered,,,1.00000,USD,Unrated,,,,2.00000,USD
ad77dc66-5900-4ccb-9e3e-6dae1ae4cc98,2025-11-14 10:28:31,Mieteteira Bicicleteira Candy 104m/s,CustomItem,Items,1,Delivered,,,5.00000,USD,Unrated,,,,5.00000,USD
8b1fdf01-41b4-49f0-b729-6d97d6031635,2025-11-14 10:20:06,2PCS FROZEN MANGO,CustomItem,Items,1,Delivered,,,1.00000,USD,Unrated,,,,1.00000,USD
829597e9-cc37-454b-bafd-6406473340e1,2025-11-14 09:10:27,"THIS SHOP ONLY MEANS CUSTOM SHOP, ASKING, WANT TO SEE OR NEGOTIATE",CustomItem,Items,1,Delivered,,,22.00000,USD,Unrated,,,,22.00000,USD
f00682ae-8281-4cb2-aac4-eb26a26223d6,2025-11-14 09:03:49,"2PCS  FROZEN KING LIMONE, CHEAP",CustomItem,Items,1,Completed,,,1.00000,USD,Positive,fast,,,1.00000,USD
b61f0b07-fc0b-4862-856b-093c52e10c66,2025-11-14 08:41:26,"2PCS  FROZEN KING LIMONE, CHEAP",CustomItem,Items,2,Completed,,,1.00000,USD,Positive,"Super fast delivery,  best price",,,2.00000,USD
4298d620-f4d9-4b04-a121-3e8d09ffbb09,2025-11-14 04:47:20,2PCS FROZEN MANGO,CustomItem,Items,3,Completed,,,1.00000,USD,Unrated,,,,3.00000,USD
a5ff8c5d-39e7-4105-a824-99ff43a38ccf,2025-11-14 04:39:34,"2PCS  FROZEN KING LIMONE, CHEAP",CustomItem,Items,3,Delivered,,,1.00000,USD,Unrated,,,,3.00000,USD
39279eca-5d34-4b04-bf76-3b6090a2b0f4,2025-11-14 04:38:40,ANY BRAINROT 1M/S CHEAPP,CustomItem,Items,5,Completed,,,1.00000,USD,Unrated,,,,5.00000,USD
13cec921-df77-4402-9da9-5a718367428d,2025-11-14 04:38:27,"2PCS  FROZEN KING LIMONE, CHEAP",CustomItem,Items,2,Completed,,,1.00000,USD,Positive,GGWP!,,,2.00000,USD
05df8934-30af-441c-9943-a7f3c1175ecd,2025-11-14 04:27:21,2PCS FROZEN MANGO,CustomItem,Items,1,Delivered,,,1.00000,USD,Unrated,,,,1.00000,USD
6ef5b7f2-c2e9-4197-a492-43e278ad18b1,2025-11-14 04:17:10,"2PCS  FROZEN KING LIMONE, CHEAP",CustomItem,Items,1,Completed,,,1.00000,USD,Unrated,,,,1.00000,USD
68f5c42e-827f-495b-8950-119b0e77ff83,2025-11-14 04:11:52,"2PCS  FROZEN KING LIMONE, CHEAP",CustomItem,Items,1,Delivered,,,1.00000,USD,Unrated,,,,1.00000,USD
c99add9a-e2e2-41f0-b5f1-7ddea3d237ba,2025-11-14 04:09:01,"2PCS  FROZEN KING LIMONE, CHEAP",CustomItem,Items,4,Delivered,,,1.00000,USD,Unrated,,,,4.00000,USD
38d67333-4d47-45cb-9da6-20d793147505,2025-11-14 04:07:17,"2PCS  FROZEN KING LIMONE, CHEAP",CustomItem,Items,1,Delivered,,,1.00000,USD,Unrated,,,,1.00000,USD
666ba6fb-e507-49e9-aac6-4b4bc6adbb16,2025-11-14 03:54:48,1 NEON MANGO,CustomItem,Items,1,Completed,,,3.00000,USD,Positive,GGWP!,,,3.00000,USD
b2f1265e-b5a1-4ab6-8f5e-f174b7c4ce30,2025-11-14 03:22:44,"2PCS  FROZEN KING LIMONE, CHEAP",CustomItem,Items,1,Completed,,,1.00000,USD,Unrated,,,,1.00000,USD
f50e0a9f-95ce-4036-8b81-11a467267890,2025-11-14 03:15:41,RAINBOW LEMOWZIO 1M/S,CustomItem,Items,1,Delivered,,,4.00000,USD,Unrated,,,,4.00000,USD
649d91e2-4566-469c-9572-a2ca0038a7fe,2025-11-14 03:15:17,GALACTIC LEMOWZIO 1M/S,CustomItem,Items,1,Delivered,,,4.00000,USD,Unrated,,,,4.00000,USD
c249ded0-ffcb-4937-a234-75c8e93371f6,2025-11-14 03:13:02,"2PCS  FROZEN KING LIMONE, CHEAP",CustomItem,Items,4,Completed,,,1.00000,USD,Positive,10/10,,,4.00000,USD
769fd4a4-f9f8-4811-ad7f-d806a275680d,2025-11-14 03:11:08,1 NEON MANGO,CustomItem,Items,2,Completed,Seller_Delivered_But_Order_Not_Received,,3.00000,USD,Positive,GGWP!,,,6.00000,USD
66f287e8-ac3c-483a-bd43-bd781eb9fbb0,2025-11-14 03:05:13,"1 DIAMOND MANGO, MANGO,",CustomItem,Items,1,Completed,,,1.50000,USD,Positive,GGWP!,,,1.50000,USD
d4958bd9-3966-4412-8567-22c8da2ca9a5,2025-11-14 02:55:54,"2PCS  FROZEN KING LIMONE, CHEAP",CustomItem,Items,1,Completed,,,1.00000,USD,Positive,fast and perfect,,,1.00000,USD
e2cb2973-d9fe-4929-913b-a8afe0f1f8c8,2025-11-14 02:41:00,"2PCS  FROZEN KING LIMONE, CHEAP",CustomItem,Items,1,Completed,,,1.00000,USD,Positive,Fast an easy,,,1.00000,USD
faecbc80-d288-4d09-969a-5111dada0705,2025-11-14 02:40:30,"2PCS  FROZEN KING LIMONE, CHEAP",CustomItem,Items,1,Completed,,,1.00000,USD,Positive,GGWP!,,,1.00000,USD
53dd2b1c-b44a-481c-9cf8-d57aadc9bc2b,2025-11-14 02:24:39,2PCS FROZEN MANGO,CustomItem,Items,3,Completed,,,1.00000,USD,Positive,quick and fast and nice w man,,,3.00000,USD
02c98c32-5bf2-4849-a570-f6b326389514,2025-11-14 02:18:42,"2PCS  FROZEN KING LIMONE, CHEAP",CustomItem,Items,2,Completed,,,1.00000,USD,Unrated,,,,2.00000,USD
e69f7f1b-79cf-4eda-a7e1-8e7bacd55072,2025-11-14 01:17:09,"2PCS  FROZEN KING LIMONE, CHEAP",CustomItem,Items,1,Canceled,,,1.00000,USD,Unrated,,Mutual_Agreement,,1.00000,USD
41715fd9-b9d6-4ee3-a221-199f9ab4a97d,2025-11-14 01:10:21,"2PCS  FROZEN KING LIMONE, CHEAP",CustomItem,Items,1,Completed,,,1.00000,USD,Positive,"fast ",,,1.00000,USD
4a14db2e-1b09-4a1d-9e4f-f9f0e80b0a29,2025-11-14 00:56:10,2PCS FROZEN MANGO,CustomItem,Items,1,Completed,,,1.00000,USD,Positive,GGWP!,,,1.00000,USD
7cde20a4-37bc-4d79-ae9c-c81843072ef9,2025-11-14 00:53:21,"2PCS  FROZEN KING LIMONE, CHEAP",CustomItem,Items,1,Completed,,,1.00000,USD,Positive,GGWP!,,,1.00000,USD
5e81e7db-3fd9-4f93-984f-225083701b56,2025-11-14 00:50:45,1 RUBY MANGO,CustomItem,Items,1,Delivered,,,2.00000,USD,Unrated,,,,2.00000,USD
784054de-c93b-4779-a4a9-15019c9d3877,2025-11-14 00:49:42,1 RUBY MANGO,CustomItem,Items,1,Completed,,,2.00000,USD,Positive,GGWP!,,,2.00000,USD
5b6056ac-38fd-4b50-9d3a-876e35ae0edc,2025-11-14 00:48:06,1 NEON MANGO,CustomItem,Items,1,Completed,,,3.00000,USD,Positive,GGWP!,,,3.00000,USD
c55da62f-2eff-4233-84ae-3945039f771c,2025-11-14 00:43:54,2PCS FROZEN MANGO,CustomItem,Items,1,Completed,,,1.00000,USD,Positive,GGWP!,,,1.00000,USD
130c2d2a-dfc9-4421-8b46-93431aa943e4,2025-11-14 00:39:31,"2PCS  FROZEN KING LIMONE, CHEAP",CustomItem,Items,1,Completed,,,1.00000,USD,Positive,GGWP!,,,1.00000,USD
a9ddb11f-ccb9-4a25-8f6b-fa6ecf56be2c,2025-11-14 00:34:11,"THIS SHOP ONLY MEANS CUSTOM SHOP, ASKING, WANT TO SEE OR NEGOTIATE",CustomItem,Items,1,Delivered,,,6.00000,USD,Unrated,,,,6.00000,USD
5baa9896-484f-44f3-ac61-4e21fbc40f35,2025-11-14 00:24:42,"THIS SHOP ONLY MEANS CUSTOM SHOP, ASKING, WANT TO SEE OR NEGOTIATE",CustomItem,Items,1,Delivered,,,7.00000,USD,Unrated,,,,7.00000,USD
ec85aaa2-6ba4-4e67-adfa-6c4089d13ff5,2025-11-14 00:21:04,"2PCS  FROZEN KING LIMONE, CHEAP",CustomItem,Items,1,Delivered,,,1.00000,USD,Unrated,,,,1.00000,USD
39b0e46b-e253-448e-9c4b-8164278d6002,2025-11-14 00:15:25,"2PCS  FROZEN KING LIMONE, CHEAP",CustomItem,Items,1,Completed,,,1.00000,USD,Positive,quick,,,1.00000,USD
b24e3f89-8e5b-4b07-af73-ae61850ef0d7,2025-11-13 23:56:29,"1 DIAMOND KING LIMONE, LEMON",CustomItem,Items,1,Completed,,,1.50000,USD,Positive,amazing and very fast,,,1.50000,USD
503ab77a-2710-4e96-8087-faf55ba1d98c,2025-11-13 23:45:25,"2PCS  FROZEN KING LIMONE, CHEAP",CustomItem,Items,2,Completed,,,1.00000,USD,Positive,gg,,,2.00000,USD
bc3cacf6-01c8-4c0b-8405-00252a99f924,2025-11-13 23:15:47,"NEON KING LIMONE, LEMON",CustomItem,Items,1,Completed,,,4.00000,USD,Positive,Fast and efficient took less a few minutes. Thank you again!:),,,4.00000,USD
4b37e9c4-907e-4bb0-9b51-f036d0f4281e,2025-11-13 22:58:53,"2PCS  FROZEN KING LIMONE, CHEAP",CustomItem,Items,1,Completed,,,1.00000,USD,Unrated,,,,1.00000,USD
2054c58e-6628-4a52-9818-b1dba4a73f1a,2025-11-13 17:37:13,"FROZEN KING LIMONE, CHEAP",CustomItem,Items,10,Completed,,,1.00000,USD,Positive,"Order was completed within a minute or two so very quick ",,,10.00000,USD
e506177b-24df-4f6f-96f9-1427db22c9fa,2025-11-13 17:35:31,FROZEN MANGO,CustomItem,Items,1,Completed,,,1.00000,USD,Positive,GGWP!,,,1.00000,USD
fb31cf38-348d-4d20-ac69-55f6b0a4632a,2025-11-13 17:30:56,RUBY STARFRUIT,CustomItem,Items,1,Delivered,,,4.00000,USD,Unrated,,,,4.00000,USD
f95bb4cc-60bb-4eae-9545-ed5a072fd382,2025-11-13 17:24:26,"FROZEN KING LIMONE, CHEAP",CustomItem,Items,1,Completed,,,1.00000,USD,Positive,"very good seller i would buy 
",,,1.00000,USD
53769dee-15a4-4b4b-831a-0a28b41abf08,2025-11-13 17:20:26,1 NEON MANGO,CustomItem,Items,1,Completed,,,3.00000,USD,Positive,good prices !,,,3.00000,USD
98ce56fc-e92d-4c8e-8314-75c26825a02e,2025-11-13 17:13:52,"FROZEN KING LIMONE, CHEAP",CustomItem,Items,1,Completed,,,1.00000,USD,Positive,yur,,,1.00000,USD
48aafbf2-55ae-480e-9c8e-6fb33c453cbf,2025-11-13 17:13:23,FROZEN MANGO,CustomItem,Items,6,Completed,,,1.00000,USD,Unrated,,,,6.00000,USD
ad7100ef-0df2-4453-b390-4e30a9afbf35,2025-11-13 17:09:09,FROZEN MANGO,CustomItem,Items,1,Completed,,,1.00000,USD,Positive,GGWP!,,,1.00000,USD
6f804315-5cbb-490b-9456-8663e99be885,2025-11-13 16:35:41,FROZEN MANGO,CustomItem,Items,1,Completed,,,1.00000,USD,Unrated,,,,1.00000,USD
bac745ad-7cf6-4ddc-abd5-122282db7f3b,2025-11-13 15:55:06,FROZEN MANGO,CustomItem,Items,1,Completed,,,1.00000,USD,Unrated,,,,1.00000,USD
ba0ee86f-afcd-4cc6-8671-f8d4a9f5d6b3,2025-11-13 15:33:32,"NEON KING LIMONE, LEMON",CustomItem,Items,1,Completed,,,4.00000,USD,Positive,GGWP!,,,4.00000,USD
e9a7057f-0ac2-4274-8c90-d77fb83b8c30,2025-11-13 15:28:43,FROZEN MANGO,CustomItem,Items,1,Completed,,,1.00000,USD,Positive,GGWP!,,,1.00000,USD
ba138b0d-678b-4fc7-898e-3cc29d1663e7,2025-11-13 15:21:38,"FROZEN KING LIMONE, CHEAP",CustomItem,Items,3,Completed,,,1.00000,USD,Positive,Good service!,,,3.00000,USD
28e777c3-2623-466f-8587-da6c5f4ff0cb,2025-11-13 15:05:00,1 NEON MANGO,CustomItem,Items,1,Completed,,,3.00000,USD,Positive,GGWP!,,,3.00000,USD
a14db859-cc7d-49e7-9eff-e69a61e4796b,2025-11-13 15:00:19,FROZEN MANGO,CustomItem,Items,6,Completed,,,1.00000,USD,Positive,quick reliable experience,,,6.00000,USD
e9f9f515-0f3d-4fb0-b354-a7901287ad56,2025-11-13 14:38:31,"FROZEN KING LIMONE, CHEAP",CustomItem,Items,1,Completed,,,1.00000,USD,Positive,very nice and fast,,,1.00000,USD
2613b295-032e-462f-9d9b-5a9e687b14c6,2025-11-13 14:20:10,"FROZEN KING LIMONE, CHEAP",CustomItem,Items,4,Completed,,,1.00000,USD,Positive,Very fast,,,4.00000,USD
6306e3e8-6f8d-44b2-9d7c-ef4eed09ff76,2025-11-13 13:57:19,FROZEN MANGO,CustomItem,Items,1,Completed,,,1.00000,USD,Positive,👌,,,1.00000,USD
9b1f6dd8-20c3-41c4-816d-039040fdf1ad,2025-11-13 13:31:51,1 NEON MANGO,CustomItem,Items,1,Completed,,,3.00000,USD,Positive,fast,,,3.00000,USD
d238f8ad-7d07-4b21-a50a-e4bb4deb31f7,2025-11-13 13:30:24,1 RUBY MANGO,CustomItem,Items,1,Completed,,,2.00000,USD,Positive,fast,,,2.00000,USD
8cac6f24-aeb8-4c40-bda9-ba8da1d9d96f,2025-11-13 13:20:48,FROZEN MANGO,CustomItem,Items,5,Completed,,,1.00000,USD,Positive,GGWP!,,,5.00000,USD
51662a50-be71-4c6a-89f4-48348d2a91fd,2025-11-13 13:17:16,"FROZEN KING LIMONE, CHEAP",CustomItem,Items,5,Completed,,,1.00000,USD,Positive,fast,,,5.00000,USD
3b5c23fc-2e64-4b74-bf8a-5a3da7dd5d1e,2025-11-13 13:16:17,1 RUBY MANGO,CustomItem,Items,1,Completed,,,2.00000,USD,Positive,👌,,,2.00000,USD
d4b6d573-db0e-420d-875f-9157d24e345f,2025-11-13 13:12:26,FROZEN STARFRUIT,CustomItem,Items,1,Completed,,,1.50000,USD,Positive,GGWP!,,,1.50000,USD
2ba1f85b-6075-44ed-be27-df7d08b6809c,2025-11-13 12:57:10,1 NEON MANGO,CustomItem,Items,1,Completed,,,3.00000,USD,Positive,GGWP!,,,3.00000,USD
ea6a6802-1b36-48f5-8380-5b5a91f0c408,2025-11-13 12:26:34,"NEON KING LIMONE, LEMON",CustomItem,Items,1,Completed,,,4.00000,USD,Unrated,,,,4.00000,USD
fcbb2110-4332-4f68-9453-7821b8453e1d,2025-11-13 12:23:21,"FROZEN KING LIMONE, CHEAP",CustomItem,Items,2,Completed,,,1.00000,USD,Positive,GGWP!,,,2.00000,USD
82691a20-bbdc-4ca0-8e48-6d9380d42b77,2025-11-13 12:22:30,ANY BRAINROT 1M/S CHEAPP,CustomItem,Items,5,Completed,,,1.00000,USD,Positive,W,,,5.00000,USD
7730718f-9cd5-4d4d-ac6e-30afb9ca9c0f,2025-11-13 12:20:37,1 RUBY MANGO,CustomItem,Items,1,Completed,,,2.00000,USD,Unrated,,,,2.00000,USD
30952f8c-1c0b-43f9-beae-9e1ec524a717,2025-11-13 12:15:41,"RUBY KING LIMONE, LEMON",CustomItem,Items,1,Completed,,,3.00000,USD,Positive,GGWP!,,,3.00000,USD
550a325f-7ee6-4e17-ae53-df137e69de1c,2025-11-13 12:14:35,"NEON KING LIMONE, LEMON",CustomItem,Items,1,Completed,,,4.00000,USD,Unrated,,,,4.00000,USD
939483d6-9645-4502-a529-9fc4c7824b11,2025-11-13 11:54:22,"FROZEN KING LIMONE, CHEAP",CustomItem,Items,1,Completed,,,1.00000,USD,Unrated,,,,1.00000,USD
ccc0e240-4762-4cd8-9bf8-a450aa63364d,2025-11-13 11:47:28,"FROZEN KING LIMONE, CHEAP",CustomItem,Items,1,Completed,,,1.00000,USD,Positive,GGWP!,,,1.00000,USD
99731cc4-b0c7-4574-9cd5-bcba0ccbd43a,2025-11-13 11:13:43,"FROZEN KING LIMONE, CHEAP",CustomItem,Items,1,Completed,,,1.00000,USD,Positive,"reliable ",,,1.00000,USD
451072e8-d3db-44bd-9556-374425645f88,2025-11-13 10:46:34,"FROZEN KING LIMONE, CHEAP",CustomItem,Items,3,Completed,,,1.00000,USD,Unrated,,,,3.00000,USD
be9f3891-4ebd-494b-8f45-4db9ab1a39cd,2025-11-13 10:40:03,1 RUBY MANGO,CustomItem,Items,1,Completed,,,2.00000,USD,Positive,GGWP!,,,2.00000,USD
ffc02728-f8a4-4087-8b05-b5cf0214552f,2025-11-13 10:30:46,"FROZEN KING LIMONE, CHEAP",CustomItem,Items,1,Completed,,,1.00000,USD,Unrated,,,,1.00000,USD
b755903e-86e1-4409-9ae9-cb80ab8336f4,2025-11-13 10:18:58,1 NEON MANGO,CustomItem,Items,1,Completed,,,3.00000,USD,Positive,GGWP!,,,3.00000,USD
ed30cb01-b29f-4764-8bde-bc16bbb91e31,2025-11-13 09:56:36,"FROZEN KING LIMONE, CHEAP",CustomItem,Items,2,Completed,,,1.00000,USD,Unrated,,,,2.00000,USD
c6778658-8d0e-4592-9413-ea8940d5d15f,2025-11-13 09:55:26,"1 DIAMOND MANGO, MANGO,",CustomItem,Items,5,Completed,,,1.50000,USD,Positive,GGWP!,,,7.50000,USD
4c7ad83e-c99a-45c5-a5b5-816dfde3786e,2025-11-13 09:38:01,1 NEON MANGO,CustomItem,Items,1,Completed,,,3.00000,USD,Positive,GGWP!,,,3.00000,USD
8e1a7982-09a1-434a-b99f-c198022ca08b,2025-11-13 09:37:15,"1 DIAMOND MANGO, MANGO,",CustomItem,Items,1,Completed,,,1.50000,USD,Positive,GGWP!,,,1.50000,USD
553bea68-191a-4d2d-acf6-b55317d0b494,2025-11-13 09:36:06,FROZEN MANGO,CustomItem,Items,1,Completed,,,1.00000,USD,Positive,GGWP!,,,1.00000,USD
134cb24c-1592-49a0-af17-2bcd0dc60ce5,2025-11-13 09:27:08,FROZEN MANGO,CustomItem,Items,1,Completed,,,1.00000,USD,Positive,GGWP!,,,1.00000,USD
d8bc020e-b3a9-45b3-aa9a-e8e6c0b5a004,2025-11-13 09:23:42,"FROZEN KING LIMONE, CHEAP",CustomItem,Items,1,Completed,,,1.00000,USD,Positive,GGWP!,,,1.00000,USD
ed364be8-be1e-48d0-86f7-3dd2ee927e4f,2025-11-13 09:14:54,FROZEN MANGO,CustomItem,Items,5,Completed,,,1.00000,USD,Unrated,,,,5.00000,USD
a8620586-81e1-4457-9382-d1435a8468a7,2025-11-13 07:58:42,"FROZEN KING LIMONE, CHEAP",CustomItem,Items,1,Completed,,,1.00000,USD,Unrated,,,,1.00000,USD
398dc75d-77eb-4720-9783-28b6c6170f77,2025-11-13 07:56:42,"FROZEN KING LIMONE, CHEAP",CustomItem,Items,1,Canceled,,,1.00000,USD,Unrated,,Mutual_Agreement,,1.00000,USD
620ac44e-4625-4719-a74f-4d5255586341,2025-11-13 07:55:07,ANY BRAINROT 1M/S CHEAPP,CustomItem,Items,1,Completed,,,1.00000,USD,Positive,W,,,1.00000,USD
697692ff-bdc6-491e-985f-8ea2b1e9f54a,2025-11-13 07:37:09,FROZEN MANGO,CustomItem,Items,3,Completed,,,1.00000,USD,Positive,GGWP!,,,3.00000,USD
40dc80e5-cd57-4825-bd3a-ac8f2fb592b5,2025-11-13 07:32:28,FROZEN MANGO,CustomItem,Items,3,Completed,,,1.00000,USD,Positive,GGWP!,,,3.00000,USD
dd551157-c8b1-4101-92ea-19d9208bbb43,2025-11-13 07:27:26,"FROZEN KING LIMONE, CHEAP",CustomItem,Items,1,Completed,,,1.00000,USD,Positive,GGWP!,,,1.00000,USD
a6297f9f-b281-4312-84cc-181198807d5d,2025-11-13 07:23:30,"NEON KING LIMONE, LEMON",CustomItem,Items,1,Completed,,,4.00000,USD,Positive,GGWP!,,,4.00000,USD
6478ecd3-690f-400f-852b-9dac08dc1714,2025-11-13 07:22:11,"FROZEN KING LIMONE, CHEAP",CustomItem,Items,1,Completed,,,1.00000,USD,Unrated,,,,1.00000,USD
374abe25-de30-4c7b-ab47-587031f9c2b0,2025-11-13 05:49:19,1 NEON MANGO,CustomItem,Items,1,Completed,,,3.50000,USD,Positive,Quick and easy,,,3.50000,USD
0cbc7859-aac5-4bce-a67c-7d057b79bc7a,2025-11-13 05:40:44,DIAMOND STARFRUIT,CustomItem,Items,1,Completed,,,3.00000,USD,Positive,"W seller very quick ",,,3.00000,USD
162d87ed-ee01-43eb-89e5-b91f1d005590,2025-11-13 05:31:55,FROZEN MANGO,CustomItem,Items,7,Completed,,,1.00000,USD,Unrated,,,,7.00000,USD
836f2b03-7dff-44f9-93f1-a7325f415514,2025-11-13 05:23:50,"FROZEN KING LIMONE, CHEAP",CustomItem,Items,7,Completed,,,1.00000,USD,Positive,10/10,,,7.00000,USD
293686f6-2607-478e-b9ef-f45fd0fc99e6,2025-11-13 05:20:58,"1 DIAMOND KING LIMONE, LEMON",CustomItem,Items,1,Completed,,,2.00000,USD,Unrated,,,,2.00000,USD
ce8a7217-e678-4d35-a8ed-ea582f87ec97,2025-11-13 05:14:39,1 RUBY MANGO,CustomItem,Items,1,Completed,,,2.00000,USD,Unrated,,,,2.00000,USD
b95687b9-399b-428c-95c8-b405c998054a,2025-11-13 05:14:09,"FROZEN KING LIMONE, CHEAP",CustomItem,Items,12,Completed,,,1.00000,USD,Unrated,,,,12.00000,USD
96e6f864-c247-4028-8996-289d8d428f6f,2025-11-13 04:49:18,ANY BRAINROT 1M/S CHEAPP,CustomItem,Items,7,Completed,,,1.00000,USD,Positive,GGWP!,,,7.00000,USD
a6d95ccc-d250-4d32-b6fc-7655e4e159b9,2025-11-13 04:44:12,"THIS SHOP ONLY MEANS CUSTOM SHOP, ASKING, WANT TO SEE OR NEGOTIATE",CustomItem,Items,1,Completed,,,25.00000,USD,Positive,"Best seller when it comes to buying in Bulk ",,,25.00000,USD
2984fd97-3cd7-479b-b7f6-d62a96c10ed3,2025-11-13 04:40:30,FROZEN MANGO,CustomItem,Items,1,Completed,,,1.00000,USD,Positive,W,,,1.00000,USD
7f775ff4-3a1d-49e4-90b3-800ec80552af,2025-11-13 04:27:43,FROZEN MANGO,CustomItem,Items,1,Completed,,,1.00000,USD,Positive,Very fast and cheap,,,1.00000,USD
0a0494a5-45d1-4c23-b055-92ccee198b2e,2025-11-13 04:12:16,"NEON KING LIMONE, LEMON",CustomItem,Items,1,Completed,,,4.00000,USD,Positive,fast,,,4.00000,USD
61485a10-1161-4bb5-a5f2-0786177d8bbf,2025-11-13 04:00:16,"THIS SHOP ONLY MEANS CUSTOM SHOP, ASKING, WANT TO SEE OR NEGOTIATE",CustomItem,Items,1,Completed,,,20.00000,USD,Unrated,,,,20.00000,USD
7efcbb41-c7d1-4840-b9b9-238580755fb3,2025-11-13 03:49:41,FROZEN STARFRUIT,CustomItem,Items,1,Completed,,,1.50000,USD,Unrated,,,,1.50000,USD
a01b0c3f-f311-454c-861d-a330d0035f3a,2025-11-13 03:49:02,1 RUBY MANGO,CustomItem,Items,1,Completed,,,2.00000,USD,Unrated,,,,2.00000,USD
3b0e73ca-e4be-4b8c-bf36-27543b98814f,2025-11-13 03:48:45,"1 DIAMOND KING LIMONE, LEMON",CustomItem,Items,1,Completed,,,2.00000,USD,Positive,"Thanks gives more then bought ",,,2.00000,USD
0ce0df70-6b9f-44cc-a13b-b44779623939,2025-11-13 03:43:48,FROZEN MANGO,CustomItem,Items,2,Completed,,,1.00000,USD,Unrated,,,,2.00000,USD
cad0377d-2194-45d8-b3b5-77108b067c44,2025-11-13 03:37:53,"FROZEN KING LIMONE, CHEAP",CustomItem,Items,1,Completed,,,1.00000,USD,Positive,"fast and trusted

",,,1.00000,USD
4c949e14-c8e8-4459-baea-d2235905083d,2025-11-13 03:20:59,"FROZEN KING LIMONE, CHEAP",CustomItem,Items,1,Completed,,,1.00000,USD,Positive,so nice kind and instant delivery. Recommend!!,,,1.00000,USD
a7e484e5-82af-4cf0-88b0-7ad2a7dd3db9,2025-11-13 03:14:59,1 RUBY MANGO,CustomItem,Items,1,Completed,,,2.00000,USD,Positive,Fast,,,2.00000,USD
95e5cd1a-dc2d-4568-a3da-9d40de98ce9d,2025-11-13 02:55:44,"FROZEN KING LIMONE, CHEAP",CustomItem,Items,5,Completed,,,1.00000,USD,Unrated,,,,5.00000,USD
9407aef2-48f0-46ad-9853-cccf4122761d,2025-11-13 02:42:42,FROZEN MANGO,CustomItem,Items,5,Completed,,,1.00000,USD,Positive,Fast and easy!,,,5.00000,USD
3a6c16b2-07b5-41f1-aac0-f568d7174ad6,2025-11-13 02:16:29,1 NEON MANGO,CustomItem,Items,1,Completed,,,3.50000,USD,Unrated,,,,3.50000,USD
8b64d923-0cee-41bc-8840-6f316483bdd2,2025-11-13 02:14:50,FROZEN STARFRUIT,CustomItem,Items,1,Completed,,,1.50000,USD,Unrated,,,,1.50000,USD
804f8a41-d8e6-42ae-b316-3034a32142af,2025-11-13 01:55:57,NEON STAR FRUIT,CustomItem,Items,1,Completed,,,5.00000,USD,Positive,TRUSTED AND FAST,,,5.00000,USD
cd501716-39b2-4d38-bdea-7f4965d9f272,2025-11-13 01:52:46,"FROZEN KING LIMONE, CHEAP",CustomItem,Items,1,Completed,,,1.00000,USD,Positive,"Ultra Fast, very atention",,,1.00000,USD
403c394e-3ee9-4f07-bb84-9862508c2671,2025-11-13 01:48:13,NEON STAR FRUIT,CustomItem,Items,1,Completed,,,5.00000,USD,Positive,"good nice ",,,5.00000,USD
00687482-6681-486c-ba06-04881534d8f0,2025-11-13 01:39:50,DIAMOND STARFRUIT,CustomItem,Items,1,Completed,,,3.00000,USD,Positive,good fast easy he was nice and gave me an extra one for the wait,,,3.00000,USD
8e1b324f-908d-4dbd-8616-57b78e9e3dc8,2025-11-13 01:26:15,DIAMOND STARFRUIT,CustomItem,Items,1,Completed,,,3.00000,USD,Positive,GGWP!,,,3.00000,USD
44494466-d7c9-458b-8f2f-f3ba27630de2,2025-11-13 01:22:14,FROZEN MANGO,CustomItem,Items,1,Completed,,,1.00000,USD,Unrated,,,,1.00000,USD
ae36bbf6-c127-437b-9b76-5aa9c280d122,2025-11-13 01:14:41,FROZEN MANGO,CustomItem,Items,2,Completed,,,1.00000,USD,Unrated,,,,2.00000,USD
62377cdb-d2ba-4122-9f91-fae1c6ad0407,2025-11-13 01:07:44,FROZEN MANGO,CustomItem,Items,3,Completed,,,1.00000,USD,Positive,"Good service!
",,,3.00000,USD
d42e2105-0d7b-4b9d-9b5c-5f3b88ed1711,2025-11-13 01:00:32,,RequestedBoosting,Rank Boost,1,Paid,,,40.00000,USD,Unrated,,,,40.00000,USD
5aa46bbe-b494-4af7-8120-1b8db5003555,2025-11-13 00:54:35,"NEON KING LIMONE, LEMON",CustomItem,Items,1,Completed,,,4.50000,USD,Unrated,,,,4.50000,USD
f55e3f79-d404-4b4a-9b62-767c4f2a51c3,2025-11-13 00:32:30,ANY BRAINROT 1M/S CHEAPP,CustomItem,Items,1,Completed,,,1.00000,USD,Unrated,,,,1.00000,USD
d5d55a80-d672-499b-a791-9537f30f6679,2025-11-13 00:19:25,1 RUBY MANGO,CustomItem,Items,1,Completed,,,2.00000,USD,Positive,gg,,,2.00000,USD
8e4c4769-b96d-4c9d-aaab-d1a7d79d8b22,2025-11-13 00:13:55,1 RUBY MANGO,CustomItem,Items,1,Completed,,,2.00000,USD,Positive,gg,,,2.00000,USD
5919c846-0920-4e1c-9e26-83f6ed46878f,2025-11-13 00:13:53,"RUBY KING LIMONE, LEMON",CustomItem,Items,1,Completed,,,3.00000,USD,Positive,gg,,,3.00000,USD
a72e207e-8a84-43f6-aede-69958b4b9e49,2025-11-13 00:13:52,"1 DIAMOND KING LIMONE, LEMON",CustomItem,Items,1,Completed,,,2.00000,USD,Positive,gg,,,2.00000,USD
6aeecf7f-4c23-4723-940f-7162d64b8f4c,2025-11-13 00:11:14,FROZEN MANGO,CustomItem,Items,1,Completed,,,1.00000,USD,Unrated,,,,1.00000,USD
e8bff70b-7973-4071-8a13-9c5f0f295a56,2025-11-13 00:07:37,FROZEN MANGO,CustomItem,Items,1,Completed,,,1.00000,USD,Positive,gg,,,1.00000,USD
1590d484-9b74-4c44-9056-39cea175be51,2025-11-13 00:04:08,ANY BRAINROT 1M/S CHEAPP,CustomItem,Items,1,Completed,,,1.00000,USD,Positive,very fast and easy,,,1.00000,USD
4ceb7708-e919-42ea-a6a4-70df865db883,2025-11-12 23:55:17,1 RUBY MANGO,CustomItem,Items,1,Completed,,,2.00000,USD,Unrated,,,,2.00000,USD
b3b2baf0-a3f4-484a-9e7d-0a4c1af4ab49,2025-11-12 23:49:19,FROZEN MANGO,CustomItem,Items,1,Completed,,,1.00000,USD,Unrated,,,,1.00000,USD
c1f5aa2b-3259-47b3-839a-f53afcdb2fb6,2025-11-12 23:42:23,"FROZEN KING LIMONE, CHEAP",CustomItem,Items,6,Completed,,,1.00000,USD,Unrated,,,,6.00000,USD
3643deda-3c56-4e1f-855e-0427f47218c4,2025-11-12 23:41:04,FROZEN MANGO,CustomItem,Items,1,Completed,,,1.00000,USD,Unrated,,,,1.00000,USD
03068146-d3eb-4c65-8531-4e5b4dce99f0,2025-11-12 23:39:34,"FROZEN KING LIMONE, CHEAP",CustomItem,Items,1,Completed,,,1.00000,USD,Positive,good easy,,,1.00000,USD
66a43544-3e40-40aa-b655-7ecc3a71d676,2025-11-12 23:23:30,FROZEN MANGO,CustomItem,Items,1,Completed,,,1.00000,USD,Positive,Thanks,,,1.00000,USD
2696e554-4472-4f7d-9fa5-5c53b4be2a6d,2025-11-12 23:14:02,"FROZEN KING LIMONE, CHEAP",CustomItem,Items,1,Completed,,,1.00000,USD,Unrated,,,,1.00000,USD
03ba48b6-34fa-48ca-8671-f407dc7b73f5,2025-11-12 23:07:26,NEON STAR FRUIT,CustomItem,Items,1,Completed,,,4.00000,USD,Positive,Very fast,,,4.00000,USD
ee34448c-b277-4ccc-b625-c6612649bbda,2025-11-12 22:59:47,ANY BRAINROT 1M/S CHEAPP,CustomItem,Items,1,Completed,,,1.00000,USD,Unrated,,,,1.00000,USD
ba71c1d5-6f74-4006-bab7-7c3a3fa5bafc,2025-11-12 22:39:00,"FROZEN KING LIMONE, CHEAP",CustomItem,Items,1,Completed,,,1.00000,USD,Positive,GGWP!,,,1.00000,USD
6d650f90-e804-4c38-832e-7247db09261f,2025-11-12 13:50:23,"FROZEN KING LIMONE, CHEAP",CustomItem,Items,1,Completed,,,1.00000,USD,Positive,muy buen vendedor muy rapido,,,1.00000,USD
c2d1ea37-f114-45d8-b7e6-9b11225d165c,2025-11-12 13:45:27,"FROZEN KING LIMONE, CHEAP",CustomItem,Items,1,Completed,,,1.00000,USD,Positive,GGWP!,,,1.00000,USD
213b8a96-ab03-45f3-82a6-9fca63057ca6,2025-11-12 13:12:50,"FROZEN KING LIMONE, CHEAP",CustomItem,Items,1,Completed,,,1.00000,USD,Positive,"chill guy even if i lag still waits and quick replies
",,,1.00000,USD
b4606298-1018-48dc-aa57-9c990f87391b,2025-11-12 12:59:10,"FROZEN KING LIMONE, CHEAP",CustomItem,Items,1,Completed,,,1.50000,USD,Positive,"so  fast
",,,1.50000,USD
7efff299-fa70-4656-8374-a5257716f70e,2025-11-12 12:27:51,FROZEN MANGO,CustomItem,Items,3,Completed,,,1.00000,USD,Positive,Fast,,,3.00000,USD
b42399c6-fca9-4c55-bcf9-9f564184d497,2025-11-12 09:47:11,"FROZEN KING LIMONE, CHEAP",CustomItem,Items,2,Completed,,,1.00000,USD,Positive,GGWP!,,,2.00000,USD
2122d39e-c9aa-457a-860c-11731c005341,2025-11-12 09:36:30,"1 DIAMOND MANGO, MANGO,",CustomItem,Items,1,Completed,,,2.00000,USD,Unrated,,,,2.00000,USD
40eb5b6e-a43b-4a24-8ba5-1697ab899add,2025-11-12 09:09:00,"FROZEN KING LIMONE, CHEAP",CustomItem,Items,1,Completed,,,1.00000,USD,Unrated,,,,1.00000,USD
b1cd49b0-beaa-46fc-b166-da1899d63edd,2025-11-12 08:58:42,"FROZEN KING LIMONE, CHEAP",CustomItem,Items,2,Completed,,,1.00000,USD,Positive,Had to come a third time lol!,,,2.00000,USD
603a5596-53d0-43c1-a105-909cc641e988,2025-11-12 08:52:37,FROZEN MANGO,CustomItem,Items,1,Completed,,,1.50000,USD,Unrated,,,,1.50000,USD
e35c6d47-2ac3-4b14-aca1-d2893d3544a4,2025-11-12 08:45:30,"FROZEN KING LIMONE, CHEAP",CustomItem,Items,1,Completed,,,1.00000,USD,Unrated,,,,1.00000,USD
be8c9c26-3817-4970-9c8f-d8977bc845da,2025-11-12 08:32:09,ANY BRAINROT 1M/S CHEAPP,CustomItem,Items,3,Completed,,,1.00000,USD,Unrated,,,,3.00000,USD
3bb021e9-5cd3-47d4-843b-f8b6e40820c6,2025-11-12 08:15:45,"FROZEN KING LIMONE, CHEAP",CustomItem,Items,4,Completed,,,1.00000,USD,Positive,Supper fast and respectful had to buy again !,,,4.00000,USD
e8c20132-9907-4460-b429-5a6306f11da1,2025-11-12 07:43:08,"FROZEN KING LIMONE, CHEAP",CustomItem,Items,2,Completed,,,1.00000,USD,Positive,Supper fast,,,2.00000,USD
7cda4d5e-f8b8-4c84-915a-89679539d606,2025-11-12 06:46:31,"FROZEN KING LIMONE, CHEAP",CustomItem,Items,3,Completed,,,1.00000,USD,Positive,10/10,,,3.00000,USD
056a9b54-566e-480d-b3f5-4544039dfcbd,2025-11-12 06:45:52,FROZEN MANGO,CustomItem,Items,1,Completed,,,1.50000,USD,Positive,"nice thanks
",,,1.50000,USD
499c64f2-92c6-41eb-91b8-797382ec7b0f,2025-11-12 06:07:46,1 NEON MANGO,CustomItem,Items,1,Completed,,,4.50000,USD,Positive,GGWP!,,,4.50000,USD
0cb16296-66b2-4162-b030-6a5b2db89c58,2025-11-12 05:55:44,"FROZEN KING LIMONE, CHEAP",CustomItem,Items,2,Completed,,,1.00000,USD,Unrated,,,,2.00000,USD
cdf13c28-1edb-4b5b-bdb9-06704e1713d0,2025-11-12 05:52:46,ANY BRAINROT 1M/S CHEAPP,CustomItem,Items,3,Completed,,,1.00000,USD,Unrated,,,,3.00000,USD
e513e5fb-658b-4b71-96fa-4255bcccb26f,2025-11-12 05:41:17,ANY BRAINROT 1M/S CHEAPP,CustomItem,Items,1,Completed,,,1.00000,USD,Unrated,,,,1.00000,USD
40826aa6-2688-429a-83f8-065e3e59dfdc,2025-11-12 05:31:43,"1 DIAMOND KING LIMONE, LEMON",CustomItem,Items,1,Completed,,,4.00000,USD,Unrated,,,,4.00000,USD
3f66e148-2587-4da6-8bd7-59944ba3bc7f,2025-11-12 05:24:35,ANY BRAINROT 1M/S CHEAPP,CustomItem,Items,5,Completed,,,1.00000,USD,Unrated,,,,5.00000,USD
b200622b-eaec-4370-ad7d-5e549705b748,2025-11-12 05:14:11,ANY BRAINROT 1M/S CHEAPP,CustomItem,Items,1,Completed,,,1.00000,USD,Unrated,,,,1.00000,USD
0801c62c-4bff-4bb3-a52a-8272db42c7d9,2025-11-12 05:10:28,ANY BRAINROT 1M/S CHEAPP,CustomItem,Items,1,Completed,,,1.00000,USD,Positive,GGWP!,,,1.00000,USD
6d91dfac-5578-4e4a-a4dc-4118294d1afe,2025-11-12 04:44:16,ANY BRAINROT 1M/S CHEAPP,CustomItem,Items,1,Completed,,,1.00000,USD,Unrated,,,,1.00000,USD
72ef86de-fffd-4b85-b455-fe137e37b92d,2025-11-12 04:33:33,"1 DIAMOND KING LIMONE, LEMON",CustomItem,Items,1,Completed,,,4.00000,USD,Positive,good,,,4.00000,USD
75305b97-cdc2-4741-94fb-13a3380db802,2025-11-12 04:29:52,"1 DIAMOND MANGO, MANGO,",CustomItem,Items,1,Completed,,,2.00000,USD,Unrated,,,,2.00000,USD
8323ee20-3815-414e-93e0-dd9bd9ace731,2025-11-12 04:13:32,1 NEON MANGO,CustomItem,Items,1,Completed,,,4.50000,USD,Unrated,,,,4.50000,USD
0ea2b180-21c2-4397-9c69-fff5934329e0,2025-11-12 03:56:53,FROZEN MANGO,CustomItem,Items,3,Completed,,,1.50000,USD,Positive,GGWP!,,,4.50000,USD
b1611687-51fb-47ff-970e-36a1f6b48b73,2025-11-12 03:39:46,ANY BRAINROT 1M/S CHEAPP,CustomItem,Items,6,Completed,,,1.00000,USD,Unrated,,,,6.00000,USD
b7136649-c4c1-4527-add4-17c6132e6f4b,2025-11-12 03:34:17,FROZEN MANGO,CustomItem,Items,1,Completed,,,1.50000,USD,Positive,GGWP!,,,1.50000,USD
a097c04e-64f0-4825-a4f4-047ea2ebd947,2025-11-12 03:30:21,"RUBY KING LIMONE, LEMON",CustomItem,Items,1,Completed,,,5.00000,USD,Unrated,,,,5.00000,USD
882a873e-d53b-4c2b-a837-9248316568de,2025-11-12 03:26:24,"1 DIAMOND MANGO, MANGO,",CustomItem,Items,1,Completed,,,2.00000,USD,Unrated,,,,2.00000,USD
b1399c52-13f2-4bc8-9b48-ec14f9c07f72,2025-11-12 03:00:49,FROZEN MANGO,CustomItem,Items,1,Completed,,,1.50000,USD,Unrated,,,,1.50000,USD
1a14ae32-171b-4240-ae2e-f33420256334,2025-11-12 02:55:25,1 RUBY MANGO,CustomItem,Items,1,Completed,,,2.50000,USD,Unrated,,,,2.50000,USD
e7eb9a3f-4f98-4bdf-b50b-d5fbac7808a6,2025-11-12 02:47:51,1 NEON MANGO,CustomItem,Items,1,Completed,,,4.50000,USD,Unrated,,,,4.50000,USD
e3c9c2b9-464e-4bf0-a8ce-5d5076ddd2a6,2025-11-12 02:46:22,NEON STAR FRUIT,CustomItem,Items,1,Completed,,,8.00000,USD,Positive,"Delivery within the expected time very good ",,,8.00000,USD
8ef5cd6f-4bcb-4b4d-997b-0fa45b677da0,2025-11-12 02:32:47,FROZEN MANGO,CustomItem,Items,1,Completed,,,1.50000,USD,Positive,"Super fast, accurate, and easy. Great Seller!",,,1.50000,USD
7704de4e-a5aa-47af-bee3-8322a303a796,2025-11-12 02:27:36,"FROZEN KING LIMONE, CHEAP",CustomItem,Items,7,Completed,,,1.50000,USD,Positive,GGWP!,,,10.50000,USD
f58f1ba6-2365-42d0-895f-2e8696228efa,2025-11-12 02:08:14,FROZEN MANGO,CustomItem,Items,1,Completed,,,1.50000,USD,Positive,very quick and easy order,,,1.50000,USD
86940d4e-7bc9-4627-a8b9-0d789bfa971f,2025-11-12 01:58:26,1 RUBY MANGO,CustomItem,Items,1,Completed,,,2.50000,USD,Positive,very good bought from him 4 times legit and fast buy from him asap!,,,2.50000,USD
9153977a-7a63-435f-b672-5b4b36d60ed9,2025-11-12 01:56:23,ANY BRAINROT 1M/S CHEAPP,CustomItem,Items,2,Completed,,,1.00000,USD,Unrated,,,,2.00000,USD
d99cafd6-1acf-401d-9dd8-fd469b2c1598,2025-11-12 01:54:18,FROZEN MANGO,CustomItem,Items,1,Completed,,,1.50000,USD,Unrated,,,,1.50000,USD
758df739-9f9e-49e3-9284-1fdc970c37c1,2025-11-12 01:54:17,1 NEON MANGO,CustomItem,Items,1,Completed,,,4.50000,USD,Unrated,,,,4.50000,USD
f03bf65b-684c-437e-889d-eb37e6c66017,2025-11-12 00:29:20,"NEON KING LIMONE, LEMON",CustomItem,Items,1,Completed,,,6.00000,USD,Unrated,,,,6.00000,USD
a44a6160-9b05-4fd9-b180-c8c5af12c755,2025-11-12 00:09:07,"FROZEN KING LIMONE, CHEAP",CustomItem,Items,1,Completed,,,1.50000,USD,Positive,gg,,,1.50000,USD
5771faac-c6e4-4f46-9e29-77cca83c63ee,2025-11-11 23:58:19,"1 NEON SHROOMBINO, SHROOM,",CustomItem,Items,1,Completed,,,4.00000,USD,Unrated,,,,4.00000,USD
64d09f36-e3fe-4610-959e-a5e6a287a6f1,2025-11-11 23:41:31,1 RUBY MANGO,CustomItem,Items,1,Completed,,,2.50000,USD,Unrated,,,,2.50000,USD
50ec9d93-b295-4396-8539-6cb9f60efba1,2025-11-11 23:36:50,1 NEON MANGO,CustomItem,Items,1,Completed,,,4.00000,USD,Positive,W,,,4.00000,USD
908fb3cf-523e-4476-9127-f4255275edc6,2025-11-11 23:17:02,ANY BRAINROT 1M/S CHEAPP,CustomItem,Items,12,Completed,,,1.00000,USD,Positive,Very good and fast ty,,,12.00000,USD
a9ce1530-11b3-4466-8023-21f746180cb5,2025-11-11 23:13:06,1 RUBY MANGO,CustomItem,Items,1,Completed,,,2.50000,USD,Unrated,,,,2.50000,USD
f6c9fdf0-f6ca-4b81-9d09-ae622a31dcfe,2025-11-11 22:56:07,1 RUBY MANGO,CustomItem,Items,1,Completed,,,2.50000,USD,Positive,ty,,,2.50000,USD
9380e32b-2808-4829-b25b-e3b9c747eec3,2025-11-11 22:53:24,"FROZEN KING LIMONE, CHEAP",CustomItem,Items,5,Completed,,,1.50000,USD,Positive,GGWP,,,7.50000,USD
ae5cb9ef-c3d9-4d69-b4bd-19c56f041d1a,2025-11-11 15:58:21,"FROZEN KING LIMONE, CHEAP",CustomItem,Items,1,Completed,,,1.50000,USD,Unrated,,,,1.50000,USD
c4a9f7f5-b84e-4be0-8bca-038f904250ea,2025-11-11 15:53:03,ANY BRAINROT 1M/S CHEAPP,CustomItem,Items,1,Completed,,,1.00000,USD,Positive,GGWP!,,,1.00000,USD
6795534c-6b6a-40a1-98e2-302d29042afa,2025-11-11 15:45:25,ANY BRAINROT 1M/S CHEAPP,CustomItem,Items,7,Completed,,,1.00000,USD,Positive,W fast,,,7.00000,USD
21d58877-3f30-4dc5-ae9a-28aafb4de154,2025-11-11 15:30:11,FROZEN MANGO,CustomItem,Items,3,Completed,,,1.50000,USD,Unrated,,,,4.50000,USD
b1966a8e-455b-4ef4-b0fa-688eb26c170a,2025-11-11 15:12:23,FROZEN MANGO,CustomItem,Items,1,Canceled,,,1.50000,USD,Unrated,,Cancelation_Of_Reserved_Order,,1.50000,USD
6857298c-aa9a-4184-99ac-d8fe1c5d4f61,2025-11-11 15:08:11,FROZEN MANGO,CustomItem,Items,2,Completed,,,1.50000,USD,Positive,NICEEE,,,3.00000,USD
d766835a-3fc0-443d-81a8-96b99493120a,2025-11-11 14:25:27,1 RUBY MANGO,CustomItem,Items,1,Completed,,,2.50000,USD,Unrated,,,,2.50000,USD
7e13851f-93e1-4d02-986e-f8a3256c6a43,2025-11-11 14:19:38,"RUBY KING LIMONE, LEMON",CustomItem,Items,1,Completed,,,5.00000,USD,Positive,GGWP!,,,5.00000,USD
5bf00891-2cd9-4395-a984-115dce68b6bd,2025-11-11 14:18:28,FROZEN MANGO,CustomItem,Items,1,Completed,,,1.50000,USD,Unrated,,,,1.50000,USD
14dc4022-5ece-4789-9040-15e6d764c149,2025-11-11 14:16:38,"FROZEN KING LIMONE, CHEAP",CustomItem,Items,5,Completed,,,1.50000,USD,Positive,gg,,,7.50000,USD
2ead9edf-f5f0-4230-b45b-ff0ca948fc36,2025-11-11 14:07:48,"THIS SHOP ONLY MEANS CUSTOM SHOP, ASKING, WANT TO SEE OR NEGOTIATE",CustomItem,Items,1,Completed,,,18.00000,USD,Unrated,,,,18.00000,USD
6af56934-593c-426c-9378-d009d29a54a1,2025-11-11 14:01:57,FROZEN MANGO,CustomItem,Items,1,Completed,,,1.50000,USD,Unrated,,,,1.50000,USD
8347f94f-1753-4b49-9bbb-174b71bb9947,2025-11-11 13:59:02,ANY BRAINROT 1M/S CHEAPP,CustomItem,Items,10,Completed,,,1.00000,USD,Unrated,,,,10.00000,USD
a2a65b0a-e21a-41a0-977b-ff3451e336d9,2025-11-11 13:54:52,FROZEN MANGO,CustomItem,Items,3,Completed,,,1.50000,USD,Unrated,,,,4.50000,USD
3190b380-f904-43e6-b642-783f1d847983,2025-11-11 13:53:07,ANY BRAINROT 1M/S CHEAPP,CustomItem,Items,1,Canceled,,,1.00000,USD,Unrated,,Buyer_Did_Not_Respond,,1.00000,USD
c8a22e2b-9324-45f4-ac65-e482e126044e,2025-11-11 13:50:12,FROZEN MANGO,CustomItem,Items,1,Completed,,,1.50000,USD,Positive,very fast,,,1.50000,USD
4ec47bb2-a10a-4c4b-b09d-872b309dc70a,2025-11-11 13:44:48,"FROZEN KING LIMONE, CHEAP",CustomItem,Items,2,Completed,,,1.50000,USD,Positive,nice,,,3.00000,USD
6dafc378-9e20-4428-ae32-9564c93980ad,2025-11-11 13:28:28,FROZEN MANGO,CustomItem,Items,1,Completed,,,1.50000,USD,Unrated,,,,1.50000,USD
1fdce9c8-d598-4720-b908-06c07fa39550,2025-11-11 13:19:07,FROZEN MANGO,CustomItem,Items,1,Completed,,,1.50000,USD,Positive,GGWP!,,,1.50000,USD
e162d6f8-3f09-4241-9989-9005aa8f6cb0,2025-11-11 12:52:35,"RUBY KING LIMONE, LEMON",CustomItem,Items,1,Completed,,,5.00000,USD,Unrated,,,,5.00000,USD
cb67d865-cee8-499d-ad91-696ddb8a77e8,2025-11-11 12:49:13,DIAMOND STARFRUIT,CustomItem,Items,1,Completed,,,5.00000,USD,Positive,GOOD,,,5.00000,USD
664efefe-306b-4bd7-b751-468f2a64e8a6,2025-11-11 11:45:56,"1 DIAMOND MANGO, MANGO,",CustomItem,Items,1,Completed,,,2.00000,USD,Positive,W,,,2.00000,USD
d8bc783f-10fc-4b1e-a0a5-f9b7de897ef4,2025-11-11 11:45:54,"THIS SHOP ONLY MEANS CUSTOM SHOP, ASKING, WANT TO SEE OR NEGOTIATE",CustomItem,Items,1,Completed,,,10.00000,USD,Unrated,,,,10.00000,USD
594b6906-ebc3-4cbc-8d57-fad782869f3c,2025-11-11 11:41:16,"FROZEN KING LIMONE, CHEAP",CustomItem,Items,1,Completed,,,1.50000,USD,Unrated,,,,1.50000,USD
3e66c938-b00f-473e-b411-5c607e1a9f26,2025-11-11 11:38:22,"FROZEN KING LIMONE, CHEAP",CustomItem,Items,1,Completed,,,1.50000,USD,Positive,ty W seller,,,1.50000,USD
bc4edd86-e083-4940-880d-2424703d0e4d,2025-11-11 11:36:46,"1 DIAMOND MANGO, MANGO,",CustomItem,Items,1,Completed,,,2.00000,USD,Positive,GGWP!,,,2.00000,USD
de638410-c4b3-40a1-a3da-9a71a94e6571,2025-11-11 11:17:13,ANY BRAINROT 1M/S CHEAPP,CustomItem,Items,16,Completed,,,1.00000,USD,Unrated,,,,16.00000,USD
1898594a-9ea8-4294-b6d4-df857751b37d,2025-11-11 11:14:02,"FROZEN KING LIMONE, CHEAP",CustomItem,Items,7,Completed,,,1.50000,USD,Unrated,,,,10.50000,USD
6135c6e3-d3fc-4b4a-aa86-19d9d83bbc51,2025-11-11 10:33:10,"FROZEN KING LIMONE, CHEAP",CustomItem,Items,3,Completed,,,1.50000,USD,Unrated,,,,4.50000,USD
92a8f2ee-8faa-476e-a1d6-74486ab67b9f,2025-11-11 10:20:19,FROZEN MANGO,CustomItem,Items,2,Completed,,,1.50000,USD,Positive,GGWP!,,,3.00000,USD
4468c440-ba13-4ed4-99b4-83371a3483ff,2025-11-11 10:14:48,"FROZEN KING LIMONE, CHEAP",CustomItem,Items,2,Completed,,,1.50000,USD,Positive,fast,,,3.00000,USD
cc1633cf-dcff-4f9c-83d7-dd9943933097,2025-11-11 10:13:57,FROZEN MANGO,CustomItem,Items,2,Completed,,,1.50000,USD,Positive,fast,,,3.00000,USD
430a68de-5c7d-4a8a-9e56-5023a2ce47ce,2025-11-11 08:19:47,"FROZEN KING LIMONE, CHEAP",CustomItem,Items,1,Completed,,,1.50000,USD,Positive,GGWP!,,,1.50000,USD
46499f99-4d4a-4704-bef6-7ff7535748bb,2025-11-11 05:17:38,"1 NEON SHROOMBINO, SHROOM,",CustomItem,Items,1,Canceled,,,4.00000,USD,Unrated,,Out_Of_Stock,,4.00000,USD
026776e1-aca3-447b-a49c-7aff0062a419,2025-11-11 05:16:35,ANY BRAINROT 1M/S CHEAPP,CustomItem,Items,2,Completed,,,1.50000,USD,Positive,GGWP!,,,3.00000,USD
8d03d207-2887-4b36-8b9c-6dd4e4a12786,2025-11-11 04:58:25,1 RUBY MANGO,CustomItem,Items,1,Completed,,,2.50000,USD,Positive,GGWP!,,,2.50000,USD
35a2ac4e-8d11-431b-8096-643c5dab01f5,2025-11-11 04:55:45,"FROZEN KING LIMONE, CHEAP",CustomItem,Items,1,Completed,,,1.50000,USD,Positive,GGWP!,,,1.50000,USD
882acc12-e445-45d4-8d1f-e60e428c455b,2025-11-11 04:39:57,"FROZEN KING LIMONE, CHEAP",CustomItem,Items,2,Completed,,,1.50000,USD,Unrated,,,,3.00000,USD
2cdb8ec2-d7be-4dd3-94f7-4a2f26e06a67,2025-11-11 04:34:50,FROZEN MANGO,CustomItem,Items,2,Completed,,,1.50000,USD,Unrated,,,,3.00000,USD
3356bc7a-2fdd-4e52-84c8-137c8013eee3,2025-11-11 04:23:49,ANY BRAINROT 1M/S CHEAPP,CustomItem,Items,3,Completed,,,1.50000,USD,Unrated,,,,4.50000,USD
b81de57a-9ed5-4766-a561-58602bb5a899,2025-11-11 04:18:10,UPSIDE DOWN Los Mr Carrotitos 1M/S,CustomItem,Items,1,Completed,,,4.00000,USD,Unrated,,,,4.00000,USD
26f34266-5970-46d1-97db-e83b212faf58,2025-11-11 04:17:30,1 NEON MANGO,CustomItem,Items,1,Completed,,,5.00000,USD,Unrated,,,,5.00000,USD
cc817017-62c7-4994-ac2f-278fff586634,2025-11-11 04:02:49,1 RUBY MANGO,CustomItem,Items,1,Completed,,,2.50000,USD,Unrated,,,,2.50000,USD
bbbdc15e-c11c-4e52-9bc1-25c967642a48,2025-11-11 03:50:16,"FROZEN KING LIMONE, CHEAP",CustomItem,Items,1,Completed,,,1.50000,USD,Unrated,,,,1.50000,USD
083c1c2a-fb8d-41ab-9937-aba73368998e,2025-11-11 03:09:36,"RUBY KING LIMONE, LEMON",CustomItem,Items,1,Completed,,,5.00000,USD,Unrated,,,,5.00000,USD
5685865c-d53f-4146-a25d-346987725e56,2025-11-11 03:03:08,FROZEN MANGO,CustomItem,Items,2,Completed,,,2.00000,USD,Unrated,,,,4.00000,USD
c9738e36-b771-4e3f-affd-85b3c4a0d82a,2025-11-11 02:45:58,"FROZEN KING LIMONE, CHEAP",CustomItem,Items,4,Completed,,,1.50000,USD,Positive,Quick delivery!,,,6.00000,USD
8252e065-ef36-4f62-b1d0-41c557f15a81,2025-11-11 02:43:35,FROZEN STARFRUIT,CustomItem,Items,3,Completed,,,1.50000,USD,Positive,Quick delivery!,,,4.50000,USD
86ab15be-e911-436c-a953-07d500a8ebff,2025-11-11 02:39:19,1 NEON MANGO,CustomItem,Items,1,Completed,,,5.00000,USD,Positive,Fast and easy also nice,,,5.00000,USD
df3e5aa0-9039-4131-8782-506de2226e57,2025-11-11 02:36:45,1 RUBY MANGO,CustomItem,Items,1,Completed,,,2.50000,USD,Positive,gg,,,2.50000,USD
55b8d42e-b40e-4b9b-81c4-87c3f9207373,2025-11-11 02:17:16,"FROZEN KING LIMONE, CHEAP",CustomItem,Items,2,Completed,,,1.50000,USD,Positive,Instant delivery nice!!,,,3.00000,USD
6583035f-3c72-4a58-b27e-f72ab33718ef,2025-11-11 02:01:59,FROZEN MANGO,CustomItem,Items,2,Completed,,,2.00000,USD,Unrated,,,,4.00000,USD
954a3662-ecaa-4f2c-a2c1-5773820c4df2,2025-11-11 01:52:09,FROZEN STARFRUIT,CustomItem,Items,1,Completed,,,6.00000,USD,Unrated,,,,6.00000,USD
05a6575e-7946-456e-aeaf-256ec19a18e5,2025-11-11 01:47:11,FROZEN MANGO,CustomItem,Items,1,Completed,,,2.00000,USD,Unrated,,,,2.00000,USD
31892573-1023-4ad9-9eff-8be5e83292cc,2025-11-11 01:45:10,NEON STAR FRUIT,CustomItem,Items,1,Completed,,,8.00000,USD,Unrated,,,,8.00000,USD
4fbe85c6-fce4-4133-9e07-fa9f2ca671c2,2025-11-11 01:44:37,"FROZEN KING LIMONE, CHEAP",CustomItem,Items,1,Completed,,,2.00000,USD,Unrated,,,,2.00000,USD
57338f10-57ac-4c19-adf9-e5cbfd433746,2025-11-11 01:38:27,ANY BRAINROT 1M/S CHEAPP,CustomItem,Items,3,Completed,,,1.50000,USD,Unrated,,,,4.50000,USD
fd64c1a2-6529-4adf-814f-8d3870cccacc,2025-11-11 01:31:48,"FROZEN KING LIMONE, CHEAP",CustomItem,Items,1,Completed,,,2.00000,USD,Unrated,,,,2.00000,USD
077c5017-136e-424d-85fa-667936debf77,2025-11-11 01:06:27,"FROZEN KING LIMONE, CHEAP",CustomItem,Items,2,Completed,,,2.00000,USD,Positive,GGWP!,,,4.00000,USD
5ed89823-b8a8-4b2f-ade3-81a79c6c6dd4,2025-11-11 00:55:04,FROZEN MANGO,CustomItem,Items,1,Completed,,,2.00000,USD,Unrated,,,,2.00000,USD
b42a3936-c973-4a17-96d1-ee61a0c37f1c,2025-11-11 00:33:24,FROZEN MANGO,CustomItem,Items,1,Completed,,,2.00000,USD,Unrated,,,,2.00000,USD
2b901a96-52b6-414e-b525-17b736af38e9,2025-11-11 00:31:50,"RUBY KING LIMONE, LEMON",CustomItem,Items,1,Completed,,,5.00000,USD,Unrated,,,,5.00000,USD
99160e94-6569-4206-aeb9-61f91d6b721f,2025-11-11 00:27:06,NEON STAR FRUIT,CustomItem,Items,1,Completed,,,8.00000,USD,Unrated,,,,8.00000,USD
bc13c5bf-a45d-4aaf-8284-4b8ae0d97802,2025-11-11 00:21:06,RUBY STARFRUIT,CustomItem,Items,1,Completed,,,6.00000,USD,Positive,GGWP!,,,6.00000,USD
193ae418-1ac6-439b-8c8b-0ff3d9acd837,2025-11-11 00:20:43,"FROZEN KING LIMONE, CHEAP",CustomItem,Items,1,Completed,,,3.00000,USD,Unrated,,,,3.00000,USD
933649f4-f30b-48ce-82c7-5da71cc5537d,2025-11-11 00:19:17,NEON STAR FRUIT,CustomItem,Items,1,Completed,,,8.00000,USD,Positive,GGWP!,,,8.00000,USD
e50c7b4e-c5b0-41b2-b297-1780cb7a0ed8,2025-11-11 00:17:14,1 RUBY MANGO,CustomItem,Items,1,Completed,,,2.50000,USD,Unrated,,,,2.50000,USD
eef3daec-e076-4342-a73c-bb988c68e349,2025-11-11 00:14:42,DIAMOND STARFRUIT,CustomItem,Items,1,Completed,,,5.00000,USD,Unrated,,,,5.00000,USD
4160b33d-322a-4cc7-ae2c-da41ccd5fe46,2025-11-11 00:12:30,RUBY STARFRUIT,CustomItem,Items,1,Completed,,,6.00000,USD,Unrated,,,,6.00000,USD
451183a2-c0fd-490f-a0cc-4e3600db15cd,2025-11-11 00:10:08,1 RUBY MANGO,CustomItem,Items,1,Completed,,,2.50000,USD,Positive,"Very quick and kind ",,,2.50000,USD
9924a6dc-1d46-42ab-8612-9b83096d7ea9,2025-11-11 00:04:57,FROZEN KING LIMONE,CustomItem,Items,1,Completed,,,2.00000,USD,Positive,GGWP!,,,2.00000,USD
078b6838-c5f9-49eb-84d1-0ab38a45bec6,2025-11-10 23:44:36,FROZEN MANGO,CustomItem,Items,1,Completed,,,2.50000,USD,Unrated,,,,2.50000,USD
c3e41355-6523-48fc-abd9-2c1ea9f2aae2,2025-11-10 23:29:38,"1 DIAMOND MANGO, MANGO,",CustomItem,Items,7,Completed,,,2.00000,USD,Positive,GGWP!,,,14.00000,USD
3eb50d6d-c95d-45bd-a01a-57e3c6c0ca00,2025-11-10 23:13:30,NEON STAR FRUIT,CustomItem,Items,1,Completed,,,7.00000,USD,Positive,So fastttt,,,7.00000,USD
70129035-b2cd-418e-a119-36d7afebde1c,2025-11-10 23:12:56,FROZEN MANGO,CustomItem,Items,1,Completed,,,2.50000,USD,Positive,"Amazing and fast ",,,2.50000,USD
3169288e-2945-437f-b1eb-a8182c7f0f85,2025-11-10 22:50:54,FROZEN MANGO,CustomItem,Items,1,Completed,,,2.50000,USD,Unrated,,,,2.50000,USD
3c804e63-f020-4907-bbbd-c21c704571f7,2025-11-10 15:35:16,ANY BRAINROT 1M/S CHEAPP,CustomItem,Items,3,Completed,,,1.50000,USD,Positive,"Good
",,,4.50000,USD
bb213935-18b0-4f68-a0ab-897d3b083fea,2025-11-10 15:31:27,FROZEN STARFRUIT,CustomItem,Items,2,Completed,,,7.00000,USD,Unrated,,,,14.00000,USD
9db8911e-9279-4cf5-b6ba-1d920aa2e08a,2025-11-10 15:09:44,"1 NEON SHROOMBINO, SHROOM,",CustomItem,Items,1,Completed,,,4.00000,USD,Positive,GGWP!,,,4.00000,USD
b3c8207f-ed29-484c-9277-15102422491b,2025-11-10 14:58:28,FROZEN KING LIMONE,CustomItem,Items,1,Completed,,,5.00000,USD,Positive,Very fast,,,5.00000,USD
ad3dec24-836c-4858-9013-46c8478e3d5b,2025-11-10 14:55:45,FROZEN MANGO,CustomItem,Items,1,Completed,,,2.50000,USD,Unrated,,,,2.50000,USD
9c709c14-99ec-4a72-ae91-43f386fb7b3f,2025-11-10 14:50:14,1 RUBY MANGO,CustomItem,Items,1,Completed,,,2.50000,USD,Positive,gg,,,2.50000,USD
d09c2f3b-b1f2-48f0-b076-89ed16f75d4c,2025-11-10 14:41:30,FROZEN MANGO,CustomItem,Items,1,Completed,,,2.50000,USD,Unrated,,,,2.50000,USD
50682474-5df9-4aa9-ab4a-c229b91aa665,2025-11-10 14:29:39,"1 NEON SHROOMBINO, SHROOM,",CustomItem,Items,2,Completed,,,4.00000,USD,Unrated,,,,8.00000,USD
f815d7ad-f38f-47e1-b655-0ec487e4759b,2025-11-10 14:20:51,1 RUBY MANGO,CustomItem,Items,2,Completed,,,2.50000,USD,Unrated,,,,5.00000,USD
df88aa77-68d3-4fdc-b530-c05933d52cab,2025-11-10 13:35:48,"1 DIAMOND MANGO, MANGO,",CustomItem,Items,5,Completed,,,2.00000,USD,Positive,GGWP!,,,10.00000,USD
7cec7f3b-ff8c-4003-876a-2aa3352e6b27,2025-11-10 13:24:01,"THIS SHOP ONLY MEANS CUSTOM SHOP, ASKING, WANT TO SEE OR NEGOTIATE",CustomItem,Items,1,Completed,,,6.00000,USD,Positive,GGWP!,,,6.00000,USD
73cfa35e-9a0a-455d-8d13-0efbb94f2f60,2025-11-10 13:20:22,"1 RUBY SHROOMBINO, SHROOM,",CustomItem,Items,1,Completed,,,2.00000,USD,Unrated,,,,2.00000,USD
af4643df-bbe3-47f3-ac51-b8ca3d6dc83f,2025-11-10 13:16:56,FROZEN MANGO,CustomItem,Items,1,Completed,,,2.50000,USD,Unrated,,,,2.50000,USD
d3745b03-7d5e-499c-a1cb-45425250061c,2025-11-10 13:15:49,1 RUBY MANGO,CustomItem,Items,5,Completed,,,2.50000,USD,Positive,Very fast!,,,12.50000,USD
b839af5e-27f2-467b-8d84-70699917b5cb,2025-11-10 12:31:34,1 NEON MANGO CHEAP,CustomItem,Items,1,Completed,,,4.00000,USD,Negative,OOF,,,4.00000,USD
b88b658e-b83b-4871-affb-20b68e04d274,2025-11-10 11:23:47,1 NEON MANGO CHEAP,CustomItem,Items,1,Completed,,,4.00000,USD,Unrated,,,,4.00000,USD
db010fec-a4b1-4824-953d-beb953dbda80,2025-11-10 11:09:36,1 RUBY MANGO,CustomItem,Items,2,Completed,,,2.50000,USD,Positive,Good and fast,,,5.00000,USD
aa617606-914f-45cd-8a45-7245189d0d50,2025-11-10 10:43:25,"1 DIAMOND KING LIMONE, LEMON",CustomItem,Items,1,Completed,,,4.00000,USD,Unrated,,,,4.00000,USD
551bb11a-d1ee-47d2-8df9-75f5b771bf5f,2025-11-10 10:10:04,FROZEN MANGO,CustomItem,Items,2,Completed,,,2.50000,USD,Positive,GGWP!,,,5.00000,USD
819dc430-3721-48b9-92d2-11676835ec22,2025-11-10 10:06:55,1 RUBY MANGO,CustomItem,Items,2,Completed,,,2.50000,USD,Positive,GGWP!,,,5.00000,USD
bbca93b4-355b-4efd-adca-8ffadd194b86,2025-11-10 10:04:34,FROZEN SHROOMBINO,CustomItem,Items,1,Completed,,,2.00000,USD,Positive,GGWP!,,,2.00000,USD
78748785-5d8b-4943-8b49-7ce3699c6e0c,2025-11-10 10:02:14,"RUBY KING LIMONE, LEMON",CustomItem,Items,1,Completed,,,5.00000,USD,Positive,GGWP!,,,5.00000,USD
10fa16c9-13b6-4496-85af-106fc047fc41,2025-11-10 09:20:44,1 RUBY MANGO,CustomItem,Items,1,Completed,,,2.50000,USD,Positive,very fast,,,2.50000,USD
f161e03c-2723-4d26-ad2d-d699ac9abf8c,2025-11-10 08:11:41,"1 DIAMOND KING LIMONE, LEMON",CustomItem,Items,1,Completed,,,4.00000,USD,Unrated,,,,4.00000,USD
a2a0598a-43b7-42ae-9cb2-2daa4e31b0a7,2025-11-10 08:04:46,"RUBY KING LIMONE, LEMON",CustomItem,Items,1,Completed,,,5.00000,USD,Unrated,,,,5.00000,USD
f07f7b82-f599-40eb-b99f-da4e9f8ca71a,2025-11-10 07:54:21,1 RUBY MANGO,CustomItem,Items,1,Completed,,,2.50000,USD,Unrated,,,,2.50000,USD
40c3d782-0a21-434f-ba44-4103751ce45f,2025-11-10 07:25:12,1 RUBY MANGO,CustomItem,Items,1,Completed,,,2.50000,USD,Positive,quick not a scammer i reccomend,,,2.50000,USD
812b5e5e-7ed6-48c6-9d7d-69ea35641b28,2025-11-10 07:21:48,1 NEON MANGO CHEAP,CustomItem,Items,1,Completed,,,5.00000,USD,Unrated,,,,5.00000,USD
f9ff1664-cf9e-4ebb-a57d-a08852e96e71,2025-11-10 07:21:10,"NEON KING LIMONE, LEMON",CustomItem,Items,1,Completed,,,6.00000,USD,Unrated,,,,6.00000,USD
2d009a28-d1fb-44da-8949-027c42f2242c,2025-11-10 07:21:01,FROZEN MANGO,CustomItem,Items,3,Completed,,,4.00000,USD,Unrated,,,,12.00000,USD
bd53f3f2-83e5-4bd3-9b41-d883565771c2,2025-11-10 07:18:03,"NEON KING LIMONE, LEMON",CustomItem,Items,1,Completed,,,6.00000,USD,Unrated,,,,6.00000,USD
8daed4e5-cbde-4032-8a76-2f23fa2fd6dd,2025-11-10 06:49:55,1 RUBY MANGO,CustomItem,Items,1,Completed,,,2.50000,USD,Positive,"very fast, and great product
",,,2.50000,USD
06381000-567a-418b-a810-1692d2863e28,2025-11-10 06:29:59,DIAMOND STARFRUIT,CustomItem,Items,1,Completed,,,5.00000,USD,Unrated,,,,5.00000,USD
c07e3282-a8ed-4571-b971-605e6008acf3,2025-11-10 06:15:58,RUBY STARFRUIT,CustomItem,Items,1,Completed,,,7.00000,USD,Unrated,,,,7.00000,USD
7b996ba5-9401-4fee-b9cf-7c36d58bcb7f,2025-11-10 06:07:14,NEON STAR FRUIT,CustomItem,Items,1,Completed,,,8.50000,USD,Unrated,,,,8.50000,USD
92cab8f0-b1d9-4fc6-84c4-27e2edf41ec3,2025-11-10 06:05:12,RUBY STARFRUIT,CustomItem,Items,1,Completed,,,7.00000,USD,Unrated,,,,7.00000,USD
5a2aa1f3-86d6-49f4-850b-b53125c0196c,2025-11-10 05:56:59,"RUBY KING LIMONE, LEMON",CustomItem,Items,1,Completed,,,5.00000,USD,Unrated,,,,5.00000,USD
fa48ef9c-3615-4530-ac57-173ad01d5729,2025-11-10 05:49:38,"RUBY KING LIMONE, LEMON",CustomItem,Items,1,Completed,,,5.00000,USD,Positive,GGWP!,,,5.00000,USD
6dfca3a1-f4a0-460f-a921-e1d9d16eaf90,2025-11-10 05:46:53,FROZEN KING LIMONE,CustomItem,Items,1,Completed,,,5.50000,USD,Positive,GGWP!,,,5.50000,USD
cd9df10d-99f7-4e9f-8d83-11b7dcd974d3,2025-11-10 05:45:07,1 NEON MANGO CHEAP,CustomItem,Items,1,Completed,,,5.00000,USD,Positive,It was good and I got good value,,,5.00000,USD
44691b0f-f13d-43d8-91d8-6f00c6a1071e,2025-11-10 05:41:50,1 RUBY MANGO,CustomItem,Items,1,Completed,,,2.50000,USD,Positive,Good value,,,2.50000,USD
ea82b633-bff0-4470-b12d-73f3fd476da2,2025-11-10 05:41:34,FROZEN KING LIMONE,CustomItem,Items,1,Completed,,,5.50000,USD,Unrated,,,,5.50000,USD
ac835090-554a-4205-8a02-f2df7c79919f,2025-11-10 05:36:16,FROZEN MANGO,CustomItem,Items,1,Completed,,,4.00000,USD,Unrated,,,,4.00000,USD
37b04e1a-8567-49e7-a5e3-38ec518a91d2,2025-11-10 05:25:21,"NEON KING LIMONE, LEMON",CustomItem,Items,1,Completed,,,6.00000,USD,Unrated,,,,6.00000,USD
586ad58a-bf46-4d0b-8ff2-42a3f2bb4652,2025-11-10 04:45:59,"1 DIAMOND KING LIMONE, LEMON",CustomItem,Items,1,Completed,,,4.00000,USD,Positive,GAVE ME a extra pllant wow!!!!,,,4.00000,USD
2b880117-8fa2-4201-b1e5-fe6aac19e4c7,2025-11-10 04:32:03,1 RUBY MANGO,CustomItem,Items,1,Completed,,,2.50000,USD,Positive,very fast and legit,,,2.50000,USD
e438a9ec-1fc6-4c38-90ab-2e19cadaa92d,2025-11-10 04:29:08,ANY BRAINROT 1M/S CHEAPP,CustomItem,Items,2,Completed,,,1.50000,USD,Positive,trusted!!! and fast delivery,,,3.00000,USD
00c3f373-500b-4751-b4d3-4db2d1147e4f,2025-11-10 03:59:46,ANY BRAINROT 1M/S CHEAPP,CustomItem,Items,1,Completed,,,1.50000,USD,Positive,"wwww so fast delivery and really friendly ",,,1.50000,USD
28dbd34f-c8f4-4bf3-8044-5721060890fe,2025-11-10 03:46:38,"NEON KING LIMONE, LEMON",CustomItem,Items,1,Completed,,,6.00000,USD,Positive,GGWP!,,,6.00000,USD
3c1751c9-1996-4ad5-b56a-4b8ee1e18ebe,2025-11-10 03:42:28,FROZEN KING LIMONE,CustomItem,Items,1,Completed,,,5.50000,USD,Unrated,,,,5.50000,USD
e8c137a0-f0f7-4ced-b840-4e0ca169c1a9,2025-11-10 03:36:28,1 RUBY MANGO,CustomItem,Items,1,Completed,,,2.50000,USD,Positive,Www,,,2.50000,USD
31079cab-8d0d-400b-b834-be28161100b9,2025-11-10 03:32:42,ANY BRAINROT 1M/S CHEAPP,CustomItem,Items,6,Completed,,,1.50000,USD,Positive,GGWP!,,,9.00000,USD
89cb66c0-ff77-42a6-a32e-868d0307aadf,2025-11-10 03:18:31,"NEON KING LIMONE, LEMON",CustomItem,Items,1,Completed,,,6.00000,USD,Unrated,,,,6.00000,USD
6aec0d2a-b66d-47a0-8aec-64fff36ad0e4,2025-11-10 03:12:05,"1 DIAMOND MANGO, MANGO,",CustomItem,Items,1,Completed,,,2.00000,USD,Positive,GGWP!,,,2.00000,USD
776df40d-a757-4648-af08-a266fa25e5eb,2025-11-10 03:05:39,ANY BRAINROT 1M/S CHEAPP,CustomItem,Items,10,Completed,,,1.50000,USD,Unrated,,,,15.00000,USD
063c98ed-4659-43a5-a300-991710d56a60,2025-11-10 02:27:14,MAGMA LEMOWZIO 1M/S,CustomItem,Items,1,Completed,,,4.00000,USD,Positive,GGWP!,,,4.00000,USD
07caeea1-0ff1-48c3-a5ed-b21245121a3b,2025-11-10 02:25:01,MAGMA LEMOWZIO 1M/S,CustomItem,Items,1,Completed,,,4.00000,USD,Unrated,,,,4.00000,USD
6819e08a-37ab-44fc-a5fe-91bc74decd46,2025-11-10 02:00:52,RUBY STARFRUIT,CustomItem,Items,1,Completed,,,7.00000,USD,Positive,Had everything I needed good and fast,,,7.00000,USD
27b916e2-8666-4f5f-a318-edb0058d34a5,2025-11-10 01:49:39,DIAMOND STARFRUIT,CustomItem,Items,1,Completed,,,5.00000,USD,Unrated,,,,5.00000,USD
2b5fb2f9-86a3-4f2b-8b33-d0b2f5762876,2025-11-10 01:37:43,"RUBY KING LIMONE, LEMON",CustomItem,Items,1,Completed,Item_Not_As_Described,Did not have Ruby anymore and he gave me something bad,5.00000,USD,Positive,"Good but did but you had what I wanted, but he gave me something equal to it",,,5.00000,USD
283568df-ce6d-4218-b651-8d3febad6bab,2025-11-10 01:26:53,"THIS SHOP ONLY MEANS CUSTOM SHOP, ASKING, WANT TO SEE OR NEGOTIATE",CustomItem,Items,1,Completed,,,18.00000,USD,Positive,"Awesome ",,,18.00000,USD
7f61afb6-f2a9-40bf-b576-45e70a53e550,2025-11-10 01:26:23,"NEON KING LIMONE, LEMON",CustomItem,Items,1,Completed,,,6.00000,USD,Unrated,,,,6.00000,USD
3bb3e4d7-42bc-4a48-a885-ec2a527470d3,2025-11-10 01:25:27,ANY BRAINROT 1M/S CHEAPP,CustomItem,Items,2,Completed,,,1.50000,USD,Unrated,,,,3.00000,USD
3bfdae51-b01c-4914-99f2-0f7c58309815,2025-11-10 01:24:07,"1 DIAMOND MANGO, MANGO,",CustomItem,Items,3,Completed,,,2.00000,USD,Unrated,,,,6.00000,USD
d79ee911-58d2-4a35-8a6d-2090ced83778,2025-11-10 01:22:56,"RUBY KING LIMONE, LEMON",CustomItem,Items,1,Completed,,,5.00000,USD,Unrated,,,,5.00000,USD
7bab38bd-25b4-4457-ae01-9237a8fb14fb,2025-11-10 01:22:06,1 NEON MANGO CHEAP,CustomItem,Items,1,Completed,,,5.00000,USD,Unrated,,,,5.00000,USD
a744eb7a-6dbf-4676-a2de-cf9e84105a0b,2025-11-10 01:20:20,1 RUBY MANGO,CustomItem,Items,5,Completed,,,2.50000,USD,Unrated,,,,12.50000,USD
98bb618e-c815-43ba-8bdb-2ecc6e186f76,2025-11-10 01:14:30,"THIS SHOP ONLY MEANS CUSTOM SHOP, ASKING, WANT TO SEE OR NEGOTIATE",CustomItem,Items,1,Canceled,,,10.00000,USD,Unrated,,Mutual_Agreement,,10.00000,USD
ddac99b9-945c-4693-85b2-93a0b0e8459c,2025-11-10 01:13:47,ANY BRAINROT 1M/S CHEAPP,CustomItem,Items,2,Completed,,,1.50000,USD,Positive,good service,,,3.00000,USD
7770d48f-8a28-4cac-b928-eb25debb489c,2025-11-10 00:54:39,ANY BRAINROT 1M/S CHEAPP,CustomItem,Items,1,Completed,,,1.50000,USD,Unrated,,,,1.50000,USD
db782571-7b32-45e4-83ad-a6cc7405dccc,2025-11-10 00:23:21,1 RUBY MANGO,CustomItem,Items,1,Completed,,,2.50000,USD,Unrated,,,,2.50000,USD
a578e6ec-4352-4fca-b252-7ac06831dd74,2025-11-10 00:20:26,ANY BRAINROT 1M/S CHEAPP,CustomItem,Items,1,Canceled,,,1.50000,USD,Unrated,,Other,he demands 11 when he only buy 1,1.50000,USD
b2e3c7f8-97b4-4296-a350-e3ab744d862f,2025-11-10 00:12:32,ANY BRAINROT 1M/S CHEAPP,CustomItem,Items,1,Canceled,,,1.50000,USD,Unrated,,Buyer_Provided_Incorrect_Account_Information,,1.50000,USD
5a1f6da3-aecd-4c47-8311-d12972a1d8fc,2025-11-09 23:37:10,GALACTIC Los Mr Carrotitos  1M/S,CustomItem,Items,1,Completed,,,4.00000,USD,Unrated,,,,4.00000,USD
6dfe5212-fe1c-44f2-af38-4bf73f99a8f4,2025-11-09 23:33:51,1 NEON MANGO CHEAP,CustomItem,Items,1,Completed,,,5.00000,USD,Unrated,,,,5.00000,USD
5f887685-c72f-45e3-819f-bfda2b8b4a38,2025-11-09 23:21:44,RAINBOW LEMOWZIO 1M/S,CustomItem,Items,1,Completed,,,4.00000,USD,Unrated,,,,4.00000,USD
ab4a9a30-18a4-48e0-8b43-159f465c2b09,2025-11-09 23:03:22,MAGMA LEMOWZIO 1M/S,CustomItem,Items,1,Completed,,,4.00000,USD,Unrated,,,,4.00000,USD
caff2f4a-540f-4b92-b469-c9da5187472c,2025-11-09 17:20:22,NEON STAR FRUIT,CustomItem,Items,1,Completed,,,8.50000,USD,Positive,"cracking service ",,,8.50000,USD
bc996d4c-96f8-461e-bf71-346a06809b51,2025-11-09 17:14:25,1 RUBY MANGO,CustomItem,Items,1,Completed,,,2.50000,USD,Unrated,,,,2.50000,USD
95fdaca9-d429-49f9-9271-db0f20d2e5d5,2025-11-09 17:00:11,1 RUBY MANGO,CustomItem,Items,1,Completed,,,2.50000,USD,Unrated,,,,2.50000,USD
878b0568-a43a-4811-bc4e-5e8fdbb0010d,2025-11-09 16:59:58,"1 DIAMOND MANGO, MANGO,",CustomItem,Items,1,Completed,,,2.00000,USD,Unrated,,,,2.00000,USD
6f89a9f0-636b-4a95-b4e6-fe7275799549,2025-11-09 16:58:11,"1 DIAMOND MANGO, MANGO,",CustomItem,Items,1,Completed,,,2.00000,USD,Unrated,,,,2.00000,USD
04730607-fa56-48c9-b3c6-c8d2ae2692b8,2025-11-09 16:55:26,1 RUBY MANGO,CustomItem,Items,1,Completed,,,2.50000,USD,Unrated,,,,2.50000,USD
0b760d4f-b0c6-4759-a862-c9992eced542,2025-11-09 16:54:13,DIAMOND STARFRUIT,CustomItem,Items,1,Completed,,,5.00000,USD,Positive,Fast and easy,,,5.00000,USD
2580e47d-20bf-4142-b207-a215a9dc90b4,2025-11-09 16:33:49,1 RUBY MANGO,CustomItem,Items,1,Completed,,,2.50000,USD,Unrated,,,,2.50000,USD
9f81cbf9-8ca1-4542-a171-3db72dabcf43,2025-11-09 16:27:47,RUBY STARFRUIT,CustomItem,Items,1,Completed,,,7.00000,USD,Unrated,,,,7.00000,USD
02321ec1-11d1-409d-885d-eca109f5be71,2025-11-09 16:23:59,"1 DIAMOND MANGO, MANGO,",CustomItem,Items,1,Completed,,,2.00000,USD,Unrated,,,,2.00000,USD
1407de7a-506a-4b75-9579-0e6ac3a47904,2025-11-09 16:18:33,NEON STAR FRUIT,CustomItem,Items,1,Completed,,,8.50000,USD,Unrated,,,,8.50000,USD
fe57ef63-73fa-404b-9c38-9d87bb1ee876,2025-11-09 16:13:42,"RUBY KING LIMONE, LEMON",CustomItem,Items,1,Completed,,,5.00000,USD,Unrated,,,,5.00000,USD
86e0ff2e-8de5-4673-9c6e-cad2aba1b45f,2025-11-09 16:03:06,"NEON KING LIMONE, LEMON",CustomItem,Items,1,Completed,,,6.00000,USD,Unrated,,,,6.00000,USD
ad29f6b1-22b5-4c1d-8a44-76c51786573e,2025-11-09 15:46:53,ANY BRAINROT 1M/S CHEAPP,CustomItem,Items,2,Completed,,,1.50000,USD,Unrated,,,,3.00000,USD
7bd75d6d-f3b4-44b1-a7a4-c8e4c35f54bd,2025-11-09 15:44:17,"1 DIAMOND MANGO, MANGO,",CustomItem,Items,5,Completed,,,2.00000,USD,Positive,Quick and easy,,,10.00000,USD
2066023b-7506-435d-b2ef-5eac04c10dcf,2025-11-09 15:35:09,1 RUBY MANGO,CustomItem,Items,1,Completed,,,2.50000,USD,Positive,"Great service thanks! ",,,2.50000,USD
34b7264f-e140-4743-94be-c7f294e2cc98,2025-11-09 15:33:37,"1 NEON SHROOMBINO, SHROOM,",CustomItem,Items,1,Completed,,,4.00000,USD,Positive,"Very fast delivery ",,,4.00000,USD
dffe7d26-6ad7-4e20-afd5-ae6e930de496,2025-11-09 15:26:15,ANY BRAINROT 1M/S CHEAPP,CustomItem,Items,1,Completed,,,1.50000,USD,Unrated,,,,1.50000,USD
c0d045d6-352c-4b90-b48d-89e3f7183da4,2025-11-09 14:59:27,"1 NEON SHROOMBINO, SHROOM,",CustomItem,Items,1,Completed,,,4.00000,USD,Unrated,,,,4.00000,USD
155ec7a6-6d65-4f00-b787-126a780deaf9,2025-11-09 14:44:10,RUBY STARFRUIT,CustomItem,Items,1,Completed,,,7.00000,USD,Unrated,,,,7.00000,USD
8d382e6b-1625-49bc-809d-c4db09e575ab,2025-11-09 14:35:57,"1 DIAMOND MANGO, MANGO,",CustomItem,Items,1,Completed,,,2.00000,USD,Positive,faxst!! and gave me extra one W!,,,2.00000,USD
4ad44b45-5833-40ad-a13c-ae6aee8d2a8c,2025-11-09 14:26:57,"RUBY KING LIMONE, LEMON",CustomItem,Items,1,Completed,,,5.00000,USD,Positive,Responded in less than a second,,,5.00000,USD
ebfc66cd-186c-4f88-9ca0-c6954a338c08,2025-11-09 14:13:40,RUBY STARFRUIT,CustomItem,Items,1,Completed,,,7.00000,USD,Unrated,,,,7.00000,USD
eb8e5b78-d531-46cd-b1f1-839d72381632,2025-11-09 14:11:36,1 RUBY MANGO,CustomItem,Items,1,Completed,,,2.50000,USD,Unrated,,,,2.50000,USD
16760fe9-4370-4893-bfbd-aeb948ea443a,2025-11-09 14:06:25,1 RUBY MANGO,CustomItem,Items,1,Completed,,,2.50000,USD,Positive,"tres bon vendeur ",,,2.50000,USD
1e5f1308-11ad-455c-821d-976fe90d65fc,2025-11-09 13:39:06,RUBY STARFRUIT,CustomItem,Items,1,Completed,,,7.00000,USD,Unrated,,,,7.00000,USD
aecd0193-39b1-4a21-9eba-ac8cb964523b,2025-11-09 13:14:45,1 NEON MANGO CHEAP,CustomItem,Items,1,Completed,,,5.00000,USD,Unrated,,,,5.00000,USD
327c2c3f-e7b3-4ee7-8d4f-aa7a4002e6fe,2025-11-09 13:13:32,1 RUBY MANGO,CustomItem,Items,1,Completed,,,2.50000,USD,Positive,Good communication,,,2.50000,USD
7e951d1b-1916-4fea-8d8a-98e27c09c42f,2025-11-09 12:39:28,"1 DIAMOND KING LIMONE, LEMON",CustomItem,Items,1,Completed,,,4.00000,USD,Unrated,,,,4.00000,USD
12385e3d-c9e1-4749-bea5-d582fc3b8994,2025-11-09 12:33:56,"1 DIAMOND KING LIMONE, LEMON",CustomItem,Items,1,Canceled,,,4.00000,USD,Unrated,,Buyer_Does_Not_Need_It_Anymore,,4.00000,USD
3d61c959-c011-4a37-be4f-e0ace2026fcd,2025-11-09 11:48:07,ANY BRAINROT 1M/S CHEAPP,CustomItem,Items,15,Completed,,,1.50000,USD,Positive,W aeller,,,22.50000,USD
509341eb-6e41-4560-b467-6b7f31d8353e,2025-11-09 11:36:51,"1 DIAMOND MANGO, MANGO,",CustomItem,Items,2,Completed,,,2.00000,USD,Unrated,,,,4.00000,USD
eacfc61f-c643-446e-abfd-16fef1f31b6b,2025-11-09 10:08:12,"THIS SHOP ONLY MEANS CUSTOM SHOP, ASKING, WANT TO SEE OR NEGOTIATE",CustomItem,Items,1,Completed,,,20.00000,USD,Unrated,,,,20.00000,USD
88f566f5-c3a8-4e8a-add7-64c40d7b3940,2025-11-09 09:58:34,"NEON KING LIMONE, LEMON",CustomItem,Items,1,Completed,,,6.00000,USD,Unrated,,,,6.00000,USD
ee68ce1e-07ec-4c3c-ab0a-030b295f5779,2025-11-09 09:57:26,"1 DIAMOND MANGO, MANGO,",CustomItem,Items,1,Completed,,,2.00000,USD,Positive,Good communication,,,2.00000,USD
7e47d9fb-860c-4586-b6a5-c86eaf105578,2025-11-09 09:46:09,"NEON KING LIMONE, LEMON",CustomItem,Items,1,Completed,,,6.00000,USD,Unrated,,,,6.00000,USD
b13c2f89-e0ec-4908-bb95-fa9d81721831,2025-11-09 09:44:45,"THIS SHOP ONLY MEANS CUSTOM SHOP, ASKING, WANT TO SEE OR NEGOTIATE",CustomItem,Items,1,Canceled,,,4.00000,USD,Unrated,,Out_Of_Stock,,4.00000,USD
83cadee9-7f1e-41ad-b5fa-720966743f15,2025-11-09 09:25:55,1 RUBY MANGO,CustomItem,Items,1,Completed,,,2.50000,USD,Unrated,,,,2.50000,USD
05eb3b4e-087b-4f6c-a351-5650d1d6dcea,2025-11-09 09:20:39,DIAMOND STARFRUIT,CustomItem,Items,1,Completed,,,5.50000,USD,Unrated,,,,5.50000,USD
0739c59d-0586-421a-b76c-70c6dab217a4,2025-11-09 08:57:40,1 NEON MANGO CHEAP,CustomItem,Items,1,Completed,,,5.00000,USD,Positive,Goed,,,5.00000,USD
64e30766-28a7-4efe-8c93-18fc5b5fda76,2025-11-09 08:38:24,1 RUBY MANGO,CustomItem,Items,1,Completed,,,2.50000,USD,Positive,GGWP!,,,2.50000,USD
26fd312e-0c07-4d11-9cbf-04f17f7a15a2,2025-11-09 08:07:43,1 RUBY MANGO,CustomItem,Items,1,Completed,,,2.50000,USD,Positive,fast and cool ty to the seller,,,2.50000,USD
05642db0-7d02-402c-867f-a28f6b74c1d4,2025-11-09 08:03:36,1 NEON MANGO CHEAP,CustomItem,Items,1,Canceled,Cannot_Claim_Purchase_Due_To_InGame_Issues,Hie was uit of tings,5.00000,USD,Unrated,,Out_Of_Stock,,5.00000,USD
b30ce105-68a0-4eee-87b5-131841517d86,2025-11-09 07:24:51,RUBY STARFRUIT,CustomItem,Items,1,Completed,,,7.00000,USD,Unrated,,,,7.00000,USD
343d8258-331d-4ce1-8f1c-48f384560be9,2025-11-09 05:09:35,ANY BRAINROT 1M/S CHEAPP,CustomItem,Items,1,Completed,,,1.50000,USD,Unrated,,,,1.50000,USD
8a3bb231-3251-4cc4-b6dd-14c4519309ff,2025-11-09 05:00:37,1 NEON MANGO CHEAP,CustomItem,Items,1,Completed,,,5.00000,USD,Positive,Helpful and responsive,,,5.00000,USD
447b6c3f-4f5a-4966-aaeb-b9fd7bf61acd,2025-11-09 04:52:00,1 NEON MANGO CHEAP,CustomItem,Items,1,Completed,,,5.00000,USD,Unrated,,,,5.00000,USD
9eef77df-801f-4eea-8bc3-7b14ddb2a40d,2025-11-09 04:42:17,UNDERWORLD LEMOWZIO 1M/S,CustomItem,Items,1,Canceled,,,4.00000,USD,Unrated,,Mutual_Agreement,,4.00000,USD
1863d4f7-9e80-4480-894a-89ffcc790e34,2025-11-09 04:37:36,"NEON KING LIMONE, LEMON",CustomItem,Items,1,Completed,,,6.00000,USD,Unrated,,,,6.00000,USD
14045991-42a4-4214-9b61-bb3742f9c914,2025-11-09 04:11:52,NEON STAR FRUIT,CustomItem,Items,1,Completed,,,10.00000,USD,Positive,"very fast, 10/10 would recommend! ",,,10.00000,USD
e823f24c-8cfc-485a-8f79-13e59c22654b,2025-11-09 04:01:12,"RUBY KING LIMONE, LEMON",CustomItem,Items,1,Completed,,,5.00000,USD,Unrated,,,,5.00000,USD
1c667e83-c1e5-4e4d-b6a7-8cf44c7e2ac9,2025-11-09 04:00:15,DIAMOND STARFRUIT,CustomItem,Items,1,Completed,,,5.00000,USD,Unrated,,,,5.00000,USD
aaba04b7-7c0a-457a-b8ca-4c671c0c3c8b,2025-11-09 03:19:37,"THIS SHOP ONLY MEANS CUSTOM SHOP, ASKING, WANT TO SEE OR NEGOTIATE",CustomItem,Items,1,Completed,,,4.00000,USD,Positive,"great, very fast!",,,4.00000,USD
b38fbd14-e18f-4757-9333-ce9c61a1ad63,2025-11-09 03:19:18,"1 DIAMOND MANGO, MANGO,",CustomItem,Items,4,Completed,,,1.50000,USD,Unrated,,,,6.00000,USD
8e8b3132-55f4-4650-82c2-d33024ea2f9e,2025-11-09 03:11:31,1 RUBY MANGO,CustomItem,Items,1,Completed,,,2.50000,USD,Positive,very fast,,,2.50000,USD
d6a0a631-30b6-4855-923a-ad70b7409b47,2025-11-09 03:10:00,1 RUBY MANGO,CustomItem,Items,1,Completed,,,2.50000,USD,Unrated,,,,2.50000,USD
96ba25c8-b38c-49f0-8f50-691b52c03961,2025-11-09 02:47:56,1 RUBY MANGO,CustomItem,Items,1,Completed,,,2.50000,USD,Unrated,,,,2.50000,USD
1b9e8daa-29b2-4e6f-8c6a-2cc3fa7b64e4,2025-11-09 02:43:10,ANY BRAINROT 1M/S CHEAPP,CustomItem,Items,10,Completed,,,1.50000,USD,Unrated,,,,15.00000,USD
231d3abf-c20c-434b-93ba-db6978a72da2,2025-11-09 02:25:35,"RUBY KING LIMONE, LEMON",CustomItem,Items,1,Canceled,,,5.50000,USD,Unrated,,Mutual_Agreement,,5.50000,USD
58308548-40fb-4366-81c4-3311fdd6be7c,2025-11-09 01:49:20,DIAMOND STARFRUIT,CustomItem,Items,1,Completed,,,5.00000,USD,Positive,GGWP!,,,5.00000,USD
1e07ccf9-7ca6-4b9b-a6d4-732534ecdec0,2025-11-09 01:45:48,1 RUBY MANGO,CustomItem,Items,1,Completed,,,2.50000,USD,Unrated,,,,2.50000,USD
46278c60-71b3-49a5-877c-e0ddbccdbd57,2025-11-09 01:11:24,GALACTIC LEMOWZIO 1M/S,CustomItem,Items,1,Completed,,,4.00000,USD,Positive,GGWP!,,,4.00000,USD
57926f42-96c7-4020-b927-6e06e35b49ae,2025-11-09 01:01:34,"1 NEON SHROOMBINO, SHROOM,",CustomItem,Items,1,Completed,,,4.00000,USD,Unrated,,,,4.00000,USD
40036c5b-ef04-444d-a9b3-88d98dc30f83,2025-11-09 00:56:26,1 NEON MANGO CHEAP,CustomItem,Items,1,Completed,,,6.00000,USD,Positive,"Great service, thanks!",,,6.00000,USD
d4fc37c2-9685-4b24-ac77-53096d8ba571,2025-11-09 00:52:28,1 RUBY MANGO,CustomItem,Items,1,Completed,,,2.50000,USD,Unrated,,,,2.50000,USD
f2245450-e4a5-4451-9d70-185e9a4f1cb0,2025-11-09 00:51:34,1 NEON MANGO CHEAP,CustomItem,Items,1,Completed,,,5.00000,USD,Unrated,,,,5.00000,USD
4044ce8a-6d8a-493e-a7c6-df425c51293c,2025-11-09 00:46:42,"1 DIAMOND MANGO, MANGO,",CustomItem,Items,1,Completed,,,1.50000,USD,Positive,GGWP!,,,1.50000,USD
3294da28-dabd-4837-810e-3ce2cd85a09d,2025-11-09 00:46:11,1 NEON MANGO CHEAP,CustomItem,Items,1,Completed,,,5.00000,USD,Unrated,,,,5.00000,USD
df8405e3-92f9-4ea6-a3d1-c66a34b553a0,2025-11-09 00:31:57,1 RUBY MANGO,CustomItem,Items,1,Completed,,,2.50000,USD,Unrated,,,,2.50000,USD
8f420a7a-fce5-4eb1-b944-382d28538ca2,2025-11-09 00:26:40,1 NEON MANGO CHEAP,CustomItem,Items,2,Completed,,,5.00000,USD,Positive,amazing no hassle,,,10.00000,USD
85fef28b-028a-4595-9cfe-7da0d9ab0971,2025-11-09 00:18:39,"1 DIAMOND KING LIMONE, LEMON",CustomItem,Items,1,Completed,,,4.50000,USD,Unrated,,,,4.50000,USD
143fd17a-4996-48be-9665-785bb40bf655,2025-11-09 00:17:12,"THIS SHOP ONLY MEANS CUSTOM SHOP, ASKING, WANT TO SEE OR NEGOTIATE",CustomItem,Items,1,Completed,,,7.00000,USD,Unrated,,,,7.00000,USD
e87229a1-d84a-4b41-af42-dee147b83421,2025-11-09 00:11:22,"1 DIAMOND MANGO, MANGO,",CustomItem,Items,1,Completed,,,1.50000,USD,Unrated,,,,1.50000,USD
d9b3d846-c2bb-411c-bf7b-c39cb5d5c8d1,2025-11-08 18:12:55,1 NEON MANGO CHEAP,CustomItem,Items,1,Completed,,,5.00000,USD,Unrated,,,,5.00000,USD
c4c60365-8cf2-45e0-9c7a-b91a9a97d082,2025-11-08 18:04:03,1 NEON MANGO CHEAP,CustomItem,Items,1,Completed,,,5.00000,USD,Positive,Nice person,,,5.00000,USD
e799179a-fa3f-4e67-85ce-21b1f4c19e17,2025-11-08 17:54:29,1 RUBY MANGO,CustomItem,Items,2,Completed,,,2.50000,USD,Unrated,,,,5.00000,USD
9fc217e6-a658-4c87-9908-29d5d433600b,2025-11-08 17:48:50,1 RUBY MANGO,CustomItem,Items,1,Completed,,,2.50000,USD,Unrated,,,,2.50000,USD
de46ecf9-e9bf-4941-8fcf-5bef78170719,2025-11-08 17:21:34,"THIS SHOP ONLY MEANS CUSTOM SHOP, ASKING, WANT TO SEE OR NEGOTIATE",CustomItem,Items,1,Completed,,,1.00000,USD,Unrated,,,,1.00000,USD
d11db2c6-9fdb-40b3-9b7c-f35b0380343f,2025-11-08 17:12:23,"THIS SHOP ONLY MEANS CUSTOM SHOP, ASKING, WANT TO SEE OR NEGOTIATE",CustomItem,Items,1,Canceled,,,1.00000,USD,Unrated,,Buyer_Does_Not_Need_It_Anymore,,1.00000,USD
4ba752ed-cc71-4bb0-ac19-190f1d0f9277,2025-11-08 17:12:20,1 NEON MANGO CHEAP,CustomItem,Items,1,Completed,,,5.00000,USD,Unrated,,,,5.00000,USD
ffd1c01a-3861-40ee-a29f-ded0ceeddbd6,2025-11-08 17:09:49,1 RUBY MANGO,CustomItem,Items,1,Completed,,,2.50000,USD,Unrated,,,,2.50000,USD
a711780c-7fc8-4594-bcd2-a1e03f711885,2025-11-08 17:05:54,"1 DIAMOND MANGO, MANGO,",CustomItem,Items,1,Completed,,,1.50000,USD,Unrated,,,,1.50000,USD
6badd68c-2bfc-4ef2-9d20-2218e32eb8c4,2025-11-08 17:00:34,DIAMOND STARFRUIT,CustomItem,Items,1,Completed,,,6.00000,USD,Positive,GGWP!,,,6.00000,USD
a8284ff2-68e5-4b04-8f52-cdb058abdb17,2025-11-08 16:59:10,"RUBY KING LIMONE, LEMON",CustomItem,Items,1,Completed,,,5.50000,USD,Positive,Fast delivery,,,5.50000,USD
d33ee7a1-75f8-484d-925f-7e89bd04d93f,2025-11-08 16:58:31,1 RUBY MANGO,CustomItem,Items,2,Completed,,,2.50000,USD,Positive,Gg,,,5.00000,USD
113e9f88-0aa8-484b-a974-075948ecadaf,2025-11-08 16:55:57,1 RUBY MANGO,CustomItem,Items,1,Completed,,,2.50000,USD,Unrated,,,,2.50000,USD
e78360df-2fa4-444f-9f40-1903af7d0f95,2025-11-08 16:53:16,"1 DIAMOND MANGO, MANGO,",CustomItem,Items,2,Completed,,,1.50000,USD,Positive,Gg,,,3.00000,USD
bb9e1648-d244-48b2-8111-20c38fabb6db,2025-11-08 16:27:44,ANY BRAINROT 1M/S CHEAPP,CustomItem,Items,2,Completed,,,1.50000,USD,Unrated,,,,3.00000,USD
883219a2-d887-4a2e-a069-da9d93557a24,2025-11-08 16:12:13,ANY BRAINROT 1M/S CHEAPP,CustomItem,Items,9,Completed,,,1.50000,USD,Unrated,,,,13.50000,USD
b88ab95b-1426-42a4-925f-ceea87670ffe,2025-11-08 16:05:54,1 RUBY MANGO,CustomItem,Items,1,Completed,,,2.50000,USD,Positive,Gg !,,,2.50000,USD
899689f7-0192-4981-ac4c-16ab6799de47,2025-11-08 16:03:29,RAINBOW LEMOWZIO 1M/S,CustomItem,Items,1,Completed,,,4.00000,USD,Positive,Really fast and nice,,,4.00000,USD
c401ae0b-d33d-457f-9550-6a869333a785,2025-11-08 15:55:37,1 RUBY MANGO,CustomItem,Items,2,Completed,,,2.50000,USD,Positive,GOAT,,,5.00000,USD
a041a5c5-713c-4b95-89d7-d2b892c23885,2025-11-08 15:55:03,1 NEON MANGO CHEAP,CustomItem,Items,1,Completed,,,5.00000,USD,Positive,"Easy and quick ",,,5.00000,USD
6b25d1ab-66e5-4162-a653-407a64e6655d,2025-11-08 15:38:17,MAGMA LEMOWZIO 1M/S,CustomItem,Items,2,Completed,,,4.00000,USD,Positive,Extra mile,,,8.00000,USD
c8db8923-e14c-41af-9b8b-1ddb38061914,2025-11-08 15:27:48,"1 DIAMOND KING LIMONE, LEMON",CustomItem,Items,1,Completed,,,4.50000,USD,Unrated,,,,4.50000,USD
713bb1cb-b3cb-4f3d-9a89-2931f83c7f61,2025-11-08 15:21:06,1 RUBY MANGO,CustomItem,Items,1,Completed,,,2.50000,USD,Unrated,,,,2.50000,USD
1f278935-1f4a-49e5-b65f-63db015e8d00,2025-11-08 15:21:05,1 NEON MANGO CHEAP,CustomItem,Items,1,Completed,,,5.00000,USD,Positive,Good communication,,,5.00000,USD
43de2b0f-65a3-463c-9158-5fe908c4c3e0,2025-11-08 15:18:03,1 NEON MANGO CHEAP,CustomItem,Items,1,Completed,,,5.00000,USD,Positive,"Super nice
",,,5.00000,USD
f772f768-d310-4d5d-8a2f-ba9bdc30c80a,2025-11-08 15:01:12,RUBY STARFRUIT,CustomItem,Items,1,Completed,,,7.00000,USD,Unrated,,,,7.00000,USD
6e5b8fe9-fee6-4f44-bce4-4b1bd4a5bde7,2025-11-08 14:57:42,"1 DIAMOND MANGO, MANGO,",CustomItem,Items,1,Completed,,,1.50000,USD,Positive,Extra mile,,,1.50000,USD
8584d385-f8bd-4c0e-bb76-d8a67191f5aa,2025-11-08 14:57:21,"RUBY KING LIMONE, LEMON",CustomItem,Items,1,Canceled,,,5.50000,USD,Unrated,,Mutual_Agreement,,5.50000,USD
ef4f45f3-8e7f-4ba4-badc-006375a9dc6e,2025-11-08 14:56:48,"THIS SHOP ONLY MEANS CUSTOM SHOP, ASKING, WANT TO SEE OR NEGOTIATE",CustomItem,Items,1,Canceled,,,1.00000,USD,Unrated,,Mutual_Agreement,,1.00000,USD
e7be505f-cd06-4183-928f-35ec795ebc5b,2025-11-08 14:56:32,RUBY STARFRUIT,CustomItem,Items,1,Completed,,,7.00000,USD,Positive,GGWP!,,,7.00000,USD
ef065999-275d-4f25-861c-a27df7175cd1,2025-11-08 14:54:36,ELECTRICFIED GOLD KING LIMONE,CustomItem,Items,1,Completed,,,3.00000,USD,Unrated,,,,3.00000,USD
38457bab-5ae9-47f1-9fec-3b8b319659fd,2025-11-08 14:49:53,"1 DIAMOND MANGO, MANGO,",CustomItem,Items,1,Completed,,,1.50000,USD,Positive,"Fast trusted and reliable 
⭐️⭐️⭐️⭐️⭐️",,,1.50000,USD
a3f6fb29-4571-4d2e-9cd9-2979f8bc6b12,2025-11-08 14:26:59,DIAMOND NEON SHROOMBINO,CustomItem,Items,1,Completed,,,4.00000,USD,Positive,"Perfect ",,,4.00000,USD
ecf31b24-80d6-446d-be3d-913f29161339,2025-11-08 14:26:43,NEON STAR FRUIT,CustomItem,Items,1,Completed,,,10.00000,USD,Positive,GGWP!,,,10.00000,USD
84ca315a-9999-4822-b043-106080164701,2025-11-08 14:14:58,ELECTRICFIED STARFRUIT,CustomItem,Items,1,Completed,,,3.00000,USD,Positive,As described,,,3.00000,USD
62a52ecd-eea9-4646-9272-49284ef3dd52,2025-11-08 14:12:12,1 RUBY MANGO,CustomItem,Items,1,Completed,,,2.50000,USD,Positive,GGWP!,,,2.50000,USD
4603b567-dfd7-48b2-8d37-40f106c92eb5,2025-11-08 14:11:16,1 RUBY MANGO,CustomItem,Items,1,Completed,,,2.50000,USD,Positive,Goed,,,2.50000,USD
528bcb87-e934-43b1-8565-fab02962724b,2025-11-08 14:07:30,1 RUBY MANGO,CustomItem,Items,1,Completed,,,2.50000,USD,Unrated,,,,2.50000,USD
a073fd53-2674-42a9-b829-69c00ca9886c,2025-11-08 14:03:49,RUBY STARFRUIT,CustomItem,Items,1,Completed,,,7.00000,USD,Positive,Got it fast,,,7.00000,USD
df3cd173-aadd-4cdd-80fd-af02a0d9f1ce,2025-11-08 13:51:02,"1 DIAMOND MANGO, MANGO,",CustomItem,Items,3,Completed,,,1.50000,USD,Positive,GOAT,,,4.50000,USD
ce4b0bd6-0c5e-49ad-9f44-024989dc8975,2025-11-08 13:48:55,GALACTIC Los Mr Carrotitos  1M/S,CustomItem,Items,1,Completed,,,4.00000,USD,Positive,GGWP!,,,4.00000,USD
4f199ecb-4633-40d0-9d76-f93ef602ec0a,2025-11-08 13:48:04,"1 DIAMOND MANGO, MANGO,",CustomItem,Items,1,Completed,,,1.50000,USD,Positive,"2nd Trade with them, very easy thankyou ",,,1.50000,USD
edfd6b26-6859-4cca-8208-65945084c1c5,2025-11-08 13:41:20,ANY BRAINROT 1M/S CHEAPP,CustomItem,Items,13,Completed,,,1.50000,USD,Positive,GGWP!,,,19.50000,USD
312a8957-b172-43dd-8ce5-48baf70b5693,2025-11-08 13:40:54,1 RUBY MANGO,CustomItem,Items,1,Completed,,,2.50000,USD,Positive,Was very quick and easy!,,,2.50000,USD
eb76c88f-8f30-4ea5-82da-36e0a9b5e63e,2025-11-08 13:37:29,"1 RUBY SHROOMBINO, SHROOM,",CustomItem,Items,1,Completed,,,2.50000,USD,Positive,GGWP!,,,2.50000,USD
f51bb4b9-3d10-45d3-81d9-629b0362da89,2025-11-08 13:26:30,1 RUBY MANGO,CustomItem,Items,1,Completed,,,2.50000,USD,Unrated,,,,2.50000,USD
dc31ab62-2138-4889-9cac-197b5158ba78,2025-11-08 13:23:11,"1 DIAMOND KING LIMONE, LEMON",CustomItem,Items,1,Completed,,,4.50000,USD,Unrated,,,,4.50000,USD
0821effe-68d0-4f50-bc9f-48965f979f4d,2025-11-08 13:11:48,"RUBY KING LIMONE, LEMON",CustomItem,Items,1,Completed,,,5.50000,USD,Unrated,,,,5.50000,USD
6bf30aba-60aa-4db6-af7c-b26160fd9b04,2025-11-08 13:08:07,"NEON KING LIMONE, LEMON",CustomItem,Items,1,Completed,,,6.00000,USD,Unrated,,,,6.00000,USD
01926c4f-a7f8-4332-9c6e-883677986d02,2025-11-08 12:54:32,1 RUBY MANGO,CustomItem,Items,1,Completed,,,2.50000,USD,Positive,"the best
",,,2.50000,USD
dc7ac932-7100-49f3-b6a9-25ee67c78aa4,2025-11-08 12:47:53,"1 DIAMOND MANGO, MANGO,",CustomItem,Items,1,Completed,,,1.50000,USD,Unrated,,,,1.50000,USD
4d509549-86a4-44f5-9585-151104dfcd6f,2025-11-08 12:40:32,1 RUBY MANGO,CustomItem,Items,1,Completed,,,2.50000,USD,Positive,Good communication,,,2.50000,USD
12d4367d-4280-4e2f-b1fe-845ca477b970,2025-11-08 12:40:16,NEON STAR FRUIT,CustomItem,Items,1,Completed,,,10.00000,USD,Positive,GOOD PERSON,,,10.00000,USD
6d5c72f3-9a65-4697-896a-d011740611ee,2025-11-08 12:36:35,1 RUBY MANGO,CustomItem,Items,1,Completed,,,2.50000,USD,Positive,GGWP!,,,2.50000,USD
7e3b0d58-cdea-4f4f-99eb-ad943c05f416,2025-11-08 12:27:38,1 RUBY MANGO,CustomItem,Items,1,Completed,,,2.50000,USD,Positive,fast seller :)),,,2.50000,USD
57b3c821-c5ba-4bd4-a36d-a8fdce14b179,2025-11-08 12:18:25,RUBY STARFRUIT,CustomItem,Items,1,Completed,,,7.00000,USD,Positive,GGWP!,,,7.00000,USD
04b90fa9-22e0-484a-b035-bc14a8192165,2025-11-08 12:18:13,DIAMOND STARFRUIT,CustomItem,Items,1,Completed,,,6.00000,USD,Positive,Helpful and responsive,,,6.00000,USD
defc09d1-b4d3-43ee-aa5e-d6ea78657294,2025-11-08 11:39:20,1 RUBY MANGO,CustomItem,Items,1,Completed,,,2.50000,USD,Positive,amazing service even let me pick my own product :),,,2.50000,USD
4cbe15e3-e8a6-405a-a92e-74478088c4ed,2025-11-08 11:06:45,"NEON KING LIMONE, LEMON",CustomItem,Items,1,Completed,,,6.00000,USD,Unrated,,,,6.00000,USD
32bd3d26-010d-4d23-a175-01598d14b38c,2025-11-08 11:06:36,"1 NEON SHROOMBINO, SHROOM,",CustomItem,Items,1,Completed,,,4.50000,USD,Unrated,,,,4.50000,USD
9ce3f955-4be6-4f61-8fd0-7e52f6ea9319,2025-11-08 10:42:22,1 NEON MANGO CHEAP,CustomItem,Items,1,Completed,,,5.00000,USD,Positive,GOAT,,,5.00000,USD
b792ea29-3b58-459d-8fd3-50a3dc0dc9ad,2025-11-08 08:37:44,DIAMOND STARFRUIT,CustomItem,Items,1,Completed,,,6.00000,USD,Positive,"Fast and quick I highly recommend it ",,,6.00000,USD
1bd8e69f-c784-4a46-a537-64ac42d0af7a,2025-11-08 08:27:26,UPSIDE DOWN LEMOWZIO 1M/S,CustomItem,Items,1,Completed,,,4.00000,USD,Positive,As described,,,4.00000,USD
da0aa83d-8943-4989-b3eb-0bd9c8a8fe03,2025-11-08 08:26:27,GALACTIC LEMOWZIO 1M/S,CustomItem,Items,1,Completed,,,4.00000,USD,Positive,Good price,,,4.00000,USD
b25179ce-6427-48b5-be7f-cd3ff99d480e,2025-11-08 08:08:25,RAINBOW LEMOWZIO 1M/S,CustomItem,Items,1,Completed,,,4.00000,USD,Unrated,,,,4.00000,USD
16af8a15-816b-4750-be80-991b2d2744df,2025-11-08 07:43:42,1 RUBY MANGO,CustomItem,Items,2,Completed,,,2.50000,USD,Positive,"Confiable ",,,5.00000,USD
c20da7be-90bb-499c-b561-5ad843842632,2025-11-08 04:33:45,1 NEON MANGO,CustomItem,Items,1,Completed,,,6.00000,USD,Unrated,,,,6.00000,USD
a8b12f2e-2e5c-48a7-96d0-bfde4e215ead,2025-11-08 04:00:16,RUBY STARFRUIT,CustomItem,Items,1,Completed,,,7.00000,USD,Positive,Fast and let me choice,,,7.00000,USD
c59c9bd3-7b7b-4706-94c2-79d72121da07,2025-11-08 03:47:58,1 RUBY MANGO,CustomItem,Items,2,Completed,,,2.50000,USD,Unrated,,,,5.00000,USD
037ca035-11de-4a2d-9751-25694be62a9a,2025-11-08 02:56:41,"NEON KING LIMONE, LEMON",CustomItem,Items,1,Completed,,,7.00000,USD,Positive,GGWP!,,,7.00000,USD
514c1c4d-91b7-4192-bdca-a5c52f432ad4,2025-11-08 02:55:04,"CUSTOM SHOP, ASKING, WANT TO SEE OR NEGOTIATE",CustomItem,Items,1,Completed,,,1.00000,USD,Unrated,,,,1.00000,USD
5e89bd92-259d-4c62-bc4d-b23661da4dfa,2025-11-08 02:09:51,DIAMOND STARFRUIT,CustomItem,Items,1,Completed,,,6.50000,USD,Positive,w trade very fast,,,6.50000,USD
b49953ac-5da9-499e-b8cc-05682a9a09be,2025-11-08 02:05:12,1 RUBY MANGO,CustomItem,Items,1,Completed,,,2.50000,USD,Positive,GGWP!,,,2.50000,USD
d5076a85-d7e0-4aa7-8e42-72d5f3c7ba23,2025-11-08 01:06:10,"1 DIAMOND MANGO, MANGO,",CustomItem,Items,1,Completed,,,2.00000,USD,Positive,Best,,,2.00000,USD
1d4f9328-e475-40cd-901c-c5c75847bfdc,2025-11-08 00:21:55,RUBY STARFRUIT,CustomItem,Items,1,Completed,,,7.00000,USD,Positive,GGWP!,,,7.00000,USD
c989b323-6ecd-49a3-b884-5ff69162e2d6,2025-11-08 00:15:56,DIAMOND STARFRUIT,CustomItem,Items,1,Completed,,,6.50000,USD,Unrated,,,,6.50000,USD
08a78b07-eb6a-4c13-8951-86c87494c6a5,2025-11-07 15:02:51,ANY BRAINROT 1M/S CHEAPP,CustomItem,Items,6,Completed,,,1.50000,USD,Positive,very fast,,,9.00000,USD
a99fbeda-6c9b-45c7-9128-a1a1a6395d5c,2025-11-07 13:55:21,ANY BRAINROT 1M/S CHEAPP,CustomItem,Items,3,Completed,,,1.50000,USD,Positive,Extra mile,,,4.50000,USD
f983dd9b-4d85-4c81-9e2d-7dfdc625b5eb,2025-11-07 12:41:08,1 NEON MANGO,CustomItem,Items,1,Completed,,,5.00000,USD,Unrated,,,,5.00000,USD
6928bc47-f2de-4a90-a7ab-58147b2033db,2025-11-07 12:17:58,NEON STAR FRUIT,CustomItem,Items,1,Completed,,,8.00000,USD,Positive,"Very fast and good seller, would recommend buying from them again  ",,,8.00000,USD
fe9e32f7-2e7e-4fb9-99d1-16618656ee84,2025-11-07 06:46:24,"1 DIAMOND MANGO, MANGO,",CustomItem,Items,1,Completed,,,1.50000,USD,Positive,Fast and great,,,1.50000,USD
370fc419-f3f7-4e3a-bfc6-baf30ad65d61,2025-11-07 03:52:05,ANY BRAINROT 1M/S CHEAPP,CustomItem,Items,1,Completed,,,1.50000,USD,Unrated,,,,1.50000,USD
7a3c8932-e7c8-4872-afc7-74771cc1f5c5,2025-11-07 03:40:32,ANY BRAINROT 1M/S CHEAPP,CustomItem,Items,3,Completed,,,1.50000,USD,Unrated,,,,4.50000,USD
8fd6b82a-45ec-4ab4-b0c2-820861b4f00e,2025-11-07 02:35:34,1 NEON MANGO,CustomItem,Items,1,Completed,,,5.50000,USD,Positive,Good communication,,,5.50000,USD
a0a70893-ae2b-4634-a523-e83887b47a3b,2025-11-07 02:28:26,"1 DIAMOND MANGO, MANGO,",CustomItem,Items,1,Completed,,,2.00000,USD,Positive,GGWP!,,,2.00000,USD
9ef32cd7-fd77-4dd0-a514-5978e72e93ba,2025-11-07 02:00:01,"NEON KING LIMONE, LEMON",CustomItem,Items,1,Completed,,,6.00000,USD,Positive,fast delivery,,,6.00000,USD
c8ad0f72-eed6-4173-a61b-5e3bc4482395,2025-11-07 01:58:21,DIAMOND STARFRUIT,CustomItem,Items,2,Completed,,,6.00000,USD,Positive,Fast delivery,,,12.00000,USD
94b85efa-3402-4aca-9575-28a357bc0527,2025-11-07 01:57:53,RUBY STARFRUIT,CustomItem,Items,1,Completed,,,7.00000,USD,Positive,fast delivery,,,7.00000,USD
ec492f99-a38f-42e9-9bf8-76706649a61e,2025-11-07 01:55:20,1 RUBY MANGO,CustomItem,Items,1,Completed,,,2.50000,USD,Positive,Wwwww,,,2.50000,USD
c9d2216b-a70c-452a-83f1-49b950af2b74,2025-11-07 01:38:19,DIAMOND STARFRUIT,CustomItem,Items,1,Completed,,,6.00000,USD,Positive,Fast,,,6.00000,USD
de8c881d-99e6-44e9-b9a8-05daabdc8879,2025-11-07 01:11:51,ANY BRAINROT 1M/S CHEAPP,CustomItem,Items,1,Completed,,,1.50000,USD,Unrated,,,,1.50000,USD
81e4ca8a-b511-4541-953f-7263d2f76b7d,2025-11-07 00:48:13,"1 DIAMOND MANGO, MANGO,",CustomItem,Items,1,Completed,,,2.00000,USD,Positive,fasttt,,,2.00000,USD
8a561129-bc1e-4519-a47c-5c7287765633,2025-11-07 00:47:10,"1 DIAMOND KING LIMONE, LEMON",CustomItem,Items,1,Completed,,,4.00000,USD,Positive,Fast,,,4.00000,USD
a76599dc-8ab0-476e-a3c4-7e34ad6686a6,2025-11-07 00:45:03,"1 RUBY SHROOMBINO, SHROOM,",CustomItem,Items,1,Completed,,,2.50000,USD,Positive,"fully legit let me choose which one i can get ",,,2.50000,USD
a6c8c8cc-71c6-4fda-8f71-3d21702fefaa,2025-11-07 00:43:16,"NEON KING LIMONE, LEMON",CustomItem,Items,1,Completed,,,6.00000,USD,Positive,Fast,,,6.00000,USD
92fe4d25-3eb3-436e-834c-5a2c7ce2ad19,2025-11-06 23:50:16,"1 NEON SHROOMBINO, SHROOM,",CustomItem,Items,1,Completed,,,3.00000,USD,Unrated,,,,3.00000,USD
e01f2cd0-85a0-4cd5-8eb4-67a5ab429bf4,2025-11-06 23:48:55,"1 RUBY SHROOMBINO, SHROOM,",CustomItem,Items,1,Completed,,,3.00000,USD,Unrated,,,,3.00000,USD
0f83c167-0a20-4da7-abae-d17ad737f0cd,2025-11-06 23:14:29,BUNDLES 3 NEON MANGO 2 NEON LIMONE,CustomItem,Items,1,Completed,,,20.00000,USD,Positive,GGWP!,,,20.00000,USD
8e94fb52-1a23-4cdc-a6a7-71391fe8171b,2025-11-06 23:00:10,RUBY STARFRUIT,CustomItem,Items,1,Completed,,,7.00000,USD,Positive,GGWP!,,,7.00000,USD
2ac37bb1-2ae0-4537-b13a-516f26dfe049,2025-11-06 22:57:32,1 RUBY MANGO,CustomItem,Items,1,Completed,,,3.00000,USD,Positive,GGWP!,,,3.00000,USD
e5119111-be63-4073-bb23-b89323e0b13c,2025-11-06 22:54:15,"1 DIAMOND MANGO, MANGO,",CustomItem,Items,1,Completed,,,2.00000,USD,Unrated,,,,2.00000,USD
8c1df029-ddfa-46e8-b332-baeccdcb2cd4,2025-11-06 22:37:39,ANY BRAINROT 1M/S CHEAPP,CustomItem,Items,2,Completed,,,1.50000,USD,Unrated,,,,3.00000,USD
dd26800b-5ca2-4515-93dd-a18b3da2ecdf,2025-11-06 15:39:02,"1 DIAMOND MANGO, MANGO,",CustomItem,Items,1,Completed,,,2.00000,USD,Positive,"very fast 
",,,2.00000,USD
173a89ce-4f92-4d18-8b98-ea7b595c0da6,2025-11-06 15:31:33,1 RUBY MANGO,CustomItem,Items,1,Completed,,,3.00000,USD,Unrated,,,,3.00000,USD
ab76d9d7-b11d-4049-895b-72b2167e7244,2025-11-06 13:12:50,1 NEON MANGO,CustomItem,Items,2,Completed,,,4.00000,USD,Positive,GGWP!,,,8.00000,USD
39129957-f939-452e-a473-e571ea0f0517,2025-11-06 04:17:36,ANY BRAINROT 1M/S CHEAPP,CustomItem,Items,3,Completed,,,1.50000,USD,Positive,W,,,4.50000,USD
e9d125ca-b487-4356-97ae-a794903e4c84,2025-11-06 04:13:16,1 NEON MANGO,CustomItem,Items,1,Completed,,,5.00000,USD,Positive,GGWP,,,5.00000,USD
ee6f74a3-0b74-4774-9a0f-e6277e58888e,2025-11-06 03:31:21,1 RUBY MANGO,CustomItem,Items,1,Completed,,,3.00000,USD,Positive,GOAT,,,3.00000,USD
facd462c-0800-4f2e-8eda-f806457df79f,2025-11-06 02:19:46,1 RUBY MANGO,CustomItem,Items,1,Completed,,,3.00000,USD,Positive,Helpful and responsive,,,3.00000,USD
63732ca3-84aa-4ea4-92e9-4662ac55ba62,2025-11-06 01:39:57,"1 DIAMOND KING LIMONE, LEMON",CustomItem,Items,1,Completed,,,5.00000,USD,Positive,GOAT,,,5.00000,USD
58a3ab63-4682-4232-a6e9-5d2f45dfc0b1,2025-11-06 01:26:14,1 NEON MANGO,CustomItem,Items,1,Completed,,,5.00000,USD,Positive,Helpful and responsive,,,5.00000,USD
2390069f-8ff5-40f3-9931-6d38f00e9fda,2025-11-05 23:30:30,"1 DIAMOND KING LIMONE, LEMON",CustomItem,Items,1,Completed,,,5.00000,USD,Positive,Very fast delivery,,,5.00000,USD
a80a7086-36cd-4095-b5ee-547223415975,2025-11-05 23:28:12,"1 NEON SHROOMBINO, SHROOM,",CustomItem,Items,1,Completed,,,4.00000,USD,Positive,very fast delivery,,,4.00000,USD
7e7ec039-4854-49dd-860f-b51729738296,2025-11-05 15:32:26,1 NEON MANGO,CustomItem,Items,1,Completed,,,5.00000,USD,Positive,very serious,,,5.00000,USD
8f5441ab-3876-470c-98b7-364f3857e29c,2025-11-05 15:26:40,"NEON KING LIMONE, LEMON",CustomItem,Items,1,Completed,,,7.00000,USD,Positive,Great,,,7.00000,USD
2bdf61a0-7cf0-48f9-8c13-76f9a7d57b1c,2025-11-05 14:54:58,"1 DIAMOND SHROOMBINO, SHROOM,",CustomItem,Items,1,Completed,,,1.50000,USD,Positive,Good price,,,1.50000,USD
ca6f4c2d-92ef-4b1b-b70c-22f9823af6ff,2025-11-05 14:52:08,"RUBY KING LIMONE, LEMON",CustomItem,Items,1,Completed,,,6.00000,USD,Positive,Extra mile,,,6.00000,USD
44550c07-515c-40cb-9a18-594dc003594a,2025-11-05 14:49:19,"NEON KING LIMONE, LEMON",CustomItem,Items,1,Completed,,,7.00000,USD,Positive,As described,,,7.00000,USD
b6ef223b-f89d-4ccb-b748-4836ce446369,2025-11-05 14:47:01,"1 NEON SHROOMBINO, SHROOM,",CustomItem,Items,1,Completed,,,4.00000,USD,Positive,Good communication,,,4.00000,USD
0ffba61f-ff6c-421f-bf8e-267f9338c999,2025-11-05 14:43:40,1 RUBY MANGO,CustomItem,Items,1,Completed,,,3.00000,USD,Positive,Helpful and responsive,,,3.00000,USD
fdcc656c-d1a5-4259-8533-99ac7650cf0a,2025-11-05 14:05:57,1 RUBY MANGO,CustomItem,Items,1,Completed,,,3.00000,USD,Positive,Fast delivery,,,3.00000,USD
fb3713a5-a042-4733-ba4c-185e5d93120e,2025-11-05 12:27:17,"RARE TITAN SHROOMBINO MAX LVL 400K DPS 12KG, CHEAP",CustomItem,Items,1,Completed,,,6.00000,USD,Positive,"great
",,,6.00000,USD
4edd5798-181d-41b2-973e-aaa9a641db08,2025-11-05 12:13:22,1 RUBY MANGO,CustomItem,Items,1,Completed,,,3.00000,USD,Positive,"my 4 order and very fast ",,,3.00000,USD
42e5c579-3c8f-4176-b3b3-f71923b1e1e1,2025-11-05 12:07:17,1 NEON MANGO,CustomItem,Items,1,Completed,,,5.00000,USD,Positive,"very fast ",,,5.00000,USD
9b774403-0003-44a5-9035-f4d11888f128,2025-11-05 10:44:31,CUSTOM SHOP OR NEGOTIATE,CustomItem,Items,5,Completed,,,1.00000,USD,Positive,GGWP!,,,5.00000,USD
6db2ab0e-c3c8-4ced-87ac-2ce85aa7373c,2025-11-05 10:39:10,"2$ = 1 DIAMOND SHROOMBINO, SHROOM,",CustomItem,Items,2,Completed,,,1.50000,USD,Positive,As described,,,3.00000,USD
1251256a-8dce-4517-b1f3-5f67d8c49b49,2025-11-05 10:24:30,"3$ = 1 DIAMOND MANGO, MANGO,",CustomItem,Items,1,Completed,,,2.00000,USD,Positive,Extra mile,,,2.00000,USD
cd1ddd57-608d-4d56-8045-8321a4c8c224,2025-11-05 10:18:59,1 RUBY MANGO,CustomItem,Items,1,Completed,,,3.00000,USD,Positive,GOAT,,,3.00000,USD
fcb8c129-5206-495a-acec-bf9e62ecb565,2025-11-05 09:17:23,1 NEON MANGO,CustomItem,Items,1,Completed,,,5.00000,USD,Positive,GGWP!,,,5.00000,USD
b1b6c427-f2ef-401c-b025-a74c270544ee,2025-11-05 09:06:44,1 RUBY MANGO,CustomItem,Items,1,Completed,,,3.00000,USD,Positive,GGWP!,,,3.00000,USD
69dcaa93-3e33-4845-8eb5-0e662c75ed0e,2025-11-05 08:52:38,"3$ = 1 DIAMOND MANGO, MANGO,",CustomItem,Items,2,Completed,,,2.00000,USD,Positive,GGWP!,,,4.00000,USD
e3618f07-886d-4e09-9462-39dc006ebfd7,2025-11-05 04:49:41,"3$ = 1 DIAMOND MANGO, MANGO,",CustomItem,Items,2,Completed,,,2.00000,USD,Positive,great service overall and very respectful,,,4.00000,USD
d442f151-7516-4257-acd7-31c230f68701,2025-11-05 04:21:25,"NEON KING LIMONE, LEMON",CustomItem,Items,2,Completed,,,7.00000,USD,Positive,"Very fast delivery time ",,,14.00000,USD
a8cbccf2-c221-4b52-ae9a-6fc263cf927f,2025-11-05 02:53:06,ANY BRAINROT 1M/S CHEAPP,CustomItem,Items,1,Completed,,,1.50000,USD,Positive,Really fast and kind to me 😃,,,1.50000,USD
8c3d355c-028b-4b60-9a6a-c00e05863cf5,2025-11-05 02:45:29,"RUBY KING LIMONE, LEMON",CustomItem,Items,1,Completed,,,6.00000,USD,Positive,Good price,,,6.00000,USD
bc841c18-a8e0-429a-ac26-3f5240746f26,2025-11-05 02:37:21,"NEON KING LIMONE, LEMON",CustomItem,Items,1,Completed,,,7.00000,USD,Positive,Fast and good.,,,7.00000,USD
baafcafe-3ee0-4000-87b4-8f22084eb218,2025-11-05 02:34:14,"1 DIAMOND KING LIMONE, LEMON",CustomItem,Items,1,Completed,,,5.00000,USD,Positive,Extra mile,,,5.00000,USD
3033d175-68f0-4c91-b463-5683d8c4d0ed,2025-11-05 02:32:30,1 RUBY MANGO,CustomItem,Items,2,Completed,,,3.00000,USD,Positive,Fast delivery,,,6.00000,USD
b6954d51-d6b5-4e66-a882-bff204bb1298,2025-11-05 02:25:40,"3$ = 1 DIAMOND MANGO, MANGO,",CustomItem,Items,1,Completed,,,2.00000,USD,Positive,GOAT,,,2.00000,USD
c9be94a8-a2a8-4415-8eb2-950c968a96c0,2025-11-05 00:24:17,ANY BRAINROT 1M/S CHEAPP,CustomItem,Items,1,Completed,,,1.50000,USD,Positive,very good and fast,,,1.50000,USD
f6632577-7e9d-4ae5-916e-77b5952fb5a1,2025-11-04 16:36:36,1 NEON MANGO,CustomItem,Items,1,Completed,,,5.00000,USD,Positive,Helpful and responsive,,,5.00000,USD
df91f58b-95bb-4dde-b469-79a4a6e6a575,2025-11-04 16:16:01,"1 NEON SHROOMBINO, SHROOM,",CustomItem,Items,1,Completed,,,4.00000,USD,Positive,Good communication,,,4.00000,USD
847c2d8b-1d0f-476c-bcce-7131220a4f2d,2025-11-04 14:29:49,"3$ = 1 DIAMOND MANGO, MANGO,",CustomItem,Items,1,Completed,,,3.00000,USD,Positive,"Fast and quick I highly recommend it ",,,3.00000,USD
533e3b7c-ec7c-4fec-8dd8-4fb5939856e1,2025-11-04 14:10:46,ANY BRAINROT 1M/S CHEAPP,CustomItem,Items,5,Completed,,,1.50000,USD,Positive,Helpful and responsive,,,7.50000,USD
7dc60e50-69d3-4d63-b3b0-106b5e314ccf,2025-11-04 13:40:36,ANY PLANT LVL 10 300K DPS +,CustomItem,Items,1,Completed,,,3.00000,USD,Positive,W mans quick delivery,,,3.00000,USD
3fde0677-92a2-40ef-8167-fd831a999959,2025-11-04 13:36:03,"3$ = 1 DIAMOND MANGO, MANGO,",CustomItem,Items,2,Completed,,,3.00000,USD,Positive,Got the items within seconds,,,6.00000,USD
e7b15c2c-5922-4457-be0d-2bd39d0f380a,2025-11-04 13:34:03,1 RUBY MANGO,CustomItem,Items,2,Completed,,,4.00000,USD,Positive,"Great communication ",,,8.00000,USD
6546d1fe-0545-4680-abcb-66ef378e94df,2025-11-04 13:30:07,1 NEON MANGO,CustomItem,Items,2,Completed,,,5.00000,USD,Positive,"Replied within a minute, great guy",,,10.00000,USD
9e621ffa-1581-4025-b762-31dc579775c8,2025-11-04 12:17:18,ANY BRAINROT 1M/S CHEAPP,CustomItem,Items,3,Completed,,,1.50000,USD,Positive,good seller,,,4.50000,USD
439874ae-a192-44fc-aefd-57dda6921021,2025-11-04 10:35:57,1 NEON MANGO,CustomItem,Items,2,Completed,,,5.00000,USD,Positive,GGWP!,,,10.00000,USD
869ab08e-151d-48be-bd72-a184e995de1c,2025-11-04 10:33:34,ANY BRAINROT 1M/S CHEAPP,CustomItem,Items,2,Completed,,,1.50000,USD,Positive,fast,,,3.00000,USD
3420089a-7699-4d24-903b-4178217266c0,2025-11-04 10:26:05,"NEON KING LIMONE, LEMON",CustomItem,Items,2,Completed,,,7.00000,USD,Positive,"thanks ",,,14.00000,USD
fa185b94-c3bd-423b-b376-1098b7d7d136,2025-11-04 08:10:26,"3$ = 1 RUBY SHROOMBINO, SHROOM,",CustomItem,Items,1,Completed,,,3.00000,USD,Positive,Fast delivery,,,3.00000,USD
81674c63-f7fb-4a69-ac16-29fa9c3a8bc4,2025-11-04 07:51:39,1 NEON MANGO,CustomItem,Items,1,Completed,,,5.00000,USD,Positive,fast delivery,,,5.00000,USD
9adef8b8-9089-4531-aeb1-72ef5282a2ba,2025-11-04 07:51:28,"3$ = 1 DIAMOND MANGO, MANGO,",CustomItem,Items,2,Completed,,,3.00000,USD,Positive,Fast delivery,,,6.00000,USD
90f4fa6e-634b-41a0-8a16-00eb18ffa97b,2025-11-04 07:27:54,"2$ = 1 DIAMOND SHROOMBINO, SHROOM,",CustomItem,Items,1,Completed,,,2.00000,USD,Positive,Fast delivery,,,2.00000,USD
9644671e-2adb-4572-9eda-40c2ede23c17,2025-11-04 07:27:21,ANY BRAINROT 1M/S CHEAPP,CustomItem,Items,5,Completed,,,1.50000,USD,Positive,fast delivery,,,7.50000,USD
6580e195-f09c-458e-916a-82b339cab851,2025-11-04 07:23:19,"RUBY KING LIMONE, LEMON",CustomItem,Items,1,Completed,,,6.00000,USD,Positive,"fast delivery
",,,6.00000,USD
f21f51f1-360b-4544-bfa7-0810b0ac06e4,2025-11-04 04:22:58,"RUBY KING LIMONE, LEMON",CustomItem,Items,1,Completed,,,6.00000,USD,Positive,As described,,,6.00000,USD
13f3d9ae-7137-42ee-af66-464f972edc45,2025-11-04 04:11:04,ANY BRAINROT 1M/S CHEAPP,CustomItem,Items,5,Completed,,,1.50000,USD,Positive,"quick and as desscribed a+ 
",,,7.50000,USD
f72f33ac-2d15-4b55-90cb-1444afdebbdd,2025-11-04 03:21:52,"NEON KING LIMONE, LEMON",CustomItem,Items,1,Completed,,,7.00000,USD,Positive,Fast delivery,,,7.00000,USD
d3240d50-eb4a-40c7-a918-96da5727c987,2025-11-04 03:18:43,"1 NEON SHROOMBINO, SHROOM,",CustomItem,Items,1,Completed,,,4.00000,USD,Positive,Extra mile,,,4.00000,USD
31a87b3b-1599-4aa9-b810-3846b0694584,2025-11-04 03:18:39,ANY BRAINROT 1M/S CHEAPP,CustomItem,Items,1,Completed,,,1.50000,USD,Positive,"fast easy and great guy ",,,1.50000,USD
572f84a3-6eb7-4bcd-b3a4-b0257000fe58,2025-11-04 03:07:38,1 NEON MANGO,CustomItem,Items,1,Completed,,,5.00000,USD,Positive,As described,,,5.00000,USD
0a0a8a49-3ba1-45c6-976f-a1e33181352f,2025-11-04 03:04:48,ANY BRAINROT 1M/S CHEAPP,CustomItem,Items,1,Completed,,,1.50000,USD,Positive,"purchased twice, great seller ",,,1.50000,USD
e51dfb25-1059-42db-940c-3913b4f2d0cf,2025-11-04 02:55:39,1 NEON MANGO,CustomItem,Items,1,Completed,,,5.00000,USD,Positive,Helpful and responsive,,,5.00000,USD
9fbe6ead-7ce8-4861-b12d-706ad670c5b9,2025-11-04 02:06:55,ANY BRAINROT 1M/S CHEAPP,CustomItem,Items,1,Completed,,,1.50000,USD,Positive,GGWP!,,,1.50000,USD
4de25ac1-02a3-4fab-8709-76486b20431b,2025-11-04 02:01:34,1 RUBY MANGO,CustomItem,Items,1,Completed,,,4.00000,USD,Positive,GOAT,,,4.00000,USD
c6f0010b-d1f0-4a70-9db2-64dc1c9a6a50,2025-11-04 00:46:49,ANY BRAINROT 1M/S CHEAPP,CustomItem,Items,2,Completed,,,1.50000,USD,Positive,GOAT,,,3.00000,USD
207a83ff-f1bb-42ed-a70e-5280a1e1f4a9,2025-11-03 23:10:05,"NEON KING LIMONE, LEMON",CustomItem,Items,1,Completed,,,7.00000,USD,Positive,GGWP!,,,7.00000,USD
2361b213-624c-4b4e-8376-b7da3cbfeb0a,2025-11-03 13:51:32,ANY BRAINROT 1M/S CHEAPP,CustomItem,Items,1,Completed,,,1.50000,USD,Positive,Very good and fast,,,1.50000,USD
34930914-5d7c-4493-bd0e-2a7b08e9a1aa,2025-11-03 09:39:10,ANY BRAINROT 1M/S CHEAPP,CustomItem,Items,1,Completed,,,1.50000,USD,Positive,Good price,,,1.50000,USD
c2d56ae0-6e37-478e-bac4-56181918b546,2025-11-03 06:48:21,ANY BRAINROT 1M/S CHEAPP,CustomItem,Items,3,Completed,,,1.50000,USD,Positive,Good communication,,,4.50000,USD
e3193e04-056c-47fe-b034-6f1ee19a5ca8,2025-11-03 06:45:05,"3$ = 1 RUBY SHROOMBINO, SHROOM,",CustomItem,Items,1,Completed,,,3.00000,USD,Positive,GGWP!,,,3.00000,USD
e9154014-4dd6-418e-84be-4a0ac6b59bc4,2025-11-03 04:43:36,ANY BRAINROT 1M/S CHEAPP,CustomItem,Items,1,Canceled,,,1.50000,USD,Unrated,,Seller_Going_Offline,,1.50000,USD
68bba81a-37f1-4e6d-8f25-159ca26a3b64,2025-11-03 04:30:59,"RUBY KING LIMONE, LEMON",CustomItem,Items,1,Canceled,,,6.00000,USD,Unrated,,Mutual_Agreement,,6.00000,USD
2c82f582-c173-4a19-b945-18210fe685eb,2025-11-03 04:14:33,ANY BRAINROT 1M/S CHEAPP,CustomItem,Items,3,Canceled,Item_Not_Delivered_Within_Delivery_Time,"he not taking
",1.50000,USD,Unrated,,Mutual_Agreement,,4.50000,USD
55a67fd0-c229-455e-97a5-abf4d54e50d9,2025-11-03 02:39:47,1 RUBY MANGO,CustomItem,Items,2,Completed,,,4.00000,USD,Positive,As described,,,8.00000,USD
4ef10ba6-94b4-40d9-ab06-d28de17aa0a9,2025-11-03 02:34:20,"NEON KING LIMONE, LEMON",CustomItem,Items,1,Completed,,,7.00000,USD,Positive,Good price,,,7.00000,USD
56981894-ea1f-4050-83fc-b4fe30fd440a,2025-11-03 02:11:57,ANY BRAINROT 1M/S CHEAPP,CustomItem,Items,5,Completed,,,1.50000,USD,Positive,fast and easy,,,7.50000,USD
edf1348b-b1a6-4494-94f1-70c002307dde,2025-11-03 01:44:12,"1 NEON SHROOMBINO, SHROOM,",CustomItem,Items,1,Completed,,,4.00000,USD,Positive,GOAT,,,4.00000,USD
4a16c288-3cf5-4990-b4af-8a08ce46d821,2025-11-03 00:40:25,"RUBY KING LIMONE, LEMON",CustomItem,Items,1,Completed,,,6.00000,USD,Positive,Extra mile,,,6.00000,USD
fd235704-98b5-48d7-99b9-659516332794,2025-11-03 00:22:29,ANY BRAINROT 1M/S CHEAPP,CustomItem,Items,4,Completed,,,1.50000,USD,Positive,"fasssttt
",,,6.00000,USD
a41e8323-4bb9-4067-b2d1-67b40ef233a9,2025-11-03 00:14:05,ANY BRAINROT 1M/S CHEAPP,CustomItem,Items,2,Completed,,,1.50000,USD,Positive,fastttt,,,3.00000,USD
9e8954cc-be41-4e8e-89da-67805d099eaf,2025-11-03 00:09:47,ANY BRAINROT 1M/S CHEAPP,CustomItem,Items,1,Completed,,,1.50000,USD,Positive,GOAT,,,1.50000,USD
49bf4fe4-5136-4aed-96f8-fbda0467966c,2025-11-02 23:58:32,ANY BRAINROT 1M/S CHEAPP,CustomItem,Items,1,Completed,,,1.50000,USD,Positive,Helpful and responsive,,,1.50000,USD
3c8649cf-b52e-4a4f-901e-a36cb5ee8698,2025-11-02 23:14:02,1 NEON MANGO,CustomItem,Items,1,Completed,,,5.00000,USD,Positive,Helpful and responsive,,,5.00000,USD
61de2d8e-ff82-4305-a91d-46811285eaa7,2025-11-02 22:47:01,1 NEON MANGO,CustomItem,Items,1,Completed,,,5.00000,USD,Positive,GOAT,,,5.00000,USD
d363c97d-de13-4bc7-9ba5-7acfca25f37b,2025-11-02 22:46:07,ANY BRAINROT 1M/S CHEAPP,CustomItem,Items,4,Completed,,,1.50000,USD,Positive,"Fast and trusted ",,,6.00000,USD
5a63175b-3bd6-48d9-9f1f-3899cb48fc77,2025-11-02 16:16:29,"1 NEON SHROOMBINO, SHROOM,",CustomItem,Items,1,Completed,,,4.00000,USD,Positive,GGWP,,,4.00000,USD
257f52ed-296d-4392-b0cd-106ad7a1c03c,2025-11-02 16:15:43,4$ = 1 RUBY MANGO,CustomItem,Items,1,Completed,,,4.00000,USD,Positive,legit!!!,,,4.00000,USD
f5f7b575-df61-41be-baaf-cc32dfc5bed6,2025-11-02 15:53:13,"3$ = 1 DIAMOND MANGO, MANGO,",CustomItem,Items,1,Completed,,,3.00000,USD,Positive,legit he let me choose which one i can take w!,,,3.00000,USD
b4478ba2-b001-49b7-8dbc-82743abad430,2025-11-02 15:29:24,ANY BRAINROT 1M/S CHEAPP,CustomItem,Items,1,Completed,,,1.50000,USD,Positive,Extra mile,,,1.50000,USD
e5986408-2c7c-484d-a7d9-60ee92360144,2025-11-02 15:24:28,"1 DIAMOND KING LIMONE, LEMON",CustomItem,Items,1,Completed,,,5.00000,USD,Positive,Extra mile,,,5.00000,USD
17203477-2ec1-46cd-b700-530c58233bc0,2025-11-02 15:04:49,"1 NEON MANGO
CURRENLTY ITS AROUND 300K DPS +-",CustomItem,Items,1,Completed,,,5.00000,USD,Positive,Good price,,,5.00000,USD
0b028ef1-eed4-4b7b-80d9-7e5ae32afa94,2025-11-02 14:45:47,CUSTOM SHOP OR NEGOTIATE,CustomItem,Items,13,Completed,,,1.00000,USD,Positive,GGWP!,,,13.00000,USD
03a80df5-ca1f-4792-bfb9-2335e2abb377,2025-11-02 14:40:29,"1 NEON MANGO
CURRENLTY ITS AROUND 300K DPS +-",CustomItem,Items,1,Completed,,,5.00000,USD,Positive,GGWP!,,,5.00000,USD
bb652a36-533a-4da5-bb55-5fc7d7316074,2025-11-02 14:07:31,4$ = 1 RUBY MANGO,CustomItem,Items,1,Completed,,,4.00000,USD,Positive,very fast,,,4.00000,USD
ac153267-9884-4d10-995b-62092fddb22b,2025-11-02 13:43:36,ANY BRAINROT 1M/S CHEAPP,CustomItem,Items,4,Completed,,,1.50000,USD,Positive,w 10/10 would recommed,,,6.00000,USD
1e558f2c-ad8c-4029-837a-01f709b49ea3,2025-11-02 13:39:47,"1 NEON SHROOMBINO, SHROOM,",CustomItem,Items,1,Completed,,,4.00000,USD,Positive,"very fast ",,,4.00000,USD
7c7919d0-3490-4386-a0b5-3cf48eeb7911,2025-11-02 13:28:18,"RUBY KING LIMONE, LEMON",CustomItem,Items,1,Completed,,,5.00000,USD,Positive,Fast delivery,,,5.00000,USD
0aa2c0a9-891f-4b0a-b958-f7216f592501,2025-11-02 12:53:03,"1 NEON MANGO
CURRENLTY ITS AROUND 300K DPS +-",CustomItem,Items,1,Completed,,,5.00000,USD,Positive,GOAT,,,5.00000,USD
a17dd93f-3655-44be-921c-54262d38dba6,2025-11-02 12:53:03,"3$ = 1 DIAMOND MANGO, MANGO,",CustomItem,Items,1,Completed,,,3.00000,USD,Positive,Good communication,,,3.00000,USD
653c28a9-6d5c-49fa-a3d7-ae0bf5bf3721,2025-11-02 12:46:34,BRAINROT 1M/S CHEAPP,CustomItem,Items,2,Completed,,,1.50000,USD,Positive,nice seller!,,,3.00000,USD
10cfd320-e92e-4228-9ef1-46f02b26c70e,2025-11-02 12:33:51,"1 RANDOM PLANT LEVEL 5, 100K+ DPS",CustomItem,Items,1,Completed,,,3.00000,USD,Positive,GOAT,,,3.00000,USD
2609ae39-1f9d-4ca2-89ae-b6ecd40f8811,2025-11-02 12:28:11,"1 RANDOM PLANT LEVEL 5, 100K+ DPS",CustomItem,Items,1,Completed,,,3.00000,USD,Positive,GGWP,,,3.00000,USD
7a0d55ef-d1cc-4f82-8a45-4ae431c4cf4e,2025-11-02 11:57:56,"NEON KING LIMONE, LEMON",CustomItem,Items,1,Completed,,,6.00000,USD,Positive,GOAT,,,6.00000,USD
26c088e2-fb5e-49ee-9e30-463897da7832,2025-11-02 11:07:11,4$ = 1 RUBY MANGO,CustomItem,Items,2,Completed,,,4.00000,USD,Positive,Trustworthy Quick and easy,,,8.00000,USD
337fca6e-13df-4337-a41e-9df2c1715622,2025-11-02 10:39:05,"1 DIAMOND KING LIMONE, LEMON",CustomItem,Items,1,Completed,,,4.00000,USD,Positive,GGWP!,,,4.00000,USD
8f99652a-d34f-499b-a42e-39a6ddef8a36,2025-11-02 10:38:50,BRAINROT 1M/S CHEAPP,CustomItem,Items,5,Completed,,,1.50000,USD,Positive,Best Seller ever,,,7.50000,USD
730b9242-321d-478a-8c27-695a9a3f4b01,2025-11-02 10:33:25,BRAINROT 1M/S CHEAPP,CustomItem,Items,1,Completed,,,1.50000,USD,Positive,Good communication,,,1.50000,USD
25ba73cb-db0b-42eb-a020-de90261d347a,2025-11-02 10:26:13,"4$ = 1 NEON SHROOMBINO, SHROOM,",CustomItem,Items,1,Completed,,,4.00000,USD,Positive,GOAT,,,4.00000,USD
3a690165-bc97-45f6-988d-78a0b49938c0,2025-11-02 08:00:22,"7$ = 1 RANDOM PLANT LEVEL 5, 200K+ DPS NO DUPE (You can pick yourself if there's one more in the stock)",CustomItem,Items,1,Completed,,,5.00000,USD,Positive,GOAT,,,5.00000,USD
3d480446-5dff-4e3d-a123-520b38008eb5,2025-11-02 07:59:34,"RUBY KING LIMONE, LEMON",CustomItem,Items,1,Completed,,,5.00000,USD,Positive,GGWP,,,5.00000,USD
4a87e4e8-4d2f-4220-aa1c-4bdd41d13621,2025-11-02 07:58:59,"4$ = 1 DIAMOND KING LIMONE, LEMON",CustomItem,Items,1,Completed,,,4.00000,USD,Positive,Good price,,,4.00000,USD
6daca59b-61ed-4d26-9c23-d83f31fbb379,2025-11-02 07:51:37,"5$ = 1 NEON MANGO
CURRENLTY ITS AROUND 300K DPS +-",CustomItem,Items,1,Completed,,,5.00000,USD,Positive,Extra mile,,,5.00000,USD
e5448d09-7bed-43e8-ab02-1509bf36fb81,2025-11-02 03:44:52,"5$ = 1 NEON MANGO
CURRENLTY ITS AROUND 300K DPS +-",CustomItem,Items,1,Completed,,,5.00000,USD,Positive,Good price,,,5.00000,USD
1a0e2f1e-e9f0-422d-b207-09ffe05419e9,2025-11-02 03:40:54,BRAINROT 1M/S CHEAPP,CustomItem,Items,2,Completed,,,1.50000,USD,Positive,Extra mile,,,3.00000,USD
7843a0ac-dfdc-4d26-9a54-16777ffdb745,2025-11-02 03:30:09,"3$ = 1 RUBY SHROOMBINO, SHROOM,",CustomItem,Items,1,Canceled,Other,"I don’t want what I ordered I ordered wrong thing ",3.00000,USD,Unrated,,Buyer_Does_Not_Meet_Criteria_For_Order,,3.00000,USD
870f7e03-ed7c-49a8-b5fb-f3e056191f21,2025-11-02 02:34:02,BRAINROT 1M/S CHEAPP,CustomItem,Items,4,Completed,,,1.50000,USD,Positive,GGWP!,,,6.00000,USD
b2f97beb-8928-43bb-8c74-b00845311781,2025-11-02 02:10:30,"5$ = 1 NEON MANGO
CURRENLTY ITS AROUND 300K DPS +-",CustomItem,Items,1,Completed,,,5.00000,USD,Positive,GGWP,,,5.00000,USD
3d041e98-2945-4b34-9968-c365adc6ebcd,2025-11-02 02:07:16,"RAINBOW DILOPHOSAURUS HATCH, AGE 100,  (WEIGHT 20KG TO 24KG) MUTATION WILL BE RANDOM GOLD OR RAINBOW. WEIGHT RANDOM BASED ON STOCK",CustomItem,Items,1,Canceled,,,40.00000,USD,Unrated,,Out_Of_Stock,,40.00000,USD
a2c5057f-0e4a-4c4a-ab20-78a85ff62311,2025-11-02 01:50:41,BRAINROT 1M/S CHEAPP,CustomItem,Items,2,Completed,,,1.50000,USD,Positive,GGWP!,,,3.00000,USD
94575428-7abb-4683-aa3c-3c1e4048486b,2025-11-02 01:44:25,4$ = 1 RUBY MANGO,CustomItem,Items,1,Completed,,,4.00000,USD,Positive,Good price,,,4.00000,USD
530f7f76-2ac3-4452-8b62-08fb4cedde4e,2025-11-02 01:37:40,BRAINROT 1M/S CHEAPP,CustomItem,Items,1,Completed,,,1.50000,USD,Positive,Amazing service thank you’,,,1.50000,USD
6953e04d-bc50-42ae-beba-8aca6c41c388,2025-11-02 00:38:38,BRAINROT 1M/S CHEAPP,CustomItem,Items,2,Completed,,,1.50000,USD,Positive,GGWP!,,,3.00000,USD
ae2b614b-2285-4245-84d7-d97781af0ef6,2025-11-02 00:24:01,"4$ = 1 DIAMOND KING LIMONE, LEMON",CustomItem,Items,1,Completed,,,4.00000,USD,Positive,GOAT,,,4.00000,USD
f94bbcd6-5940-4d70-a88a-c47c275a19c0,2025-11-02 00:15:56,BRAINROT 1M/S CHEAPP,CustomItem,Items,8,Completed,,,1.50000,USD,Positive,"very fast, easy and respectful. I recommend ",,,12.00000,USD
31fb9c2d-f5f9-44c7-9c97-94272d9de67e,2025-11-01 17:42:12,BRAINROT 1M/S CHEAPP,CustomItem,Items,1,Completed,,,1.50000,USD,Positive,Good communication,,,1.50000,USD
d034c09b-3e80-491e-8507-18264cf57642,2025-11-01 17:24:39,4$ = 1 RUBY MANGO,CustomItem,Items,1,Completed,,,4.00000,USD,Positive,Good price,,,4.00000,USD
06103dc4-e2a3-4695-92c9-4f466c878cc9,2025-11-01 17:17:47,"1 RANDOM PLANT LEVEL 5, 100K+ DPS",CustomItem,Items,1,Completed,,,3.00000,USD,Positive,W,,,3.00000,USD
64f94dee-eff8-46ef-a945-b723c6a73e0c,2025-11-01 17:00:30,"4$ = 1 NEON SHROOMBINO, SHROOM,",CustomItem,Items,1,Completed,,,4.00000,USD,Positive,GGWP!,,,4.00000,USD
71da1e01-e7a0-4b9f-bf64-73f8c9eb8faf,2025-11-01 16:54:25,BRAINROT 1M/S CHEAPP,CustomItem,Items,3,Completed,,,1.50000,USD,Positive,Extra mile,,,4.50000,USD
55df77af-e653-4692-bf6c-05fcf3b3e690,2025-11-01 16:04:17,UNDERWORLD | LEMOWZIO | 1M/S,CustomItem,Items,1,Completed,,,4.00000,USD,Positive,a great seller,,,4.00000,USD
22ce558d-acda-41b4-89c7-3ba6aec22c25,2025-11-01 15:51:02,1.5$ = BRAINROT  1M/S (if there's more than 1 stock you can choose which one do u want),CustomItem,Items,1,Completed,,,1.50000,USD,Positive,GOAT,,,1.50000,USD
9bea015b-1d01-4c0c-b12a-496bc09c97db,2025-11-01 15:48:32,"3$ = 1 DIAMOND MANGO, MANGO,",CustomItem,Items,1,Completed,,,3.00000,USD,Positive,"Fast ",,,3.00000,USD
89350b81-ebf9-44e8-871f-ca9cd1e36c7b,2025-11-01 15:46:05,"5$ = 1 NEON MANGO
CURRENLTY ITS AROUND 300K DPS +-",CustomItem,Items,1,Completed,,,5.00000,USD,Positive,"Great service quick delivery! ",,,5.00000,USD
6ef0cf21-96d6-41b1-975d-1dec811800ac,2025-11-01 15:27:14,1.5$ = BRAINROT  1M/S (if there's more than 1 stock you can choose which one do u want),CustomItem,Items,1,Completed,,,1.50000,USD,Positive,GGWP!,,,1.50000,USD
2aa309a7-5caa-4ae8-a1d1-b94a4b86f6d1,2025-11-01 15:00:46,"5$ = 1 DIAMOND KING LIMONE, LEMON",CustomItem,Items,1,Canceled,,,5.00000,USD,Unrated,,Mutual_Agreement,,5.00000,USD
e421909d-f615-4c6a-a830-f82feca1e243,2025-11-01 14:46:41,"4$ = 1 NEON SHROOMBINO, SHROOM,",CustomItem,Items,1,Completed,,,4.00000,USD,Positive,Very fast not a scam I would buy from here again,,,4.00000,USD
ef9a540b-3fb9-4b77-b34d-5cc1cc6b706c,2025-11-01 14:36:31,1.5$ = BRAINROT  1M/S (if there's more than 1 stock you can choose which one do u want),CustomItem,Items,8,Completed,,,1.50000,USD,Positive,GGWP!,,,12.00000,USD
a01d3d94-f136-472a-beed-fb8b12a61d05,2025-11-01 14:07:06,4$ = 1 RUBY MANGO,CustomItem,Items,1,Completed,,,4.00000,USD,Positive,GGWP!,,,4.00000,USD
5eeb383f-8968-430b-ab37-565d10eed355,2025-11-01 14:02:12,"7$ = 1 RANDOM PLANT LEVEL 5, 200K+ DPS NO DUPE (You can pick yourself if there's one more in the stock)",CustomItem,Items,1,Completed,,,7.00000,USD,Positive,Good price,,,7.00000,USD
c8bc9dbd-e505-4d67-8600-938175794503,2025-11-01 11:54:14,1.5$ = BRAINROT  1M/S (if there's more than 1 stock you can choose which one do u want),CustomItem,Items,1,Completed,,,1.50000,USD,Positive,Fast delivery,,,1.50000,USD
219ea99c-4706-4704-867c-04c5ab0413a2,2025-11-01 10:51:09,1.5$ = BRAINROT  1M/S (if there's more than 1 stock you can choose which one do u want),CustomItem,Items,3,Completed,,,1.50000,USD,Positive,Fast,,,4.50000,USD
8c6c489d-2abd-4f2e-97cd-9db972bdc25b,2025-11-01 09:34:37,1.5$ = BRAINROT  1M/S (if there's more than 1 stock you can choose which one do u want),CustomItem,Items,2,Completed,,,1.50000,USD,Positive,He was nice and quick,,,3.00000,USD
2489610d-d89b-4b56-802f-3f95e099f905,2025-11-01 03:51:45,1.5$ = BRAINROT  1M/S (if there's more than 1 stock you can choose which one do u want),CustomItem,Items,2,Completed,,,1.50000,USD,Positive,GGWP,,,3.00000,USD
641b5dd3-c465-47e6-94db-8900a79e8add,2025-11-01 03:36:51,1.5$ = BRAINROT  1M/S (if there's more than 1 stock you can choose which one do u want),CustomItem,Items,1,Completed,,,1.50000,USD,Positive,Good price,,,1.50000,USD
bfbcf3c3-18a8-4332-8380-f1e7ccecec48,2025-11-01 02:25:48,4$ = 1 RUBY MANGO,CustomItem,Items,1,Completed,,,4.00000,USD,Positive,Fast delivery,,,4.00000,USD
45384b25-b1df-4cef-b14c-511cdf12a9b4,2025-11-01 01:40:47,1.5$ = BRAINROT  1M/S (if there's more than 1 stock you can choose which one do u want),CustomItem,Items,2,Completed,,,1.50000,USD,Positive,Quick and cheap,,,3.00000,USD
e3a50c6e-eaf9-4a62-a669-ef6aa71a5e4c,2025-11-01 00:41:03,4$ = 1 RUBY MANGO,CustomItem,Items,1,Completed,,,4.00000,USD,Positive,"Quick ",,,4.00000,USD
ba5173c6-21ca-4cdf-acc5-733fb8dd2006,2025-11-01 00:34:22,"5$ = 1 DIAMOND KING LIMONE, LEMON",CustomItem,Items,1,Completed,,,5.00000,USD,Positive,As described,,,5.00000,USD
4462700c-bbb8-48cd-93ff-7648614c6d37,2025-11-01 00:16:47,1.5$ = BRAINROT  1M/S (if there's more than 1 stock you can choose which one do u want),CustomItem,Items,2,Completed,,,1.50000,USD,Positive,GGWP!,,,3.00000,USD
