Order Id,Order Date,Title,Offer Type,Description,Purchase Quantity,Order State,Dispute Reason,Dispute Message,Price Per Unit Amount,Price Per Unit Currency,Feedback Rating,Review Message,Cancelation Reason,Cancelation Message,Total Order Amount,Total Price Currency
04e099c3-47e3-4dbc-9129-bf63b5de77af,2025-10-31 22:59:00,1.5$ = BRAINROT  1M/S (if there's more than 1 stock you can choose which one do u want),CustomItem,Items,3,Completed,,,1.50000,USD,Positive,Good communication,,,4.50000,USD
f6ea0bf6-c4a8-45f6-9a41-67c0aadd467e,2025-10-31 22:35:37,1.5$ = BRAINROT  1M/S (if there's more than 1 stock you can choose which one do u want),CustomItem,Items,1,Completed,,,1.50000,USD,Positive,Extra mile,,,1.50000,USD
cfc28abf-8313-49bc-b25e-ac705ffb0330,2025-10-31 16:47:39,"4$ = 1 DIAMOND MANGO, MANGO,",CustomItem,Items,1,Completed,,,4.00000,USD,Positive,GOAT,,,4.00000,USD
081a934c-461b-4c67-9748-facb40a42ad6,2025-10-31 13:31:09,1.5$ = BRAINROT  1M/S (if there's more than 1 stock you can choose which one do u want),CustomItem,Items,4,Completed,,,1.50000,USD,Positive,GGWP!,,,6.00000,USD
f80fb2d6-f782-4f42-bc87-18006b77077b,2025-10-31 12:40:40,"3$ = 1 RUBY SHROOMBINO, SHROOM,",CustomItem,Items,1,Canceled,,,3.00000,USD,Unrated,,Buyer_Did_Not_Respond,,3.00000,USD
1b5a6bfc-c160-411f-bb2a-c2f78731d731,2025-10-31 11:02:28,"3$ = 1 RUBY SHROOMBINO, SHROOM,",CustomItem,Items,1,Completed,,,3.00000,USD,Positive,GGWP!,,,3.00000,USD
024760b9-a6e6-4c3a-b2bb-a4e6cc82fe85,2025-10-31 10:18:33,"6$ = 1 NEON MANGO
CURRENLTY ITS AROUND 300K DPS +-",CustomItem,Items,1,Completed,,,6.00000,USD,Positive,fast and professional,,,6.00000,USD
6245e049-636e-47d4-8aee-c1fcc75137ef,2025-10-31 09:31:45,"3$ = 1 RANDOM PLANT LEVEL 5, 100K+ DPS",CustomItem,Items,1,Completed,,,3.00000,USD,Positive,Good communication,,,3.00000,USD
d72940d6-c393-4150-a716-2255b0390478,2025-10-31 09:14:42,,RequestedBoosting,Rank Boost,1,Completed,,,30.00000,USD,Positive,Fast delivery,,,30.00000,USD
302ec53f-b31b-4e07-ae22-479cc1b0c22f,2025-10-31 03:59:34,1.5$ = BRAINROT  1M/S (if there's more than 1 stock you can choose which one do u want),CustomItem,Items,4,Completed,,,1.50000,USD,Positive,"Fast service ",,,6.00000,USD
89683e9a-ba8d-4536-8f83-79dd20db6179,2025-10-31 03:43:54,5$ = 1 RUBY MANGO,CustomItem,Items,1,Completed,,,5.00000,USD,Positive,GGWP,,,5.00000,USD
ab2f399e-10e6-45c6-a554-2c35647b6b49,2025-10-31 03:35:31,"3$ = 1 RANDOM PLANT LEVEL 5, 100K+ DPS",CustomItem,Items,1,Completed,,,3.00000,USD,Positive,GGWP,,,3.00000,USD
8838f255-b95f-40b9-88ae-80b4e7076ea5,2025-10-31 03:02:41,6$ = 1 NEON MANGO,CustomItem,Items,1,Completed,,,6.00000,USD,Positive,GGWP,,,6.00000,USD
6c53516d-2f5a-43bb-9f14-2ef30ce2a81a,2025-10-31 03:02:24,1.5$ = BRAINROT  1M/S (if there's more than 1 stock you can choose which one do u want),CustomItem,Items,2,Completed,,,1.50000,USD,Positive,Fast delivery,,,3.00000,USD
5f420a5f-be9e-4b23-848d-193e45b36490,2025-10-31 02:46:17,"3$ = 1 RUBY SHROOMBINO, SHROOM,",CustomItem,Items,1,Completed,,,3.00000,USD,Positive,GGWP!,,,3.00000,USD
f76d4ba4-bd51-4860-bcb9-544b799e630c,2025-10-31 02:12:28,1.5$ = BRAINROT  1M/S (if there's more than 1 stock you can choose which one do u want),CustomItem,Items,2,Completed,,,1.50000,USD,Positive,Fast delivery,,,3.00000,USD
ae660423-ea70-4b74-a58d-7fd508535425,2025-10-31 01:35:35,"7$ = 1 RANDOM PLANT LEVEL 5, 200K+ DPS NO DUPE (You can pick yourself if there's one more in the stock)",CustomItem,Items,1,Completed,,,7.00000,USD,Positive,GGWP,,,7.00000,USD
ef33df69-edfc-480c-8bee-bbdc0a723972,2025-10-31 01:27:20,"7$ = 1 RANDOM PLANT LEVEL 5, 200K+ DPS NO DUPE (You can pick yourself if there's one more in the stock)",CustomItem,Items,1,Completed,,,7.00000,USD,Positive,Helpful and responsive,,,7.00000,USD
66e19b22-9002-4775-ad17-8d119cb9bbac,2025-10-31 00:54:05,"4$ = 1 NEON SHROOMBINO, SHROOM,",CustomItem,Items,1,Completed,,,4.00000,USD,Positive,nice,,,4.00000,USD
9154ba37-0ce7-4e61-a158-795cebeec51c,2025-10-31 00:35:59,1.5$ = BRAINROT  1M/S (if there's more than 1 stock you can choose which one do u want),CustomItem,Items,3,Completed,,,1.50000,USD,Positive,GGWP,,,4.50000,USD
55085eae-8a80-4f33-8e09-6f6d826ca8d5,2025-10-30 13:12:10,"7$ = 1 RANDOM PLANT LEVEL 5, 200K+ DPS NO DUPE (You can pick yourself if there's one more in the stock)",CustomItem,Items,1,Completed,,,7.00000,USD,Positive,As described,,,7.00000,USD
cb87b1b8-2325-4ffc-8a80-c0088e6263c6,2025-10-30 02:47:48,3$ = BRAINROT  1M/S (if there's more than 1 stock you can choose which one do u want),CustomItem,Items,3,Completed,,,3.00000,USD,Positive,Fast delivery,,,9.00000,USD
02d3bdc5-a49d-4557-b65a-d52e558e04de,2025-10-30 01:42:02,"4$ = 1 DIAMOND MANGO, MANGO,",CustomItem,Items,3,Completed,,,2.00000,USD,Positive,Fast delivery,,,6.00000,USD
7a0523d1-1e48-4a5a-acb2-ebc9a2b00421,2025-10-30 01:35:21,"3$ = 1 RUBY SHROOMBINO, SHROOM,",CustomItem,Items,1,Completed,,,2.00000,USD,Positive,Helpful and responsive,,,2.00000,USD
9eba1d6b-763e-4c62-9991-59e4a6ab21c6,2025-10-30 01:20:54,"2$ = 1 DIAMOND SHROOMBINO, SHROOM,",CustomItem,Items,1,Completed,,,2.00000,USD,Positive,Helpful and responsive,,,2.00000,USD
0b29c4f7-1641-4b87-b884-e21a6ab2d739,2025-10-30 01:16:10,3$ = BRAINROT  1M/S,CustomItem,Items,1,Completed,,,3.00000,USD,Positive,Fast delivery,,,3.00000,USD
6bf902a0-e0ca-472f-bcd3-f8085d1abb44,2025-10-30 01:14:57,"4$ = 1 DIAMOND MANGO, MANGO,",CustomItem,Items,2,Completed,,,4.00000,USD,Positive,GGWP!,,,8.00000,USD
f7418af8-bd57-4282-acc8-ac8b5d9112d1,2025-10-30 01:13:00,"2$ = 1 DIAMOND SHROOMBINO, SHROOM,",CustomItem,Items,2,Completed,,,2.00000,USD,Positive,Amazing quick and fast,,,4.00000,USD
32d1f25c-fd59-451d-ac7e-991e6bd3e4f3,2025-10-30 00:41:19,BRAINROT 67 500K/S + = 1.5$ LIMITED,CustomItem,Items,1,Completed,,,1.50000,USD,Positive,Quick and easy will buy again,,,1.50000,USD
906502e2-b07f-44a6-95a4-599ac87eece5,2025-10-29 23:09:01,5$ = 1 RUBY MANGO,CustomItem,Items,1,Completed,,,5.00000,USD,Positive,Fast delivery,,,5.00000,USD
d4eb9ea0-06ba-4d5c-877c-317b9af54bf2,2025-10-29 23:06:57,"2$ = 1 DIAMOND SHROOMBINO, SHROOM,",CustomItem,Items,2,Completed,,,2.00000,USD,Positive,Quick & ezzzzyyy W,,,4.00000,USD
1b13a178-1097-4481-9fd1-b1be43f6f2ba,2025-10-29 15:45:14,6.5$ = 1 NEON MANGO,CustomItem,Items,1,Canceled,,,6.00000,USD,Unrated,,Buyer_Did_Not_Respond,,6.00000,USD
4c1d19e5-87f1-419f-8d0d-0dd655ebd630,2025-10-29 15:00:34,"1$ = 40 RANDOM MR CARROT, RANDOM DPS: (3500-3500+)",CustomItem,Items,80,Completed,,,0.02500,USD,Positive,GGWP,,,2.00000,USD
fb550738-ddd3-453b-84ad-97a9ff19c56a,2025-10-29 13:59:29,BRAINROT 67 450K/S + = 1$ LIMITED,CustomItem,Items,1,Completed,,,1.00000,USD,Positive,real quick,,,1.00000,USD
7cfcf400-7a59-429a-916a-302fcc250507,2025-10-29 12:56:21,"3$ = 1 RANDOM PLANT LEVEL 5, 100K+ DPS",CustomItem,Items,2,Completed,,,3.00000,USD,Positive,As described,,,6.00000,USD
49fe5891-3ae8-4a73-86d2-39a53a16c649,2025-10-29 12:52:15,2.5$ = BRAINROT  1M/S,CustomItem,Items,1,Completed,,,2.50000,USD,Positive,GGWP!,,,2.50000,USD
83926bf1-d7f4-4c3e-ae29-e3b7221f31df,2025-10-29 12:48:55,"3$ = 1 RANDOM PLANT LEVEL 5, 100K+ DPS",CustomItem,Items,2,Completed,,,3.00000,USD,Positive,Good price,,,6.00000,USD
a5c3767c-e082-44e8-b378-6e5bd9098674,2025-10-29 12:03:54,"1$ = 40 RANDOM MR CARROT, RANDOM DPS: (3500-3500+)",CustomItem,Items,100,Completed,,,0.02500,USD,Positive,As described,,,2.50000,USD
a27f6b29-4dcb-44ca-a061-b4375d443224,2025-10-29 11:37:45,"3$ = 1 RANDOM PLANT LEVEL 5, 100K+ DPS",CustomItem,Items,1,Completed,,,3.00000,USD,Positive,GGWP,,,3.00000,USD
eb65ebc6-ad78-4654-a7e3-f2f2b522b4c4,2025-10-29 11:07:22,"1$  = 40 RANDOM SHROOMBINO, SHROOM, RANDOM DPS (6250-6250+)",CustomItem,Items,40,Completed,,,0.02500,USD,Positive,Helpful and responsive,,,1.00000,USD
52a58288-5336-4c27-b66a-1b9dc4b87742,2025-10-29 10:42:25,5$ = 1 RUBY MANGO,CustomItem,Items,1,Completed,,,5.00000,USD,Positive,Good communication,,,5.00000,USD
57828105-236b-490b-92d6-617dad625a30,2025-10-29 10:30:45,"15$ = 1 TITAN NEON TOMATRIO, 1,2M DPS",CustomItem,Items,1,Completed,,,15.00000,USD,Positive,"Quick and easy, very good service",,,15.00000,USD
5a0b5230-dff7-4c51-b861-7d85fba9389d,2025-10-29 09:55:06,2.5$ = BRAINROT  1M/S,CustomItem,Items,1,Completed,,,2.50000,USD,Positive,GGWP!,,,2.50000,USD
a426ec37-cf4a-4275-a0c7-3502c8bf6003,2025-10-29 08:40:23,"1$  = 40 RANDOM SHROOMBINO, SHROOM, RANDOM DPS (6250-6250+)",CustomItem,Items,40,Completed,,,0.02500,USD,Positive,Good price,,,1.00000,USD
1f174915-77a3-491a-b052-f1c7d6ede2cb,2025-10-29 05:48:04,"3$ = 1 RUBY SHROOMBINO, SHROOM,",CustomItem,Items,2,Completed,,,3.00000,USD,Positive,Speedy A+,,,6.00000,USD
578ef892-7fb6-4a32-9915-396d6b37cd05,2025-10-29 05:42:12,5$ = 1 RUBY MANGO,CustomItem,Items,1,Completed,,,5.00000,USD,Positive,GOAT,,,5.00000,USD
34276d0e-a793-46df-a9aa-6452b79aeffa,2025-10-29 05:07:29,5$ = 1 RUBY MANGO,CustomItem,Items,1,Canceled,,,5.00000,USD,Unrated,,Buyer_Did_Not_Respond,,5.00000,USD
27cea126-07e4-4d6b-9799-b994216c6218,2025-10-29 05:04:51,"4.5$ = 1 NEON SHROOMBINO, SHROOM,",CustomItem,Items,1,Completed,,,4.50000,USD,Positive,GOAT,,,4.50000,USD
8addc874-5a70-48e9-b76b-3fb4f0e67730,2025-10-29 03:13:14,BRAINROT 67 500K/S + = 2$ LIMITED,CustomItem,Items,1,Completed,,,2.00000,USD,Positive,Good communication,,,2.00000,USD
95909de2-401e-4df6-a219-78fc04bb16ce,2025-10-29 01:12:30,"1$  = 25 RANDOM SHROOMBINO, SHROOM, RANDOM DPS (6250-6250+)",CustomItem,Items,25,Completed,,,0.04000,USD,Positive,good and fast,,,1.00000,USD
2eee23ef-b0fa-49c1-a52c-a1b519b1491e,2025-10-29 00:31:42,4$ = BRAINROT  1M/S  Los Mr Carrotitos V,CustomItem,Items,1,Completed,,,4.00000,USD,Positive,Great service and very fast too I recommend to anyone who wants to buy from him.,,,4.00000,USD
efd54a0d-e845-442b-9768-eb60775627f7,2025-10-29 00:19:38,"3$ = 1 RUBY SHROOMBINO, SHROOM,",CustomItem,Items,1,Completed,,,3.00000,USD,Positive,GOAT,,,3.00000,USD
7129716e-a1d8-4864-a3e4-adf4c6055fae,2025-10-28 22:57:17,"1$  = 20 RANDOM SHROOMBINO, SHROOM, RANDOM DPS (6250-6250+)",CustomItem,Items,20,Completed,,,0.05000,USD,Positive,GGWP,,,1.00000,USD
20941a6f-c474-40dd-8a78-24a1e674e26c,2025-10-28 22:56:58,"1$ = 20 RANDOM MR CARROT, RANDOM DPS: (3500-3500+)",CustomItem,Items,20,Completed,,,0.05000,USD,Positive,GGWP,,,1.00000,USD
1f3e8ac5-5b55-4c5d-8427-d285b6c73ece,2025-10-28 19:42:47,"1$  = 20 RANDOM SHROOMBINO, SHROOM, RANDOM DPS (6250-6250+)",CustomItem,Items,20,Canceled,Item_Not_Delivered_Within_Delivery_Time,,0.05000,USD,Unrated,,Not_Delivered_Within_Guaranteed_Delivery_Time,,1.00000,USD
9d973d20-2627-412d-b841-8b78c1015d87,2025-10-28 19:31:45,"1$  = 20 RANDOM SHROOMBINO, SHROOM, RANDOM DPS (6250-6250+)",CustomItem,Items,20,Canceled,Item_Not_Delivered_Within_Delivery_Time,,0.05000,USD,Unrated,,Not_Delivered_Within_Guaranteed_Delivery_Time,,1.00000,USD
d64882fc-1119-4111-96f2-c6a8f0cf58dc,2025-10-28 19:31:31,4$ = BRAINROT  1M/S  Los Mr Carrotitos V,CustomItem,Items,2,Canceled,Seller_Not_Responding,,4.00000,USD,Unrated,,Not_Delivered_Within_Guaranteed_Delivery_Time,,8.00000,USD
a366be09-7847-4a93-99aa-0525da7e75bd,2025-10-28 19:27:48,"1$ = 20 RANDOM MR CARROT, RANDOM DPS: (3500-3500+)",CustomItem,Items,20,Canceled,Item_Not_Delivered_Within_Delivery_Time,,0.05000,USD,Unrated,,Not_Delivered_Within_Guaranteed_Delivery_Time,,1.00000,USD
b0bbcc2c-2ce7-4c0e-b75f-a1732cb82a92,2025-10-28 19:16:12,"2$ = 1 DIAMOND SHROOMBINO, SHROOM,",CustomItem,Items,2,Canceled,Item_Not_Delivered_Within_Delivery_Time,,2.00000,USD,Unrated,,Not_Delivered_Within_Guaranteed_Delivery_Time,,4.00000,USD
9cabccfc-8f65-42d2-a941-edde659a6c2f,2025-10-28 19:06:58,4$ = BRAINROT  1M/S  Los Mr Carrotitos V,CustomItem,Items,2,Canceled,Item_Not_Delivered_Within_Delivery_Time,,4.00000,USD,Unrated,,Not_Delivered_Within_Guaranteed_Delivery_Time,,8.00000,USD
0f65cb25-4ce5-4999-a463-47316187c639,2025-10-28 17:33:13,"3$ = 1 RANDOM PLANT LEVEL 5, 100K+ DPS",CustomItem,Items,2,Canceled,Item_Not_Delivered_Within_Delivery_Time,,3.00000,USD,Unrated,,Not_Delivered_Within_Guaranteed_Delivery_Time,,6.00000,USD
cadc15d3-2cc8-4cec-81e6-3e09b6042185,2025-10-28 15:49:18,"1$  = 20 RANDOM SHROOMBINO, SHROOM, RANDOM DPS (6250-6250+)",CustomItem,Items,20,Completed,,,0.05000,USD,Positive,very frast,,,1.00000,USD
087635f7-019c-4cdf-b69c-bde84246cb67,2025-10-28 14:55:29,"3$ = 1 RUBY SHROOMBINO, SHROOM,",CustomItem,Items,1,Completed,,,3.00000,USD,Positive,Good communication,,,3.00000,USD
fd387d81-e89e-416b-be9e-8089ef4326c0,2025-10-28 14:30:34,"1$ = 20 RANDOM MR CARROT, RANDOM DPS: (3500-3500+)",CustomItem,Items,20,Completed,,,0.05000,USD,Positive,Fast delivery,,,1.00000,USD
acec50ce-0371-45a0-8a82-4c67e89e4526,2025-10-28 14:12:28,"4.5$ = 1 DIAMOND MANGO, MANGO,",CustomItem,Items,1,Completed,,,4.50000,USD,Positive,so fast and easy,,,4.50000,USD
bafe1071-2bf5-488a-92aa-377e1ba51e20,2025-10-28 13:28:26,"1$  = 20 RANDOM SHROOMBINO, SHROOM, RANDOM DPS (6250-6250+)",CustomItem,Items,30,Completed,,,0.05000,USD,Positive,Good price,,,1.50000,USD
5e80b963-17dc-4521-8795-211b8eb31173,2025-10-28 13:10:40,"1$  = 20 RANDOM SHROOMBINO, SHROOM, RANDOM DPS (6250-6250+)",CustomItem,Items,20,Completed,,,0.05000,USD,Positive,very fast best seller,,,1.00000,USD
d0dce56b-e3eb-40b1-b66e-f337ad39717a,2025-10-28 11:54:34,4$ = BRAINROT  1M/S  Los Mr Carrotitos V,CustomItem,Items,1,Completed,,,4.00000,USD,Positive,"Really fast ",,,4.00000,USD
6ebcf80c-8ea7-4542-870f-8c39457da0ec,2025-10-28 03:52:56,4$ = BRAINROT  1M/S  Los Mr Carrotitos V,CustomItem,Items,400000,Completed,,,0.00001,USD,Positive,GGWP,,,4.00000,USD
c358e7c7-6a5f-4521-b3c3-11ed8fd99ef3,2025-10-28 03:27:54,"1$ = 20 RANDOM MR CARROT, RANDOM DPS: (3500-3500+)",CustomItem,Items,100000,Canceled,,,0.00001,USD,Unrated,,Mutual_Agreement,,1.00000,USD
022269a8-4508-4b12-aec1-10a7e54e21de,2025-10-28 03:27:50,4$ = BRAINROT  1M/S  Los Mr Carrotitos V,CustomItem,Items,400000,Canceled,,,0.00001,USD,Unrated,,Mutual_Agreement,,4.00000,USD
60ba19c1-8cd6-478a-a228-6fd8b6647b9d,2025-10-28 03:18:52,4$ = BRAINROT  1M/S  Los Mr Carrotitos V,CustomItem,Items,400000,Canceled,Item_Not_Delivered_Within_Delivery_Time,,0.00001,USD,Unrated,,Mutual_Agreement,,4.00000,USD
4110caf9-5590-4891-9fa8-f1307cee8ec7,2025-10-28 02:48:29,"5$ = 1 SHROOMBINO, SHROOM, 100K+ DPS",CustomItem,Items,400000,Completed,,,0.00001,USD,Positive,As described,,,4.00000,USD
6094ef90-bc53-4c78-b45a-16f28212b85b,2025-10-28 02:42:25,6.5$ = 1 NEON MANGO,CustomItem,Items,650000,Completed,,,0.00001,USD,Positive,Helpful and responsive,,,6.50000,USD
d88d09cf-b774-4f98-a693-dd1f0a9d1b5d,2025-10-28 02:20:43,"3$ = 1 RUBY SHROOMBINO, SHROOM,",CustomItem,Items,300000,Completed,,,0.00001,USD,Positive,Good communication,,,3.00000,USD
dd3235c8-ab32-4636-b514-7f30832d78dd,2025-10-28 02:05:47,4$ = BRAINROT  1M/S LEMOWZIO V or 1M/S  Los Mr Carrotitos V,CustomItem,Items,400000,Completed,,,0.00001,USD,Positive,GOAT,,,4.00000,USD
86be6334-ca70-4439-99af-696a8c4dd987,2025-10-28 01:53:44,"1$  = 20 RANDOM SHROOMBINO, SHROOM, RANDOM DPS (6250-6250+)",CustomItem,Items,100000,Completed,,,0.00001,USD,Positive,Good communication,,,1.00000,USD
23671a26-405a-43d2-9f37-803e7a2425c9,2025-10-28 01:30:09,BRAINROT  1M/S LEMOWZIO V = 4$,CustomItem,Items,400000,Completed,,,0.00001,USD,Positive,GGWP!,,,4.00000,USD
37fe4f13-4aa3-42b5-bf10-ba3520b02bc6,2025-10-28 01:22:47,"1$  = 20 RANDOM SHROOMBINO, SHROOM, RANDOM DPS (6250-6250+)",CustomItem,Items,100000,Completed,,,0.00001,USD,Positive,very fast and cheap,,,1.00000,USD
4c29c173-3223-4bf5-a986-610f51607967,2025-10-28 00:49:02,"1$  = 20 RANDOM SHROOMBINO, SHROOM, RANDOM DPS (6250-6250+)",CustomItem,Items,100000,Completed,,,0.00001,USD,Positive,very fast best seller,,,1.00000,USD
4196792b-2e2e-4ced-8264-eb590f8893cd,2025-10-28 00:47:00,BRAINROT 67 500K/S + = 2$ LIMITED,CustomItem,Items,200000,Completed,,,0.00001,USD,Positive,www,,,2.00000,USD
35395df5-5840-4598-b18a-04f1f6a78d97,2025-10-28 00:46:32,BRAINROT 67 450K/S + = 1.5$ LIMITED,CustomItem,Items,150000,Completed,,,0.00001,USD,Positive,www,,,1.50000,USD
29436741-0d7d-46d2-b8b7-778ca3a60f17,2025-10-27 14:14:16,BRAINROT 67 450K/S + = 1.5$ LIMITED,CustomItem,Items,150000,Completed,,,0.00001,USD,Positive,instant delivery,,,1.50000,USD
75a03aed-8ef9-417f-bd6b-8e4e62db15ac,2025-10-27 13:22:22,BRAINROT 67 500K/S + = 2$ LIMITED,CustomItem,Items,200000,Completed,,,0.00001,USD,Positive,Helpful and responsive,,,2.00000,USD
468447d0-4c95-401f-9f39-c4b12ff2db8d,2025-10-27 10:29:09,"1$ = 20 RANDOM MR CARROT, RANDOM DPS: (3500-3500+)",CustomItem,Items,100000,Completed,,,0.00001,USD,Positive,GGWP,,,1.00000,USD
106a36cc-59fa-4048-a046-46432cda39ae,2025-10-27 09:35:19,"1$ = 20 RANDOM MR CARROT, RANDOM DPS: (3500-3500+)",CustomItem,Items,100000,Completed,,,0.00001,USD,Positive,Fast delivery,,,1.00000,USD
30462294-c6c8-4a05-913e-35aa4a05c1a1,2025-10-27 09:26:38,"RAINBOW DILOPHOSAURUS HATCH, AGE 100, KG 25+ (BETWEEN 25KG TO 30KG) MUTATION  RAINBOW.  WEIGHT RANDOM BASED ON STOCK",CustomItem,Items,1,Completed,,,45.00000,USD,Positive,"Amazing communication with customers ",,,45.00000,USD
d6706518-dd93-4b68-94a7-eca077841552,2025-10-27 06:46:03,"1$  = 20 RANDOM SHROOMBINO, SHROOM, RANDOM DPS (6250-6250+)",CustomItem,Items,100000,Completed,,,0.00001,USD,Positive,GGWP!,,,1.00000,USD
4d09a473-90ff-4c0b-a7f6-67b8ed437b9c,2025-10-27 04:10:28,"TITAN PEACOCK AGE 100, WEIGHT (70KG - 74KG) MUTATION  RAINBOW  . WEIGHT RANDOM BASED ON STOCK",CustomItem,Items,1,Completed,,,60.00000,USD,Positive,They were very accommodating and worked with me and my needs. Would definitely buy again!!,,,60.00000,USD
d543f617-9be4-4ed0-8696-6842a2795756,2025-10-27 03:52:24,5.5$ = 1 RUBY MANGO,CustomItem,Items,550000,Completed,,,0.00001,USD,Positive,GGWP,,,5.50000,USD
a4b3d7b6-b991-49bc-917d-003bb2cc845f,2025-10-27 03:43:58,"5$ = 1 SHROOMBINO, SHROOM, 100K+ DPS",CustomItem,Items,500000,Completed,,,0.00001,USD,Positive,GGWP!,,,5.00000,USD
42e9fce2-0da2-4128-b294-0923523602e2,2025-10-27 03:25:31,"1$ = 20 RANDOM MR CARROT, RANDOM DPS: (3500-3500+)",CustomItem,Items,100000,Completed,,,0.00001,USD,Positive,GGWP!,,,1.00000,USD
c380d4d0-e783-47f6-8d4a-4f0c1dc267eb,2025-10-27 03:20:09,"3.5$ = 1 RUBY SHROOMBINO, SHROOM,",CustomItem,Items,350000,Completed,,,0.00001,USD,Positive,Really nice i bought 3 items and one of the trades he gave me something  better since i got 3 things things from him,,,3.50000,USD
991ad406-29f9-45bb-8a82-ce5e6fb7e23c,2025-10-27 03:12:43,5.5$ = 1 RUBY MANGO,CustomItem,Items,550000,Completed,,,0.00001,USD,Positive,Helpful and responsive,,,5.50000,USD
ab45101d-3b38-4ec1-970e-96ebb48c32fd,2025-10-27 02:49:55,5.5$ = 1 RUBY MANGO,CustomItem,Items,550000,Completed,,,0.00001,USD,Positive,GGWP,,,5.50000,USD
d7f68a2d-9ef9-40ff-9a22-3414591c5e8f,2025-10-27 01:47:01,"1$  = 20 RANDOM SHROOMBINO, SHROOM, RANDOM DPS (6250-6250+)",CustomItem,Items,100000,Completed,,,0.00001,USD,Positive,Extra mile,,,1.00000,USD
23325e68-5452-4167-8267-377f46c64cae,2025-10-27 01:02:31,"1$  = 20 RANDOM SHROOMBINO, SHROOM, RANDOM DPS (6250-6250+)",CustomItem,Items,100000,Completed,,,0.00001,USD,Positive,GGWP!,,,1.00000,USD
fde0b5d7-4fb4-4bfb-a7b1-da7017fedc8e,2025-10-27 00:16:01,,RequestedBoosting,Rank Boost,1,Completed,,,20.00000,USD,Positive,Very good experience and professional,,,20.00000,USD
1d6cd64e-ccbc-4337-9293-14602c4ef83f,2025-10-27 00:03:51,BRAINROT 67 500K/S + = 2$ LIMITED,CustomItem,Items,200000,Completed,,,0.00001,USD,Positive,Fast delivery,,,2.00000,USD
18c5c9f5-669a-4d4d-bcba-609a76b76c59,2025-10-26 23:59:44,BRAINROT 67 500K/S + = 2$ LIMITED,CustomItem,Items,200000,Completed,,,0.00001,USD,Positive,Helpful and responsive,,,2.00000,USD
7212c5ae-1705-4a6f-9761-b7d3389e5ed6,2025-10-26 14:59:20,"1$ = 20 RANDOM MR CARROT, RANDOM DPS: (3500-3500+)",CustomItem,Items,100000,Completed,,,0.00001,USD,Positive,GGWP,,,1.00000,USD
bcb6bfa1-38bb-4d88-9772-e5427c6af043,2025-10-26 13:09:26,5.5$ = 1 RUBY MANGO,CustomItem,Items,550000,Completed,,,0.00001,USD,Positive,very easy and fast,,,5.50000,USD
0620970b-0234-4533-9030-62276989373a,2025-10-26 13:03:37,"20$ = 1 TITAN TOMATRIO, 1,2M DPS",CustomItem,Items,100000,Canceled,,,0.00001,USD,Unrated,,Out_Of_Stock,,1.00000,USD
6fefc5f1-c338-427e-ac69-0032cc8c8ade,2025-10-26 12:05:22,BRAINROT 67 500K/S + = 2$ LIMITED,CustomItem,Items,600000,Completed,,,0.00001,USD,Positive,Extra mile,,,6.00000,USD
0a050ce9-f400-4b0e-b5d4-9717a59c9fd2,2025-10-26 10:40:51,5.5$ = 1 RUBY MANGO,CustomItem,Items,550000,Completed,,,0.00001,USD,Positive,great,,,5.50000,USD
32721a4b-7817-4ffe-887e-04bd53332287,2025-10-26 10:28:05,"2.5$ = 1 DIAMOND SHROOMBINO, SHROOM,",CustomItem,Items,500000,Completed,,,0.00001,USD,Positive,"great
",,,5.00000,USD
5f4a8f30-3624-48aa-b5fc-f94e8e8ed798,2025-10-26 05:29:48,"1$  = 20 RANDOM SHROOMBINO, SHROOM, RANDOM DPS (6250-6250+)",CustomItem,Items,175000,Completed,,,0.00001,USD,Positive,As described,,,1.75000,USD
7058939b-bbbd-4aef-8d10-68c4ac4de226,2025-10-26 04:56:08,"1$  = 20 RANDOM SHROOMBINO, SHROOM, RANDOM DPS (6250-6250+)",CustomItem,Items,100000,Completed,,,0.00001,USD,Positive,Extra mile,,,1.00000,USD
ff3a0250-3d81-4edf-a673-9380389da162,2025-10-26 04:45:46,5.5$ = 1 RUBY MANGO,CustomItem,Items,550000,Completed,,,0.00001,USD,Positive,Extra mile,,,5.50000,USD
8dd3b003-cb13-4912-a446-f0ce87d5fbe2,2025-10-26 04:45:03,"1$  = 20 RANDOM SHROOMBINO, SHROOM, RANDOM DPS (6250-6250+)",CustomItem,Items,100000,Completed,,,0.00001,USD,Positive,As described,,,1.00000,USD
f8d25fcd-e394-4f8c-8977-0310e379e404,2025-10-26 04:28:30,"1$ = 20 RANDOM MR CARROT, RANDOM DPS: (3500-3500+)",CustomItem,Items,100000,Completed,,,0.00001,USD,Positive,GGWP!,,,1.00000,USD
6ead1aaf-a355-48bb-97e0-eb7a38ecb41e,2025-10-26 04:10:58,BRAINROT 67 500K/S + = 2$ LIMITED,CustomItem,Items,200000,Completed,,,0.00001,USD,Positive,"fast and nice
",,,2.00000,USD
abc30d57-445e-4869-9570-916c15060063,2025-10-26 03:58:16,"1$  = 20 RANDOM SHROOMBINO, SHROOM, RANDOM DPS (6250-6250+)",CustomItem,Items,100000,Completed,,,0.00001,USD,Positive,Fast and cheap,,,1.00000,USD
1795d1d0-aab4-4438-87b1-78b8868c89ee,2025-10-26 03:17:42,"1$  = 20 RANDOM SHROOMBINO, SHROOM, RANDOM DPS (6250-6250+)",CustomItem,Items,100000,Completed,,,0.00001,USD,Positive,As described,,,1.00000,USD
d301ac9b-0bec-4778-b1d1-ed405c996594,2025-10-26 03:14:52,BRAINROT 67 500K/S + = 2$ LIMITED,CustomItem,Items,200000,Completed,,,0.00001,USD,Positive,GOAT,,,2.00000,USD
88ef614d-af9d-41fe-826d-56d1fca12fa3,2025-10-26 03:03:04,BRAINROT 67 500K/S + = 2$ LIMITED,CustomItem,Items,200000,Completed,,,0.00001,USD,Positive,Fast delivery,,,2.00000,USD
bdfe4efc-76ff-4412-b35a-077630db068d,2025-10-26 02:08:24,"4.5$ = 1 DIAMOND MANGO, MANGO,",CustomItem,Items,450000,Completed,,,0.00001,USD,Positive,hes legit not a scammer,,,4.50000,USD
84a1cfb3-137a-4ffc-814a-d9bd35d3b5cc,2025-10-26 01:59:52,"1$  = 20 RANDOM SHROOMBINO, SHROOM, RANDOM DPS (6250-6250+)",CustomItem,Items,100000,Completed,,,0.00001,USD,Positive,Helpful and responsive,,,1.00000,USD
95099b8f-fa52-4425-996b-f056d7a48754,2025-10-26 01:32:34,"4.5$ = 1 DIAMOND MANGO, MANGO,",CustomItem,Items,450000,Completed,,,0.00001,USD,Positive,Good communication,,,4.50000,USD
690107bc-2544-475a-bd70-2a6474d376ed,2025-10-26 01:21:34,5.5$ = 1 RUBY MANGO,CustomItem,Items,550000,Completed,,,0.00001,USD,Positive,"very good and fast
",,,5.50000,USD
59fec0f3-24db-41b6-b282-65dc5841f16b,2025-10-26 00:41:28,"3.5$ = 1 RUBY SHROOMBINO, SHROOM,",CustomItem,Items,350000,Completed,,,0.00001,USD,Positive,Fast delivery,,,3.50000,USD
b7b9d6f8-f5f3-44f6-85bb-ee25481a6738,2025-10-25 15:03:12,BRAINROT 67 500K/S + = 2$ LIMITED,CustomItem,Items,200000,Completed,,,0.00001,USD,Positive,best seller,,,2.00000,USD
e436a771-5cb9-4911-97cf-b65dc21b8e42,2025-10-25 09:30:01,BRAINROT 67 500K/S + = 2.5$ LIMITED,CustomItem,Items,500000,Completed,,,0.00001,USD,Positive,Legit!,,,5.00000,USD
cfe7a91d-d226-44b1-9718-f51fff96684c,2025-10-25 07:22:07,"4.5$ = 1 DIAMOND MANGO, MANGO,",CustomItem,Items,450000,Completed,,,0.00001,USD,Positive,Helpful and responsive,,,4.50000,USD
62075a38-7d1a-4f2b-a182-851a62bf24d0,2025-10-25 06:18:28,"3.5$ = 1 RUBY SHROOMBINO, SHROOM,",CustomItem,Items,350000,Completed,,,0.00001,USD,Positive,Very fast good price,,,3.50000,USD
1e0f5fc7-34ee-4f58-9cbd-4778cc278fa0,2025-10-25 05:34:52,"4.5$ = 1 DIAMOND MANGO, MANGO,",CustomItem,Items,450002,Completed,,,0.00001,USD,Positive,Extra mile,,,4.50000,USD
cd650a7e-aa85-4e45-9463-5c0d140be95b,2025-10-25 01:36:57,"TITAN PEACOCK AGE 100, WEIGHT (70KG - 74KG) MUTATION  RAINBOW  . WEIGHT RANDOM BASED ON STOCK",CustomItem,Items,1,Completed,,,60.00000,USD,Positive,GGWP!,,,60.00000,USD
aee223cc-d93a-4ca3-864c-f1ad2f1788c9,2025-10-25 00:56:24,"1$  = 20 RANDOM SHROOMBINO, SHROOM, RANDOM DPS (6250-6250+)",CustomItem,Items,100000,Completed,,,0.00001,USD,Positive,GGWP!,,,1.00000,USD
90e85819-660f-40c3-94aa-cb256c1dce4f,2025-10-25 00:39:45,"1$  = 20 RANDOM SHROOMBINO, SHROOM, RANDOM DPS (6250-6250+)",CustomItem,Items,100000,Completed,,,0.00001,USD,Positive,Extra mile,,,1.00000,USD
a6dd9efd-1010-4121-9a36-a348a5ca8eb0,2025-10-24 23:42:36,"1$ = 20 RANDOM MR CARROT, RANDOM DPS: (3500-3500+)",CustomItem,Items,300000,Completed,,,0.00001,USD,Positive,As described,,,3.00000,USD
dd234aff-6d25-4161-bc79-5ff3646ff67c,2025-10-24 23:07:52,"1$  = 20 RANDOM SHROOMBINO, SHROOM, RANDOM DPS (6250-6250+)",CustomItem,Items,100000,Completed,,,0.00001,USD,Positive,Good communication,,,1.00000,USD
4383e5bf-ee48-4998-a203-fa9def931acd,2025-10-24 22:53:14,"1$ = 20 RANDOM MR CARROT, RANDOM DPS: (3500-3500+)",CustomItem,Items,100000,Completed,,,0.00001,USD,Positive,GGWP!,,,1.00000,USD
367e3925-8907-47e8-a274-cc52b9c2b678,2025-10-24 22:33:17,"1$  = 20 RANDOM SHROOMBINO, SHROOM, RANDOM DPS (6250-6250+)",CustomItem,Items,100000,Completed,,,0.00001,USD,Positive,GGWP!,,,1.00000,USD
9ff72257-9a85-4b6d-9b47-b8ce64e1ca83,2025-10-24 13:07:45,BRAINROT 67 450K/S + = 2$ LIMITED,CustomItem,Items,200003,Completed,,,0.00001,USD,Positive,He responded immediately and gave me the game item and offered to answer my questions,,,2.00000,USD
ad0b06fa-dcf7-4b82-8f41-d26c0edbdb00,2025-10-24 12:40:51,"3.5$ = 1 RUBY SHROOMBINO, SHROOM,",CustomItem,Items,350000,Canceled,,,0.00001,USD,Unrated,,Buyer_Does_Not_Meet_Criteria_For_Order,,3.50000,USD
73356d05-f762-41ad-bdb3-adbc3d25e911,2025-10-24 12:19:23,"RAINBOW DILOPHOSAURUS HATCH, AGE 100, KG 25+ (BETWEEN 25KG TO 30KG) MUTATION  RAINBOW.  WEIGHT RANDOM BASED ON STOCK",CustomItem,Items,1,Completed,,,45.00000,USD,Positive,Title is misleading and not as described in photo,,,45.00000,USD
0150961f-1309-4e98-a93e-d91dd2785bb6,2025-10-24 09:18:48,"1$  = 15 RANDOM SHROOMBINO, SHROOM, RANDOM DPS (6250-6250+)",CustomItem,Items,100000,Canceled,,,0.00001,USD,Unrated,,Out_Of_Stock,,1.00000,USD
bffa3fe5-16c8-415d-a9c4-5cee5bb69796,2025-10-24 07:21:54,"1$ = 20 RANDOM MR CARROT, RANDOM DPS: (3500-3500+)",CustomItem,Items,100000,Completed,,,0.00001,USD,Positive,GGWP!,,,1.00000,USD
8e7f2226-6088-44e2-9e94-a1925c61396b,2025-10-24 07:07:39,"RAINBOW DILOPHOSAURUS HATCH, AGE 100,  (WEIGHT 20KG TO 24KG) MUTATION WILL BE RANDOM GOLD OR RAINBOW. WEIGHT RANDOM BASED ON STOCK",CustomItem,Items,1,Completed,,,35.00000,USD,Positive,GGWP!,,,35.00000,USD
b8165792-37c5-41fe-9ac8-ee727368e0f5,2025-10-24 06:33:56,BRAINROT 67 450K/S + = 2$ LIMITED,CustomItem,Items,200000,Completed,,,0.00001,USD,Positive,Good price,,,2.00000,USD
42bb1764-4524-42e7-9909-0d6c9f492b3f,2025-10-24 02:51:00,BRAINROT 67 450K/S + = 2$ LIMITED,CustomItem,Items,200000,Completed,,,0.00001,USD,Positive,GGWP,,,2.00000,USD
a4e1d80f-2d7e-4d50-91a8-a1295e38e869,2025-10-24 02:42:58,"4.5$ = 1 DIAMOND MANGO, MANGO,",CustomItem,Items,450000,Completed,,,0.00001,USD,Positive,GGWP!,,,4.50000,USD
5d273db4-dd38-4170-8ef7-9ded9a79f833,2025-10-24 00:50:46,"1$ = 20 RANDOM MR CARROT, RANDOM DPS: (3500-3500+)",CustomItem,Items,100000,Completed,,,0.00001,USD,Positive,GGWP!,,,1.00000,USD
975ef4e6-b13c-409b-ad5b-d482e094e712,2025-10-23 23:24:57,"4$ = 1 DIAMOND MANGO, MANGO,",CustomItem,Items,450000,Completed,,,0.00001,USD,Positive,"very kind :0
",,,4.50000,USD
053098e1-2618-46e8-bb0c-d4750d47ad5b,2025-10-23 09:48:01,BRAINROT 67 450K/S + = 2$ LIMITED,CustomItem,Items,300000,Completed,,,0.00001,USD,Positive,,,,3.00000,USD
4b8da903-ffc1-444a-8a29-0b42dbbfe480,2025-10-23 07:58:01,1$ = 1 DIAMOND Carrot,CustomItem,Items,100000,Completed,,,0.00001,USD,Positive,"fast ",,,1.00000,USD
f17746a6-0ce4-4d60-845d-6e92bf788879,2025-10-23 07:44:06,"4$ = 1 DIAMOND MANGO, MANGO,",CustomItem,Items,400000,Canceled,,,0.00001,USD,Unrated,,Buyer_Did_Not_Respond,,4.00000,USD
0975fa6e-a3c8-414c-b414-7ef1405a4678,2025-10-23 06:57:25,"1$ = 20 RANDOM MR CARROT, RANDOM DPS: (3500-3500+)",CustomItem,Items,100000,Completed,,,0.00001,USD,Positive,GGWP!,,,1.00000,USD
190a1e66-fb85-45db-9eeb-eeeda7fb5955,2025-10-23 05:22:03,"1$ = 20 RANDOM MR CARROT, RANDOM DPS: (3500-3500+)",CustomItem,Items,100000,Completed,,,0.00001,USD,Positive,Fast delivery,,,1.00000,USD
301da116-14ad-4ea4-8f1d-0dcb23df0092,2025-10-23 05:12:07,"2$ = 1 DIAMOND SHROOMBINO, SHROOM,",CustomItem,Items,200000,Completed,,,0.00001,USD,Positive,,,,2.00000,USD
0247ea3b-3a55-4ed8-be84-ae480eb34f69,2025-10-23 04:52:39,"1$ = 20 RANDOM MR CARROT, RANDOM DPS: (3500-3500+)",CustomItem,Items,100000,Canceled,,,0.00001,USD,Unrated,,Buyer_Did_Not_Respond,,1.00000,USD
d4fa7a58-789b-463a-95a6-77727bf891b8,2025-10-23 04:23:27,"3$ = 1 RUBY SHROOMBINO, SHROOM,",CustomItem,Items,300000,Completed,,,0.00001,USD,Positive,W seller,,,3.00000,USD
50814b96-b8c0-4be0-8574-dff1b02f9c7f,2025-10-23 03:30:48,"RAINBOW DILOPHOSAURUS HATCH, AGE 100,  (WEIGHT 20KG TO 24KG) MUTATION WILL BE RANDOM GOLD OR RAINBOW. WEIGHT RANDOM BASED ON STOCK",CustomItem,Items,1,Canceled,,,35.00000,USD,Unrated,,Mutual_Agreement,,35.00000,USD
23347d66-b653-414b-a867-deac3fb4b7a4,2025-10-23 03:18:16,"1$ = 20 RANDOM MR CARROT, RANDOM DPS: (3500-3500+)",CustomItem,Items,100000,Completed,,,0.00001,USD,Positive,GGWP!,,,1.00000,USD
bbba6071-1cf3-4098-86d0-ab5d3711d655,2025-10-23 02:55:24,"2$ = 1 DIAMOND SHROOMBINO, SHROOM,",CustomItem,Items,200000,Completed,,,0.00001,USD,Positive,GGWP!,,,2.00000,USD
8d9004b5-f440-4e71-b93a-1a08d6dcad9c,2025-10-23 01:11:07,"1$  = 15 RANDOM SHROOMBINO, SHROOM, RANDOM DPS (6250-6250+)",CustomItem,Items,100000,Completed,,,0.00001,USD,Positive,As described,,,1.00000,USD
7b930ae7-ba0a-4035-b23e-27aa19c51019,2025-10-23 01:01:23,"1$ = 20 RANDOM MR CARROT, RANDOM DPS: (3500-3500+)",CustomItem,Items,100000,Completed,,,0.00001,USD,Positive,GGWP!,,,1.00000,USD
da8ba74b-9ecf-4940-9e6b-29ca9341d3c9,2025-10-23 00:50:55,"3$ = 1 RUBY SHROOMBINO, SHROOM,",CustomItem,Items,300000,Completed,,,0.00001,USD,Positive,GGWP!,,,3.00000,USD
66dcb39b-af4c-43f0-9cd0-234f775ec005,2025-10-23 00:50:00,"1$  = 15 RANDOM SHROOMBINO, SHROOM, RANDOM DPS (6250-6250+)",CustomItem,Items,200000,Completed,,,0.00001,USD,Positive,GGWP!,,,2.00000,USD
e326dbe5-88b5-467c-95ac-5d649f64ebb5,2025-10-22 23:58:12,"3$ = 1 RUBY SHROOMBINO, SHROOM,",CustomItem,Items,300000,Completed,,,0.00001,USD,Positive,,,,3.00000,USD
5011cce1-a4e6-4206-a788-94b270b812ba,2025-10-22 23:40:08,"1$  = 15 RANDOM SHROOMBINO, SHROOM, RANDOM DPS (6250-6250+)",CustomItem,Items,100000,Canceled,,,0.00001,USD,Unrated,,Mutual_Agreement,,1.00000,USD
c57d4fda-9eae-4d13-a617-59cdfe19404e,2025-10-22 23:39:59,"1$  = 15 RANDOM SHROOMBINO, SHROOM, RANDOM DPS (6250-6250+)",CustomItem,Items,100000,Completed,,,0.00001,USD,Positive,GGWP!,,,1.00000,USD
8cfaaba6-7d51-43a7-8d95-0645a0d3da06,2025-10-22 23:23:20,"1$  = 15 RANDOM SHROOMBINO, SHROOM, RANDOM DPS (6250-6250+)",CustomItem,Items,100000,Completed,,,0.00001,USD,Positive,"save the store, im giving him all my money!",,,1.00000,USD
3bbd61cc-9bc0-4d4e-8e46-902f1e56ed39,2025-10-22 23:19:31,"2$ = 1 DIAMOND SHROOMBINO, SHROOM,",CustomItem,Items,200000,Completed,,,0.00001,USD,Positive,GOAT,,,2.00000,USD
fefb421e-af74-4dfb-9a86-d711227fd8c6,2025-10-22 23:15:43,"1$ = 20 RANDOM MR CARROT, RANDOM DPS: (3500-3500+)",CustomItem,Items,100000,Completed,,,0.00001,USD,Positive,,,,1.00000,USD
d19518c0-29c7-4acd-9b68-8d92e174b13d,2025-10-22 22:48:19,"2$ = 1 DIAMOND SHROOMBINO, SHROOM,",CustomItem,Items,200000,Completed,,,0.00001,USD,Positive,Fast delivery,,,2.00000,USD
f7afba6c-2a35-4d2d-8e73-99f051cb2f07,2025-10-22 05:56:35,"1$  = 15 RANDOM SHROOMBINO, SHROOM, RANDOM DPS (6250-6250+)",CustomItem,Items,300000,Canceled,,,0.00001,USD,Unrated,,Mutual_Agreement,,3.00000,USD
e140b658-21ac-4ade-acf2-c27226946b15,2025-10-22 05:50:53,"1$ = 20 RANDOM MR CARROT, RANDOM DPS: (3500-3500+)",CustomItem,Items,100000,Completed,,,0.00001,USD,Positive,Good price,,,1.00000,USD
d95cd1c5-bda7-465c-8f38-460d04391d9e,2025-10-22 05:36:56,"1$  = 15 RANDOM SHROOMBINO, SHROOM, RANDOM DPS (6250-6250+)",CustomItem,Items,100000,Completed,,,0.00001,USD,Positive,,,,1.00000,USD
374f4d9b-ea34-4ec2-8da6-a8303e8b02ae,2025-10-22 05:36:25,"1$ = 20 RANDOM MR CARROT, RANDOM DPS: (3500-3500+)",CustomItem,Items,100000,Completed,,,0.00001,USD,Positive,,,,1.00000,USD
9c538f0f-df46-41a0-a101-a7715ba4a946,2025-10-22 04:56:22,"1$ = 20 RANDOM MR CARROT, RANDOM DPS: (3500-3500+)",CustomItem,Items,100000,Completed,,,0.00001,USD,Positive,GGWP!,,,1.00000,USD
511ca772-c3b0-456e-a33e-e3eff08a310b,2025-10-22 01:39:34,"1$ = 20 RANDOM MR CARROT, RANDOM DPS: (3500-3500+)",CustomItem,Items,100000,Completed,,,0.00001,USD,Positive,Fast delivery,,,1.00000,USD
0c93cf12-b6d6-40d0-9883-2fef272f6421,2025-10-22 01:31:23,"5$ = 1 SHROOMBINO, SHROOM, 100K+ DPS",CustomItem,Items,500000,Completed,,,0.00001,USD,Positive,,,,5.00000,USD
5b293b0e-ed71-487a-81c5-152f1d3987e0,2025-10-22 01:22:39,"1$ = 20 RANDOM MR CARROT, RANDOM DPS: (3500-3500+)",CustomItem,Items,100000,Completed,,,0.00001,USD,Positive,trusted,,,1.00000,USD
4bb14c0a-9ab8-4a2b-a643-e369e58b8209,2025-10-22 01:21:10,"1$  = 15 RANDOM SHROOMBINO, SHROOM, RANDOM DPS (6250-6250+)",CustomItem,Items,100000,Completed,,,0.00001,USD,Positive,GGWP!,,,1.00000,USD
8040b8bf-2a10-425f-9b1d-3e6a22ef79a6,2025-10-22 00:23:06,"1$ = 20 RANDOM MR CARROT, RANDOM DPS: (3500-3500+)",CustomItem,Items,200000,Completed,,,0.00001,USD,Positive,Fast delivery,,,2.00000,USD
d3ecdafe-a135-4797-a6bf-2f504bd07b93,2025-10-21 23:38:45,"1$ = 1 SHROOMBINO, SHROOM, 100K+ DPS",CustomItem,Items,100000,Canceled,,,0.00001,USD,Unrated,,Mutual_Agreement,,1.00000,USD
ab45d3da-9ca6-47aa-a152-46c69cf58996,2025-10-21 16:19:55,"1$  = 15 RANDOM SHROOMBINO, SHROOM, RANDOM DPS (6250-6250+)",CustomItem,Items,200000,Completed,,,0.00001,USD,Positive,ez,,,2.00000,USD
3e7544c0-b55f-4c46-92a8-6b7e030e639a,2025-10-21 15:01:57,BRAINROT 67 500K/S + = 2.5$ LIMITED,CustomItem,Items,250000,Completed,,,0.00001,USD,Positive,Fast delivery,,,2.50000,USD
f1d1798f-fdbe-479f-b9d2-d1e099a890a6,2025-10-21 14:41:54,"1$ = 20 RANDOM MR CARROT, RANDOM DPS: (3500-3500+)",CustomItem,Items,100000,Completed,,,0.00001,USD,Positive,BEST SELLER AND VERY CHEAP,,,1.00000,USD
bd468491-42ce-49d8-b6a3-f9ce6f24dc07,2025-10-21 14:35:38,"1$ = 20 RANDOM MR CARROT, RANDOM DPS: (3500-3500+)",CustomItem,Items,100000,Completed,,,0.00001,USD,Positive,VERY FAST AND VERY CHEAP,,,1.00000,USD
6ba009e2-09f8-4544-b665-6db5ab395bf2,2025-10-21 14:29:00,"1$ = 20 RANDOM MR CARROT, RANDOM DPS: (3500-3500+)",CustomItem,Items,100000,Completed,,,0.00001,USD,Positive,VERY FAST AND VERY CHEAP,,,1.00000,USD
29602cd0-231a-425f-9a68-d969de2627b9,2025-10-21 13:50:05,"1$ = 20 RANDOM MR CARROT, RANDOM DPS: (3500-3500+)",CustomItem,Items,100000,Completed,,,0.00001,USD,Positive,Fast delivery,,,1.00000,USD
bebed8e3-5651-46e5-8ee8-ac4e9dd15252,2025-10-21 12:51:47,"1$ = 20 RANDOM MR CARROT, RANDOM DPS: (3500-3500+)",CustomItem,Items,200000,Completed,,,0.00001,USD,Positive,GGWP,,,2.00000,USD
699d822a-91b9-4ce5-8154-53b89f44991c,2025-10-21 12:13:39,"1$ = 20 RANDOM MR CARROT, RANDOM DPS: (3500-3500+)",CustomItem,Items,100000,Completed,,,0.00001,USD,Positive,Very fast!!,,,1.00000,USD
6edd3901-9c30-4e5b-819c-baf4f929d139,2025-10-21 11:58:33,"1$  = 15 RANDOM SHROOMBINO, SHROOM, RANDOM DPS (6250-6250+)",CustomItem,Items,100000,Completed,,,0.00001,USD,Positive,good seller,,,1.00000,USD
8e2ba96b-38c3-46ca-8c35-d797bb5f5bba,2025-10-21 11:57:43,"1$ = 20 RANDOM MR CARROT, RANDOM DPS: (3500-3500+)",CustomItem,Items,100000,Completed,,,0.00001,USD,Positive,Helpful and responsive,,,1.00000,USD
7c9bc195-7e61-49b1-9b25-64a4aa37c8ad,2025-10-21 11:23:11,"1$ = 20 RANDOM MR CARROT, RANDOM DPS: (3500-3500+)",CustomItem,Items,100000,Completed,,,0.00001,USD,Positive,Helpful and responsive,,,1.00000,USD
2abf13bb-cdee-4e48-b2b2-1a98619e6826,2025-10-21 10:31:31,"1$  = 15 RANDOM SHROOMBINO, SHROOM, RANDOM DPS (6250-6250+)",CustomItem,Items,100000,Completed,,,0.00001,USD,Positive,As described,,,1.00000,USD
f5687600-eb66-4179-b29a-f34639f9e540,2025-10-21 09:57:34,"1$  = 15 RANDOM SHROOMBINO, SHROOM, RANDOM DPS (6250-6250+)",CustomItem,Items,100000,Completed,,,0.00001,USD,Positive,GGWP!,,,1.00000,USD
e2a5e961-ccd0-43fc-a699-e4092995e6c9,2025-10-21 09:15:39,"1$  = 15 RANDOM SHROOMBINO, SHROOM, RANDOM DPS (6250-6250+)",CustomItem,Items,100000,Completed,,,0.00001,USD,Positive,"really fast and helpful
",,,1.00000,USD
4c819096-972b-48d0-8c36-2c6aa5d6daf4,2025-10-21 08:12:40,"1$ = 20 RANDOM MR CARROT, RANDOM DPS: (3500-3500+)",CustomItem,Items,100000,Completed,,,0.00001,USD,Positive,"10/10 delivery again ",,,1.00000,USD
42fd5c9c-b620-408b-8581-abb0a5f0189d,2025-10-21 08:11:39,"1$ = 20 RANDOM MR CARROT, RANDOM DPS: (3500-3500+)",CustomItem,Items,100000,Completed,,,0.00001,USD,Positive,"fast delivery
",,,1.00000,USD
14029568-d1a8-4d28-856f-b71fdf10137d,2025-10-21 07:51:34,"1$  = 15 RANDOM SHROOMBINO, SHROOM, RANDOM DPS (6250-6250+)",CustomItem,Items,100000,Completed,,,0.00001,USD,Positive,Fast delivery 10/10,,,1.00000,USD
96a04916-e3b3-444c-9809-4fc81af67097,2025-10-21 06:32:27,"1$ = 20 RANDOM MR CARROT, RANDOM DPS: (3500-3500+)",CustomItem,Items,100000,Completed,,,0.00001,USD,Positive,,,,1.00000,USD
ce7622d6-3b06-4483-a6c7-cef7e983c7df,2025-10-21 04:23:14,"1$  = 15 RANDOM SHROOMBINO, SHROOM, RANDOM DPS (6250-6250+)",CustomItem,Items,200000,Completed,,,0.00001,USD,Positive,W,,,2.00000,USD
12e6c1b6-7e80-4097-9140-e680ca602eb3,2025-10-21 03:51:21,"1$ = 20 RANDOM MR CARROT, RANDOM DPS: (3500-3500+)",CustomItem,Items,100000,Completed,,,0.00001,USD,Positive,,,,1.00000,USD
3ab9562b-cc13-478c-a837-efca8b036bfe,2025-10-21 03:33:14,"1$ = 20 RANDOM MR CARROT, RANDOM DPS: (3500-3500+)",CustomItem,Items,100000,Completed,,,0.00001,USD,Positive,GGWP!,,,1.00000,USD
282a6c18-b8ea-4ee2-b627-8ddc727f30c2,2025-10-21 02:50:26,"1$ = 20 RANDOM MR CARROT, RANDOM DPS: (3500-3500+)",CustomItem,Items,100000,Completed,,,0.00001,USD,Positive,W,,,1.00000,USD
ca84b5ba-0ff0-4134-b617-7392b4e75985,2025-10-21 02:42:08,"1$  = 15 RANDOM SHROOMBINO, SHROOM, RANDOM DPS (6250-6250+)",CustomItem,Items,100000,Completed,,,0.00001,USD,Positive,Helpful and responsive,,,1.00000,USD
3d342159-77bf-4ce2-9c47-2d7423851d79,2025-10-21 02:41:44,"1$ = 20 RANDOM MR CARROT, RANDOM DPS: (3500-3500+)",CustomItem,Items,100000,Completed,,,0.00001,USD,Positive,Fast delivery,,,1.00000,USD
e3305c92-5029-4437-8d35-cfcc6e23493d,2025-10-21 02:22:41,"1$ = 20 RANDOM MR CARROT, RANDOM DPS: (3500-3500+)",CustomItem,Items,100000,Completed,,,0.00001,USD,Positive,"This was so worth it ",,,1.00000,USD
263e9778-0c27-453b-a808-c1a48df978dc,2025-10-21 01:47:47,"1$ = 20 RANDOM MR CARROT, RANDOM DPS: (3500-3500+)",CustomItem,Items,100000,Completed,,,0.00001,USD,Positive,gg wp!,,,1.00000,USD
3d237e34-419c-46ec-9451-7f1bc5f17c8e,2025-10-21 01:31:44,"1$  = 15 RANDOM SHROOMBINO, SHROOM, RANDOM DPS (6250-6250+)",CustomItem,Items,100000,Completed,,,0.00001,USD,Positive,,,,1.00000,USD
36fb081c-8ca2-4a00-9e23-7c357f14accc,2025-10-21 01:27:11,"1$ = 20 RANDOM MR CARROT, RANDOM DPS: (3500-3500+)",CustomItem,Items,100000,Completed,,,0.00001,USD,Positive,Extra mile,,,1.00000,USD
09a517b7-4b70-45f5-8cfb-29c4437da077,2025-10-21 01:25:22,BRAINROT 67 500K/S + = 2.5$ LIMITED,CustomItem,Items,500000,Completed,,,0.00001,USD,Positive,fast service!!,,,5.00000,USD
7dc0b5fe-a7d2-4c0a-8dca-dd1958829b76,2025-10-21 01:08:54,"RAINBOW DILOPHOSAURUS HATCH, AGE 100,  (WEIGHT 20KG TO 24KG) MUTATION WILL BE RANDOM GOLD OR RAINBOW. WEIGHT RANDOM BASED ON STOCK",CustomItem,Items,1,Completed,,,35.00000,USD,Positive,,,,35.00000,USD
148ba7cf-922b-4708-a0ee-41bc7e3ecec2,2025-10-21 01:07:43,"1$ = 20 RANDOM MR CARROT, RANDOM DPS: (3500-3500+)",CustomItem,Items,100000,Completed,,,0.00001,USD,Positive,Greta seller fast and perfect service…,,,1.00000,USD
6387b314-68e4-4f6f-98c7-15d3427b5551,2025-10-20 23:06:08,"1$  = 15 RANDOM SHROOMBINO, SHROOM, RANDOM DPS (6250-6250+)",CustomItem,Items,100000,Completed,,,0.00001,USD,Positive,Gg,,,1.00000,USD
9d522f74-3177-4a3d-b93e-bf41065a3337,2025-10-20 13:35:20,"1$  = 15 RANDOM SHROOMBINO, SHROOM, RANDOM DPS (6250-6250+)",CustomItem,Items,200000,Completed,,,0.00001,USD,Positive,he was kind and the delivery was fast,,,2.00000,USD
31efc846-6700-4350-a574-64ec22630cfe,2025-10-20 12:55:46,"1$  = 15 RANDOM SHROOMBINO, SHROOM, RANDOM DPS (6250-6250+)",CustomItem,Items,100000,Completed,,,0.00001,USD,Positive,GOAT,,,1.00000,USD
04a89788-515a-489a-bc8d-8fe89ed61dea,2025-10-20 07:56:14,"1$  = 15 RANDOM SHROOMBINO, SHROOM, RANDOM DPS (6250-6250+)",CustomItem,Items,100000,Canceled,,,0.00001,USD,Unrated,,Mutual_Agreement,,1.00000,USD
fa47c1dd-f27c-499d-9df1-b1964a46e7aa,2025-10-20 07:49:15,BRAINROT 67 600K/S + = 3$ LIMITED,CustomItem,Items,300000,Completed,,,0.00001,USD,Positive,Nice!!,,,3.00000,USD
76e3e082-22e9-4d69-9bca-afd93a28c74d,2025-10-20 07:41:14,"1$  = 15 RANDOM SHROOMBINO, SHROOM, RANDOM DPS (6250-6250+)",CustomItem,Items,100000,Completed,,,0.00001,USD,Positive,Amazing !!,,,1.00000,USD
abc4630d-1c9e-4027-af68-df97f27013cb,2025-10-20 06:47:13,"1$  = 15 RANDOM SHROOMBINO, SHROOM, RANDOM DPS (6250-6250+)",CustomItem,Items,100000,Completed,,,0.00001,USD,Positive,,,,1.00000,USD
3afba807-07c3-4e73-b7cb-d8ca9f598dd8,2025-10-20 06:18:50,"1$  = 15 RANDOM SHROOMBINO, SHROOM, RANDOM DPS (6250-6250+)",CustomItem,Items,125000,Completed,,,0.00001,USD,Positive,,,,1.25000,USD
0bcc5bbf-f001-4ddf-ae7d-94892d7f0061,2025-10-20 04:42:06,BRAINROT 67 500K/S + = 2.5$ LIMITED,CustomItem,Items,250000,Completed,,,0.00001,USD,Positive,,,,2.50000,USD
25dfb9c8-0789-430f-9e4c-8fda69bb8c34,2025-10-20 03:07:02,BRAINROT 67 500K/S + = 2.5$ LIMITED,CustomItem,Items,250000,Completed,,,0.00001,USD,Positive,,,,2.50000,USD
c47b4871-660f-4e78-b648-b804088219d3,2025-10-20 01:23:28,"1$ = 20 RANDOM MR CARROT, RANDOM DPS: (3500-3500+)",CustomItem,Items,100000,Completed,,,0.00001,USD,Positive,,,,1.00000,USD
463fd828-34ed-41d7-b397-fa15f7472770,2025-10-20 00:55:15,"1$ = 20 RANDOM MR CARROT, RANDOM DPS: (3500-3500+)",CustomItem,Items,100000,Completed,,,0.00001,USD,Positive,"good service ",,,1.00000,USD
d13e43b1-3409-418e-9fcb-0cc73c55ad11,2025-10-20 00:27:37,"1$  = 15 RANDOM SHROOMBINO, SHROOM, RANDOM DPS (6250-6250+)",CustomItem,Items,200000,Completed,,,0.00001,USD,Positive,"Seller is great, good clean stock of shroomies
",,,2.00000,USD
86f810ce-c068-4e39-b5f9-307bd7252a14,2025-10-20 00:20:22,"1$  = 15 RANDOM SHROOMBINO, SHROOM, RANDOM DPS (6250-6250+)",CustomItem,Items,200000,Completed,,,0.00001,USD,Positive,"Dude had awseome stock <3
",,,2.00000,USD
97cdfd3a-6329-4670-9a41-ff29f6508b63,2025-10-20 00:07:17,"1$ = 20 RANDOM MR CARROT, RANDOM DPS: (3500-3500+)",CustomItem,Items,100000,Completed,,,0.00001,USD,Positive,"So good ",,,1.00000,USD
64af9a43-bc3d-486f-b07e-4c2a064ebd91,2025-10-19 23:37:40,BRAINROT 67 400K/S + = 1.5$ LIMITED,CustomItem,Items,300000,Completed,,,0.00001,USD,Positive,,,,3.00000,USD
9c2dc308-def9-4758-8715-8cfb61e7493f,2025-10-19 13:15:04,BRAINROT 67 400K/S + = 1.5$ LIMITED,CustomItem,Items,150000,Completed,,,0.00001,USD,Positive,,,,1.50000,USD
cb7f86b3-478c-4cbe-a551-f34436c4413c,2025-10-19 11:29:02,BRAINROT 67 500K/S + = 2.5$ LIMITED,CustomItem,Items,500000,Canceled,,,0.00001,USD,Unrated,,Buyer_Did_Not_Respond,,5.00000,USD
f36a2e4c-8891-4308-a3d8-178169489d37,2025-10-19 08:25:30,BRAINROT 67 500K/S + = 2.5$ LIMITED,CustomItem,Items,250000,Completed,,,0.00001,USD,Positive,,,,2.50000,USD
275f9f6b-30d8-4903-be5a-c78c744935b6,2025-10-19 08:00:55,BRAINROT 67 450K/S + = 2$ LIMITED,CustomItem,Items,200000,Completed,,,0.00001,USD,Positive,,,,2.00000,USD
c7e740ab-2b7e-41d6-9070-b84ec6b0d387,2025-10-19 07:50:15,BRAINROT 67 450K/S + = 2$ LIMITED,CustomItem,Items,200000,Completed,,,0.00001,USD,Positive,fast and easy,,,2.00000,USD
c9e93363-f860-432f-b930-37394b047de7,2025-10-19 06:02:02,BRAINROT 67 450K/S + = 2$ LIMITED,CustomItem,Items,200000,Completed,,,0.00001,USD,Positive,,,,2.00000,USD
e68a23c9-4b7c-4227-ab0e-2ac679ee94a4,2025-10-19 05:32:37,BRAINROT 67 500K/S + = 2.5$ LIMITED,CustomItem,Items,250000,Completed,,,0.00001,USD,Positive,"very fast would buy again 
",,,2.50000,USD
a00f1f45-ec4b-47b6-bacf-521c4a22f726,2025-10-19 04:23:05,1 $ = 20 Random Cerberinno Hotdoggino (NEW FINAL BOSS),CustomItem,Items,100000,Completed,,,0.00001,USD,Positive,,,,1.00000,USD
d77aacda-9fbf-46f6-aaa6-beecc40d86ad,2025-10-19 03:30:58,BRAINROT 67 500K/S + = 2.5$ LIMITED,CustomItem,Items,250000,Completed,,,0.00001,USD,Positive,,,,2.50000,USD
b2813578-5aed-4717-b134-118b1ef0aca8,2025-10-19 03:29:42,BRAINROT 67 600K/S + = 3$ LIMITED,CustomItem,Items,300000,Completed,,,0.00001,USD,Positive,,,,3.00000,USD
033bf993-d4cc-4201-a614-3354d874aad4,2025-10-19 03:25:38,"1$ = 20 RANDOM MR CARROT, RANDOM DPS: (3500-3500+)",CustomItem,Items,100000,Completed,,,0.00001,USD,Positive,,,,1.00000,USD
88b77ce2-0c63-47e9-a731-365d5d760df6,2025-10-19 03:25:15,"1$  = 15 RANDOM SHROOMBINO, SHROOM, RANDOM DPS (6250-6250+)",CustomItem,Items,100000,Completed,,,0.00001,USD,Positive,,,,1.00000,USD
0c076b0b-5f0c-462c-9f1c-58294f5d9d54,2025-10-19 03:11:46,"1$ = 20 RANDOM MR CARROT, RANDOM DPS: (3500-3500+)",CustomItem,Items,100000,Completed,,,0.00001,USD,Negative,OOF,,,1.00000,USD
171cb143-fabd-44f5-9892-d00d98835d53,2025-10-19 02:47:04,"1$  = 15 RANDOM SHROOMBINO, SHROOM, RANDOM DPS (6250-6250+)",CustomItem,Items,100000,Completed,,,0.00001,USD,Positive,Fast,,,1.00000,USD
36f3d1bf-3385-45e8-93c3-c1fadb5d99fc,2025-10-19 02:36:21,"1$  = 15 RANDOM SHROOMBINO, SHROOM, RANDOM DPS (6250-6250+)",CustomItem,Items,100000,Completed,,,0.00001,USD,Positive,Really fast and easy,,,1.00000,USD
5f6be883-1b81-420a-9a4c-ab669cd9eaba,2025-10-19 02:10:12,"1$  = 15 RANDOM SHROOMBINO, SHROOM, RANDOM DPS (6250-6250+)",CustomItem,Items,100000,Completed,,,0.00001,USD,Positive,GGWP!,,,1.00000,USD
dae8801f-266e-4ef4-89d2-a8b614a20ddf,2025-10-19 02:00:16,"1$ = 20 RANDOM MR CARROT, RANDOM DPS: (3500-3500+)",CustomItem,Items,100000,Completed,,,0.00001,USD,Positive,Very nice and fast,,,1.00000,USD
c8f312be-d3c5-48a7-adb8-c994b21c34b7,2025-10-19 01:55:53,"1$ = 20 RANDOM MR CARROT, RANDOM DPS: (3500-3500+)",CustomItem,Items,100013,Completed,,,0.00001,USD,Positive,,,,1.00000,USD
d56cc992-e223-4049-a7bc-dc1b82aceb2b,2025-10-19 01:44:09,BRAINROT 67 500K/S + = 2.5$ LIMITED,CustomItem,Items,500000,Canceled,,,0.00001,USD,Unrated,,Buyer_Does_Not_Need_It_Anymore,,5.00000,USD
5716a022-532b-4dcf-b19b-39b2e55e1798,2025-10-19 01:35:56,1 $ = 20 Random Cerberinno Hotdoggino (NEW FINAL BOSS),CustomItem,Items,100000,Completed,,,0.00001,USD,Positive,w trade,,,1.00000,USD
ec0a4332-4ff6-4679-b425-7bdec457adf7,2025-10-19 01:35:03,"1$ = 20 RANDOM MR CARROT, RANDOM DPS: (3500-3500+)",CustomItem,Items,100000,Completed,,,0.00001,USD,Positive,,,,1.00000,USD
52c9be94-8447-490d-b3d6-d87a46feae22,2025-10-19 01:12:14,BRAINROT 67 500K/S + = 2.5$ LIMITED,CustomItem,Items,250000,Canceled,,,0.00001,USD,Unrated,,Buyer_Did_Not_Respond,,2.50000,USD
c55d6d30-d22b-44a5-a48a-2c9b99cf94aa,2025-10-19 00:53:52,BRAINROT 67 450K/S + = 2$ LIMITED,CustomItem,Items,200000,Completed,,,0.00001,USD,Positive,,,,2.00000,USD
cdad842f-e67a-4f84-907c-2df44b562938,2025-10-19 00:29:41,"1$  = 15 RANDOM SHROOMBINO, SHROOM, RANDOM DPS (6250-6250+)",CustomItem,Items,100000,Completed,,,0.00001,USD,Positive,,,,1.00000,USD
a720e640-ccb5-4851-9602-a3f8e9888a59,2025-10-19 00:22:54,"1$  = 15 RANDOM SHROOMBINO, SHROOM, RANDOM DPS (6250-6250+)",CustomItem,Items,100000,Completed,,,0.00001,USD,Positive,"fast and accurate! highly recommend
",,,1.00000,USD
79245e07-a0c2-4f0c-9890-0ae1249f9cc9,2025-10-19 00:08:06,BRAINROT 67 450K/S + = 2$ LIMITED,CustomItem,Items,600000,Completed,,,0.00001,USD,Positive,,,,6.00000,USD
d38b4279-3dae-479c-96e7-5c73c0a669ff,2025-10-18 23:45:49,"1$ = 20 RANDOM MR CARROT, RANDOM DPS: (3500-3500+)",CustomItem,Items,100000,Completed,,,0.00001,USD,Positive,,,,1.00000,USD
6f18356c-72ae-4300-a331-73c77a035c32,2025-10-18 23:31:30,"1$ = 20 RANDOM MR CARROT, RANDOM DPS: (3500-3500+)",CustomItem,Items,100000,Completed,,,0.00001,USD,Positive,,,,1.00000,USD
14f1c35e-a385-4cbc-94a3-bf9ad74a0144,2025-10-18 16:06:02,"1$ = 5 RANDOM MANGO,  RANDOM DPS (7650-7650++)",CustomItem,Items,100000,Completed,,,0.00001,USD,Positive,very fast,,,1.00000,USD
89a7ae1b-463f-4872-b741-99209b33b75c,2025-10-18 15:56:50,"1$ = 5 RANDOM MANGO,  RANDOM DPS (7650-7650++)",CustomItem,Items,100000,Completed,,,0.00001,USD,Positive,,,,1.00000,USD
596af2e0-03f0-43d9-8a38-6c5f999dac69,2025-10-18 15:56:41,"1$ = 20 RANDOM MR CARROT, RANDOM DPS: (3500-3500+)",CustomItem,Items,100000,Completed,,,0.00001,USD,Positive,,,,1.00000,USD
712fa9a4-bfd7-4738-8eea-10d7bcd629c8,2025-10-18 15:54:02,"1$  = 15 RANDOM SHROOMBINO, SHROOM, RANDOM DPS (6250-6250+)",CustomItem,Items,100000,Completed,,,0.00001,USD,Positive,GGWP!,,,1.00000,USD
f8817513-9082-4f90-88fc-fd6b207c2e12,2025-10-18 15:44:27,"1$ = 20 RANDOM MR CARROT, RANDOM DPS: (3500-3500+)",CustomItem,Items,100000,Completed,,,0.00001,USD,Positive,GGWP!,,,1.00000,USD
b7150e06-ea9e-4e8c-a3ef-5f6113befa81,2025-10-18 15:39:08,"1$ = 20 RANDOM MR CARROT, RANDOM DPS: (3500-3500+)",CustomItem,Items,100000,Completed,,,0.00001,USD,Positive,Thanks !:D,,,1.00000,USD
e1552c69-cbfc-448b-88a4-f60633fda9f7,2025-10-18 15:31:09,BRAINROT 67 450K/S + = 2$ LIMITED,CustomItem,Items,400000,Completed,,,0.00001,USD,Positive,67 limited,,,4.00000,USD
1da790b4-9269-4157-a1ff-a9446133f464,2025-10-18 15:04:12,BRAINROT 67 450K/S + = 2$ LIMITED,CustomItem,Items,200000,Completed,,,0.00001,USD,Positive,Fast and trusted get him up chat,,,2.00000,USD
bed92a38-c2fc-4c03-967f-530f5074ba81,2025-10-18 14:28:05,"1$  = 15 RANDOM SHROOMBINO, SHROOM, RANDOM DPS (6250-6250+)",CustomItem,Items,100000,Completed,,,0.00001,USD,Positive,,,,1.00000,USD
1cf204f4-7f36-4c44-b746-48bc686a8ca3,2025-10-18 13:44:40,"1$  = 15 RANDOM SHROOMBINO, SHROOM, RANDOM DPS (6250-6250+)",CustomItem,Items,100000,Completed,,,0.00001,USD,Positive,,,,1.00000,USD
78ced22b-98e3-4157-95d1-c06d7196a859,2025-10-18 13:31:51,"1$  = 15 RANDOM SHROOMBINO, SHROOM, RANDOM DPS (6250-6250+)",CustomItem,Items,100000,Completed,,,0.00001,USD,Positive,,,,1.00000,USD
d82c4b25-1fab-4125-b403-5fb4b6f91193,2025-10-18 13:16:12,1 $ = 20 Random Cerberinno Hotdoggino (NEW FINAL BOSS),CustomItem,Items,100000,Canceled,Other,wrong order,0.00001,USD,Unrated,,Mutual_Agreement,,1.00000,USD
047128bc-0471-439c-b10e-e98d042a8512,2025-10-18 13:07:03,"1$ = 20 RANDOM MR CARROT, RANDOM DPS: (3500-3500+)",CustomItem,Items,100000,Completed,,,0.00001,USD,Positive,,,,1.00000,USD
bd94e6cb-cf58-4b45-8388-cd42ce4b0a82,2025-10-18 12:57:36,BRAINROT 67 450K/S + = 2$ LIMITED,CustomItem,Items,200000,Completed,,,0.00001,USD,Positive,Really trustworthy and nice,,,2.00000,USD
f6e201e9-6a4c-4ca1-860d-77296b054639,2025-10-18 12:51:02,BRAINROT 67 450K/S + = 2$ LIMITED,CustomItem,Items,200000,Completed,,,0.00001,USD,Positive,,,,2.00000,USD
3fec4a42-8a32-4a70-9e08-0ffe3ef4fa9d,2025-10-18 11:56:58,"1$ = 20 RANDOM MR CARROT, RANDOM DPS: (3500-3500+)",CustomItem,Items,100000,Completed,,,0.00001,USD,Positive,GGWP!,,,1.00000,USD
f90a7ef0-5740-4006-9282-6f1ff6cf7c8d,2025-10-18 11:40:19,"1$  = 15 RANDOM SHROOMBINO, SHROOM, RANDOM DPS (6250-6250+)",CustomItem,Items,400000,Completed,,,0.00001,USD,Positive,good guy -  buy i recommend buying hes goated,,,4.00000,USD
568e7ad0-0172-42b6-9c36-6e15ec3202f8,2025-10-18 10:48:05,"1$ = 5 RANDOM MANGO,  RANDOM DPS (7650-7650++)",CustomItem,Items,100000,Completed,,,0.00001,USD,Positive,,,,1.00000,USD
c1f2050d-a581-43a6-a8c6-8a9fe273a587,2025-10-18 09:30:48,"1$  = 15 RANDOM SHROOMBINO, SHROOM, RANDOM DPS (6250-6250+)",CustomItem,Items,100000,Completed,,,0.00001,USD,Positive,,,,1.00000,USD
06dbdd11-f5b8-4758-9973-b8b8fa18c265,2025-10-18 08:51:08,BRAINROT 67 450K/S + = 2$ LIMITED,CustomItem,Items,200000,Completed,,,0.00001,USD,Positive,,,,2.00000,USD
4cd7c528-85b5-4ef0-b8c7-99f09396e1a1,2025-10-18 04:45:34,"1$  = 10 RANDOM SHROOMBINO, SHROOM, RANDOM DPS (6250-6250+)",CustomItem,Items,100000,Completed,,,0.00001,USD,Positive,fast delivery,,,1.00000,USD
ea999f9e-0b89-4992-928a-b526e6f65f2c,2025-10-18 03:56:45,"RAINBOW DILOPHOSAURUS HATCH, AGE 100, KG 25+ (BETWEEN 25KG TO 30KG) MUTATION  RAINBOW.  WEIGHT RANDOM BASED ON STOCK",CustomItem,Items,1,Completed,,,40.00000,USD,Positive,"fast, communicative and reliable",,,40.00000,USD
171b1c07-08e4-494e-bef2-e480afef5be7,2025-10-18 03:32:40,"1$ = 3 RANDOM MANGO,  RANDOM DPS (7650-7650++)",CustomItem,Items,200000,Completed,,,0.00001,USD,Positive,,,,2.00000,USD
9958e047-d94c-4b28-95da-a9de8f04ef08,2025-10-18 02:56:45,"1$ = 3 RANDOM MANGO,  RANDOM DPS (7650-7650++)",CustomItem,Items,300000,Completed,,,0.00001,USD,Positive,,,,3.00000,USD
8ec77bfe-910d-42ff-849d-53657d79e222,2025-10-18 01:53:30,"1$ = 15 RANDOM MR CARROT, RANDOM DPS: (3500-3500+)",CustomItem,Items,100000,Completed,,,0.00001,USD,Positive,GGWP!,,,1.00000,USD
bfd48548-55a5-4dc8-a701-f239d9f89969,2025-10-18 01:44:02,BRAINROT 67 450K/S + = 2$ LIMITED,CustomItem,Items,200000,Completed,,,0.00001,USD,Positive,,,,2.00000,USD
6cbe15b1-3909-4173-babe-d9e55941f714,2025-10-18 01:19:01,"1$  = 10 RANDOM SHROOMBINO, SHROOM, RANDOM DPS (6250-6250+)",CustomItem,Items,100000,Completed,,,0.00001,USD,Positive,,,,1.00000,USD
40c58b33-f67c-40a1-b848-c6d279a4040c,2025-10-18 01:18:29,"1$ = 15 RANDOM MR CARROT, RANDOM DPS: (3500-3500+)",CustomItem,Items,100000,Completed,,,0.00001,USD,Positive,,,,1.00000,USD
8b440c48-3eaf-49e4-8666-7b6aa48f3deb,2025-10-18 01:12:58,BRAINROT 67 450K/S + = 2$ LIMITED,CustomItem,Items,200000,Completed,Item_Not_As_Described,In der bestell Menge steht drin 200.000 aber ich habe nur 1 bekommen,0.00001,USD,Positive,Top,,,2.00000,USD
a82119a2-3884-4efc-906b-0e815e1981de,2025-10-18 01:09:29,BRAINROT 67 450K/S + = 2$ LIMITED,CustomItem,Items,200000,Completed,,,0.00001,USD,Positive,GGWP!,,,2.00000,USD
55eee7ad-3165-4647-81a2-16337fb8daa2,2025-10-18 00:12:39,"1$  = 10 RANDOM SHROOMBINO, SHROOM, RANDOM DPS (6250-6250+)",CustomItem,Items,100000,Completed,,,0.00001,USD,Positive,,,,1.00000,USD
8011c2da-46cb-4185-abd3-6dfffda3cb4e,2025-10-17 23:50:43,"1$ = 15 RANDOM MR CARROT, RANDOM DPS: (3500-3500+)",CustomItem,Items,100000,Completed,,,0.00001,USD,Positive,Fast,,,1.00000,USD
e77f39cb-f268-4739-a0be-aa67ecbaae75,2025-10-17 23:46:59,"1$ = 15 RANDOM MR CARROT, RANDOM DPS: (3500-3500+)",CustomItem,Items,100000,Completed,,,0.00001,USD,Positive,,,,1.00000,USD
cfaf4b90-4f9f-4d7b-9444-320f15be43b3,2025-10-17 23:36:33,"1$  = 10 RANDOM SHROOMBINO, SHROOM, RANDOM DPS (6250-6250+)",CustomItem,Items,100000,Completed,,,0.00001,USD,Positive,,,,1.00000,USD
46633c49-2547-492a-a062-948abbc6eff4,2025-10-17 23:19:14,"1$ = 3 RANDOM MANGO,  RANDOM DPS (7650-7650++)",CustomItem,Items,100000,Completed,,,0.00001,USD,Positive,,,,1.00000,USD
d0375d0e-1f4e-48ac-820f-4db80280e2fd,2025-10-17 23:02:06,BRAINROT 67 450K/S + = 2$ LIMITED,CustomItem,Items,200000,Completed,,,0.00001,USD,Positive,GGWP!,,,2.00000,USD
e533a7c4-c291-46d6-800c-e9ea22e44c4c,2025-10-17 22:59:43,BRAINROT 67 450K/S + = 2$ LIMITED,CustomItem,Items,200000,Completed,,,0.00001,USD,Positive,,,,2.00000,USD
bda0214d-f392-41ee-9963-bd72f059029d,2025-10-17 22:50:34,"1$ = 15 RANDOM MR CARROT, RANDOM DPS: (3500-3500+)",CustomItem,Items,100000,Completed,,,0.00001,USD,Positive,Very fast,,,1.00000,USD
6df16aea-7e0b-44bf-9612-d554435625f9,2025-10-17 22:33:47,1 $ = 20 Random Cerberinno Hotdoggino (NEW FINAL BOSS),CustomItem,Items,100000,Completed,,,0.00001,USD,Positive,,,,1.00000,USD
ca5a57dd-97fc-4b13-9d5d-f72d7186c43e,2025-10-17 22:24:40,1 $ = 20 Random Cerberinno Hotdoggino (NEW FINAL BOSS),CustomItem,Items,100000,Completed,,,0.00001,USD,Positive,,,,1.00000,USD
a3a71f0e-33f1-464a-b799-16b688944c5b,2025-10-17 12:07:56,"1$ = 15 RANDOM MR CARROT, RANDOM DPS: (3500-3500+)",CustomItem,Items,100000,Completed,,,0.00001,USD,Positive,GGWP!,,,1.00000,USD
bd73a873-8d9b-4a20-9891-65daaac984c8,2025-10-17 11:51:49,"1$ = 3 RANDOM MANGO,  RANDOM DPS (7650-7650++)",CustomItem,Items,100000,Completed,,,0.00001,USD,Positive,,,,1.00000,USD
3611adc4-05fa-4e79-b8b8-9a93d21f15f3,2025-10-17 09:27:14,BRAINROT 67 450K/S + = 2$ LIMITED,CustomItem,Items,200000,Completed,,,0.00001,USD,Positive,"W guy ",,,2.00000,USD
40cfda1a-7e93-4517-8870-b4e161641be1,2025-10-17 06:33:11,BRAINROT 67 450K/S + = 2$ LIMITED,CustomItem,Items,200000,Completed,,,0.00001,USD,Positive,,,,2.00000,USD
d9eca5da-5b91-4e15-8982-26b7e9cb1767,2025-10-17 05:20:57,BRAINROT 67 450K/S + = 2$ LIMITED,CustomItem,Items,200000,Completed,,,0.00001,USD,Positive,GGWP!,,,2.00000,USD
a2ba2127-98ba-4efc-b88e-2d7ef94626bc,2025-10-17 05:01:45,"1$ = 3 RANDOM MANGO,  RANDOM DPS (7650-7650++)",CustomItem,Items,100000,Completed,,,0.00001,USD,Positive,GGWP!,,,1.00000,USD
21527e62-5a03-4bf1-be6f-68a208305642,2025-10-17 04:23:56,BRAINROT 67 450K/S + = 2$ LIMITED,CustomItem,Items,400000,Completed,,,0.00001,USD,Positive,W speed,,,4.00000,USD
98367160-6fbb-4b57-a1cc-4bf428bc26b1,2025-10-17 02:26:57,BRAINROT 67 450K/S + = 2$ LIMITED,CustomItem,Items,400000,Completed,,,0.00001,USD,Positive,w seller! easy and fast!!,,,4.00000,USD
2a4bc328-30f4-48cc-8d62-9b08f412f62a,2025-10-17 02:23:33,1 $ = 20 Random Cerberinno Hotdoggino (NEW FINAL BOSS),CustomItem,Items,100000,Completed,,,0.00001,USD,Positive,good and easy and nice,,,1.00000,USD
0f6ce3b8-20c6-4c09-b02f-d6dd3d2dfa4d,2025-10-17 01:52:00,BRAINROT 67 500K/S + = 2.5$ LIMITED,CustomItem,Items,250000,Completed,,,0.00001,USD,Positive,GGWP!,,,2.50000,USD
9e09994d-5305-47cf-a9f6-b4769844d788,2025-10-17 01:49:56,BRAINROT 67 450K/S + = 2$ LIMITED,CustomItem,Items,200000,Completed,,,0.00001,USD,Positive,,,,2.00000,USD
c651d2ac-e6aa-4dbd-9f27-b8437466af59,2025-10-17 00:53:39,"1$ = 10 RANDOM MR CARROT, RANDOM DPS: (3500-3500+)",CustomItem,Items,100000,Completed,,,0.00001,USD,Positive,"really quick and gave me extra goodies
",,,1.00000,USD
5ef7fb5e-25b7-4eff-9f77-70d85ce35244,2025-10-17 00:43:10,"1$ = 10 RANDOM MR CARROT, RANDOM DPS: (3500-3500+)",CustomItem,Items,100000,Completed,,,0.00001,USD,Positive,GGWP!,,,1.00000,USD
67c95f61-a1ea-4962-9f15-70d24a0ab9ce,2025-10-17 00:20:14,1 $ = 20 Random Cerberinno Hotdoggino (NEW FINAL BOSS),CustomItem,Items,100000,Completed,,,0.00001,USD,Positive,,,,1.00000,USD
ea0988b5-e6c1-405f-b23d-ea8095c34eff,2025-10-17 00:03:37,1 $ = 20 Random Cerberinno Hotdoggino (NEW FINAL BOSS),CustomItem,Items,100000,Completed,,,0.00001,USD,Positive,Great,,,1.00000,USD
641cca1f-af5c-45f8-ba4e-238d4e54c9c9,2025-10-16 23:55:24,"1$ = 10 RANDOM MR CARROT, RANDOM DPS: (3500-3500+)",CustomItem,Items,300000,Completed,,,0.00001,USD,Positive,,,,3.00000,USD
6a2e76f9-a083-4969-b613-0c54deb17c0b,2025-10-16 23:45:56,BRAINROT 67 400K/S + = 1.5$ LIMITED,CustomItem,Items,150000,Completed,,,0.00001,USD,Positive,"Thank you!!!
",,,1.50000,USD
ee8ee260-875b-4658-94e4-021d62ce778d,2025-10-16 23:25:19,"1$  = 10 RANDOM SHROOMBINO, SHROOM, RANDOM DPS (6250-6250+)",CustomItem,Items,100000,Completed,,,0.00001,USD,Positive,,,,1.00000,USD
1e407693-c15c-4f79-b7bf-37fb1dfb0372,2025-10-16 23:13:32,BRAINROT 67 400K/S + = 1.5$ LIMITED,CustomItem,Items,300000,Completed,,,0.00001,USD,Positive,,,,3.00000,USD
b46fdbd0-8dfc-473e-b9fa-1d43605fdf0a,2025-10-16 23:06:30,"RAINBOW DILOPHOSAURUS HATCH, AGE 100,  (WEIGHT 20KG TO 24KG) MUTATION WILL BE RANDOM GOLD OR RAINBOW. WEIGHT RANDOM BASED ON STOCK",CustomItem,Items,1,Completed,,,30.00000,USD,Positive,impeccable,,,30.00000,USD
c4377a8d-c84c-4ac2-911f-eed4042c120a,2025-10-16 22:53:37,"1$  = 10 RANDOM SHROOMBINO, SHROOM, RANDOM DPS (6250-6250+)",CustomItem,Items,500000,Completed,,,0.00001,USD,Positive,,,,5.00000,USD
552afa15-88f1-4a7f-b50c-90ea059dc3a2,2025-10-16 22:53:01,"1$  = 10 RANDOM SHROOMBINO, SHROOM, RANDOM DPS (6250-6250+)",CustomItem,Items,100000,Completed,,,0.00001,USD,Positive,,,,1.00000,USD
4d16effc-81d5-467b-aafb-b8eab36d7fa9,2025-10-16 22:49:00,1 $ = 20 Random Cerberinno Hotdoggino (NEW FINAL BOSS),CustomItem,Items,100000,Completed,,,0.00001,USD,Positive,,,,1.00000,USD
9f38ba7c-62f9-40d0-9487-1dcbabe854c4,2025-10-16 12:35:46,"1$ = 3 RANDOM MANGO,  RANDOM DPS (7650-7650++)",CustomItem,Items,100000,Completed,,,0.00001,USD,Positive,,,,1.00000,USD
954ceb8d-fbbc-4cbc-b673-405e5b12ef8d,2025-10-16 12:24:46,BRAINROT 67 450K/S + = 2$ LIMITED,CustomItem,Items,200000,Completed,,,0.00001,USD,Positive,GGWP!,,,2.00000,USD
4c86e228-cda4-46b5-8ebb-1b876acfc7ae,2025-10-16 09:23:37,1 $ = 20 Random Cerberinno Hotdoggino (NEW FINAL BOSS),CustomItem,Items,200000,Completed,,,0.00001,USD,Positive,,,,2.00000,USD
134d0461-116f-4438-b08e-5c01d4cfb88e,2025-10-16 08:46:27,"1$ = 10 RANDOM MR CARROT, RANDOM DPS: (3500-3500+)",CustomItem,Items,100000,Completed,,,0.00001,USD,Positive,,,,1.00000,USD
0dfef1ea-400a-4852-aa7a-47d530b73ff0,2025-10-16 08:09:44,BRAINROT 67 450K/S + = 2$ LIMITED,CustomItem,Items,200000,Completed,,,0.00001,USD,Positive,,,,2.00000,USD
bac9d158-0ae4-4970-9c12-56317fcce964,2025-10-16 07:54:27,BRAINROT 67 450K/S + = 2$,CustomItem,Items,200000,Completed,,,0.00001,USD,Positive,very fast,,,2.00000,USD
6bd551c7-4a7d-4ec8-8170-f02cb3344adb,2025-10-16 04:20:11,1 $ = 20 Random Cerberinno Hotdoggino (NEW FINAL BOSS),CustomItem,Items,100000,Completed,,,0.00001,USD,Positive,"Was very nice and gave me the best he had ",,,1.00000,USD
ab91df1f-713a-4bae-9834-45222e76d521,2025-10-16 00:51:39,"1$  = 10 RANDOM SHROOMBINO, SHROOM, RANDOM DPS (6250-6250+)",CustomItem,Items,200000,Completed,,,0.00001,USD,Positive,GGWP!,,,2.00000,USD
59126bac-8b7c-44b6-9eb9-f590e9a1a8a0,2025-10-16 00:48:29,"1$  = 10 RANDOM SHROOMBINO, SHROOM, RANDOM DPS (6250-6250+)",CustomItem,Items,100000,Completed,,,0.00001,USD,Positive,,,,1.00000,USD
9f19d048-ce10-4eff-b56e-e31830a6f26a,2025-10-16 00:26:49,"1$  = 10 RANDOM SHROOMBINO, SHROOM, RANDOM DPS (6250-6250+)",CustomItem,Items,100000,Completed,,,0.00001,USD,Positive,,,,1.00000,USD
246e42e7-6862-4f2d-a840-d2de685b434a,2025-10-15 22:52:27,1$ = 3 RANDOM MANGO,CustomItem,Items,100000,Completed,,,0.00001,USD,Positive,W,,,1.00000,USD
a45aa9b6-2fc6-4479-99f0-8ce1229aae9d,2025-10-15 22:47:14,1$ = 3 RANDOM MANGO,CustomItem,Items,100000,Completed,,,0.00001,USD,Positive,w Mangos,,,1.00000,USD
f2f68851-ba39-43e4-ba53-8e1014a61fb6,2025-10-15 14:29:12,1$ = 10 RANDOM MR CARROT,CustomItem,Items,100000,Completed,,,0.00001,USD,Positive,"Fastes seller out there
",,,1.00000,USD
044f6ea6-27c9-4386-a059-f4bd510002a5,2025-10-15 13:19:25,1$ = 3 RANDOM MANGO,CustomItem,Items,100000,Completed,,,0.00001,USD,Positive,"Fast, polite and nice plus the offer is worth it ",,,1.00000,USD
c785d780-9be2-4751-8996-1712c2a3522d,2025-10-15 13:10:06,1$ = 10 RANDOM MR CARROT,CustomItem,Items,100000,Completed,,,0.00001,USD,Positive,w,,,1.00000,USD
edfb4e68-548c-486d-8659-8fcdce870153,2025-10-15 13:06:30,1$ = 3 RANDOM MANGO,CustomItem,Items,100000,Completed,,,0.00001,USD,Positive,,,,1.00000,USD
a1d039e5-34ae-4615-940a-a62c8b68921a,2025-10-15 13:06:04,1$ = 3 RANDOM MANGO,CustomItem,Items,100000,Completed,,,0.00001,USD,Positive,GGWP!,,,1.00000,USD
95696f05-5090-4b8a-b5a9-d10df89a4ef5,2025-10-15 12:07:25,1$ = 10 RANDOM MR CARROT,CustomItem,Items,100000,Completed,,,0.00001,USD,Positive,GGWP!,,,1.00000,USD
2b071f92-d0a1-4679-a08d-7c8898037f92,2025-10-15 11:43:02,1$ = 10 RANDOM MR CARROT,CustomItem,Items,100000,Completed,,,0.00001,USD,Positive,,,,1.00000,USD
c2f5edf8-3836-403c-9b79-33730e4366bf,2025-10-15 11:34:08,"1$  = 10 RANDOM SHROOMBINO, SHROOM",CustomItem,Items,400000,Completed,,,0.00001,USD,Positive,,,,4.00000,USD
b5591978-0533-4c10-933f-54b163249641,2025-10-15 11:07:50,"1$  = 10 RANDOM SHROOMBINO, SHROOM",CustomItem,Items,200000,Completed,,,0.00001,USD,Positive,GGWP!,,,2.00000,USD
a9139520-2103-4d8f-80e2-1a8bbe9a0762,2025-10-15 10:25:31,1$ = 10 RANDOM MR CARROT,CustomItem,Items,100000,Completed,,,0.00001,USD,Positive,,,,1.00000,USD
153106b7-9473-486c-ab7c-721df838a21a,2025-10-15 09:37:21,"1$  = 10 RANDOM SHROOMBINO, SHROOM",CustomItem,Items,100000,Completed,,,0.00001,USD,Positive,,,,1.00000,USD
933a6571-a2f5-46c3-8ab6-f7c473a2d6e1,2025-10-15 09:18:53,1$ = 10 RANDOM MR CARROT,CustomItem,Items,200000,Completed,,,0.00001,USD,Positive,,,,2.00000,USD
d0530fae-bec7-4e5a-9dc4-7a3273852877,2025-10-15 08:19:21,1$ = 10 RANDOM MR CARROT,CustomItem,Items,200000,Completed,,,0.00001,USD,Positive,,,,2.00000,USD
753f2523-0676-4011-b567-88707cbb0fab,2025-10-15 04:40:52,"1$  = 10 RANDOM SHROOMBINO, SHROOM",CustomItem,Items,100000,Completed,,,0.00001,USD,Positive,,,,1.00000,USD
8cb3d37b-af1a-4b2d-a2a0-ea40318ada49,2025-10-15 03:48:45,1$ = 3 RANDOM MANGO,CustomItem,Items,700000,Completed,,,0.00001,USD,Positive,got 1 extra,,,7.00000,USD
dff6747c-2e3d-43f3-b2c6-5517fb2dba08,2025-10-15 03:21:35,1$ = 3 RANDOM MANGO,CustomItem,Items,100000,Completed,,,0.00001,USD,Positive,"Very cool, only had 2 mangoes so gave me king limone as substitute for free",,,1.00000,USD
8886dd01-58d8-46af-b89c-95da9122fa3f,2025-10-15 02:57:56,1$ = 10 RANDOM MR CARROT,CustomItem,Items,100000,Canceled,Seller_Not_Responding,Hes not answering,0.00001,USD,Unrated,,Not_Delivered_Within_Guaranteed_Delivery_Time,,1.00000,USD
40f05f13-a0bd-474d-b974-55156a49d6ad,2025-10-15 02:38:59,"1$  = 10 RANDOM SHROOMBINO, SHROOM",CustomItem,Items,200000,Completed,,,0.00001,USD,Positive,It was really good and it was nice and fast.,,,2.00000,USD
c7fae0ef-2edd-49aa-9ba1-46c289b7d4f0,2025-10-15 02:37:44,1$ = 10 RANDOM MR CARROT,CustomItem,Items,100000,Completed,,,0.00001,USD,Positive,,,,1.00000,USD
f6f4f093-3a6e-418d-a7d7-39dabd2beda3,2025-10-15 02:14:03,"1$  = 10 RANDOM SHROOMBINO, SHROOM",CustomItem,Items,100000,Completed,,,0.00001,USD,Positive,It was fast and they do way more damage than I had thought.,,,1.00000,USD
b42c0dd3-4e59-4a53-bb4f-644e20a8d21e,2025-10-15 01:33:30,1$ = 10 RANDOM MR CARROT,CustomItem,Items,100000,Completed,,,0.00001,USD,Positive,,,,1.00000,USD
cc3363a8-7866-41f7-87cd-9022d6208414,2025-10-15 01:31:46,"1$  = 10 RANDOM SHROOMBINO, SHROOM",CustomItem,Items,200000,Completed,,,0.00001,USD,Positive,Quick,,,2.00000,USD
1afb7081-41dc-403c-9d7c-0e2de969ae1c,2025-10-15 01:25:28,"1$  = 10 RANDOM SHROOMBINO, SHROOM",CustomItem,Items,100000,Completed,,,0.00001,USD,Positive,,,,1.00000,USD
4aabb4e7-7f15-483e-90bd-7a65c2a878fc,2025-10-15 01:24:37,1$ = 10 RANDOM MR CARROT,CustomItem,Items,300000,Completed,,,0.00001,USD,Positive,"best prices by farrrr, highly highllyy  reccomneddd",,,3.00000,USD
819159ab-70ca-4548-9dab-e7161619ffe6,2025-10-15 01:20:53,"1$  = 10 RANDOM SHROOMBINO, SHROOM",CustomItem,Items,100000,Completed,,,0.00001,USD,Positive,,,,1.00000,USD
7bfb91ef-1cdb-4189-be0a-577511217cd6,2025-10-15 01:10:58,1$ = 10 RANDOM MR CARROT,CustomItem,Items,100000,Completed,,,0.00001,USD,Positive,,,,1.00000,USD
589ceeaa-ffa1-46a7-8cb2-1cf2e8441186,2025-10-15 00:16:07,1$ = 10 RANDOM MR CARROT,CustomItem,Items,200000,Completed,,,0.00001,USD,Positive,"great pricing, fast delivery",,,2.00000,USD
2cbc41a1-fd61-431f-9fad-5eaf3d32df43,2025-10-14 23:10:20,1$ = 10 RANDOM MR CARROT,CustomItem,Items,100000,Completed,,,0.00001,USD,Positive,"fast and nice 👍 ",,,1.00000,USD
93e92fec-7cb7-46d1-a5e2-660af48c5eec,2025-10-14 22:39:18,1$ = 3 RANDOM MANGO,CustomItem,Items,200000,Completed,,,0.00001,USD,Positive,fast and kind,,,2.00000,USD
acb63852-feab-4693-a71f-4fc24ad27683,2025-10-14 16:38:02,1$ = 10 RANDOM MR CARROT,CustomItem,Items,100000,Completed,,,0.00001,USD,Positive,"Took,him 20 seconds to text me b`ck",,,1.00000,USD
b7b1872c-2d84-49ef-be32-f2854bc40c50,2025-10-14 16:28:18,"1$  = 10 RANDOM SHROOMBINO, SHROOM",CustomItem,Items,100000,Completed,,,0.00001,USD,Positive,Fast,,,1.00000,USD
656e0cd0-ada0-4e5a-b2f8-253faaa2add8,2025-10-14 12:08:27,1$ = 10 RANDOM MR CARROT,CustomItem,Items,200000,Completed,,,0.00001,USD,Positive,,,,2.00000,USD
ca0806ca-3de8-48c9-b80b-b74f966451b6,2025-10-14 12:00:14,1$ = 10 RANDOM MR CARROT,CustomItem,Items,100000,Completed,,,0.00001,USD,Positive,,,,1.00000,USD
e163c7aa-8458-4d30-8a71-4e86aa540853,2025-10-14 11:04:22,1$ = 10 RANDOM MR CARROT,CustomItem,Items,100000,Completed,Item_Not_As_Described,,0.00001,USD,Positive,"he was really nice good customer service 👏 
",,,1.00000,USD
a0621b3d-a515-4835-aa89-ed3916e58199,2025-10-14 10:56:19,1$ = 10 RANDOM MR CARROT,CustomItem,Items,100000,Completed,,,0.00001,USD,Positive,very cheap fast and good,,,1.00000,USD
71473d0d-96b1-41f0-8b77-e63944219de3,2025-10-14 10:34:56,1$ = 3 RANDOM MANGO,CustomItem,Items,300000,Completed,,,0.00001,USD,Positive,"Very good
",,,3.00000,USD
cf1b8869-378d-46d0-9782-efe2e166e858,2025-10-14 10:23:01,1$ = 10 RANDOM MR CARROT,CustomItem,Items,100000,Completed,,,0.00001,USD,Positive,,,,1.00000,USD
5f57453b-2f4c-4e58-884e-7a1c0263d3be,2025-10-14 10:13:07,"1$  = 10 RANDOM SHROOMBINO, SHROOM",CustomItem,Items,100000,Completed,,,0.00001,USD,Positive,,,,1.00000,USD
5e775a49-1596-45fb-bc0c-6047e9eb16ad,2025-10-14 10:06:16,1$ = 10 RANDOM MR CARROT,CustomItem,Items,100000,Completed,,,0.00001,USD,Positive,Such a Nice person C:,,,1.00000,USD
bf07e294-88c6-4977-8307-bb929a90398c,2025-10-14 09:54:01,1 $ = 10 Random Cerberinno Hotdoggino (NEW FINAL BOSS),CustomItem,Items,100000,Completed,,,0.00001,USD,Positive,,,,1.00000,USD
72dd5bd0-5195-4987-af3f-33664c3af6c4,2025-10-14 09:37:11,1$ = 10 RANDOM MR CARROT,CustomItem,Items,100000,Completed,,,0.00001,USD,Positive,,,,1.00000,USD
06224dd9-c515-45da-9771-c08282e78bf4,2025-10-14 08:49:31,1$ =  2 RANDOM KING LIMONE,CustomItem,Items,200000,Completed,,,0.00001,USD,Positive,"very fast and nice guy, gave me more items than i ordered",,,2.00000,USD
9b953ee4-316f-4a7c-82c6-771315a084d0,2025-10-14 08:40:43,1 $ = 10 Random Cerberinno Hotdoggino (NEW FINAL BOSS),CustomItem,Items,100000,Completed,,,0.00001,USD,Positive,,,,1.00000,USD
c0fe1e94-0482-49c1-a54d-905a4c9194d3,2025-10-14 04:09:10,1$ = 10 RANDOM MR CARROT,CustomItem,Items,150000,Completed,,,0.00001,USD,Positive,,,,1.50000,USD
3a3a78cd-61e2-4e5e-8f8b-2d403c681f90,2025-10-14 03:51:12,1$ =  1 RANDOM KING LIMONE,CustomItem,Items,100000,Completed,,,0.00001,USD,Positive,thanks,,,1.00000,USD
c81539fe-0339-4bb6-9500-821d1c5a362f,2025-10-14 03:50:41,"1$  = 8 RANDOM SHROOMBINO, SHROOM",CustomItem,Items,100000,Completed,,,0.00001,USD,Positive,thanks,,,1.00000,USD
13ac49d0-6f8f-4ee9-b074-28edf8ab7544,2025-10-14 03:31:05,"1$  = 8 RANDOM SHROOMBINO, SHROOM",CustomItem,Items,100000,Completed,,,0.00001,USD,Positive,GGWP!,,,1.00000,USD
8e71795c-132b-4103-956b-f5df33ca3cc5,2025-10-14 02:41:42,1$ = 10 RANDOM MR CARROT,CustomItem,Items,400000,Completed,,,0.00001,USD,Positive,,,,4.00000,USD
cbbf0452-da9a-4674-a2ce-7587abaee47d,2025-10-14 02:32:14,1$ = 2 RANDOM MANGO,CustomItem,Items,100000,Completed,,,0.00001,USD,Positive,"bien
",,,1.00000,USD
9961483c-5c87-4726-b344-6b24fc945a97,2025-10-14 02:19:12,"1$  = 8 RANDOM SHROOMBINO, SHROOM",CustomItem,Items,100000,Completed,,,0.00001,USD,Positive,"muy buenoooooo
",,,1.00000,USD
17415c33-21f0-4ccc-8d27-81b32745ab89,2025-10-14 02:00:53,"1$  = 8 RANDOM SHROOMBINO, SHROOM",CustomItem,Items,100000,Completed,,,0.00001,USD,Positive,GGWP!,,,1.00000,USD
d3aca775-e2c0-490e-a12e-abbd0cd116d4,2025-10-14 02:00:14,1$ = 10 RANDOM MR CARROT,CustomItem,Items,100000,Completed,,,0.00001,USD,Positive,,,,1.00000,USD
b83082ac-067a-4ec7-baec-8d913704dfd4,2025-10-14 01:58:48,1$ = 10 RANDOM MR CARROT,CustomItem,Items,100000,Completed,,,0.00001,USD,Positive,,,,1.00000,USD
81e30f87-f176-40a3-8cf1-acc7ea28023f,2025-10-14 00:49:03,1$ =  1 RANDOM KING LIMONE,CustomItem,Items,300000,Completed,,,0.00001,USD,Positive,GGWP!,,,3.00000,USD
ba10b42c-75e1-44fe-9c25-68e79383ccf7,2025-10-14 00:24:41,1$ = 10 RANDOM MR CARROT,CustomItem,Items,100000,Completed,,,0.00001,USD,Positive,,,,1.00000,USD
0b0c9127-3546-4fa7-ac1a-e19ad5422db2,2025-10-14 00:16:47,1$ = 10 RANDOM MR CARROT,CustomItem,Items,100000,Completed,,,0.00001,USD,Positive,"perfecto
",,,1.00000,USD
63eaad18-95ce-4e62-b46a-6b60e79f0db8,2025-10-14 00:15:38,1 $ = 5 Random Cerberinno Hotdoggino (NEW FINAL BOSS),CustomItem,Items,5,Completed,,,0.20000,USD,Positive,GGWP!,,,1.00000,USD
a827ab20-5cb8-4a2b-a1b3-fa489d7a8feb,2025-10-13 23:51:05,1 $ = 5 Random Cerberinno Hotdoggino (NEW FINAL BOSS),CustomItem,Items,5,Completed,,,0.20000,USD,Positive,"He gave me all the things he was quick to respond and etc ",,,1.00000,USD
ea8f2c9c-1d87-4497-ae9d-8329005d31c1,2025-10-13 22:43:19,1$ =  1 RANDOM KING LIMONE,CustomItem,Items,100000,Completed,,,0.00001,USD,Positive,,,,1.00000,USD
d910f6a8-5d4c-4a25-b933-798c55413da9,2025-10-13 16:15:45,"1$  = 8 RANDOM SHROOMBINO, SHROOM",CustomItem,Items,100000,Completed,,,0.00001,USD,Positive,"thx for the extra 2 items  you were very polite. ",,,1.00000,USD
cc119b86-8300-404f-b01a-ecb70cb79b4a,2025-10-13 15:43:59,1$ = 10 RANDOM MR CARROT,CustomItem,Items,100000,Completed,,,0.00001,USD,Positive,GGWP!,,,1.00000,USD
9cb30a4b-9c98-4097-98b0-46cab50686f1,2025-10-13 15:18:19,1$ = 10 RANDOM MR CARROT,CustomItem,Items,100000,Completed,,,0.00001,USD,Positive,,,,1.00000,USD
40ce9b4d-5bc4-4b64-9128-263ed9c82256,2025-10-13 15:09:12,"1$  = 8 RANDOM SHROOMBINO, SHROOM",CustomItem,Items,100000,Completed,,,0.00001,USD,Positive,GGWP!,,,1.00000,USD
09263dda-f690-4bf1-8c4d-b248a51f9180,2025-10-13 15:08:44,"1$  = 8 RANDOM SHROOMBINO, SHROOM",CustomItem,Items,100000,Completed,,,0.00001,USD,Positive,,,,1.00000,USD
399a6755-a628-42c8-9d24-6d50347a07e6,2025-10-13 13:28:24,1$ = 10 RANDOM MR CARROT,CustomItem,Items,100000,Completed,,,0.00001,USD,Positive,,,,1.00000,USD
0710bd19-c929-4aa2-bebb-c71f5e0b2756,2025-10-13 13:16:03,1$ = 10 RANDOM MR CARROT,CustomItem,Items,300000,Completed,,,0.00001,USD,Positive,gave full amount and was respectful,,,3.00000,USD
b9106608-925a-4a1e-9a02-924c272a8212,2025-10-13 12:35:57,1$ = 10 RANDOM MR CARROT,CustomItem,Items,100000,Completed,,,0.00001,USD,Positive,fast and cheaper,,,1.00000,USD
ed00a7a4-1c95-4e44-a29c-a36ef1ff56ce,2025-10-13 12:09:38,1$ = 10 RANDOM MR CARROT,CustomItem,Items,100000,Completed,,,0.00001,USD,Positive,"super fast and easy would buy from again its just that im broke 💀
but w seller.",,,1.00000,USD
5d31093c-4457-49fd-aa09-754d2b53bdaf,2025-10-13 11:48:34,1.5$ =  1 RANDOM KING LIMONE,CustomItem,Items,150000,Completed,,,0.00001,USD,Positive,,,,1.50000,USD
6054150c-9f6f-494e-835c-43776bac7f1a,2025-10-13 11:43:51,1$ = 10 RANDOM MR CARROT,CustomItem,Items,100000,Completed,,,0.00001,USD,Positive,GGWP!,,,1.00000,USD
f0c6def0-8159-4265-8a59-19f88206605f,2025-10-13 10:37:48,1$ = 10 RANDOM MR CARROT,CustomItem,Items,150000,Completed,,,0.00001,USD,Positive,,,,1.50000,USD
6ee1835d-2bb3-4310-85ab-796c3ad138a1,2025-10-13 10:36:37,"1$  = 8 RANDOM SHROOMBINO, SHROOM",CustomItem,Items,100000,Completed,,,0.00001,USD,Positive,,,,1.00000,USD
9c0f3cba-4462-4c27-898e-5214c9a8d912,2025-10-13 10:00:02,"1$  = 8 RANDOM SHROOMBINO, SHROOM",CustomItem,Items,100000,Completed,,,0.00001,USD,Positive,,,,1.00000,USD
acd858b0-3277-4f16-bebc-469412cefda9,2025-10-13 09:13:48,1$ = 10 RANDOM MR CARROT,CustomItem,Items,100000,Completed,,,0.00001,USD,Positive,,,,1.00000,USD
22380127-b3c8-4351-a76a-da3d4d090026,2025-10-13 08:41:53,1$ = 2 RANDOM MANGO,CustomItem,Items,100000,Completed,,,0.00001,USD,Positive,"Was very fast and nice gave me a extra brainrot ",,,1.00000,USD
14308935-eea6-4f7b-9b2e-501b2542d97b,2025-10-13 07:02:13,100 Quantity = 5 RANDOM SECRET BRAINROT ( Rainbow / Gold / Neon /Diamond ) RANDOM MUTATION,CustomItem,Items,100,Completed,,,0.01000,USD,Positive,,,,1.00000,USD
95ddf3fc-0da4-4b17-bea0-b1ebc0dfb0d7,2025-10-13 06:00:47,"1$  = 8 RANDOM SHROOMBINO, SHROOM",CustomItem,Items,200000,Completed,,,0.00001,USD,Positive,,,,2.00000,USD
e046fb01-54c4-4740-ad5a-d69fc2bb820f,2025-10-13 05:22:28,1$ = 10 RANDOM MR CARROT,CustomItem,Items,100000,Completed,,,0.00001,USD,Positive,He was really reliable and fast he is trusted,,,1.00000,USD
d0a333e0-f4b6-4ada-bfc6-7a650a45eabe,2025-10-13 03:50:57,1$ = 10 RANDOM MR CARROT,CustomItem,Items,100000,Completed,,,0.00001,USD,Positive,W SPEED,,,1.00000,USD
ce41ea58-7175-4778-856b-e27e529d2f10,2025-10-13 03:30:20,1$ = 10 RANDOM MR CARROT,CustomItem,Items,100000,Completed,,,0.00001,USD,Positive,very quick,,,1.00000,USD
6ec64fe9-fc7c-4ab3-ac9d-12c27325bbc4,2025-10-13 03:22:53,"1$  = 8 RANDOM SHROOMBINO, SHROOM",CustomItem,Items,100000,Completed,,,0.00001,USD,Positive,,,,1.00000,USD
7b01595f-cd9e-49e1-827d-6b57aeca1aa2,2025-10-13 03:22:31,"1$  = 8 RANDOM SHROOMBINO, SHROOM",CustomItem,Items,100000,Completed,,,0.00001,USD,Positive,very quick,,,1.00000,USD
81ba5638-ce4f-4ce5-88e6-999b028fb139,2025-10-13 03:13:43,1$ = 10 RANDOM MR CARROT,CustomItem,Items,100000,Completed,,,0.00001,USD,Positive,,,,1.00000,USD
4105e0cb-bf58-48ea-b4da-ab598f6e799d,2025-10-13 02:52:06,1$ = 10 RANDOM MR CARROT,CustomItem,Items,100000,Completed,,,0.00001,USD,Positive,,,,1.00000,USD
b96752a7-f8d3-4a6c-8f9c-ce178ffa2f48,2025-10-13 02:19:54,"1$  = 8 RANDOM SHROOMBINO, SHROOM",CustomItem,Items,300000,Completed,,,0.00001,USD,Positive,,,,3.00000,USD
47e6fb17-7e0d-45c0-bc60-48d6161843c5,2025-10-13 02:00:39,1$ = 10 RANDOM MR CARROT,CustomItem,Items,100000,Completed,,,0.00001,USD,Positive,10000/10 fast service!!,,,1.00000,USD
c80a77ec-441d-4b22-8b85-1e247c2de117,2025-10-13 01:56:17,100 Quantity = 5 RANDOM SECRET BRAINROT ( Rainbow / Gold / Neon /Diamond ) RANDOM MUTATION,CustomItem,Items,1900,Completed,,,0.01000,USD,Positive,,,,19.00000,USD
7b21a6ee-587c-4c7e-8ad7-1d5cb9c0919b,2025-10-13 01:13:34,100 Quantity = 5 RANDOM SECRET BRAINROT ( Rainbow / Gold / Neon /Diamond ) RANDOM MUTATION,CustomItem,Items,100,Completed,,,0.01000,USD,Positive,"Gave me so much extra, thanks so much!",,,1.00000,USD
6d2f4d96-7d28-4e2c-88fd-4125888dbc59,2025-10-13 00:43:04,1$ = 2 RANDOM MANGO,CustomItem,Items,400000,Completed,,,0.00001,USD,Positive,W,,,4.00000,USD
0fb2a7fc-852a-4976-9035-07841ecebb7a,2025-10-12 23:14:17,"1$  = 8 RANDOM SHROOMBINO, SHROOM",CustomItem,Items,800000,Completed,,,0.00001,USD,Positive,,,,8.00000,USD
cfda5d6f-4755-48c2-aee3-30e8147c26d7,2025-10-12 23:05:49,1$ = 10 RANDOM MR CARROT,CustomItem,Items,100000,Completed,,,0.00001,USD,Positive,,,,1.00000,USD
347f6fff-1e20-4145-8e6a-9692296cf19a,2025-10-12 22:59:38,1$ = 10 RANDOM MR CARROT,CustomItem,Items,100000,Completed,,,0.00001,USD,Positive,W,,,1.00000,USD
fcb95257-126f-4c22-ab40-f6d21f9d69c1,2025-10-12 22:47:28,1$ = 2 RANDOM MANGO,CustomItem,Items,100000,Completed,,,0.00001,USD,Positive,W,,,1.00000,USD
bcefb25a-8087-4578-bf3a-824fe9fccad3,2025-10-12 22:44:48,1$ = 10 RANDOM MR CARROT,CustomItem,Items,400000,Completed,,,0.00001,USD,Positive,"This seller is the best first he gave me a better deal than I said and then gave me bonus extra, definitely buying from this seller again and I recommend him.",,,4.00000,USD
6c73d732-c771-4f9d-a361-bec8ec14ac70,2025-10-12 13:40:06,1$ = 10 RANDOM MR CARROT,CustomItem,Items,100000,Completed,,,0.00001,USD,Positive,Ty,,,1.00000,USD
b05de71d-b481-47cd-8a5b-755c3b7027dd,2025-10-12 12:46:46,1$ = 2 RANDOM MANGO,CustomItem,Items,550000,Completed,,,0.00001,USD,Positive,very fast i like it cool dude,,,5.50000,USD
d233b86e-cc85-4eec-bb7e-540d73b2e543,2025-10-12 12:44:40,1$ = 2 RANDOM MANGO,CustomItem,Items,100000,Completed,,,0.00001,USD,Positive,,,,1.00000,USD
11e18653-6a2d-42f6-81e0-83d70247da5a,2025-10-12 12:33:06,1$ = 10 RANDOM MR CARROT,CustomItem,Items,100000,Completed,,,0.00001,USD,Positive,,,,1.00000,USD
a2d494f0-4867-4ed9-8a3d-96f8c8a55378,2025-10-12 12:29:34,1$ = 10 RANDOM MR CARROT,CustomItem,Items,100000,Completed,,,0.00001,USD,Positive,very fast,,,1.00000,USD
42252863-8567-4e47-b9b0-86b4716a6640,2025-10-12 11:31:04,1$ = 2 RANDOM MANGO,CustomItem,Items,700000,Completed,,,0.00001,USD,Positive,GGWP!,,,7.00000,USD
bcd09755-a844-4517-b150-3825aa62c7c0,2025-10-12 11:00:02,1 $ = 5 Random Cerberinno Hotdoggino (NEW FINAL BOSS),CustomItem,Items,5,Completed,,,0.20000,USD,Positive,,,,1.00000,USD
bdf86fce-5451-4639-bb0b-63947f3621c9,2025-10-12 09:55:28,1$ = 10 RANDOM MR CARROT,CustomItem,Items,100000,Completed,,,0.00001,USD,Positive,"Best seller out there, gave me what I wanted + a very big carrot tomatrio for free!",,,1.00000,USD
6f3ad65f-b366-449f-8de9-073856e4ffbe,2025-10-12 09:38:53,1$ = 10 RANDOM MR CARROT,CustomItem,Items,100000,Completed,,,0.00001,USD,Positive,,,,1.00000,USD
aec57fde-e3bd-4c01-a4f2-1c8cbb00f113,2025-10-12 09:31:40,1$ = 2 RANDOM MANGO,CustomItem,Items,100000,Completed,,,0.00001,USD,Positive,,,,1.00000,USD
596f3f8d-72f8-4c36-a5c3-eb0a89e109ed,2025-10-12 08:43:43,"1$  = 8 RANDOM SHROOMBINO, SHROOM",CustomItem,Items,100000,Completed,,,0.00001,USD,Positive,,,,1.00000,USD
7a3c9f9b-67fc-4253-a045-e3d73e345c4a,2025-10-12 08:16:17,"1$  = 8 RANDOM SHROOMBINO, SHROOM",CustomItem,Items,100000,Completed,,,0.00001,USD,Positive,"3rd time buying less than a hour really recommend best stocks! ",,,1.00000,USD
c0887627-38be-4dca-87b2-745b35bb6601,2025-10-12 08:04:36,"1$  = 10 RANDOM TOMATRIO, TOMAT",CustomItem,Items,100000,Completed,,,0.00001,USD,Positive,Really fasttt reply really recommend!,,,1.00000,USD
710276e8-31e1-4cd8-beb1-b70bd1f69f46,2025-10-12 07:54:37,"1$  = 8 RANDOM SHROOMBINO, SHROOM",CustomItem,Items,100000,Completed,,,0.00001,USD,Positive,"Very amazing, the seller was kind and patient with me and also gave me 6 free Mr. carrots. Would definitely buy from again and recommend you buy from to.",,,1.00000,USD
0a78cb3d-2ce2-4edd-af62-1e11fda8b63e,2025-10-12 07:19:02,1$ = 10 RANDOM MR CARROT,CustomItem,Items,100000,Completed,,,0.00001,USD,Positive,Fast and i got my carrots :),,,1.00000,USD
705f38d1-8dba-4802-91bc-6a5a609828ac,2025-10-12 07:05:09,1$ = 10 RANDOM MR CARROT,CustomItem,Items,100000,Completed,,,0.00001,USD,Positive,Quickest plants vs brainrots seller out their BUY FROM HIM!,,,1.00000,USD
92bebc89-424b-415f-8993-1891bb332bb3,2025-10-12 06:27:13,"1$  = 8 RANDOM SHROOMBINO, SHROOM",CustomItem,Items,100000,Completed,,,0.00001,USD,Positive,,,,1.00000,USD
4d1fa0a2-f1ef-4ec5-8277-0d0ab6512d12,2025-10-12 06:22:56,1$ = 10 RANDOM MR CARROT,CustomItem,Items,100000,Completed,,,0.00001,USD,Positive,fast and legit ty,,,1.00000,USD
824281a7-e52c-4394-88ec-5ce8fc25d867,2025-10-12 05:20:58,1$ = 10 RANDOM MR CARROT,CustomItem,Items,100000,Completed,,,0.00001,USD,Positive,great seller would recommend 100% very nice,,,1.00000,USD
dca45fc7-c03e-4693-af04-0ea98e5512db,2025-10-12 05:08:25,1$ = 2 RANDOM MANGO,CustomItem,Items,100000,Completed,,,0.00001,USD,Positive,great seller even gave extra items,,,1.00000,USD
229dc36d-a4b3-499e-938f-72a45c8fb574,2025-10-12 04:28:17,1$ = 10 RANDOM MR CARROT,CustomItem,Items,200000,Completed,,,0.00001,USD,Positive,,,,2.00000,USD
07bca654-bb65-4265-99ce-384763a66e7b,2025-10-12 04:23:56,1$ = 10 RANDOM MR CARROT,CustomItem,Items,100000,Completed,,,0.00001,USD,Positive,Legit,,,1.00000,USD
3f2e7f50-2c6b-4716-b827-7ded8e219688,2025-10-12 04:09:40,"1$  = 8 RANDOM SHROOMBINO, SHROOM",CustomItem,Items,200000,Completed,,,0.00001,USD,Positive,,,,2.00000,USD
df576044-ae77-4f38-b10d-a2d0730c9d7b,2025-10-12 04:08:16,1$ = 10 RANDOM MR CARROT,CustomItem,Items,100000,Completed,,,0.00001,USD,Positive,"very fast and great deal would buy again
",,,1.00000,USD
74df1b48-fffe-45ef-8269-737b4e27ae9c,2025-10-12 03:46:34,1$ = 10 RANDOM MR CARROT,CustomItem,Items,300000,Completed,,,0.00001,USD,Positive,Super friendly and a great person over all!,,,3.00000,USD
90945a98-ce8c-4b3c-8aae-63fab5b794a2,2025-10-12 03:10:31,1$ = 2 RANDOM MANGO,CustomItem,Items,100000,Completed,,,0.00001,USD,Positive,very fast a reliable W,,,1.00000,USD
90cb9f10-b967-4ca6-ad3f-3698a41b0f78,2025-10-12 03:06:40,"1$  = 8 RANDOM SHROOMBINO, SHROOM",CustomItem,Items,100000,Completed,,,0.00001,USD,Positive,GGWP!,,,1.00000,USD
42974933-e697-4a93-aeaa-1fa57676ed3d,2025-10-12 02:57:07,"1$  = 8 RANDOM SHROOMBINO, SHROOM",CustomItem,Items,100000,Completed,,,0.00001,USD,Positive,GGWP!,,,1.00000,USD
9da751dd-d6e6-4e02-b27c-f6483dbf897e,2025-10-12 02:46:10,"1$  = 8 RANDOM SHROOMBINO, SHROOM",CustomItem,Items,100000,Completed,,,0.00001,USD,Positive,GGWP!,,,1.00000,USD
57b22740-24d4-4e4a-8a07-ae972629a5bc,2025-10-12 02:15:33,1$ = 10 RANDOM MR CARROT,CustomItem,Items,250000,Completed,,,0.00001,USD,Positive,GGWP,,,2.50000,USD
2cc6d789-b7e3-49f9-b0a0-9ae0f77ab424,2025-10-12 00:01:24,1$ = 10 RANDOM MR CARROT,CustomItem,Items,100000,Completed,,,0.00001,USD,Positive,,,,1.00000,USD
fcdf17fc-99a5-4077-91b4-f74cb4232748,2025-10-12 00:00:06,1$ = 2 RANDOM MANGO,CustomItem,Items,100000,Completed,,,0.00001,USD,Positive,,,,1.00000,USD
a8c73b52-d6bf-447f-8d2f-747bffdc94de,2025-10-11 23:48:54,1$ = 2 RANDOM MANGO,CustomItem,Items,100000,Completed,,,0.00001,USD,Positive,,,,1.00000,USD
55aec435-6220-4c20-bbe3-f8c4d69d02b3,2025-10-11 23:48:42,1$ = 10 RANDOM MR CARROT,CustomItem,Items,100000,Completed,,,0.00001,USD,Positive,,,,1.00000,USD
511f86f5-3fd0-409e-8051-690242c91155,2025-10-11 23:28:55,100 Quantity = 5 RANDOM SECRET BRAINROT ( Rainbow / Gold / Neon /Diamond ) RANDOM MUTATION,CustomItem,Items,100,Completed,,,0.01000,USD,Positive,Really good and give me more than five,,,1.00000,USD
fe83f3b3-3208-401c-a439-c35440600ca1,2025-10-11 23:15:47,1$ = 10 RANDOM MR CARROT,CustomItem,Items,100000,Completed,,,0.00001,USD,Positive,,,,1.00000,USD
c41ea841-cf0e-44df-8e3a-58aecc51b007,2025-10-11 23:05:03,1$ = 2 RANDOM MANGO,CustomItem,Items,200000,Completed,,,0.00001,USD,Positive,"Was fast and friendly ",,,2.00000,USD
1acce8e9-0527-4d76-a430-62b617a114fc,2025-10-11 22:52:33,1$ = 2 RANDOM MANGO,CustomItem,Items,100000,Completed,,,0.00001,USD,Positive,GGWP!,,,1.00000,USD
4f0c498e-3c2c-4f4c-9af4-30ac436b3d18,2025-10-11 22:37:07,1$ = 10 RANDOM MR CARROT,CustomItem,Items,200000,Completed,,,0.00001,USD,Positive,,,,2.00000,USD
68a27bf7-6a96-4c8c-b90c-c107f6ca8c7c,2025-10-11 22:34:28,"1$  = 8 RANDOM SHROOMBINO, SHROOM",CustomItem,Items,100000,Completed,,,0.00001,USD,Positive,GGWP!,,,1.00000,USD
c276da17-c532-4637-abd3-82c558e6a5dd,2025-10-11 21:23:02,"1$  = 8 RANDOM SHROOMBINO, SHROOM",CustomItem,Items,100000,Completed,,,0.00001,USD,Positive,GGWP!,,,1.00000,USD
c18d9089-bfeb-40a8-b7f6-7bf49ecbc9df,2025-10-11 18:36:53,"1$  = 8 RANDOM SHROOMBINO, SHROOM",CustomItem,Items,100000,Completed,,,0.00001,USD,Positive,"very good i would recommend ",,,1.00000,USD
01cc3dee-8a8a-4164-8405-830b6fbb4a52,2025-10-11 17:03:42,"1$  = 8 RANDOM SHROOMBINO, SHROOM",CustomItem,Items,100000,Completed,,,0.00001,USD,Positive,Love it,,,1.00000,USD
84b7c98a-f7aa-422c-8556-ba46b5ed59da,2025-10-11 16:50:17,1$ = 10 RANDOM MR CARROT,CustomItem,Items,10000,Completed,,,0.00010,USD,Positive,Fast !!!,,,1.00000,USD
e7ba9962-1850-4366-9b49-9677a1693295,2025-10-11 16:13:59,1$ = 2 RANDOM MANGO,CustomItem,Items,100000,Completed,,,0.00001,USD,Positive,,,,1.00000,USD
ef1d0a42-dfb1-443d-b9fd-770eba5d34e6,2025-10-11 16:08:40,1$ = 10 RANDOM MR CARROT,CustomItem,Items,1000,Completed,,,0.00100,USD,Positive,"Order was fast and cheap, best on the market and also gave me some bonuses aswell. Amazing seller wwwwww",,,1.00000,USD
841413c8-fa65-4a12-88e9-7d9a41ae2e8d,2025-10-11 15:28:29,1$ = 10 RANDOM MR CARROT,CustomItem,Items,1000,Canceled,Item_Not_Delivered_Within_Delivery_Time,._.,0.00100,USD,Unrated,,Not_Delivered_Within_Guaranteed_Delivery_Time,,1.00000,USD
a894006d-c5df-4ed6-8a19-af8e7b99b4d4,2025-10-11 15:18:02,1$ = 2 RANDOM MANGO,CustomItem,Items,300000,Canceled,Item_Not_Delivered_Within_Delivery_Time,,0.00001,USD,Unrated,,Not_Delivered_Within_Guaranteed_Delivery_Time,,3.00000,USD
43bd2e9a-e653-4c41-9532-38e65f490c5f,2025-10-11 12:47:55,1$ = 1000 Quantity = 12 RANDOM MR CARROT,CustomItem,Items,1000,Completed,,,0.00100,USD,Positive,GGWP!,,,1.00000,USD
7717cacc-eb58-4b88-8468-7c8874737429,2025-10-11 12:15:57,1$ = 1000 Quantity = 12 RANDOM MR CARROT,CustomItem,Items,2000,Completed,,,0.00100,USD,Positive,GGWP!,,,2.00000,USD
d50f384e-162b-4ef5-9f5a-b89388ad685d,2025-10-11 10:38:01,"1$  = 8 RANDOM SHROOMBINO, SHROOM",CustomItem,Items,100000,Completed,,,0.00001,USD,Positive,,,,1.00000,USD
c1656b8b-1d4f-461b-9f4f-70a3be98e14b,2025-10-11 10:27:11,"1$  = 10 RANDOM TOMATRIO, TOMAT",CustomItem,Items,4000,Completed,,,0.00100,USD,Positive,,,,4.00000,USD
2a24e59a-aac8-45f2-b886-5055000f2715,2025-10-11 10:20:31,"1$  = 8 RANDOM SHROOMBINO, SHROOM",CustomItem,Items,500000,Canceled,,,0.00001,USD,Unrated,,Out_Of_Stock,,5.00000,USD
f70d32f1-c18c-4529-a118-45e2990f9545,2025-10-11 10:13:01,"1$  = 10 RANDOM TOMATRIO, TOMAT",CustomItem,Items,1000,Completed,,,0.00100,USD,Positive,,,,1.00000,USD
d10fc7ba-ffd2-4e6e-9f4b-1060501098c1,2025-10-11 09:59:35,1$ = 2 RANDOM MANGO,CustomItem,Items,100000,Completed,,,0.00001,USD,Positive,,,,1.00000,USD
0e144118-ca09-4751-a28e-4fe0f44e9a6f,2025-10-11 09:59:14,1$ = 1000 Quantity = 10 RANDOM MR CARROT,CustomItem,Items,1000,Canceled,,,0.00100,USD,Unrated,,Out_Of_Stock,,1.00000,USD
83ec3aa8-ba62-4b39-b1a6-b43a5e8b294b,2025-10-11 09:57:13,1$ = 1000 Quantity = 10 RANDOM MR CARROT,CustomItem,Items,1000,Completed,,,0.00100,USD,Positive,very fast and gives bonus stuff buy from him for sure,,,1.00000,USD
4c08d2f2-4820-4cb6-ab1d-b9a2bd7139a3,2025-10-11 09:53:15,"1$  = 8 RANDOM SHROOMBINO, SHROOM",CustomItem,Items,100000,Completed,,,0.00001,USD,Positive,,,,1.00000,USD
6175b84f-9560-4e4a-881a-6580f5f9f8fc,2025-10-11 09:18:04,,RequestedBoosting,Rank Boost,1,Completed,,,10.00000,USD,Positive,"it was very fast, early than delivery time. The answers were pretty fast also, i highly recommend him, they did a very good job.",,,10.00000,USD
8d7eeb6c-24b5-46a9-b728-39cdbbafffb0,2025-10-11 08:59:44,"1$ = 1000 Quantity = 7 RANDOM SHROOMBINO, SHROOM",CustomItem,Items,1000,Completed,,,0.00100,USD,Positive,,,,1.00000,USD
7938ac67-8d38-439a-80c7-52183939a5af,2025-10-11 08:49:11,"1$ = 1000 Quantity = 7 RANDOM SHROOMBINO, SHROOM",CustomItem,Items,1000,Completed,,,0.00100,USD,Positive,,,,1.00000,USD
762bef43-c81c-494a-a2e5-8c843aafeb73,2025-10-11 08:20:19,1$ = 1000 Quantity = 2 RANDOM MANGO,CustomItem,Items,1000,Completed,,,0.00100,USD,Positive,GGWP!,,,1.00000,USD
b5b36b72-8fab-4153-8795-fbb3ea5eeab1,2025-10-11 07:51:03,"1$ = 1000 Quantity = 7 RANDOM SHROOMBINO, SHROOM",CustomItem,Items,1550,Completed,,,0.00100,USD,Positive,"This was by far the best seller I’ve ever came across,he was extremely fast I received my order very quickly within a minute,very easy to purchase and get into his private, extremely trustworthy,and even gave me extras. This was the best seller I’ve met on this site,and I buy a lot of items on this site,I’m very happy with my purchase, and I would definitely buy from this seller again.",,,1.55000,USD
380cf913-5bc5-4569-916b-d84972dc9c44,2025-10-11 07:48:18,"1$ = 1000 Quantity = 7 RANDOM SHROOMBINO, SHROOM",CustomItem,Items,1000,Completed,,,0.00100,USD,Positive,they gave me free stuff,,,1.00000,USD
79d81f66-0cec-48e2-96f4-31f5b29c5f57,2025-10-11 06:03:40,"1$ = 1000 Quantity = 7 RANDOM SHROOMBINO, SHROOM",CustomItem,Items,1000,Completed,,,0.00100,USD,Positive,very fast and cheap and he gave me free stuff,,,1.00000,USD
a73a6a98-e277-4f2c-973a-d733f0248270,2025-10-11 05:45:11,"1$ = 1000 Quantity = 7 RANDOM SHROOMBINO, SHROOM",CustomItem,Items,1000,Completed,,,0.00100,USD,Positive,very fast even gave free stuff 10/10,,,1.00000,USD
b9d7ce96-8e74-4c9b-93e2-b65b5489953d,2025-10-11 05:01:11,"1$ = 1000 Quantity = 7 RANDOM SHROOMBINO, SHROOM",CustomItem,Items,1000,Completed,,,0.00100,USD,Positive,great,,,1.00000,USD
c3e18a43-37b6-4945-93ce-762e0b4d0428,2025-10-11 04:12:04,"1$ = 1000 Quantity = 7 RANDOM SHROOMBINO, SHROOM",CustomItem,Items,1000,Completed,,,0.00100,USD,Positive,tysm,,,1.00000,USD
65643444-0e86-455d-89b3-4d42e5d8a6bf,2025-10-11 03:19:38,"1$ = 1000 Quantity = 7 RANDOM SHROOMBINO, SHROOM",CustomItem,Items,5000,Completed,,,0.00100,USD,Positive,,,,5.00000,USD
5baee59b-e969-4491-8d7b-e3d658895a98,2025-10-11 03:16:36,"1$ = 1000 Quantity = 7 RANDOM SHROOMBINO, SHROOM",CustomItem,Items,1000,Completed,,,0.00100,USD,Positive,GGWP!,,,1.00000,USD
eabee08c-16f4-47e6-9531-a1045508d801,2025-10-11 02:23:43,"1$ = 1000 Quantity = 7 RANDOM SHROOMBINO, SHROOM",CustomItem,Items,1000,Completed,,,0.00100,USD,Positive,really nice told me to wait a little and gave me a free 2 carrots for waiting tysm,,,1.00000,USD
01ae5003-4423-4d8f-8c47-28498d31eb14,2025-10-11 02:10:04,"1$ = 1000 Quantity = 7 RANDOM SHROOMBINO, SHROOM",CustomItem,Items,1000,Completed,,,0.00100,USD,Positive,W,,,1.00000,USD
ac0971bd-d829-41d8-89a0-4fd8a05761ef,2025-10-11 02:09:03,100 Quantity = 5 RANDOM NEW LIMITED FINAL BOSS WARDEN Limited Wardenelli Brickatoni ( Rainbow / Gold / Neon /Diamond ) RANDOM MUTATION,CustomItem,Items,100,Completed,,,0.01000,USD,Positive,Very good service gave 5 extra because he was in the washroom,,,1.00000,USD
5bc0e968-9ddb-4437-9845-db13f5d8df5a,2025-10-11 01:56:14,1$ = 1000 Quantity = 2 RANDOM MANGO,CustomItem,Items,1001,Canceled,,,0.00100,USD,Unrated,,Buyer_Did_Not_Respond,,1.00000,USD
e80bc7ce-2533-48b7-becf-f67d5b63467c,2025-10-11 01:34:12,100 Quantity = 5 RANDOM NEW LIMITED FINAL BOSS WARDEN Limited Wardenelli Brickatoni ( Rainbow / Gold / Neon /Diamond ) RANDOM MUTATION,CustomItem,Items,100,Canceled,,,0.01000,USD,Unrated,,Mutual_Agreement,,1.00000,USD
4743e118-7ab8-4b53-ba42-e07bf7f57321,2025-10-11 01:28:41,"1$ = 1000 Quantity = 7 RANDOM SHROOMBINO, SHROOM",CustomItem,Items,7000,Completed,,,0.00100,USD,Positive,,,,7.00000,USD
1aa65a86-da76-4d32-a36c-5cdeb56acdb4,2025-10-11 01:13:54,"1$ = 1000 Quantity = 7 RANDOM SHROOMBINO, SHROOM",CustomItem,Items,1000,Completed,,,0.00100,USD,Positive,He gave me so extra stuff fast and cheap,,,1.00000,USD
8848ebaa-d97b-47e8-88c5-01694421ec5c,2025-10-11 01:01:49,"1$ = 1000 Quantity = 7 RANDOM SHROOMBINO, SHROOM",CustomItem,Items,1000,Completed,,,0.00100,USD,Positive,Vary fast,,,1.00000,USD
f426e1ab-620b-4639-9db4-01429d858fe5,2025-10-11 00:32:51,1$ = 1000 Quantity = 2 RANDOM MANGO,CustomItem,Items,7500,Completed,,,0.00100,USD,Positive,,,,7.50000,USD
2f161f2c-6389-4f8f-b8db-efb81fbd4809,2025-10-11 00:20:01,1$ = 1000 Quantity = 2 RANDOM MANGO,CustomItem,Items,1000,Completed,,,0.00100,USD,Positive,fast! gave me extra stuff,,,1.00000,USD
749e914c-64d1-4a93-bcb5-604f486fe96c,2025-10-10 23:40:37,"1$ = 1000 Quantity = 7 RANDOM SHROOMBINO, SHROOM",CustomItem,Items,1000,Completed,,,0.00100,USD,Positive,,,,1.00000,USD
bfc35465-e85e-4e9f-98b2-3a575b4a3693,2025-10-10 23:30:05,1$ = 1000 Quantity = 10 RANDOM MR CARROT,CustomItem,Items,1000,Completed,,,0.00100,USD,Positive,,,,1.00000,USD
2ab57b71-52a9-4f52-b272-abd1c7056e83,2025-10-10 23:04:13,1$ = 1000 Quantity = 2 RANDOM MANGO,CustomItem,Items,1000,Completed,,,0.00100,USD,Positive,,,,1.00000,USD
62ec182d-e591-4371-bcb6-977efb412bde,2025-10-10 22:26:43,1$ = 1000 Quantity = 2 RANDOM MANGO,CustomItem,Items,4000,Completed,,,0.00100,USD,Positive,,,,4.00000,USD
278bc345-e926-4404-a5dc-c8bcf499941a,2025-10-10 14:56:09,"1000 Quantity = 4 RANDOM SHROOMBINO, SHROOM",CustomItem,Items,1000,Completed,,,0.00100,USD,Positive,GGWP!,,,1.00000,USD
5208a26b-c2e9-4704-b9de-ac5c3cfbfde4,2025-10-10 14:48:57,1000 Quantity = 2 RANDOM MANGO,CustomItem,Items,1000,Completed,,,0.00100,USD,Positive,very quick gave extra items would 100 perceent reccomend,,,1.00000,USD
5e3beec0-932f-43d7-ab22-614d7d24a135,2025-10-10 14:18:10,1000 Quantity = 10 RANDOM MR CARROT,CustomItem,Items,1000,Completed,,,0.00100,USD,Positive,Very good and can be trusted,,,1.00000,USD
8329df9b-c4c5-4026-b8d3-87e90d98b8a4,2025-10-10 14:16:03,1000 Quantity = 2 RANDOM MANGO,CustomItem,Items,3500,Completed,,,0.00100,USD,Positive,was very fast even gave a bonus,,,3.50000,USD
41f098a4-cd01-43b5-bcec-4224f36f94c0,2025-10-10 13:01:14,1000 Quantity = 2 RANDOM MANGO,CustomItem,Items,1000,Completed,,,0.00100,USD,Positive,He gave me more then bought so I recommend buying from the legend himself Reiuji,,,1.00000,USD
63ad1ee6-c3ab-4576-ab5b-7ad0b87ced46,2025-10-10 12:32:30,1000 Quantity = 2 RANDOM MANGO,CustomItem,Items,2000,Completed,,,0.00100,USD,Positive,Very Honest. Told me I accidentally ordered 3 times instead of 2. Very fast as well. Very reliable.,,,2.00000,USD
887bc0d8-7e6e-4ba8-92f7-60de5263f08b,2025-10-10 12:32:15,1000 Quantity = 2 RANDOM MANGO,CustomItem,Items,2000,Completed,,,0.00100,USD,Positive,Very reliable and honest.,,,2.00000,USD
a4670cc0-b009-4733-b40a-4c5ec58f6501,2025-10-10 12:31:41,1000 Quantity = 2 RANDOM MANGO,CustomItem,Items,2000,Canceled,,,0.00100,USD,Unrated,,Mutual_Agreement,,2.00000,USD
1027fb72-6db8-4fe8-8ae5-2ced2d238de6,2025-10-10 12:27:00,1000 Quantity = 10 RANDOM MR CARROT,CustomItem,Items,1000,Completed,,,0.00100,USD,Positive,"soooo nice so fast gave me soo much free stuff overall.a absoloty amaxing dude ",,,1.00000,USD
c491e81c-1a9e-4c5a-b3d9-5d6633bf40cf,2025-10-10 10:29:43,1000 Quantity = 10 RANDOM MR CARROT,CustomItem,Items,1000,Completed,,,0.00100,USD,Positive,,,,1.00000,USD
b546c355-cf0b-4778-b633-0f567af83092,2025-10-10 09:46:44,1000 Quantity = 10 RANDOM MR CARROT,CustomItem,Items,1000,Completed,,,0.00100,USD,Positive,GGWP!,,,1.00000,USD
c76e475c-6f02-4270-ad8a-539311a746b2,2025-10-10 09:30:35,1000 Quantity = 10 RANDOM MR CARROT,CustomItem,Items,1000,Canceled,Seller_Not_Responding,Never responded,0.00100,USD,Unrated,,Not_Delivered_Within_Guaranteed_Delivery_Time,,1.00000,USD
b94c6482-7567-446a-8018-673aca02e755,2025-10-10 08:07:54,1000 Quantity = 2 RANDOM MANGO,CustomItem,Items,1000,Completed,,,0.00100,USD,Positive,GGWP!,,,1.00000,USD
03b1a386-2548-4435-b2c4-2388ac070984,2025-10-10 07:07:01,1000 Quantity = 8 RANDOM MR CARROT,CustomItem,Items,1000,Completed,,,0.00100,USD,Positive,"its really good and fast and super cheap ",,,1.00000,USD
2e22e1c9-7e73-4012-9652-34e236fd1554,2025-10-10 06:23:48,"1000 Quantity = 6 RANDOM TOMATRIO, TOMAT",CustomItem,Items,5000,Completed,,,0.00100,USD,Positive,,,,5.00000,USD
21b4d42a-fa66-4c2e-aedf-f02ee5693656,2025-10-10 05:44:54,1000 Quantity = 8 RANDOM MR CARROT,CustomItem,Items,1000,Completed,,,0.00100,USD,Positive,fast,,,1.00000,USD
82ed5197-5b81-4828-80a5-1f82bea9f651,2025-10-10 05:38:00,1000 Quantity = 2 RANDOM MANGO,CustomItem,Items,1000,Completed,,,0.00100,USD,Positive,,,,1.00000,USD
e8f66b24-6764-437c-9ba9-8c479363fec7,2025-10-10 04:50:14,1000 Quantity = 8 RANDOM MR CARROT,CustomItem,Items,1000,Completed,,,0.00100,USD,Positive,,,,1.00000,USD
2f4e6d98-1cb5-48bd-9736-1298cf482ff1,2025-10-10 04:48:31,1000 Quantity = 2 RANDOM MANGO,CustomItem,Items,1000,Completed,,,0.00100,USD,Positive,,,,1.00000,USD
71e6dd93-7172-478e-b4fe-e63dc188cf67,2025-10-10 04:33:11,"1000 Quantity = 6 RANDOM TOMATRIO, TOMAT",CustomItem,Items,2000,Completed,,,0.00100,USD,Positive,,,,2.00000,USD
b1a78b38-57e9-4766-baa0-2ca30e4fb17d,2025-10-10 03:22:35,1000 Quantity = 2 RANDOM MANGO,CustomItem,Items,1000,Completed,,,0.00100,USD,Positive,,,,1.00000,USD
ab153a11-75b3-46c6-8ba0-b695b34674b4,2025-10-10 03:02:42,1000 Quantity = 8 RANDOM MR CARROT,CustomItem,Items,1000,Completed,,,0.00100,USD,Positive,GGWP!,,,1.00000,USD
bff6bf6c-e8c6-47fc-848b-9f9a503234bf,2025-10-10 02:58:42,"1000 Quantity = 6 RANDOM TOMATRIO, TOMAT",CustomItem,Items,1000,Completed,,,0.00100,USD,Positive,,,,1.00000,USD
f7e1958f-449d-493b-9934-10c832312e92,2025-10-10 02:38:35,"1000 Quantity = 6 RANDOM TOMATRIO, TOMAT",CustomItem,Items,1000,Completed,,,0.00100,USD,Positive,GGWP!,,,1.00000,USD
cf651f23-37a7-400a-bd0f-5f68b0f114d0,2025-10-10 02:34:34,"100 Quantity = 4 RANDOM SHROOMBINO, SHROOM",CustomItem,Items,250,Completed,,,0.01000,USD,Positive,,,,2.50000,USD
ebf45f02-ca1e-4f58-8901-f586e382ac6d,2025-10-10 01:50:15,"100 Quantity = 5 RANDOM Dragon Cannelloni OR  5 RANDOM Wardenelll Brickatoni (NEW FINAL BOSS)
 ( Rainbow / Gold / Neon /Diamond ) RANDOM MUTATION",CustomItem,Items,100,Canceled,,,0.01000,USD,Unrated,,Out_Of_Stock,,1.00000,USD
a402e15c-83ee-4360-a53b-b41a3d656649,2025-10-10 01:23:51,"100 Quantity = 4 RANDOM SHROOMBINO, SHROOM",CustomItem,Items,100,Completed,,,0.01000,USD,Positive,"Mad fast and mad good ",,,1.00000,USD
85ab4fb6-6ce9-46bc-8fe5-09a877465e57,2025-10-10 01:04:41,"100 Quantity = 4 RANDOM SHROOMBINO, SHROOM",CustomItem,Items,100,Canceled,,,0.01000,USD,Unrated,,Buyer_Did_Not_Respond,,1.00000,USD
b2b01b7a-e6f1-4181-a918-59be9e07fea8,2025-10-09 23:54:39,"100 Quantity = 6 RANDOM TOMATRIO, TOMAT",CustomItem,Items,500,Canceled,,,0.01000,USD,Unrated,,Buyer_Did_Not_Respond,,5.00000,USD
69e7edaf-ee05-48ce-9168-a2befa7491d9,2025-10-09 23:46:21,"100 Quantity = 4 RANDOM SHROOMBINO, SHROOM",CustomItem,Items,100,Completed,,,0.01000,USD,Positive,NICE TY SO MUCH,,,1.00000,USD
8a4787e4-bd03-4c8c-a19d-3ccee536441a,2025-10-09 23:41:06,"100 Quantity = 4 RANDOM SHROOMBINO, SHROOM",CustomItem,Items,100,Completed,,,0.01000,USD,Positive,fast and nice,,,1.00000,USD
464f10b4-47f3-4168-b1f6-b3223980cbb0,2025-10-09 23:35:55,"100 Quantity = 4 RANDOM SHROOMBINO, SHROOM",CustomItem,Items,100,Completed,,,0.01000,USD,Positive,"Fast and nice
",,,1.00000,USD
56d8b7df-14e7-47bc-be8a-942ba234ef20,2025-10-09 23:19:16,"100 Quantity = 4 RANDOM SHROOMBINO, SHROOM",CustomItem,Items,100,Completed,,,0.01000,USD,Positive,,,,1.00000,USD
e81d5e4d-6bee-4e46-9bc9-688edaf4f5ea,2025-10-09 22:50:21,100 Quantity = 5 RANDOM SECRET BRAINROT ( Rainbow / Gold / Neon /Diamond ) RANDOM MUTATION,CustomItem,Items,100,Completed,,,0.01000,USD,Positive,GGWP!,,,1.00000,USD
b7b7a6a5-4489-4a16-b03b-c07961852a7f,2025-10-09 22:37:03,"100 Quantity = 4 RANDOM SHROOMBINO, SHROOM",CustomItem,Items,200,Completed,,,0.01000,USD,Positive,GGWP!,,,2.00000,USD
e68ea99b-1c7b-43f3-8398-38c6702c184c,2025-10-09 22:29:20,"100 Quantity = 4 RANDOM SHROOMBINO, SHROOM",CustomItem,Items,200,Completed,,,0.01000,USD,Positive,,,,2.00000,USD
be677fd3-6c87-417f-9879-67c91925aa7c,2025-10-09 22:27:21,"100 Quantity = 4 RANDOM SHROOMBINO, SHROOM",CustomItem,Items,100,Completed,,,0.01000,USD,Positive,Wwww guy super fast,,,1.00000,USD
a0fe076f-d12a-4056-ba29-6537588f8ebd,2025-10-09 21:51:29,"100 Quantity = 4 RANDOM SHROOMBINO, SHROOM",CustomItem,Items,100,Canceled,,,0.01000,USD,Unrated,,Buyer_Did_Not_Respond,,1.00000,USD
67fe18f9-57fc-43f5-ac62-98e85ef4e90b,2025-10-09 21:35:39,"100 Quantity = 4 RANDOM SHROOMBINO, SHROOM",CustomItem,Items,100,Completed,,,0.01000,USD,Positive,legit,,,1.00000,USD
2efa7f3c-2531-41ca-93b6-e517d5bf804e,2025-10-09 21:22:34,"100 Quantity = 4 RANDOM SHROOMBINO, SHROOM",CustomItem,Items,100,Canceled,Seller_Not_Responding,,0.01000,USD,Unrated,,Not_Delivered_Within_Guaranteed_Delivery_Time,,1.00000,USD
c3308ba6-a224-404f-9cf3-7a2919ac5d13,2025-10-09 20:28:32,"100 Quantity = 4 RANDOM SHROOMBINO, SHROOM",CustomItem,Items,200,Canceled,,,0.01000,USD,Unrated,,Buyer_Did_Not_Respond,,2.00000,USD
b157ba6c-55a8-4637-a0cf-92b585bb1763,2025-10-09 19:31:10,"100 Quantity = 4 RANDOM SHROOMBINO, SHROOM",CustomItem,Items,100,Completed,,,0.01000,USD,Positive,,,,1.00000,USD
c468cdb1-d125-4ff5-9928-20fecb3f817b,2025-10-09 19:25:42,"100 Quantity = 4 RANDOM SHROOMBINO, SHROOM",CustomItem,Items,100,Completed,,,0.01000,USD,Positive,GGWP!,,,1.00000,USD
1e87596f-5e47-40ab-a842-ed41ceffac30,2025-10-09 19:15:32,"100 Quantity = 4 RANDOM SHROOMBINO, SHROOM",CustomItem,Items,200,Completed,,,0.01000,USD,Positive,very good and he gave me a mr carrot bonus,,,2.00000,USD
2fc60d22-de53-4bd2-a1a4-9ba04924f4f6,2025-10-09 12:25:33,100 Quantity = 8 RANDOM MR CARROT,CustomItem,Items,100,Completed,,,0.01000,USD,Positive,,,,1.00000,USD
056adc7c-1175-42f2-bedb-8be5f6cd8a25,2025-10-09 12:10:49,150 Quantity = 2 RANDOM MANGO,CustomItem,Items,150,Completed,,,0.01000,USD,Positive,,,,1.50000,USD
72ca4c57-e426-4093-ae02-680e0b366098,2025-10-09 12:03:44,150 Quantity = 2 RANDOM MANGO,CustomItem,Items,150,Completed,,,0.01000,USD,Positive,,,,1.50000,USD
9d4130e8-cb6e-4bd8-baac-0f60046a8471,2025-10-09 09:19:44,"100 Quantity = 4 RANDOM TOMATRIO, TOMAT",CustomItem,Items,100,Completed,,,0.01000,USD,Positive,GGWP!,,,1.00000,USD
facbd172-3f95-4b01-acc4-573e235c730a,2025-10-09 06:22:14,160 Quantity = 2 RANDOM MANGO,CustomItem,Items,320,Completed,,,0.01000,USD,Positive,WWWWW,,,3.20000,USD
716e3c3f-8328-42e4-8574-e8f0412b0d50,2025-10-09 04:54:33,"100 Quantity = 3 RANDOM SHROOMBINO, SHROOM",CustomItem,Items,500,Completed,,,0.01000,USD,Positive,"aboslutly amazing, even gave me 6 extra mr carrots due to me waiting 9 minutes
",,,5.00000,USD
3fe77ef9-a6c0-446e-bed5-9b8ba5c4332a,2025-10-09 04:48:49,"100 Quantity = 3 RANDOM SHROOMBINO, SHROOM",CustomItem,Items,100,Completed,,,0.01000,USD,Positive,"Muy amable lo recomiendo compren con este vendedor es muy bueno ",,,1.00000,USD
3dd9cab1-2ee0-416f-85a5-16b9c67deca3,2025-10-09 04:46:39,"100 Quantity = 4 RANDOM TOMATRIO, TOMAT",CustomItem,Items,100,Completed,,,0.01000,USD,Positive,"Excelente vendedor el mejor de todos recomiendo mucho ",,,1.00000,USD
e13c3f55-c76c-480c-9d3a-e13dab3f2ed6,2025-10-09 04:36:19,100 Quantity = 5 RANDOM SECRET BRAINROT ( Rainbow / Gold / Neon /Diamond ) RANDOM MUTATION,CustomItem,Items,100,Completed,,,0.01000,USD,Positive,,,,1.00000,USD
a952c4a2-e5f0-448c-ae2e-7b87b454d1e2,2025-10-09 04:17:04,"100 Quantity = 3 RANDOM SHROOMBINO, SHROOM",CustomItem,Items,100,Completed,,,0.01000,USD,Negative,mal servicio,,,1.00000,USD
3b544e2c-f9f1-4668-b560-d4257d4b5478,2025-10-09 03:36:18,"100 Quantity = 3 RANDOM SHROOMBINO, SHROOM",CustomItem,Items,100,Completed,,,0.01000,USD,Positive,"Great seller, gave me a gift",,,1.00000,USD
cd6db109-86b2-4ec1-83ad-dadcbff3bd4c,2025-10-09 03:22:41,100 Quantity = 6 RANDOM MR CARROT,CustomItem,Items,100,Canceled,Cannot_Claim_Purchase_Due_To_InGame_Issues,My power just went out,0.01000,USD,Unrated,,Mutual_Agreement,,1.00000,USD
4b2fef6b-0e16-4189-b7ec-7f103b52dcf6,2025-10-09 03:16:23,"100 Quantity = 4 RANDOM TOMATRIO, TOMAT",CustomItem,Items,100,Completed,,,0.01000,USD,Positive,,,,1.00000,USD
74f5e32a-d14b-4bf8-8cad-5626bc3e7ce4,2025-10-09 03:00:23,100 Quantity = 6 RANDOM MR CARROT,CustomItem,Items,100,Completed,,,0.01000,USD,Positive,"Quick and reliable, will definitely buy from again",,,1.00000,USD
31719a88-29d5-49aa-bfb3-2ce9cb9a06d8,2025-10-09 02:12:30,100 Quantity = 6 RANDOM MR CARROT,CustomItem,Items,100,Canceled,,,0.01000,USD,Unrated,,Buyer_Did_Not_Respond,,1.00000,USD
9afc8469-88fa-4f8d-9440-cb3e8f81db7f,2025-10-09 02:05:55,100 Quantity = 6 RANDOM MR CARROT,CustomItem,Items,300,Completed,,,0.01000,USD,Positive,"Great fast, added bonus highly recommended.",,,3.00000,USD
8769432f-3d60-49ea-8686-f0d651e71cdc,2025-10-09 01:18:20,100 Quantity = 6 RANDOM MR CARROT,CustomItem,Items,200,Completed,,,0.01000,USD,Positive,,,,2.00000,USD
b5c0b2be-4701-4890-89f6-29d07c08e5bb,2025-10-09 00:17:22,100 Quantity = 6 RANDOM MR CARROT,CustomItem,Items,500,Canceled,Seller_Not_Responding,,0.01000,USD,Unrated,,Not_Delivered_Within_Guaranteed_Delivery_Time,,5.00000,USD
b1672d51-0242-4944-8992-8199040cc8b2,2025-10-08 23:07:01,100 Quantity = 6 RANDOM MR CARROT,CustomItem,Items,100,Completed,,,0.01000,USD,Positive,GGWP!,,,1.00000,USD
0865d2f6-29d8-4da6-a97a-dd2453c59bac,2025-10-08 22:34:47,160 Quantity = 2 RANDOM MANGO,CustomItem,Items,160,Completed,,,0.01000,USD,Positive,,,,1.60000,USD
637e22a0-c33e-40cb-a2dc-df27911598ee,2025-10-08 20:48:06,"100 Quantity = 5 RANDOM Dragon Cannelloni OR  5 RANDOM Wardenelll Brickatoni (NEW FINAL BOSS)
 ( Rainbow / Gold / Neon /Diamond ) RANDOM MUTATION",CustomItem,Items,100,Completed,,,0.01000,USD,Positive,10/10 fast and legit BUY FROM HIM,,,1.00000,USD
766c8488-ebba-4f55-8c57-97faf1f80ae3,2025-10-08 20:37:20,"100 Quantity = 3 RANDOM SHROOMBINO, SHROOM",CustomItem,Items,100,Completed,,,0.01000,USD,Positive,"FAST AND LEGIT WOULD BUY AGAIN 11/10 ",,,1.00000,USD
dcd9d2b8-9ebf-4bb3-91ed-c92f115217a7,2025-10-08 15:57:12,100 Quantity = 6 RANDOM MR CARROT,CustomItem,Items,100,Completed,,,0.01000,USD,Positive,,,,1.00000,USD
f0575d9c-5413-4773-804a-95f2cc9a97d2,2025-10-08 15:11:43,100 Quantity = 5 RANDOM SECRET BRAINROT ( Rainbow / Gold / Neon /Diamond ) RANDOM MUTATION,CustomItem,Items,100,Completed,,,0.01000,USD,Positive,"Exelente ",,,1.00000,USD
893fb94f-74f7-4772-89d5-a1b331bc7ce8,2025-10-08 15:07:20,160 Quantity = 2 RANDOM MANGO,CustomItem,Items,160,Completed,,,0.01000,USD,Positive,GGWP!,,,1.60000,USD
7e99855f-a289-47da-8b30-b089b641c1d8,2025-10-08 15:05:27,100 Quantity = 6 RANDOM MR CARROT,CustomItem,Items,100,Completed,,,0.01000,USD,Positive,GGWP!,,,1.00000,USD
32cb0459-03d8-432e-8b5d-dbc1834fb56d,2025-10-08 14:58:10,100 Quantity = 6 RANDOM MR CARROT,CustomItem,Items,100,Completed,,,0.01000,USD,Positive,GGWP!,,,1.00000,USD
b7df70c5-ed4d-430a-815f-5570abff000a,2025-10-08 14:55:57,100 Quantity = 6 RANDOM MR CARROT,CustomItem,Items,300,Completed,,,0.01000,USD,Positive,very fast and give me bonus big W seller don't think and buy from him,,,3.00000,USD
25ac09aa-d98f-44a1-9a03-9b01cdba2b2a,2025-10-08 14:43:23,100 Quantity = 6 RANDOM MR CARROT,CustomItem,Items,100,Completed,,,0.01000,USD,Positive,,,,1.00000,USD
bda60cd4-0c89-4952-bfcf-4e19ec1b6f98,2025-10-08 13:42:40,100 Quantity = 6 RANDOM MR CARROT,CustomItem,Items,400,Completed,,,0.01000,USD,Positive,,,,4.00000,USD
c809644d-b4a3-46a2-8936-c04bf96be4a2,2025-10-08 13:23:35,160 Quantity = 2 RANDOM MANGO,CustomItem,Items,640,Completed,,,0.01000,USD,Positive,GGWP good and fast,,,6.40000,USD
9aef8707-9512-4cda-869c-a4fb201c478d,2025-10-08 12:48:02,160 Quantity = 2 RANDOM MANGO,CustomItem,Items,160,Canceled,Item_Not_Delivered_Within_Delivery_Time,"I haven’t been given my purchased item yet and its been over the due limit pls help ",0.01000,USD,Unrated,,Not_Delivered_Within_Guaranteed_Delivery_Time,,1.60000,USD
0a6930db-ddae-408d-902e-b3230af9d820,2025-10-08 11:55:17,160 Quantity = 2 RANDOM MANGO,CustomItem,Items,160,Completed,,,0.01000,USD,Positive,,,,1.60000,USD
6b5e0692-d4fb-4381-b560-68eb08185560,2025-10-08 11:10:52,160 Quantity = 2 RANDOM MANGO,CustomItem,Items,160,Completed,,,0.01000,USD,Positive,ggwp,,,1.60000,USD
1322b82f-c88d-4566-94f6-1e1d79b4b776,2025-10-08 10:54:29,100 Quantity = 6 RANDOM MR CARROT,CustomItem,Items,100,Completed,,,0.01000,USD,Positive,GG,,,1.00000,USD
d55d26ca-ba3d-487f-96ae-4a9c76bb93b5,2025-10-08 10:16:51,"100 Quantity = 3 RANDOM TOMATRIO, TOMAT",CustomItem,Items,100,Completed,,,0.01000,USD,Positive,,,,1.00000,USD
e4e01386-a637-42ae-8bc4-8302b96b859f,2025-10-08 08:21:24,100 Quantity = 6 RANDOM MR CARROT,CustomItem,Items,200,Canceled,,,0.01000,USD,Unrated,,Buyer_Did_Not_Respond,,2.00000,USD
c83ef71e-483a-4a17-9eaa-796a258f13eb,2025-10-08 07:43:38,100 Quantity = 6 RANDOM MR CARROT,CustomItem,Items,100,Completed,,,0.01000,USD,Positive,good,,,1.00000,USD
892f087d-8f2e-4769-a802-002d351bdbd4,2025-10-08 07:39:14,100 Quantity = 6 RANDOM MR CARROT,CustomItem,Items,100,Completed,,,0.01000,USD,Positive,,,,1.00000,USD
dedf2524-6c04-4b61-9891-97572a02cbab,2025-10-08 07:07:38,100 Quantity = 6 RANDOM MR CARROT,CustomItem,Items,200,Completed,,,0.01000,USD,Positive,GGWP!,,,2.00000,USD
0c6cf236-fb72-4b0a-882f-fc46f24b350f,2025-10-08 07:01:28,100 Quantity = 6 RANDOM MR CARROT,CustomItem,Items,100,Completed,,,0.01000,USD,Positive,"Amazing would definitely come back very professional as well ! ",,,1.00000,USD
832113c5-bf6b-4506-b320-7a6e27d2bea7,2025-10-08 05:48:17,100 Quantity = 6 RANDOM MR CARROT,CustomItem,Items,200,Completed,,,0.01000,USD,Positive,"gg very fast ",,,2.00000,USD
f10328f0-05b3-4826-b849-44c74774babe,2025-10-08 05:30:52,160 Quantity = 2 RANDOM MANGO,CustomItem,Items,160,Completed,,,0.01000,USD,Positive,"good seller
",,,1.60000,USD
8fe3744f-cfd2-4710-bf23-3b2e7c2b92a9,2025-10-08 04:51:38,160 Quantity = 2 RANDOM MANGO,CustomItem,Items,160,Completed,,,0.01000,USD,Positive,,,,1.60000,USD
beb5a05f-dd13-4cb8-ae8b-e85e4647661f,2025-10-08 02:13:28,"100 Quantity = 2 RANDOM SHROOMBINO, SHROOM",CustomItem,Items,1000,Completed,,,0.01000,USD,Positive,Gave extra,,,10.00000,USD
59ee5433-6e5c-4c95-9dd6-d0378bfbceff,2025-10-08 00:19:09,"100 Quantity = 2 RANDOM SHROOMBINO, SHROOM",CustomItem,Items,100,Completed,,,0.01000,USD,Positive,GGWP!,,,1.00000,USD
993cdd2b-7675-4c51-aebc-52cb1015ac16,2025-10-08 00:13:56,"100 Quantity = 3 RANDOM TOMATRIO, TOMAT",CustomItem,Items,100,Canceled,Cannot_Claim_Purchase_Due_To_InGame_Issues,,0.01000,USD,Unrated,,Out_Of_Stock,,1.00000,USD
b10b4731-655c-464e-9595-b1506500a530,2025-10-08 00:06:49,100 Quantity = 6 RANDOM MR CARROT,CustomItem,Items,100,Completed,,,0.01000,USD,Positive,GGWP!,,,1.00000,USD
56fe3a2a-a9c3-4455-821b-dabeb55de06a,2025-10-07 23:51:57,"100 Quantity = 3 RANDOM TOMATRIO, TOMAT",CustomItem,Items,400,Completed,,,0.01000,USD,Positive,,,,4.00000,USD
d45f862e-aca1-4492-95e2-e5cb66a12adb,2025-10-07 23:50:14,100 Quantity = 6 RANDOM MR CARROT,CustomItem,Items,200,Canceled,,,0.01000,USD,Unrated,,Out_Of_Stock,,2.00000,USD
b8c04410-b073-4c9a-8a72-273be512a18b,2025-10-07 23:44:43,100 Quantity = 6 RANDOM MR CARROT,CustomItem,Items,150,Completed,Item_Not_Delivered_Within_Delivery_Time,,0.01000,USD,Positive,GGWP!,,,1.50000,USD
9df5b2ed-92a4-44a8-8e00-eb831ce4651e,2025-10-07 22:09:28,"100 quantity = 10 RANDOM BRAINROT GODLY (RANDOM MUTATION), CAN REQUEST DEPENDS ON STOCK",CustomItem,Items,200,Completed,,,0.01000,USD,Positive,,,,2.00000,USD
bd3d30db-e8bf-4d0b-8d2a-837aa4ea90f4,2025-10-07 21:55:53,"100 Quantity = 3 RANDOM TOMATRIO, TOMAT",CustomItem,Items,100,Completed,,,0.01000,USD,Positive,,,,1.00000,USD
835c1f9a-eda2-4ac1-aa14-ebcb7a6a12ac,2025-10-07 21:20:28,100 Quantity = 6 RANDOM MR CARROT,CustomItem,Items,300,Completed,,,0.01000,USD,Positive,,,,3.00000,USD
c739db2d-cfcb-449c-b0f1-0eda0d95206e,2025-10-07 20:46:00,"100 Quantity = 3 RANDOM TOMATRIO, TOMAT",CustomItem,Items,200,Completed,,,0.01000,USD,Positive,,,,2.00000,USD
300938b6-92f8-4821-8c41-f02b587ab6ce,2025-10-07 19:35:46,100 Quantity = 6 RANDOM MR CARROT,CustomItem,Items,100,Completed,,,0.01000,USD,Positive,,,,1.00000,USD
6fd678dd-cd09-4d19-97e2-e061f55dade3,2025-10-07 19:02:57,100 Quantity = 6 RANDOM MR CARROT,CustomItem,Items,100,Canceled,Seller_Not_Responding,,0.01000,USD,Unrated,,Not_Delivered_Within_Guaranteed_Delivery_Time,,1.00000,USD
fb52bb21-5a5f-42a6-9c3c-01e67bf7063e,2025-10-07 18:27:24,100 Quantity = 6 RANDOM MR CARROT,CustomItem,Items,100,Canceled,,,0.01000,USD,Unrated,,Buyer_Did_Not_Respond,,1.00000,USD
a78e64de-da66-4acb-97c6-13071d60bdfd,2025-10-07 17:31:49,100 Quantity = 6 RANDOM MR CARROT,CustomItem,Items,100,Canceled,Item_Not_Delivered_Within_Delivery_Time,The person is 30 minutes overdue and I haven't gotten a response yet,0.01000,USD,Unrated,,Not_Delivered_Within_Guaranteed_Delivery_Time,,1.00000,USD
e95e846f-cdcc-4e34-a53e-b9fb0a887280,2025-10-07 16:55:01,100 Quantity = 6 RANDOM MR CARROT,CustomItem,Items,100,Canceled,Item_Not_Delivered_Within_Delivery_Time,,0.01000,USD,Unrated,,Not_Delivered_Within_Guaranteed_Delivery_Time,,1.00000,USD
bc00812c-1b04-4aa0-ac77-0e255df813c8,2025-10-07 13:59:57,"TITAN PEACOCK AGE 100, WEIGHT (75KG - 79KG) MUTATION RAINBOW WEIGHT RANDOM BASED ON STOCK",CustomItem,Items,1,Canceled,,,80.00000,USD,Unrated,,Mutual_Agreement,,80.00000,USD
b987f6d6-6376-40c0-a755-2f98d15c413d,2025-10-07 12:58:58,100 Quantity = 5 RANDOM SECRET BRAINROT ( Rainbow / Gold / Neon /Diamond ) RANDOM MUTATION,CustomItem,Items,100,Completed,,,0.01000,USD,Positive,"Very good ",,,1.00000,USD
d78c452e-a386-4bd1-9f61-a69124e65e0e,2025-10-07 12:43:33,"100 Quantity = 3 RANDOM TOMATRIO, TOMAT",CustomItem,Items,100,Completed,,,0.01000,USD,Positive,10/10 was great fast and gave amazing plants!!! Definitely order here,,,1.00000,USD
d8cbb64f-1775-4faa-a68e-da070fa41ac2,2025-10-07 12:41:43,100 Quantity = 5 RANDOM SECRET BRAINROT ( Rainbow / Gold / Neon /Diamond ) RANDOM MUTATION,CustomItem,Items,100,Completed,,,0.01000,USD,Positive,,,,1.00000,USD
836eeb9c-3412-4389-86a4-6b8777535d8f,2025-10-07 10:16:16,100 Quantity = 5 RANDOM SECRET BRAINROT ( Rainbow / Gold / Neon /Diamond ) RANDOM MUTATION,CustomItem,Items,200,Completed,,,0.01000,USD,Positive,,,,2.00000,USD
60892757-98be-448f-aaa5-0c377b38030c,2025-10-07 05:46:07,"100 Quantity = 3 RANDOM Dragon Cannelloni OR  3 RANDOM Wardenelll Brickatoni (NEW FINAL BOSS)
 ( Rainbow / Gold / Neon /Diamond ) RANDOM MUTATION",CustomItem,Items,100,Completed,,,0.01000,USD,Positive,,,,1.00000,USD
aeddf675-a9ba-4237-92a6-c05050131186,2025-10-07 04:48:34,100 Quantity = 3 RANDOM MR CARROT,CustomItem,Items,500,Completed,,,0.01000,USD,Positive,,,,5.00000,USD
c71f0c6f-80f5-4cba-988a-d43098b83b56,2025-10-07 04:45:50,100 Quantity = 3 RANDOM MR CARROT,CustomItem,Items,100,Completed,,,0.01000,USD,Positive,GGWP!,,,1.00000,USD
7b53cd7b-ca50-47c8-bb48-7cde3a5d4a18,2025-10-07 04:37:37,"100 Quantity = 3 RANDOM Dragon Cannelloni OR  3 RANDOM Wardenelll Brickatoni (NEW FINAL BOSS)
 ( Rainbow / Gold / Neon /Diamond ) RANDOM MUTATION",CustomItem,Items,100,Completed,,,0.01000,USD,Positive,"Muy amable lo recomiendo muchísimo ",,,1.00000,USD
bed3b76c-6956-48c1-9ee1-2d5eb609906c,2025-10-07 04:37:34,100 Quantity = 5 RANDOM SECRET BRAINROT ( Rainbow / Gold / Neon /Diamond ) RANDOM MUTATION,CustomItem,Items,100,Completed,,,0.01000,USD,Positive,"Exelente ",,,1.00000,USD
29749205-abb0-48aa-b708-197aba40db51,2025-10-07 04:36:31,"100 Quantity = 2 RANDOM SHROOMBINO, SHROOM",CustomItem,Items,200,Completed,,,0.01000,USD,Positive,GGWP!,,,2.00000,USD
a8345048-3bb7-4045-bfc1-37535b604f39,2025-10-07 04:33:16,150 Quantity = 2 RANDOM MANGO,CustomItem,Items,150,Completed,,,0.01000,USD,Positive,Fast shipping and gave a bonus would recommend.,,,1.50000,USD
bb033698-7276-433e-a02e-1bb416bf56dc,2025-10-07 04:24:18,100 Quantity = 3 RANDOM MR CARROT,CustomItem,Items,100,Completed,,,0.01000,USD,Positive,100% confiable y muy amable y caballeroso lo recomiendo al 100,,,1.00000,USD
e691db0f-bd4a-4a33-baf0-684fdd23ed26,2025-10-07 04:19:35,100 Quantity = 5 RANDOM SECRET BRAINROT ( Rainbow / Gold / Neon /Diamond ) RANDOM MUTATION,CustomItem,Items,100,Completed,,,0.01000,USD,Positive,,,,1.00000,USD
de9f0dba-003d-4a4c-a4f1-ffbea38df990,2025-10-07 03:52:34,150 Quantity = 2 RANDOM MANGO,CustomItem,Items,150,Completed,,,0.01000,USD,Positive,,,,1.50000,USD
441a7fb1-f04d-4d0b-a28c-456b10526b6f,2025-10-07 03:38:40,150 Quantity = 2 RANDOM MANGO,CustomItem,Items,150,Completed,,,0.01000,USD,Positive,Quick!,,,1.50000,USD
4b0c07f7-8efb-4420-a6da-543cf04c03a2,2025-10-07 03:36:36,150 Quantity = 2 RANDOM MANGO,CustomItem,Items,300,Completed,,,0.01000,USD,Positive,Fast,,,3.00000,USD
269d00ac-464e-480d-93ee-fee43ef02d19,2025-10-07 02:26:51,100 Quantity = 3 RANDOM MR CARROT,CustomItem,Items,100,Canceled,,,0.01000,USD,Unrated,,Buyer_Does_Not_Meet_Criteria_For_Order,,1.00000,USD
aa9c7a92-162d-43a1-8ef7-3617eb8db934,2025-10-07 01:53:12,100 Quantity = 5 RANDOM SECRET BRAINROT ( Rainbow / Gold / Neon /Diamond ) RANDOM MUTATION,CustomItem,Items,300,Completed,,,0.01000,USD,Positive,,,,3.00000,USD
6ea84402-709b-43db-8954-675e37005c9f,2025-10-07 01:38:42,150 Quantity = 2 RANDOM MANGO,CustomItem,Items,150,Completed,,,0.01000,USD,Positive,amazing people,,,1.50000,USD
0107cb38-2b88-4961-8250-ca061ed07a54,2025-10-07 01:27:59,150 Quantity = 2 RANDOM MANGO,CustomItem,Items,300,Canceled,,,0.01000,USD,Unrated,,Out_Of_Stock,,3.00000,USD
6c385aca-4356-4ad1-9b8a-908b4159efeb,2025-10-07 01:25:41,150 Quantity = 2 RANDOM MANGO,CustomItem,Items,450,Completed,,,0.01000,USD,Positive,"Dude was awesome, gave extra <3
",,,4.50000,USD
f37710ac-222c-4c7b-af9b-bf8546e9b5d0,2025-10-07 00:54:16,150 Quantity = 2 RANDOM MANGO,CustomItem,Items,300,Canceled,,,0.01000,USD,Unrated,,Out_Of_Stock,,3.00000,USD
071f5015-9c50-479e-92ee-5a63c4a7d422,2025-10-07 00:53:44,150 Quantity = 2 RANDOM MANGO,CustomItem,Items,525,Canceled,,,0.01000,USD,Unrated,,Out_Of_Stock,,5.25000,USD
6e8f4471-c7fe-410a-b57b-013bf760415f,2025-10-07 00:30:01,100 Quantity = 3 RANDOM MR CARROT,CustomItem,Items,100,Completed,,,0.01000,USD,Positive,,,,1.00000,USD
9f7a4ef7-129a-4a8a-b9a9-e2fc7c48759b,2025-10-07 00:21:44,150 Quantity = 2 RANDOM MANGO,CustomItem,Items,150,Completed,,,0.01000,USD,Positive,Quick and simple,,,1.50000,USD
5e7c0a18-e856-42c6-9289-ab273d37fc63,2025-10-07 00:17:06,150 Quantity = 2 RANDOM MANGO,CustomItem,Items,150,Completed,,,0.01000,USD,Positive,"really fast and kind also gave extra stuff for free ",,,1.50000,USD
64e1c4da-8076-4cbb-83d4-0f50d46f9f3c,2025-10-06 23:16:52,"100 Quantity = 3 RANDOM TOMATRIO, TOMAT",CustomItem,Items,400,Completed,,,0.01000,USD,Positive,"very polite very nice and takes like 5mins 
",,,4.00000,USD
9b09e854-5dcc-4200-b93d-165d11f62f57,2025-10-06 23:13:38,"100 Quantity = 3 RANDOM TOMATRIO, TOMAT",CustomItem,Items,100,Canceled,,,0.01000,USD,Unrated,,Mutual_Agreement,,1.00000,USD
1433a8e1-9518-4cba-af6c-a5e03d768c72,2025-10-06 16:35:13,100 Quantity = 5 RANDOM SECRET BRAINROT ( Rainbow / Gold / Neon /Diamond ) RANDOM MUTATION,CustomItem,Items,100,Canceled,,,0.01000,USD,Unrated,,Not_Delivered_Within_Guaranteed_Delivery_Time,,1.00000,USD
47671ec2-8fe9-45b3-82d6-b454ae6f9589,2025-10-06 08:52:11,100 Quantity = 3 RANDOM NEW LIMITED FINAL BOSS Wardenelli Brickatoni Limited Wardenelll Brickatoni ( Rainbow / Gold / Neon /Diamond ) RANDOM MUTATION,CustomItem,Items,100,Completed,,,0.01000,USD,Positive,"Very fast and respectful ",,,1.00000,USD
055e2895-e3c0-4a39-8247-457621c3e471,2025-10-06 03:49:33,"100 Quantity = 3 RANDOM Dragon Cannelloni OR  3 RANDOM Wardenelll Brickatoni (NEW FINAL BOSS)
 ( Rainbow / Gold / Neon /Diamond ) RANDOM MUTATION",CustomItem,Items,500,Completed,,,0.01000,USD,Positive,GGWP!,,,5.00000,USD
13b766df-e797-4be9-b593-acce5e8520b7,2025-10-06 03:39:39,100 Quantity = 5 RANDOM SECRET BRAINROT ( Rainbow / Gold / Neon /Diamond ) RANDOM MUTATION,CustomItem,Items,100,Completed,,,0.01000,USD,Positive,,,,1.00000,USD
96ed3625-c960-42b3-8e80-8604915120c1,2025-10-06 03:14:55,"100 Quantity = 3 RANDOM Dragon Cannelloni OR  3 RANDOM Wardenelll Brickatoni (NEW FINAL BOSS)
 ( Rainbow / Gold / Neon /Diamond ) RANDOM MUTATION",CustomItem,Items,100,Completed,,,0.01000,USD,Positive,,,,1.00000,USD
37b69a7a-73a9-4960-b0ee-47aa07ae431a,2025-10-06 03:01:45,100 Quantity = 5 RANDOM SECRET BRAINROT ( Rainbow / Gold / Neon /Diamond ) RANDOM MUTATION,CustomItem,Items,100,Completed,,,0.01000,USD,Positive,,,,1.00000,USD
781d2b16-c54f-40ea-99b8-5ddecf179f4e,2025-10-06 00:18:10,"100 Quantity = 3 RANDOM Dragon Cannelloni OR  3 RANDOM Wardenelll Brickatoni (NEW FINAL BOSS)
 ( Rainbow / Gold / Neon /Diamond ) RANDOM MUTATION",CustomItem,Items,100,Completed,,,0.01000,USD,Positive,"Quick easy good service ",,,1.00000,USD
1b7d6fa3-76d3-4b70-8fdc-bdbe3bff415f,2025-10-05 23:50:13,100 Quantity = 5 RANDOM SECRET BRAINROT ( Rainbow / Gold / Neon /Diamond ) RANDOM MUTATION,CustomItem,Items,100,Completed,,,0.01000,USD,Positive,fast and reliable,,,1.00000,USD
581b1c43-efa7-451c-b8fb-6c84a8cbc0e1,2025-10-05 23:04:43,"100 Quantity = 3 RANDOM Dragon Cannelloni OR  3 RANDOM Wardenelll Brickatoni (NEW FINAL BOSS)
 ( Rainbow / Gold / Neon /Diamond ) RANDOM MUTATION",CustomItem,Items,100,Completed,,,0.01000,USD,Positive,great,,,1.00000,USD
c8138a55-e305-45d6-8965-5c5516b87110,2025-10-05 22:47:03,"100 Quantity = 3 RANDOM Dragon Cannelloni OR  3 RANDOM Wardenelll Brickatoni (NEW FINAL BOSS)
 ( Rainbow / Gold / Neon /Diamond ) RANDOM MUTATION",CustomItem,Items,100,Completed,,,0.01000,USD,Positive,,,,1.00000,USD
e4fa9206-a0ab-4a73-adcc-9b019c05e44a,2025-10-05 22:08:06,"100 Quantity = 3 RANDOM Dragon Cannelloni OR  3 RANDOM Wardenelll Brickatoni (NEW FINAL BOSS)
 ( Rainbow / Gold / Neon /Diamond ) RANDOM MUTATION",CustomItem,Items,100,Canceled,,,0.01000,USD,Unrated,,Buyer_Did_Not_Respond,,1.00000,USD
1e649264-fecc-4d0a-b052-edbd6f7ba36d,2025-10-05 21:31:27,100 Quantity = 5 RANDOM SECRET BRAINROT ( Rainbow / Gold / Neon /Diamond ) RANDOM MUTATION,CustomItem,Items,100,Canceled,Seller_Not_Responding,,0.01000,USD,Unrated,,Not_Delivered_Within_Guaranteed_Delivery_Time,,1.00000,USD
f830d66f-052e-44c7-881a-330eb40be976,2025-10-05 21:29:20,"100 Quantity = 3 RANDOM Dragon Cannelloni OR  3 RANDOM Wardenelll Brickatoni (NEW FINAL BOSS)
 ( Rainbow / Gold / Neon /Diamond ) RANDOM MUTATION",CustomItem,Items,100,Canceled,,,0.01000,USD,Unrated,,Buyer_Did_Not_Respond,,1.00000,USD
29e88321-db77-4f9b-a449-ffe14c14552f,2025-10-05 20:30:18,100 Quantity = 5 RANDOM SECRET BRAINROT ( Rainbow / Gold / Neon /Diamond ) RANDOM MUTATION,CustomItem,Items,100,Canceled,Item_Not_Delivered_Within_Delivery_Time,,0.01000,USD,Unrated,,Not_Delivered_Within_Guaranteed_Delivery_Time,,1.00000,USD
6b3a1416-710f-434e-a0a5-ef3f5ddf2cde,2025-10-05 18:13:52,100 Quantity = 5 RANDOM SECRET BRAINROT ( Rainbow / Gold / Neon /Diamond ) RANDOM MUTATION,CustomItem,Items,100,Completed,,,0.01000,USD,Positive,,,,1.00000,USD
72c39296-5853-4c5a-b91c-6d7e5e9aa498,2025-10-05 17:26:41,"100 Quantity = 3 RANDOM Dragon Cannelloni OR  3 RANDOM Wardenelll Brickatoni (NEW FINAL BOSS)
 ( Rainbow / Gold / Neon /Diamond ) RANDOM MUTATION",CustomItem,Items,100,Canceled,Item_Not_Delivered_Within_Delivery_Time,Did not give me my stuff in the gurranted delievery time.,0.01000,USD,Unrated,,Not_Delivered_Within_Guaranteed_Delivery_Time,,1.00000,USD
e1d484c6-1413-4500-86de-05cc38805d6c,2025-10-05 17:23:36,100 Quantity = 5 RANDOM SECRET BRAINROT ( Rainbow / Gold / Neon /Diamond ) RANDOM MUTATION,CustomItem,Items,100,Canceled,,,0.01000,USD,Unrated,,Buyer_Did_Not_Respond,,1.00000,USD
da0fb6ee-b3ea-4a2c-acec-8f527873a567,2025-10-05 13:30:48,"100 Quantity = 3 RANDOM Dragon Cannelloni OR  3 RANDOM Wardenelll Brickatoni (NEW FINAL BOSS)
 ( Rainbow / Gold / Neon /Diamond ) RANDOM MUTATION",CustomItem,Items,100,Completed,,,0.01000,USD,Positive,"quick and easy ",,,1.00000,USD
f64ce117-bd06-4497-95ee-9636b8b3c637,2025-10-05 12:35:21,100 Quantity = 5 RANDOM SECRET BRAINROT ( Rainbow / Gold / Neon /Diamond ) RANDOM MUTATION,CustomItem,Items,100,Completed,,,0.01000,USD,Positive,gg,,,1.00000,USD
3697219f-b6a8-4242-9bbf-25ece9b81371,2025-10-05 12:18:22,100 Quantity = 3 RANDOM NEW LIMITED FINAL BOSS Wardenelll Brickatoni Limited Wardenelll Brickatoni ( Rainbow / Gold / Neon /Diamond ) RANDOM MUTATION,CustomItem,Items,1000,Completed,,,0.01000,USD,Positive,fast and nice,,,10.00000,USD
ea7cccbe-3ec7-415c-af96-9ef901cd784d,2025-10-05 09:08:10,100 Quantity = 3 RANDOM NEW LIMITED FINAL BOSS Wardenelll Brickatoni Limited Wardenelll Brickatoni ( Rainbow / Gold / Neon /Diamond ) RANDOM MUTATION,CustomItem,Items,100,Completed,,,0.01000,USD,Positive,Very FAST!,,,1.00000,USD
fcba6844-1370-46b7-acb2-e935ed6292cd,2025-10-05 05:27:39,100 Quantity = 5 RANDOM SECRET BRAINROT ( Rainbow / Gold / Neon /Diamond ) RANDOM MUTATION,CustomItem,Items,100,Completed,,,0.01000,USD,Positive,nice,,,1.00000,USD
18f17d9f-3a25-4fdb-93e2-1d714cd1133b,2025-10-05 05:07:06,100 Quantity = 5 RANDOM SECRET BRAINROT ( Rainbow / Gold / Neon /Diamond ) RANDOM MUTATION,CustomItem,Items,100,Completed,,,0.01000,USD,Positive,Nice!!,,,1.00000,USD
6226660a-70d9-4841-9c5e-79ee03b0be94,2025-10-05 04:21:36,100 Quantity = 5 RANDOM SECRET BRAINROT ( Rainbow / Gold / Neon /Diamond ) RANDOM MUTATION,CustomItem,Items,100,Completed,,,0.01000,USD,Positive,NICE!!!,,,1.00000,USD
b3cb980c-4038-401d-8fd2-ba82dbafed81,2025-10-05 04:17:48,100 Quantity = 5 RANDOM SECRET BRAINROT ( Rainbow / Gold / Neon /Diamond ) RANDOM MUTATION,CustomItem,Items,400,Completed,,,0.01000,USD,Positive,,,,4.00000,USD
de859d00-87a7-4481-a366-77084e38e357,2025-10-05 02:03:27,100 Quantity = 5 RANDOM SECRET BRAINROT ( Rainbow / Gold / Neon /Diamond ) RANDOM MUTATION,CustomItem,Items,100,Completed,,,0.01000,USD,Positive,,,,1.00000,USD
c6622b84-469e-4059-bee8-046ad5603231,2025-10-05 00:23:21,"100 Quantity = 3 RANDOM Dragon Cannelloni
Limited Dragon Cannelloni ( Rainbow / Gold / Neon /Diamond ) RANDOM MUTATION",CustomItem,Items,300,Completed,,,0.01000,USD,Positive,AWESOME SELLER!!,,,3.00000,USD
3239bf85-72e8-41da-9886-715279bb14e8,2025-10-04 23:28:36,"100 Quantity = 3 RANDOM Dragon Cannelloni
Limited Dragon Cannelloni ( Rainbow / Gold / Neon /Diamond ) RANDOM MUTATION",CustomItem,Items,500,Completed,,,0.01000,USD,Positive,,,,5.00000,USD
9fd2f4af-13e4-4bf8-9781-dbf1e559cebf,2025-10-04 21:28:32,100 Quantity = 5 RANDOM SECRET BRAINROT ( Rainbow / Gold / Neon /Diamond ) RANDOM MUTATION,CustomItem,Items,100,Completed,,,0.01000,USD,Positive,Thank you!,,,1.00000,USD
96b5bc0e-9313-4dd8-83c8-aee219eabda6,2025-10-04 17:56:40,100 Quantity = 5 RANDOM SECRET BRAINROT ( Rainbow / Gold / Neon /Diamond ) RANDOM MUTATION,CustomItem,Items,100,Completed,,,0.01000,USD,Positive,Best seller very polite and have a bonus,,,1.00000,USD
5e04f5ce-d763-4ea7-bf3f-c208d6b0441e,2025-10-04 17:41:35,"100 Quantity = 3 RANDOM Dragon Cannelloni
Limited Dragon Cannelloni ( Rainbow / Gold / Neon /Diamond ) RANDOM MUTATION",CustomItem,Items,100,Completed,,,0.01000,USD,Positive,,,,1.00000,USD
0a7ecf63-df66-4983-aa7a-3078e85c9701,2025-10-04 16:31:36,"100 Quantity = 3 RANDOM Dragon Cannelloni
Limited Dragon Cannelloni ( Rainbow / Gold / Neon /Diamond ) RANDOM MUTATION",CustomItem,Items,200,Completed,,,0.01000,USD,Positive,,,,2.00000,USD
2583f209-2873-44f8-a49a-efb1388411ac,2025-10-04 13:21:00,"100 Quantity = 3 RANDOM Dragon Cannelloni
Limited Dragon Cannelloni ( Rainbow / Gold / Neon /Diamond ) RANDOM MUTATION",CustomItem,Items,100,Canceled,,,0.01000,USD,Unrated,,Cancelation_Of_Reserved_Order,,1.00000,USD
3766d67e-38e4-4a00-8718-ac0e20c4f091,2025-10-04 13:04:17,"100 Quantity = 3 RANDOM Dragon Cannelloni
Limited Dragon Cannelloni ( Rainbow / Gold / Neon /Diamond ) RANDOM MUTATION",CustomItem,Items,200,Completed,,,0.01000,USD,Positive,GGWP!,,,2.00000,USD
1e89417e-fc66-4523-a280-8cc9a413ce2b,2025-10-04 11:41:40,"100 Quantity = 3 RANDOM Dragon Cannelloni
Limited Dragon Cannelloni ( Rainbow / Gold / Neon /Diamond ) RANDOM MUTATION",CustomItem,Items,100,Completed,,,0.01000,USD,Positive,,,,1.00000,USD
794d166a-d5d4-4f56-8f3b-ab29d07df2f9,2025-10-04 11:37:41,,RequestedBoosting,Resource Boosting,1,Completed,,,165.00000,USD,Positive,,,,165.00000,USD
70785b48-8547-4bff-bb3f-a13b18b8e84c,2025-10-04 11:31:34,"100 Quantity = 3 RANDOM Dragon Cannelloni
Limited Dragon Cannelloni ( Rainbow / Gold / Neon /Diamond ) RANDOM MUTATION",CustomItem,Items,100,Completed,,,0.01000,USD,Positive,,,,1.00000,USD
95ca4e25-db38-46c0-ad21-e3f7a1130469,2025-10-04 10:57:08,"100 Quantity = 3 RANDOM Dragon Cannelloni
Limited Dragon Cannelloni ( Rainbow / Gold / Neon /Diamond ) RANDOM MUTATION",CustomItem,Items,100,Completed,,,0.01000,USD,Positive,GGWP!,,,1.00000,USD
44045dd4-be61-445e-81c2-a02f9a4ea2bd,2025-10-04 09:49:20,"100 Quantity = 4 RANDOM Dragon Cannelloni
Limited Dragon Cannelloni ( Rainbow / Gold / Neon /Diamond ) RANDOM MUTATION",CustomItem,Items,100,Completed,,,0.01000,USD,Positive,GGWP!,,,1.00000,USD
4b4b8729-ad51-41a0-97be-567bb8e5b094,2025-10-04 09:02:15,100 Quantity = 5 RANDOM SECRET BRAINROT ( Rainbow / Gold / Neon /Diamond ) RANDOM MUTATION,CustomItem,Items,100,Completed,,,0.01000,USD,Positive,"Excellent ",,,1.00000,USD
51db6c89-c64c-484f-8ac3-7fe5448d464e,2025-10-04 07:56:07,100 Quantity = 5 RANDOM SECRET BRAINROT ( Rainbow / Gold / Neon /Diamond ) RANDOM MUTATION,CustomItem,Items,100,Completed,,,0.01000,USD,Positive,,,,1.00000,USD
43baa47d-57e9-448d-8406-d178d7785cf4,2025-10-04 07:28:42,100 Quantity = 5 RANDOM SECRET BRAINROT ( Rainbow / Gold / Neon /Diamond ) RANDOM MUTATION,CustomItem,Items,500,Completed,,,0.01000,USD,Positive,,,,5.00000,USD
8d4ffcb0-1a8d-4fbd-80e7-65a6b16e3ba2,2025-10-04 06:22:25,100 Quantity = 5 RANDOM SECRET BRAINROT ( Rainbow / Gold / Neon /Diamond ) RANDOM MUTATION,CustomItem,Items,100,Completed,,,0.01000,USD,Positive,,,,1.00000,USD
c22a7dd7-4e54-46ad-86a4-7963ee81df8a,2025-10-04 05:15:12,"100 Quantity = 4 RANDOM Dragon Cannelloni
Limited Dragon Cannelloni ( Rainbow / Gold / Neon /Diamond ) RANDOM MUTATION",CustomItem,Items,100,Completed,,,0.01000,USD,Positive,,,,1.00000,USD
e99d70fc-9735-4cd8-afea-81ad6222d13c,2025-10-04 05:12:57,100 Quantity = 5 RANDOM SECRET BRAINROT ( Rainbow / Gold / Neon /Diamond ) RANDOM MUTATION,CustomItem,Items,100,Completed,,,0.01000,USD,Positive,,,,1.00000,USD
d0872fe9-cba6-4540-a7cf-a10df86e5dc9,2025-10-04 04:55:25,100 Quantity = 5 RANDOM SECRET BRAINROT ( Rainbow / Gold / Neon /Diamond ) RANDOM MUTATION,CustomItem,Items,100,Completed,,,0.01000,USD,Positive,GGWP!,,,1.00000,USD
48de1043-1923-4aa0-84a5-eb9dd05f2acd,2025-10-04 02:18:07,"100 Quantity = 3 RANDOM Dragon Cannelloni
Limited Dragon Cannelloni ( Rainbow / Gold / Neon /Diamond ) RANDOM MUTATION",CustomItem,Items,100,Completed,,,0.01000,USD,Positive,"Very good seller and they are fast i do recommend ",,,1.00000,USD
004e5bb5-348f-4c52-af88-9d760bcf8beb,2025-10-04 01:01:56,"100 Quantity = 3 RANDOM Dragon Cannelloni
Limited Dragon Cannelloni ( Rainbow / Gold / Neon /Diamond ) RANDOM MUTATION",CustomItem,Items,100,Completed,,,0.01000,USD,Positive,,,,1.00000,USD
80bbfe5d-9d1d-4084-817b-b7a8e85cf802,2025-10-04 00:45:46,"100 quantity = 10 RANDOM BRAINROT GODLY (RANDOM MUTATION), CAN REQUEST DEPENDS ON STOCK",CustomItem,Items,100,Completed,,,0.01000,USD,Positive,,,,1.00000,USD
0c5183ac-dd6a-4ebb-9ff5-0515adfb5bd8,2025-10-03 23:27:44,100 Quantity = 5 RANDOM SECRET BRAINROT ( Rainbow / Gold / Neon /Diamond ) RANDOM MUTATION,CustomItem,Items,100,Completed,,,0.01000,USD,Positive,,,,1.00000,USD
ace86597-7765-4e6f-80a1-cde25ffd8a18,2025-10-03 23:17:05,100 Quantity = 5 RANDOM SECRET BRAINROT ( Rainbow / Gold / Neon /Diamond ) RANDOM MUTATION,CustomItem,Items,100,Completed,,,0.01000,USD,Positive,,,,1.00000,USD
307b7a9b-2e8f-49e5-a004-3ffe844bf7b8,2025-10-03 21:43:17,100 Quantity = 5 RANDOM SECRET BRAINROT ( Rainbow / Gold / Neon /Diamond ) RANDOM MUTATION,CustomItem,Items,100,Completed,,,0.01000,USD,Positive,,,,1.00000,USD
f7d89173-eae6-406f-93bf-947f94e83e7f,2025-10-03 21:19:51,100 Quantity = 5 RANDOM SECRET BRAINROT ( Rainbow / Gold / Neon /Diamond ) RANDOM MUTATION,CustomItem,Items,100,Canceled,Item_Not_Delivered_Within_Delivery_Time,,0.01000,USD,Unrated,,Not_Delivered_Within_Guaranteed_Delivery_Time,,1.00000,USD
ec1e27d1-6640-4e4e-aabb-feb64c62a148,2025-10-03 21:15:21,"100 Quantity = 3 RANDOM Dragon Cannelloni
Limited Dragon Cannelloni ( Rainbow / Gold / Neon /Diamond ) RANDOM MUTATION",CustomItem,Items,100,Canceled,Item_Not_Delivered_Within_Delivery_Time,,0.01000,USD,Unrated,,Not_Delivered_Within_Guaranteed_Delivery_Time,,1.00000,USD
04c5accf-6b37-4337-a5c2-b548d61e4dbb,2025-10-03 20:24:33,100 Quantity = 5 RANDOM SECRET BRAINROT ( Rainbow / Gold / Neon /Diamond ) RANDOM MUTATION,CustomItem,Items,200,Canceled,Item_Not_Delivered_Within_Delivery_Time,,0.01000,USD,Unrated,,Not_Delivered_Within_Guaranteed_Delivery_Time,,2.00000,USD
4ea33bd0-b450-4127-b57f-8fe4fa283b94,2025-10-03 16:39:32,100 Quantity = 5 RANDOM SECRET BRAINROT ( Rainbow / Gold / Neon /Diamond ) RANDOM MUTATION,CustomItem,Items,100,Canceled,Item_Not_Delivered_Within_Delivery_Time,,0.01000,USD,Unrated,,Not_Delivered_Within_Guaranteed_Delivery_Time,,1.00000,USD
d29edfdc-394b-44ad-a348-193bb1f3ae27,2025-10-03 14:23:31,,RequestedBoosting,Custom Request,1,Completed,,,15.00000,USD,Positive,GGWP!,,,15.00000,USD
0a78f29f-1649-4201-9b05-60a02cfaf4d1,2025-10-03 01:35:55,Limited Dragon Cannelloni ( Rainbow / Gold / Neon /Diamond ) RANDOM MUTATION,CustomItem,Items,7,Completed,,,0.40000,USD,Positive,,,,2.80000,USD
bf84ea0e-512e-47be-9f49-ecc0256596cd,2025-10-03 00:06:42,"RANDOM BRAINROT GODLY (RANDOM MUTATION), CAN REQUEST DEPENDS ON STOCK",CustomItem,Items,5,Canceled,,,0.20000,USD,Unrated,,Buyer_Did_Not_Respond,,1.00000,USD
